ISO-10303-21;
HEADER;
FILE_DESCRIPTION(('FreeCAD Model'),'2;1');
FILE_NAME('Open CASCADE Shape Model','2025-10-28T22:36:51',(''),(''),
  'Open CASCADE STEP processor 7.9','FreeCAD','Unknown');
FILE_SCHEMA(('AUTOMOTIVE_DESIGN { 1 0 10303 214 1 1 1 1 }'));
ENDSEC;
DATA;
#1 = APPLICATION_PROTOCOL_DEFINITION('international standard',
  'automotive_design',2000,#2);
#2 = APPLICATION_CONTEXT(
  'core data for automotive mechanical design processes');
#3 = SHAPE_DEFINITION_REPRESENTATION(#4,#10);
#4 = PRODUCT_DEFINITION_SHAPE('','',#5);
#5 = PRODUCT_DEFINITION('design','',#6,#9);
#6 = PRODUCT_DEFINITION_FORMATION('','',#7);
#7 = PRODUCT('display','display','',(#8));
#8 = PRODUCT_CONTEXT('',#2,'mechanical');
#9 = PRODUCT_DEFINITION_CONTEXT('part definition',#2,'design');
#10 = ADVANCED_BREP_SHAPE_REPRESENTATION('',(#11,#15),#10115);
#11 = AXIS2_PLACEMENT_3D('',#12,#13,#14);
#12 = CARTESIAN_POINT('',(0.,0.,0.));
#13 = DIRECTION('',(0.,0.,1.));
#14 = DIRECTION('',(1.,0.,-0.));
#15 = MANIFOLD_SOLID_BREP('',#16);
#16 = CLOSED_SHELL('',(#17,#66,#129,#405,#437,#477,#494,#519,#829,#847,
    #864,#910,#973,#997,#1022,#1098,#1123,#1147,#1189,#1206,#1247,#1330,
    #1365,#1431,#1465,#1489,#1514,#1538,#1562,#1579,#1596,#1636,#1704,
    #1721,#1733,#1750,#1812,#1867,#1898,#1922,#1946,#1963,#1994,#2018,
    #2042,#2059,#2090,#2114,#2138,#2155,#2186,#2210,#2234,#2251,#2282,
    #2306,#2330,#2347,#2378,#2402,#2426,#2443,#2474,#2498,#2522,#2539,
    #2570,#3614,#3670,#3687,#3774,#3873,#3890,#3943,#3967,#3991,#4058,
    #4125,#4137,#4236,#4253,#4372,#4424,#4441,#4458,#4470,#4512,#4538,
    #4630,#4677,#4724,#4736,#4748,#4760,#4772,#4784,#4796,#4808,#4843,
    #4866,#4883,#4901,#4932,#4956,#4980,#4997,#5028,#5052,#5076,#5093,
    #5124,#5148,#5172,#5189,#5220,#5244,#5268,#5285,#5316,#5340,#5364,
    #5381,#5412,#5436,#5460,#5477,#5508,#5532,#5556,#5573,#5604,#5628,
    #5652,#5669,#5700,#5724,#5748,#5765,#5796,#5820,#5844,#5861,#5892,
    #5916,#5940,#5957,#5988,#6012,#6036,#6053,#6084,#6108,#6132,#6149,
    #6180,#6204,#6228,#6245,#6276,#6300,#6324,#6341,#6372,#6396,#6420,
    #6437,#6468,#6492,#6516,#6533,#6564,#6588,#6612,#6629,#6660,#6684,
    #6708,#6725,#6928,#6959,#6990,#7007,#7038,#7062,#7086,#7103,#7134,
    #7158,#7182,#7199,#7230,#7254,#7278,#7295,#7326,#7350,#7374,#7391,
    #7422,#7446,#7470,#7487,#7518,#7542,#7566,#7583,#7614,#7638,#7662,
    #7679,#7710,#7734,#7758,#7775,#7806,#7830,#7854,#7871,#7929,#7953,
    #8004,#8044,#8061,#8078,#8095,#8112,#8245,#8262,#8279,#8296,#8308,
    #8343,#8378,#8582,#8786,#8803,#8820,#8832,#8849,#8861,#8892,#8916,
    #8940,#8957,#8969,#8981,#8993,#9005,#9017,#9029,#9041,#9053,#9065,
    #9077,#9089,#9101,#9113,#9125,#9137,#9149,#9161,#9173,#9185,#9197,
    #9214,#9231,#9248,#9265,#9282,#9299,#9316,#9333,#9345,#9362,#9379,
    #9391,#9422,#9447,#9471,#9496,#9520,#9545,#9569,#9587,#9599,#9611,
    #9623,#9635,#9647,#9659,#9671,#9683,#9695,#9707,#9729,#9778,#9802,
    #9844,#9861,#9890,#9936,#9952,#9969,#9986,#9998,#10007,#10038,#10062
    ,#10086,#10103));
#17 = ADVANCED_FACE('',(#18),#61,.F.);
#18 = FACE_BOUND('',#19,.F.);
#19 = EDGE_LOOP('',(#20,#30,#38,#46,#55));
#20 = ORIENTED_EDGE('',*,*,#21,.F.);
#21 = EDGE_CURVE('',#22,#24,#26,.T.);
#22 = VERTEX_POINT('',#23);
#23 = CARTESIAN_POINT('',(-9.62,-3.6,-1.71));
#24 = VERTEX_POINT('',#25);
#25 = CARTESIAN_POINT('',(-9.62,-7.145,-0.92));
#26 = LINE('',#27,#28);
#27 = CARTESIAN_POINT('',(-9.62,-3.6,-1.71));
#28 = VECTOR('',#29,1.);
#29 = DIRECTION('',(0.,-0.976057317345,0.217513478336));
#30 = ORIENTED_EDGE('',*,*,#31,.T.);
#31 = EDGE_CURVE('',#22,#32,#34,.T.);
#32 = VERTEX_POINT('',#33);
#33 = CARTESIAN_POINT('',(-6.92,-3.6,-1.71));
#34 = LINE('',#35,#36);
#35 = CARTESIAN_POINT('',(-9.62,-3.6,-1.71));
#36 = VECTOR('',#37,1.);
#37 = DIRECTION('',(1.,0.,0.));
#38 = ORIENTED_EDGE('',*,*,#39,.F.);
#39 = EDGE_CURVE('',#40,#32,#42,.T.);
#40 = VERTEX_POINT('',#41);
#41 = CARTESIAN_POINT('',(-6.92,-6.645,-1.031424541608));
#42 = LINE('',#43,#44);
#43 = CARTESIAN_POINT('',(-6.92,-5.134328028314,-1.368076405538));
#44 = VECTOR('',#45,1.);
#45 = DIRECTION('',(0.,0.976057317345,-0.217513478336));
#46 = ORIENTED_EDGE('',*,*,#47,.F.);
#47 = EDGE_CURVE('',#48,#40,#50,.T.);
#48 = VERTEX_POINT('',#49);
#49 = CARTESIAN_POINT('',(-6.42,-7.145,-0.92));
#50 = ELLIPSE('',#51,0.512264998289,0.5);
#51 = AXIS2_PLACEMENT_3D('',#52,#53,#54);
#52 = CARTESIAN_POINT('',(-6.42,-6.645,-1.031424541608));
#53 = DIRECTION('',(-0.,-0.217513478336,-0.976057317345));
#54 = DIRECTION('',(0.,-0.976057317345,0.217513478336));
#55 = ORIENTED_EDGE('',*,*,#56,.F.);
#56 = EDGE_CURVE('',#24,#48,#57,.T.);
#57 = LINE('',#58,#59);
#58 = CARTESIAN_POINT('',(-9.62,-7.145,-0.92));
#59 = VECTOR('',#60,1.);
#60 = DIRECTION('',(1.,0.,0.));
#61 = PLANE('',#62);
#62 = AXIS2_PLACEMENT_3D('',#63,#64,#65);
#63 = CARTESIAN_POINT('',(-9.62,-3.6,-1.71));
#64 = DIRECTION('',(0.,-0.217513478336,-0.976057317345));
#65 = DIRECTION('',(0.,-0.976057317345,0.217513478336));
#66 = ADVANCED_FACE('',(#67),#124,.T.);
#67 = FACE_BOUND('',#68,.T.);
#68 = EDGE_LOOP('',(#69,#77,#85,#93,#101,#109,#117,#123));
#69 = ORIENTED_EDGE('',*,*,#70,.F.);
#70 = EDGE_CURVE('',#71,#22,#73,.T.);
#71 = VERTEX_POINT('',#72);
#72 = CARTESIAN_POINT('',(-9.62,-2.985,-1.71));
#73 = LINE('',#74,#75);
#74 = CARTESIAN_POINT('',(-9.62,-1.425,-1.71));
#75 = VECTOR('',#76,1.);
#76 = DIRECTION('',(0.,-1.,0.));
#77 = ORIENTED_EDGE('',*,*,#78,.T.);
#78 = EDGE_CURVE('',#71,#79,#81,.T.);
#79 = VERTEX_POINT('',#80);
#80 = CARTESIAN_POINT('',(-9.62,-2.985,-1.91));
#81 = LINE('',#82,#83);
#82 = CARTESIAN_POINT('',(-9.62,-2.985,-1.08));
#83 = VECTOR('',#84,1.);
#84 = DIRECTION('',(0.,0.,-1.));
#85 = ORIENTED_EDGE('',*,*,#86,.T.);
#86 = EDGE_CURVE('',#79,#87,#89,.T.);
#87 = VERTEX_POINT('',#88);
#88 = CARTESIAN_POINT('',(-9.62,-3.6,-1.91));
#89 = LINE('',#90,#91);
#90 = CARTESIAN_POINT('',(-9.62,-1.425,-1.91));
#91 = VECTOR('',#92,1.);
#92 = DIRECTION('',(0.,-1.,0.));
#93 = ORIENTED_EDGE('',*,*,#94,.F.);
#94 = EDGE_CURVE('',#95,#87,#97,.T.);
#95 = VERTEX_POINT('',#96);
#96 = CARTESIAN_POINT('',(-9.62,-7.145,-1.12));
#97 = LINE('',#98,#99);
#98 = CARTESIAN_POINT('',(-9.62,-7.145,-1.12));
#99 = VECTOR('',#100,1.);
#100 = DIRECTION('',(-0.,0.976057317345,-0.217513478336));
#101 = ORIENTED_EDGE('',*,*,#102,.T.);
#102 = EDGE_CURVE('',#95,#103,#105,.T.);
#103 = VERTEX_POINT('',#104);
#104 = CARTESIAN_POINT('',(-9.62,-13.605,-1.159600917923));
#105 = LINE('',#106,#107);
#106 = CARTESIAN_POINT('',(-9.62,-7.145,-1.12));
#107 = VECTOR('',#108,1.);
#108 = DIRECTION('',(0.,-0.999981211019,-6.130057873446E-03));
#109 = ORIENTED_EDGE('',*,*,#110,.F.);
#110 = EDGE_CURVE('',#111,#103,#113,.T.);
#111 = VERTEX_POINT('',#112);
#112 = CARTESIAN_POINT('',(-9.62,-13.605,-0.92));
#113 = LINE('',#114,#115);
#114 = CARTESIAN_POINT('',(-9.62,-13.605,-0.92));
#115 = VECTOR('',#116,1.);
#116 = DIRECTION('',(0.,0.,-1.));
#117 = ORIENTED_EDGE('',*,*,#118,.F.);
#118 = EDGE_CURVE('',#24,#111,#119,.T.);
#119 = LINE('',#120,#121);
#120 = CARTESIAN_POINT('',(-9.62,-1.425,-0.92));
#121 = VECTOR('',#122,1.);
#122 = DIRECTION('',(0.,-1.,0.));
#123 = ORIENTED_EDGE('',*,*,#21,.F.);
#124 = PLANE('',#125);
#125 = AXIS2_PLACEMENT_3D('',#126,#127,#128);
#126 = CARTESIAN_POINT('',(-9.62,-1.425,-0.92));
#127 = DIRECTION('',(-1.,-0.,-0.));
#128 = DIRECTION('',(0.,-1.,0.));
#129 = ADVANCED_FACE('',(#130,#263,#348),#400,.T.);
#130 = FACE_BOUND('',#131,.T.);
#131 = EDGE_LOOP('',(#132,#143,#152,#161,#169,#178,#186,#195,#203,#212,
    #221,#229,#238,#247,#256));
#132 = ORIENTED_EDGE('',*,*,#133,.T.);
#133 = EDGE_CURVE('',#134,#136,#138,.T.);
#134 = VERTEX_POINT('',#135);
#135 = CARTESIAN_POINT('',(17.814898961263,-3.6,-0.92));
#136 = VERTEX_POINT('',#137);
#137 = CARTESIAN_POINT('',(16.711660599713,-7.145,-0.92));
#138 = CIRCLE('',#139,18.175);
#139 = AXIS2_PLACEMENT_3D('',#140,#141,#142);
#140 = CARTESIAN_POINT('',(0.,0.,-0.92));
#141 = DIRECTION('',(0.,0.,-1.));
#142 = DIRECTION('',(1.,0.,0.));
#143 = ORIENTED_EDGE('',*,*,#144,.T.);
#144 = EDGE_CURVE('',#136,#145,#147,.T.);
#145 = VERTEX_POINT('',#146);
#146 = CARTESIAN_POINT('',(10.817790902028,-14.605,-0.92));
#147 = CIRCLE('',#148,18.175);
#148 = AXIS2_PLACEMENT_3D('',#149,#150,#151);
#149 = CARTESIAN_POINT('',(0.,0.,-0.92));
#150 = DIRECTION('',(0.,0.,-1.));
#151 = DIRECTION('',(1.,0.,0.));
#152 = ORIENTED_EDGE('',*,*,#153,.T.);
#153 = EDGE_CURVE('',#145,#154,#156,.T.);
#154 = VERTEX_POINT('',#155);
#155 = CARTESIAN_POINT('',(10.103676875308,-15.10782375457,-0.92));
#156 = CIRCLE('',#157,18.175);
#157 = AXIS2_PLACEMENT_3D('',#158,#159,#160);
#158 = CARTESIAN_POINT('',(0.,0.,-0.92));
#159 = DIRECTION('',(0.,0.,-1.));
#160 = DIRECTION('',(1.,0.,0.));
#161 = ORIENTED_EDGE('',*,*,#162,.T.);
#162 = EDGE_CURVE('',#154,#163,#165,.T.);
#163 = VERTEX_POINT('',#164);
#164 = CARTESIAN_POINT('',(5.395910694652,-18.25624202226,-0.92));
#165 = LINE('',#166,#167);
#166 = CARTESIAN_POINT('',(10.103676875308,-15.10782375457,-0.92));
#167 = VECTOR('',#168,1.);
#168 = DIRECTION('',(-0.83124202226,-0.555910694652,0.));
#169 = ORIENTED_EDGE('',*,*,#170,.T.);
#170 = EDGE_CURVE('',#163,#171,#173,.T.);
#171 = VERTEX_POINT('',#172);
#172 = CARTESIAN_POINT('',(4.84,-18.425,-0.92));
#173 = CIRCLE('',#174,1.);
#174 = AXIS2_PLACEMENT_3D('',#175,#176,#177);
#175 = CARTESIAN_POINT('',(4.84,-17.425,-0.92));
#176 = DIRECTION('',(0.,0.,-1.));
#177 = DIRECTION('',(1.,0.,0.));
#178 = ORIENTED_EDGE('',*,*,#179,.T.);
#179 = EDGE_CURVE('',#171,#180,#182,.T.);
#180 = VERTEX_POINT('',#181);
#181 = CARTESIAN_POINT('',(-4.84,-18.425,-0.92));
#182 = LINE('',#183,#184);
#183 = CARTESIAN_POINT('',(4.84,-18.425,-0.92));
#184 = VECTOR('',#185,1.);
#185 = DIRECTION('',(-1.,0.,0.));
#186 = ORIENTED_EDGE('',*,*,#187,.T.);
#187 = EDGE_CURVE('',#180,#188,#190,.T.);
#188 = VERTEX_POINT('',#189);
#189 = CARTESIAN_POINT('',(-5.395910694652,-18.25624202226,-0.92));
#190 = CIRCLE('',#191,1.);
#191 = AXIS2_PLACEMENT_3D('',#192,#193,#194);
#192 = CARTESIAN_POINT('',(-4.84,-17.425,-0.92));
#193 = DIRECTION('',(0.,0.,-1.));
#194 = DIRECTION('',(1.,0.,0.));
#195 = ORIENTED_EDGE('',*,*,#196,.T.);
#196 = EDGE_CURVE('',#188,#197,#199,.T.);
#197 = VERTEX_POINT('',#198);
#198 = CARTESIAN_POINT('',(-10.1036768753,-15.10782375457,-0.92));
#199 = LINE('',#200,#201);
#200 = CARTESIAN_POINT('',(-5.395910694652,-18.25624202226,-0.92));
#201 = VECTOR('',#202,1.);
#202 = DIRECTION('',(-0.83124202226,0.555910694652,0.));
#203 = ORIENTED_EDGE('',*,*,#204,.T.);
#204 = EDGE_CURVE('',#197,#205,#207,.T.);
#205 = VERTEX_POINT('',#206);
#206 = CARTESIAN_POINT('',(-12.82828905193,12.875,-0.92));
#207 = CIRCLE('',#208,18.175);
#208 = AXIS2_PLACEMENT_3D('',#209,#210,#211);
#209 = CARTESIAN_POINT('',(0.,0.,-0.92));
#210 = DIRECTION('',(0.,0.,-1.));
#211 = DIRECTION('',(1.,0.,0.));
#212 = ORIENTED_EDGE('',*,*,#213,.T.);
#213 = EDGE_CURVE('',#205,#214,#216,.T.);
#214 = VERTEX_POINT('',#215);
#215 = CARTESIAN_POINT('',(-3.6,17.814898961263,-0.92));
#216 = CIRCLE('',#217,18.175);
#217 = AXIS2_PLACEMENT_3D('',#218,#219,#220);
#218 = CARTESIAN_POINT('',(0.,0.,-0.92));
#219 = DIRECTION('',(0.,0.,-1.));
#220 = DIRECTION('',(1.,0.,0.));
#221 = ORIENTED_EDGE('',*,*,#222,.F.);
#222 = EDGE_CURVE('',#223,#214,#225,.T.);
#223 = VERTEX_POINT('',#224);
#224 = CARTESIAN_POINT('',(3.6,17.814898961263,-0.92));
#225 = LINE('',#226,#227);
#226 = CARTESIAN_POINT('',(5.5,17.814898961263,-0.92));
#227 = VECTOR('',#228,1.);
#228 = DIRECTION('',(-1.,-0.,-0.));
#229 = ORIENTED_EDGE('',*,*,#230,.T.);
#230 = EDGE_CURVE('',#223,#231,#233,.T.);
#231 = VERTEX_POINT('',#232);
#232 = CARTESIAN_POINT('',(5.499999999999,17.322835362608,-0.92));
#233 = CIRCLE('',#234,18.175);
#234 = AXIS2_PLACEMENT_3D('',#235,#236,#237);
#235 = CARTESIAN_POINT('',(0.,0.,-0.92));
#236 = DIRECTION('',(0.,0.,-1.));
#237 = DIRECTION('',(1.,0.,0.));
#238 = ORIENTED_EDGE('',*,*,#239,.T.);
#239 = EDGE_CURVE('',#231,#240,#242,.T.);
#240 = VERTEX_POINT('',#241);
#241 = CARTESIAN_POINT('',(17.926533407215,2.995,-0.92));
#242 = CIRCLE('',#243,18.175);
#243 = AXIS2_PLACEMENT_3D('',#244,#245,#246);
#244 = CARTESIAN_POINT('',(0.,0.,-0.92));
#245 = DIRECTION('',(0.,0.,-1.));
#246 = DIRECTION('',(1.,0.,0.));
#247 = ORIENTED_EDGE('',*,*,#248,.T.);
#248 = EDGE_CURVE('',#240,#249,#251,.T.);
#249 = VERTEX_POINT('',#250);
#250 = CARTESIAN_POINT('',(18.175,0.,-0.92));
#251 = CIRCLE('',#252,18.175);
#252 = AXIS2_PLACEMENT_3D('',#253,#254,#255);
#253 = CARTESIAN_POINT('',(0.,0.,-0.92));
#254 = DIRECTION('',(0.,0.,-1.));
#255 = DIRECTION('',(1.,0.,0.));
#256 = ORIENTED_EDGE('',*,*,#257,.T.);
#257 = EDGE_CURVE('',#249,#134,#258,.T.);
#258 = CIRCLE('',#259,18.175);
#259 = AXIS2_PLACEMENT_3D('',#260,#261,#262);
#260 = CARTESIAN_POINT('',(0.,0.,-0.92));
#261 = DIRECTION('',(0.,0.,-1.));
#262 = DIRECTION('',(1.,0.,0.));
#263 = FACE_BOUND('',#264,.T.);
#264 = EDGE_LOOP('',(#265,#276,#284,#292,#300,#309,#317,#326,#334,#342)
  );
#265 = ORIENTED_EDGE('',*,*,#266,.F.);
#266 = EDGE_CURVE('',#267,#269,#271,.T.);
#267 = VERTEX_POINT('',#268);
#268 = CARTESIAN_POINT('',(-17.54446066426,-3.6,-0.92));
#269 = VERTEX_POINT('',#270);
#270 = CARTESIAN_POINT('',(-12.44999899598,12.875,-0.92));
#271 = CIRCLE('',#272,17.91);
#272 = AXIS2_PLACEMENT_3D('',#273,#274,#275);
#273 = CARTESIAN_POINT('',(0.,0.,-0.92));
#274 = DIRECTION('',(0.,0.,-1.));
#275 = DIRECTION('',(1.,0.,0.));
#276 = ORIENTED_EDGE('',*,*,#277,.T.);
#277 = EDGE_CURVE('',#267,#278,#280,.T.);
#278 = VERTEX_POINT('',#279);
#279 = CARTESIAN_POINT('',(17.76,-3.6,-0.92));
#280 = LINE('',#281,#282);
#281 = CARTESIAN_POINT('',(-17.54446066426,-3.6,-0.92));
#282 = VECTOR('',#283,1.);
#283 = DIRECTION('',(1.,0.,0.));
#284 = ORIENTED_EDGE('',*,*,#285,.T.);
#285 = EDGE_CURVE('',#278,#286,#288,.T.);
#286 = VERTEX_POINT('',#287);
#287 = CARTESIAN_POINT('',(17.76,2.995,-0.92));
#288 = LINE('',#289,#290);
#289 = CARTESIAN_POINT('',(17.76,-3.6,-0.92));
#290 = VECTOR('',#291,1.);
#291 = DIRECTION('',(0.,1.,-2.22044604925E-16));
#292 = ORIENTED_EDGE('',*,*,#293,.T.);
#293 = EDGE_CURVE('',#286,#294,#296,.T.);
#294 = VERTEX_POINT('',#295);
#295 = CARTESIAN_POINT('',(8.65,2.995,-0.92));
#296 = LINE('',#297,#298);
#297 = CARTESIAN_POINT('',(18.18,2.995,-0.92));
#298 = VECTOR('',#299,1.);
#299 = DIRECTION('',(-1.,0.,0.));
#300 = ORIENTED_EDGE('',*,*,#301,.T.);
#301 = EDGE_CURVE('',#294,#302,#304,.T.);
#302 = VERTEX_POINT('',#303);
#303 = CARTESIAN_POINT('',(8.65,4.995,-0.92));
#304 = CIRCLE('',#305,1.);
#305 = AXIS2_PLACEMENT_3D('',#306,#307,#308);
#306 = CARTESIAN_POINT('',(8.65,3.995,-0.92));
#307 = DIRECTION('',(0.,0.,-1.));
#308 = DIRECTION('',(1.,0.,0.));
#309 = ORIENTED_EDGE('',*,*,#310,.T.);
#310 = EDGE_CURVE('',#302,#311,#313,.T.);
#311 = VERTEX_POINT('',#312);
#312 = CARTESIAN_POINT('',(11.599999999907,4.995000000047,-0.92));
#313 = LINE('',#314,#315);
#314 = CARTESIAN_POINT('',(8.65,4.995,-0.92));
#315 = VECTOR('',#316,1.);
#316 = DIRECTION('',(1.,0.,0.));
#317 = ORIENTED_EDGE('',*,*,#318,.F.);
#318 = EDGE_CURVE('',#319,#311,#321,.T.);
#319 = VERTEX_POINT('',#320);
#320 = CARTESIAN_POINT('',(12.599999999907,5.995000000093,-0.92));
#321 = CIRCLE('',#322,1.);
#322 = AXIS2_PLACEMENT_3D('',#323,#324,#325);
#323 = CARTESIAN_POINT('',(11.599999999907,5.995000000093,-0.92));
#324 = DIRECTION('',(0.,0.,-1.));
#325 = DIRECTION('',(1.,0.,0.));
#326 = ORIENTED_EDGE('',*,*,#327,.T.);
#327 = EDGE_CURVE('',#319,#328,#330,.T.);
#328 = VERTEX_POINT('',#329);
#329 = CARTESIAN_POINT('',(12.599999999907,10.875,-0.92));
#330 = LINE('',#331,#332);
#331 = CARTESIAN_POINT('',(12.599999999907,5.995000000093,-0.92));
#332 = VECTOR('',#333,1.);
#333 = DIRECTION('',(0.,1.,0.));
#334 = ORIENTED_EDGE('',*,*,#335,.T.);
#335 = EDGE_CURVE('',#328,#336,#338,.T.);
#336 = VERTEX_POINT('',#337);
#337 = CARTESIAN_POINT('',(10.6,12.875,-0.92));
#338 = LINE('',#339,#340);
#339 = CARTESIAN_POINT('',(12.599999999907,10.875,-0.92));
#340 = VECTOR('',#341,1.);
#341 = DIRECTION('',(-0.70710678117,0.707106781203,-0.));
#342 = ORIENTED_EDGE('',*,*,#343,.F.);
#343 = EDGE_CURVE('',#269,#336,#344,.T.);
#344 = LINE('',#345,#346);
#345 = CARTESIAN_POINT('',(-12.44999899598,12.875,-0.92));
#346 = VECTOR('',#347,1.);
#347 = DIRECTION('',(1.,0.,0.));
#348 = FACE_BOUND('',#349,.T.);
#349 = EDGE_LOOP('',(#350,#359,#367,#375,#383,#392,#398,#399));
#350 = ORIENTED_EDGE('',*,*,#351,.F.);
#351 = EDGE_CURVE('',#352,#111,#354,.T.);
#352 = VERTEX_POINT('',#353);
#353 = CARTESIAN_POINT('',(-8.62,-14.605,-0.92));
#354 = CIRCLE('',#355,1.);
#355 = AXIS2_PLACEMENT_3D('',#356,#357,#358);
#356 = CARTESIAN_POINT('',(-8.62,-13.605,-0.92));
#357 = DIRECTION('',(0.,0.,-1.));
#358 = DIRECTION('',(1.,0.,0.));
#359 = ORIENTED_EDGE('',*,*,#360,.T.);
#360 = EDGE_CURVE('',#352,#361,#363,.T.);
#361 = VERTEX_POINT('',#362);
#362 = CARTESIAN_POINT('',(-3.18,-14.605,-0.92));
#363 = LINE('',#364,#365);
#364 = CARTESIAN_POINT('',(-8.62,-14.605,-0.92));
#365 = VECTOR('',#366,1.);
#366 = DIRECTION('',(1.,0.,0.));
#367 = ORIENTED_EDGE('',*,*,#368,.T.);
#368 = EDGE_CURVE('',#361,#369,#371,.T.);
#369 = VERTEX_POINT('',#370);
#370 = CARTESIAN_POINT('',(2.68,-14.605,-0.92));
#371 = LINE('',#372,#373);
#372 = CARTESIAN_POINT('',(-9.62,-14.605,-0.92));
#373 = VECTOR('',#374,1.);
#374 = DIRECTION('',(1.,0.,0.));
#375 = ORIENTED_EDGE('',*,*,#376,.T.);
#376 = EDGE_CURVE('',#369,#377,#379,.T.);
#377 = VERTEX_POINT('',#378);
#378 = CARTESIAN_POINT('',(2.68,-8.145,-0.92));
#379 = LINE('',#380,#381);
#380 = CARTESIAN_POINT('',(2.68,-18.915,-0.92));
#381 = VECTOR('',#382,1.);
#382 = DIRECTION('',(0.,1.,0.));
#383 = ORIENTED_EDGE('',*,*,#384,.F.);
#384 = EDGE_CURVE('',#385,#377,#387,.T.);
#385 = VERTEX_POINT('',#386);
#386 = CARTESIAN_POINT('',(1.68,-7.145,-0.92));
#387 = CIRCLE('',#388,1.);
#388 = AXIS2_PLACEMENT_3D('',#389,#390,#391);
#389 = CARTESIAN_POINT('',(1.68,-8.145,-0.92));
#390 = DIRECTION('',(0.,0.,-1.));
#391 = DIRECTION('',(1.,0.,0.));
#392 = ORIENTED_EDGE('',*,*,#393,.T.);
#393 = EDGE_CURVE('',#385,#48,#394,.T.);
#394 = LINE('',#395,#396);
#395 = CARTESIAN_POINT('',(1.68,-7.145,-0.92));
#396 = VECTOR('',#397,1.);
#397 = DIRECTION('',(-1.,0.,0.));
#398 = ORIENTED_EDGE('',*,*,#56,.F.);
#399 = ORIENTED_EDGE('',*,*,#118,.T.);
#400 = PLANE('',#401);
#401 = AXIS2_PLACEMENT_3D('',#402,#403,#404);
#402 = CARTESIAN_POINT('',(0.152138079994,-0.229714116201,-0.92));
#403 = DIRECTION('',(-0.,-0.,-1.));
#404 = DIRECTION('',(-1.,0.,0.));
#405 = ADVANCED_FACE('',(#406),#432,.F.);
#406 = FACE_BOUND('',#407,.T.);
#407 = EDGE_LOOP('',(#408,#409,#417,#426));
#408 = ORIENTED_EDGE('',*,*,#47,.F.);
#409 = ORIENTED_EDGE('',*,*,#410,.T.);
#410 = EDGE_CURVE('',#48,#411,#413,.T.);
#411 = VERTEX_POINT('',#412);
#412 = CARTESIAN_POINT('',(-6.42,-7.145,-1.12));
#413 = LINE('',#414,#415);
#414 = CARTESIAN_POINT('',(-6.42,-7.145,-0.92));
#415 = VECTOR('',#416,1.);
#416 = DIRECTION('',(0.,0.,-1.));
#417 = ORIENTED_EDGE('',*,*,#418,.F.);
#418 = EDGE_CURVE('',#419,#411,#421,.T.);
#419 = VERTEX_POINT('',#420);
#420 = CARTESIAN_POINT('',(-6.92,-6.645,-1.231424541608));
#421 = ELLIPSE('',#422,0.512264998289,0.5);
#422 = AXIS2_PLACEMENT_3D('',#423,#424,#425);
#423 = CARTESIAN_POINT('',(-6.42,-6.645,-1.231424541608));
#424 = DIRECTION('',(-0.,0.217513478336,0.976057317345));
#425 = DIRECTION('',(0.,-0.976057317345,0.217513478336));
#426 = ORIENTED_EDGE('',*,*,#427,.F.);
#427 = EDGE_CURVE('',#40,#419,#428,.T.);
#428 = LINE('',#429,#430);
#429 = CARTESIAN_POINT('',(-6.92,-6.645,-0.92));
#430 = VECTOR('',#431,1.);
#431 = DIRECTION('',(0.,0.,-1.));
#432 = CYLINDRICAL_SURFACE('',#433,0.5);
#433 = AXIS2_PLACEMENT_3D('',#434,#435,#436);
#434 = CARTESIAN_POINT('',(-6.42,-6.645,-0.92));
#435 = DIRECTION('',(0.,0.,1.));
#436 = DIRECTION('',(1.,0.,0.));
#437 = ADVANCED_FACE('',(#438),#472,.T.);
#438 = FACE_BOUND('',#439,.T.);
#439 = EDGE_LOOP('',(#440,#441,#442,#450,#458,#466));
#440 = ORIENTED_EDGE('',*,*,#39,.F.);
#441 = ORIENTED_EDGE('',*,*,#427,.T.);
#442 = ORIENTED_EDGE('',*,*,#443,.F.);
#443 = EDGE_CURVE('',#444,#419,#446,.T.);
#444 = VERTEX_POINT('',#445);
#445 = CARTESIAN_POINT('',(-6.92,-3.6,-1.91));
#446 = LINE('',#447,#448);
#447 = CARTESIAN_POINT('',(-6.92,-6.92805859053,-1.168345194212));
#448 = VECTOR('',#449,1.);
#449 = DIRECTION('',(0.,-0.976057317345,0.217513478336));
#450 = ORIENTED_EDGE('',*,*,#451,.T.);
#451 = EDGE_CURVE('',#444,#452,#454,.T.);
#452 = VERTEX_POINT('',#453);
#453 = CARTESIAN_POINT('',(-6.92,-2.985,-1.91));
#454 = LINE('',#455,#456);
#455 = CARTESIAN_POINT('',(-6.92,-6.645,-1.91));
#456 = VECTOR('',#457,1.);
#457 = DIRECTION('',(0.,1.,0.));
#458 = ORIENTED_EDGE('',*,*,#459,.T.);
#459 = EDGE_CURVE('',#452,#460,#462,.T.);
#460 = VERTEX_POINT('',#461);
#461 = CARTESIAN_POINT('',(-6.92,-2.985,-1.71));
#462 = LINE('',#463,#464);
#463 = CARTESIAN_POINT('',(-6.92,-2.985,-1.08));
#464 = VECTOR('',#465,1.);
#465 = DIRECTION('',(0.,0.,1.));
#466 = ORIENTED_EDGE('',*,*,#467,.F.);
#467 = EDGE_CURVE('',#32,#460,#468,.T.);
#468 = LINE('',#469,#470);
#469 = CARTESIAN_POINT('',(-6.92,-4.035,-1.71));
#470 = VECTOR('',#471,1.);
#471 = DIRECTION('',(0.,1.,0.));
#472 = PLANE('',#473);
#473 = AXIS2_PLACEMENT_3D('',#474,#475,#476);
#474 = CARTESIAN_POINT('',(-6.92,-6.645,-0.92));
#475 = DIRECTION('',(1.,0.,0.));
#476 = DIRECTION('',(0.,1.,0.));
#477 = ADVANCED_FACE('',(#478),#489,.F.);
#478 = FACE_BOUND('',#479,.F.);
#479 = EDGE_LOOP('',(#480,#481,#487,#488));
#480 = ORIENTED_EDGE('',*,*,#70,.F.);
#481 = ORIENTED_EDGE('',*,*,#482,.T.);
#482 = EDGE_CURVE('',#71,#460,#483,.T.);
#483 = LINE('',#484,#485);
#484 = CARTESIAN_POINT('',(-8.02,-2.985,-1.71));
#485 = VECTOR('',#486,1.);
#486 = DIRECTION('',(1.,0.,0.));
#487 = ORIENTED_EDGE('',*,*,#467,.F.);
#488 = ORIENTED_EDGE('',*,*,#31,.F.);
#489 = PLANE('',#490);
#490 = AXIS2_PLACEMENT_3D('',#491,#492,#493);
#491 = CARTESIAN_POINT('',(-9.62,-1.425,-1.71));
#492 = DIRECTION('',(0.,0.,-1.));
#493 = DIRECTION('',(0.,-1.,0.));
#494 = ADVANCED_FACE('',(#495),#514,.T.);
#495 = FACE_BOUND('',#496,.F.);
#496 = EDGE_LOOP('',(#497,#498,#506,#513));
#497 = ORIENTED_EDGE('',*,*,#351,.F.);
#498 = ORIENTED_EDGE('',*,*,#499,.T.);
#499 = EDGE_CURVE('',#352,#500,#502,.T.);
#500 = VERTEX_POINT('',#501);
#501 = CARTESIAN_POINT('',(-8.62,-14.605,-1.165731090977));
#502 = LINE('',#503,#504);
#503 = CARTESIAN_POINT('',(-8.62,-14.605,-0.92));
#504 = VECTOR('',#505,1.);
#505 = DIRECTION('',(0.,0.,-1.));
#506 = ORIENTED_EDGE('',*,*,#507,.T.);
#507 = EDGE_CURVE('',#500,#103,#508,.T.);
#508 = ELLIPSE('',#509,1.000018789334,1.);
#509 = AXIS2_PLACEMENT_3D('',#510,#511,#512);
#510 = CARTESIAN_POINT('',(-8.62,-13.605,-1.159600917923));
#511 = DIRECTION('',(0.,6.130057873446E-03,-0.999981211019));
#512 = DIRECTION('',(0.,0.999981211019,6.130057873446E-03));
#513 = ORIENTED_EDGE('',*,*,#110,.F.);
#514 = CYLINDRICAL_SURFACE('',#515,1.);
#515 = AXIS2_PLACEMENT_3D('',#516,#517,#518);
#516 = CARTESIAN_POINT('',(-8.62,-13.605,-0.92));
#517 = DIRECTION('',(0.,0.,1.));
#518 = DIRECTION('',(1.,0.,0.));
#519 = ADVANCED_FACE('',(#520,#586,#620,#654,#688,#722,#756,#790),#824,
  .T.);
#520 = FACE_BOUND('',#521,.T.);
#521 = EDGE_LOOP('',(#522,#523,#529,#537,#546,#554,#562,#570,#579,#585)
  );
#522 = ORIENTED_EDGE('',*,*,#102,.F.);
#523 = ORIENTED_EDGE('',*,*,#524,.T.);
#524 = EDGE_CURVE('',#95,#411,#525,.T.);
#525 = LINE('',#526,#527);
#526 = CARTESIAN_POINT('',(-9.62,-7.145,-1.12));
#527 = VECTOR('',#528,1.);
#528 = DIRECTION('',(1.,0.,0.));
#529 = ORIENTED_EDGE('',*,*,#530,.T.);
#530 = EDGE_CURVE('',#411,#531,#533,.T.);
#531 = VERTEX_POINT('',#532);
#532 = CARTESIAN_POINT('',(1.68,-7.145,-1.12));
#533 = LINE('',#534,#535);
#534 = CARTESIAN_POINT('',(-9.62,-7.145,-1.12));
#535 = VECTOR('',#536,1.);
#536 = DIRECTION('',(1.,0.,0.));
#537 = ORIENTED_EDGE('',*,*,#538,.T.);
#538 = EDGE_CURVE('',#531,#539,#541,.T.);
#539 = VERTEX_POINT('',#540);
#540 = CARTESIAN_POINT('',(2.68,-8.145,-1.126130173053));
#541 = ELLIPSE('',#542,1.000018789334,1.);
#542 = AXIS2_PLACEMENT_3D('',#543,#544,#545);
#543 = CARTESIAN_POINT('',(1.68,-8.145,-1.126130173053));
#544 = DIRECTION('',(0.,6.130057873446E-03,-0.999981211019));
#545 = DIRECTION('',(0.,0.999981211019,6.130057873446E-03));
#546 = ORIENTED_EDGE('',*,*,#547,.F.);
#547 = EDGE_CURVE('',#548,#539,#550,.T.);
#548 = VERTEX_POINT('',#549);
#549 = CARTESIAN_POINT('',(2.68,-18.56285447974,-1.189993423857));
#550 = LINE('',#551,#552);
#551 = CARTESIAN_POINT('',(2.68,-13.02916586149,-1.156070955004));
#552 = VECTOR('',#553,1.);
#553 = DIRECTION('',(0.,0.999981211019,6.130057873446E-03));
#554 = ORIENTED_EDGE('',*,*,#555,.F.);
#555 = EDGE_CURVE('',#556,#548,#558,.T.);
#556 = VERTEX_POINT('',#557);
#557 = CARTESIAN_POINT('',(-2.68,-18.56285447974,-1.189993423857));
#558 = LINE('',#559,#560);
#559 = CARTESIAN_POINT('',(-9.62,-18.56285447974,-1.189993423857));
#560 = VECTOR('',#561,1.);
#561 = DIRECTION('',(1.,0.,0.));
#562 = ORIENTED_EDGE('',*,*,#563,.F.);
#563 = EDGE_CURVE('',#564,#556,#566,.T.);
#564 = VERTEX_POINT('',#565);
#565 = CARTESIAN_POINT('',(-2.68,-15.105,-1.168796177503));
#566 = LINE('',#567,#568);
#567 = CARTESIAN_POINT('',(-2.68,-11.12423744684,-1.144393414169));
#568 = VECTOR('',#569,1.);
#569 = DIRECTION('',(0.,-0.999981211019,-6.130057873446E-03));
#570 = ORIENTED_EDGE('',*,*,#571,.F.);
#571 = EDGE_CURVE('',#572,#564,#574,.T.);
#572 = VERTEX_POINT('',#573);
#573 = CARTESIAN_POINT('',(-3.18,-14.605,-1.165731090977));
#574 = ELLIPSE('',#575,0.500009394667,0.5);
#575 = AXIS2_PLACEMENT_3D('',#576,#577,#578);
#576 = CARTESIAN_POINT('',(-3.18,-15.105,-1.168796177503));
#577 = DIRECTION('',(0.,6.130057873446E-03,-0.999981211019));
#578 = DIRECTION('',(0.,0.999981211019,6.130057873446E-03));
#579 = ORIENTED_EDGE('',*,*,#580,.F.);
#580 = EDGE_CURVE('',#500,#572,#581,.T.);
#581 = LINE('',#582,#583);
#582 = CARTESIAN_POINT('',(-9.12,-14.605,-1.165731090977));
#583 = VECTOR('',#584,1.);
#584 = DIRECTION('',(1.,0.,0.));
#585 = ORIENTED_EDGE('',*,*,#507,.T.);
#586 = FACE_BOUND('',#587,.T.);
#587 = EDGE_LOOP('',(#588,#598,#606,#614));
#588 = ORIENTED_EDGE('',*,*,#589,.F.);
#589 = EDGE_CURVE('',#590,#592,#594,.T.);
#590 = VERTEX_POINT('',#591);
#591 = CARTESIAN_POINT('',(-4.44,-12.31297191087,-1.151680562148));
#592 = VERTEX_POINT('',#593);
#593 = CARTESIAN_POINT('',(-4.44,-9.313028277821,-1.133290388527));
#594 = LINE('',#595,#596);
#595 = CARTESIAN_POINT('',(-4.44,-12.31297191087,-1.151680562148));
#596 = VECTOR('',#597,1.);
#597 = DIRECTION('',(0.,0.999981211019,6.130057873446E-03));
#598 = ORIENTED_EDGE('',*,*,#599,.F.);
#599 = EDGE_CURVE('',#600,#590,#602,.T.);
#600 = VERTEX_POINT('',#601);
#601 = CARTESIAN_POINT('',(-1.44,-12.31297191087,-1.151680562148));
#602 = LINE('',#603,#604);
#603 = CARTESIAN_POINT('',(-1.44,-12.31297191087,-1.151680562148));
#604 = VECTOR('',#605,1.);
#605 = DIRECTION('',(-1.,0.,-0.));
#606 = ORIENTED_EDGE('',*,*,#607,.F.);
#607 = EDGE_CURVE('',#608,#600,#610,.T.);
#608 = VERTEX_POINT('',#609);
#609 = CARTESIAN_POINT('',(-1.44,-9.313028277821,-1.133290388527));
#610 = LINE('',#611,#612);
#611 = CARTESIAN_POINT('',(-1.44,-9.313028277821,-1.133290388527));
#612 = VECTOR('',#613,1.);
#613 = DIRECTION('',(0.,-0.999981211019,-6.130057873446E-03));
#614 = ORIENTED_EDGE('',*,*,#615,.F.);
#615 = EDGE_CURVE('',#592,#608,#616,.T.);
#616 = LINE('',#617,#618);
#617 = CARTESIAN_POINT('',(-4.44,-9.313028277821,-1.133290388527));
#618 = VECTOR('',#619,1.);
#619 = DIRECTION('',(1.,0.,0.));
#620 = FACE_BOUND('',#621,.T.);
#621 = EDGE_LOOP('',(#622,#632,#640,#648));
#622 = ORIENTED_EDGE('',*,*,#623,.F.);
#623 = EDGE_CURVE('',#624,#626,#628,.T.);
#624 = VERTEX_POINT('',#625);
#625 = CARTESIAN_POINT('',(-5.36,-9.34647764933,-1.133495438963));
#626 = VERTEX_POINT('',#627);
#627 = CARTESIAN_POINT('',(-5.36,-8.746488922718,-1.129817404239));
#628 = LINE('',#629,#630);
#629 = CARTESIAN_POINT('',(-5.36,-9.34647764933,-1.133495438963));
#630 = VECTOR('',#631,1.);
#631 = DIRECTION('',(0.,0.999981211019,6.130057873446E-03));
#632 = ORIENTED_EDGE('',*,*,#633,.F.);
#633 = EDGE_CURVE('',#634,#624,#636,.T.);
#634 = VERTEX_POINT('',#635);
#635 = CARTESIAN_POINT('',(-5.06,-9.34647764933,-1.133495438963));
#636 = LINE('',#637,#638);
#637 = CARTESIAN_POINT('',(-5.06,-9.34647764933,-1.133495438963));
#638 = VECTOR('',#639,1.);
#639 = DIRECTION('',(-1.,0.,-0.));
#640 = ORIENTED_EDGE('',*,*,#641,.F.);
#641 = EDGE_CURVE('',#642,#634,#644,.T.);
#642 = VERTEX_POINT('',#643);
#643 = CARTESIAN_POINT('',(-5.06,-8.746488922718,-1.129817404239));
#644 = LINE('',#645,#646);
#645 = CARTESIAN_POINT('',(-5.06,-8.746488922718,-1.129817404239));
#646 = VECTOR('',#647,1.);
#647 = DIRECTION('',(0.,-0.999981211019,-6.130057873446E-03));
#648 = ORIENTED_EDGE('',*,*,#649,.F.);
#649 = EDGE_CURVE('',#626,#642,#650,.T.);
#650 = LINE('',#651,#652);
#651 = CARTESIAN_POINT('',(-5.36,-8.746488922718,-1.129817404239));
#652 = VECTOR('',#653,1.);
#653 = DIRECTION('',(1.,0.,0.));
#654 = FACE_BOUND('',#655,.T.);
#655 = EDGE_LOOP('',(#656,#666,#674,#682));
#656 = ORIENTED_EDGE('',*,*,#657,.F.);
#657 = EDGE_CURVE('',#658,#660,#662,.T.);
#658 = VERTEX_POINT('',#659);
#659 = CARTESIAN_POINT('',(-4.64,-13.49294973987,-1.158914030438));
#660 = VERTEX_POINT('',#661);
#661 = CARTESIAN_POINT('',(-4.64,-13.19295537657,-1.157075013076));
#662 = LINE('',#663,#664);
#663 = CARTESIAN_POINT('',(-4.64,-13.49294973987,-1.158914030438));
#664 = VECTOR('',#665,1.);
#665 = DIRECTION('',(0.,0.999981211019,6.130057873446E-03));
#666 = ORIENTED_EDGE('',*,*,#667,.F.);
#667 = EDGE_CURVE('',#668,#658,#670,.T.);
#668 = VERTEX_POINT('',#669);
#669 = CARTESIAN_POINT('',(-4.04,-13.49294973987,-1.158914030438));
#670 = LINE('',#671,#672);
#671 = CARTESIAN_POINT('',(-4.04,-13.49294973987,-1.158914030438));
#672 = VECTOR('',#673,1.);
#673 = DIRECTION('',(-1.,0.,-0.));
#674 = ORIENTED_EDGE('',*,*,#675,.F.);
#675 = EDGE_CURVE('',#676,#668,#678,.T.);
#676 = VERTEX_POINT('',#677);
#677 = CARTESIAN_POINT('',(-4.04,-13.19295537657,-1.157075013076));
#678 = LINE('',#679,#680);
#679 = CARTESIAN_POINT('',(-4.04,-13.19295537657,-1.157075013076));
#680 = VECTOR('',#681,1.);
#681 = DIRECTION('',(0.,-0.999981211019,-6.130057873446E-03));
#682 = ORIENTED_EDGE('',*,*,#683,.F.);
#683 = EDGE_CURVE('',#660,#676,#684,.T.);
#684 = LINE('',#685,#686);
#685 = CARTESIAN_POINT('',(-4.64,-13.19295537657,-1.157075013076));
#686 = VECTOR('',#687,1.);
#687 = DIRECTION('',(1.,0.,0.));
#688 = FACE_BOUND('',#689,.T.);
#689 = EDGE_LOOP('',(#690,#700,#708,#716));
#690 = ORIENTED_EDGE('',*,*,#691,.F.);
#691 = EDGE_CURVE('',#692,#694,#696,.T.);
#692 = VERTEX_POINT('',#693);
#693 = CARTESIAN_POINT('',(-5.920000000001,-11.69298356004,
    -1.147879926266));
#694 = VERTEX_POINT('',#695);
#695 = CARTESIAN_POINT('',(-5.920000000001,-11.39298919674,
    -1.146040908904));
#696 = LINE('',#697,#698);
#697 = CARTESIAN_POINT('',(-5.920000000001,-11.69298356004,
    -1.147879926266));
#698 = VECTOR('',#699,1.);
#699 = DIRECTION('',(0.,0.999981211019,6.130057873446E-03));
#700 = ORIENTED_EDGE('',*,*,#701,.F.);
#701 = EDGE_CURVE('',#702,#692,#704,.T.);
#702 = VERTEX_POINT('',#703);
#703 = CARTESIAN_POINT('',(-5.32,-11.69298356004,-1.147879926266));
#704 = LINE('',#705,#706);
#705 = CARTESIAN_POINT('',(-5.32,-11.69298356004,-1.147879926266));
#706 = VECTOR('',#707,1.);
#707 = DIRECTION('',(-1.,0.,-0.));
#708 = ORIENTED_EDGE('',*,*,#709,.F.);
#709 = EDGE_CURVE('',#710,#702,#712,.T.);
#710 = VERTEX_POINT('',#711);
#711 = CARTESIAN_POINT('',(-5.32,-11.39298919674,-1.146040908904));
#712 = LINE('',#713,#714);
#713 = CARTESIAN_POINT('',(-5.32,-11.39298919674,-1.146040908904));
#714 = VECTOR('',#715,1.);
#715 = DIRECTION('',(0.,-0.999981211019,-6.130057873446E-03));
#716 = ORIENTED_EDGE('',*,*,#717,.F.);
#717 = EDGE_CURVE('',#694,#710,#718,.T.);
#718 = LINE('',#719,#720);
#719 = CARTESIAN_POINT('',(-5.920000000001,-11.39298919674,
    -1.146040908904));
#720 = VECTOR('',#721,1.);
#721 = DIRECTION('',(1.,0.,0.));
#722 = FACE_BOUND('',#723,.T.);
#723 = EDGE_LOOP('',(#724,#734,#742,#750));
#724 = ORIENTED_EDGE('',*,*,#725,.F.);
#725 = EDGE_CURVE('',#726,#728,#730,.T.);
#726 = VERTEX_POINT('',#727);
#727 = CARTESIAN_POINT('',(-5.92,-12.29297228665,-1.15155796099));
#728 = VERTEX_POINT('',#729);
#729 = CARTESIAN_POINT('',(-5.92,-11.99297792335,-1.149718943628));
#730 = LINE('',#731,#732);
#731 = CARTESIAN_POINT('',(-5.92,-12.29297228665,-1.15155796099));
#732 = VECTOR('',#733,1.);
#733 = DIRECTION('',(0.,0.999981211019,6.130057873446E-03));
#734 = ORIENTED_EDGE('',*,*,#735,.F.);
#735 = EDGE_CURVE('',#736,#726,#738,.T.);
#736 = VERTEX_POINT('',#737);
#737 = CARTESIAN_POINT('',(-5.32,-12.29297228665,-1.15155796099));
#738 = LINE('',#739,#740);
#739 = CARTESIAN_POINT('',(-5.32,-12.29297228665,-1.15155796099));
#740 = VECTOR('',#741,1.);
#741 = DIRECTION('',(-1.,0.,-0.));
#742 = ORIENTED_EDGE('',*,*,#743,.F.);
#743 = EDGE_CURVE('',#744,#736,#746,.T.);
#744 = VERTEX_POINT('',#745);
#745 = CARTESIAN_POINT('',(-5.32,-11.99297792335,-1.149718943628));
#746 = LINE('',#747,#748);
#747 = CARTESIAN_POINT('',(-5.32,-11.99297792335,-1.149718943628));
#748 = VECTOR('',#749,1.);
#749 = DIRECTION('',(0.,-0.999981211019,-6.130057873446E-03));
#750 = ORIENTED_EDGE('',*,*,#751,.F.);
#751 = EDGE_CURVE('',#728,#744,#752,.T.);
#752 = LINE('',#753,#754);
#753 = CARTESIAN_POINT('',(-5.92,-11.99297792335,-1.149718943628));
#754 = VECTOR('',#755,1.);
#755 = DIRECTION('',(1.,0.,0.));
#756 = FACE_BOUND('',#757,.T.);
#757 = EDGE_LOOP('',(#758,#768,#776,#784));
#758 = ORIENTED_EDGE('',*,*,#759,.F.);
#759 = EDGE_CURVE('',#760,#762,#764,.T.);
#760 = VERTEX_POINT('',#761);
#761 = CARTESIAN_POINT('',(-5.920000000001,-12.87296138904,
    -1.155113394557));
#762 = VERTEX_POINT('',#763);
#763 = CARTESIAN_POINT('',(-5.920000000001,-12.57296702574,
    -1.153274377195));
#764 = LINE('',#765,#766);
#765 = CARTESIAN_POINT('',(-5.920000000001,-12.87296138904,
    -1.155113394557));
#766 = VECTOR('',#767,1.);
#767 = DIRECTION('',(0.,0.999981211019,6.130057873446E-03));
#768 = ORIENTED_EDGE('',*,*,#769,.F.);
#769 = EDGE_CURVE('',#770,#760,#772,.T.);
#770 = VERTEX_POINT('',#771);
#771 = CARTESIAN_POINT('',(-5.32,-12.87296138904,-1.155113394557));
#772 = LINE('',#773,#774);
#773 = CARTESIAN_POINT('',(-5.32,-12.87296138904,-1.155113394557));
#774 = VECTOR('',#775,1.);
#775 = DIRECTION('',(-1.,0.,-0.));
#776 = ORIENTED_EDGE('',*,*,#777,.F.);
#777 = EDGE_CURVE('',#778,#770,#780,.T.);
#778 = VERTEX_POINT('',#779);
#779 = CARTESIAN_POINT('',(-5.32,-12.57296702574,-1.153274377195));
#780 = LINE('',#781,#782);
#781 = CARTESIAN_POINT('',(-5.32,-12.57296702574,-1.153274377195));
#782 = VECTOR('',#783,1.);
#783 = DIRECTION('',(0.,-0.999981211019,-6.130057873446E-03));
#784 = ORIENTED_EDGE('',*,*,#785,.F.);
#785 = EDGE_CURVE('',#762,#778,#786,.T.);
#786 = LINE('',#787,#788);
#787 = CARTESIAN_POINT('',(-5.920000000001,-12.57296702574,
    -1.153274377195));
#788 = VECTOR('',#789,1.);
#789 = DIRECTION('',(1.,0.,0.));
#790 = FACE_BOUND('',#791,.T.);
#791 = EDGE_LOOP('',(#792,#802,#810,#818));
#792 = ORIENTED_EDGE('',*,*,#793,.F.);
#793 = EDGE_CURVE('',#794,#796,#798,.T.);
#794 = VERTEX_POINT('',#795);
#795 = CARTESIAN_POINT('',(-5.92,-13.49294973987,-1.158914030438));
#796 = VERTEX_POINT('',#797);
#797 = CARTESIAN_POINT('',(-5.92,-13.19295537657,-1.157075013076));
#798 = LINE('',#799,#800);
#799 = CARTESIAN_POINT('',(-5.92,-13.49294973987,-1.158914030438));
#800 = VECTOR('',#801,1.);
#801 = DIRECTION('',(0.,0.999981211019,6.130057873446E-03));
#802 = ORIENTED_EDGE('',*,*,#803,.F.);
#803 = EDGE_CURVE('',#804,#794,#806,.T.);
#804 = VERTEX_POINT('',#805);
#805 = CARTESIAN_POINT('',(-5.32,-13.49294973987,-1.158914030438));
#806 = LINE('',#807,#808);
#807 = CARTESIAN_POINT('',(-5.32,-13.49294973987,-1.158914030438));
#808 = VECTOR('',#809,1.);
#809 = DIRECTION('',(-1.,0.,-0.));
#810 = ORIENTED_EDGE('',*,*,#811,.F.);
#811 = EDGE_CURVE('',#812,#804,#814,.T.);
#812 = VERTEX_POINT('',#813);
#813 = CARTESIAN_POINT('',(-5.32,-13.19295537657,-1.157075013076));
#814 = LINE('',#815,#816);
#815 = CARTESIAN_POINT('',(-5.32,-13.19295537657,-1.157075013076));
#816 = VECTOR('',#817,1.);
#817 = DIRECTION('',(0.,-0.999981211019,-6.130057873446E-03));
#818 = ORIENTED_EDGE('',*,*,#819,.F.);
#819 = EDGE_CURVE('',#796,#812,#820,.T.);
#820 = LINE('',#821,#822);
#821 = CARTESIAN_POINT('',(-5.92,-13.19295537657,-1.157075013076));
#822 = VECTOR('',#823,1.);
#823 = DIRECTION('',(1.,0.,0.));
#824 = PLANE('',#825);
#825 = AXIS2_PLACEMENT_3D('',#826,#827,#828);
#826 = CARTESIAN_POINT('',(-9.62,-7.145,-1.12));
#827 = DIRECTION('',(0.,6.130057873446E-03,-0.999981211019));
#828 = DIRECTION('',(0.,-0.999981211019,-6.130057873446E-03));
#829 = ADVANCED_FACE('',(#830),#842,.F.);
#830 = FACE_BOUND('',#831,.F.);
#831 = EDGE_LOOP('',(#832,#833,#834,#835,#836));
#832 = ORIENTED_EDGE('',*,*,#94,.F.);
#833 = ORIENTED_EDGE('',*,*,#524,.T.);
#834 = ORIENTED_EDGE('',*,*,#418,.F.);
#835 = ORIENTED_EDGE('',*,*,#443,.F.);
#836 = ORIENTED_EDGE('',*,*,#837,.F.);
#837 = EDGE_CURVE('',#87,#444,#838,.T.);
#838 = LINE('',#839,#840);
#839 = CARTESIAN_POINT('',(-9.62,-3.6,-1.91));
#840 = VECTOR('',#841,1.);
#841 = DIRECTION('',(1.,0.,0.));
#842 = PLANE('',#843);
#843 = AXIS2_PLACEMENT_3D('',#844,#845,#846);
#844 = CARTESIAN_POINT('',(-9.62,-7.145,-1.12));
#845 = DIRECTION('',(0.,0.217513478336,0.976057317345));
#846 = DIRECTION('',(0.,0.976057317345,-0.217513478336));
#847 = ADVANCED_FACE('',(#848),#859,.F.);
#848 = FACE_BOUND('',#849,.F.);
#849 = EDGE_LOOP('',(#850,#856,#857,#858));
#850 = ORIENTED_EDGE('',*,*,#851,.T.);
#851 = EDGE_CURVE('',#452,#79,#852,.T.);
#852 = LINE('',#853,#854);
#853 = CARTESIAN_POINT('',(-5.154533849819,-2.985,-1.91));
#854 = VECTOR('',#855,1.);
#855 = DIRECTION('',(-1.,0.,0.));
#856 = ORIENTED_EDGE('',*,*,#86,.T.);
#857 = ORIENTED_EDGE('',*,*,#837,.T.);
#858 = ORIENTED_EDGE('',*,*,#451,.T.);
#859 = PLANE('',#860);
#860 = AXIS2_PLACEMENT_3D('',#861,#862,#863);
#861 = CARTESIAN_POINT('',(-3.889067699637,-10.5830414312,-1.91));
#862 = DIRECTION('',(0.,0.,1.));
#863 = DIRECTION('',(1.,0.,0.));
#864 = ADVANCED_FACE('',(#865,#899),#905,.F.);
#865 = FACE_BOUND('',#866,.F.);
#866 = EDGE_LOOP('',(#867,#877,#885,#893));
#867 = ORIENTED_EDGE('',*,*,#868,.T.);
#868 = EDGE_CURVE('',#869,#871,#873,.T.);
#869 = VERTEX_POINT('',#870);
#870 = CARTESIAN_POINT('',(-6.42,-2.985,-1.24));
#871 = VERTEX_POINT('',#872);
#872 = CARTESIAN_POINT('',(-6.42,-2.985,-2.24));
#873 = LINE('',#874,#875);
#874 = CARTESIAN_POINT('',(-6.42,-2.985,-1.24));
#875 = VECTOR('',#876,1.);
#876 = DIRECTION('',(0.,0.,-1.));
#877 = ORIENTED_EDGE('',*,*,#878,.T.);
#878 = EDGE_CURVE('',#871,#879,#881,.T.);
#879 = VERTEX_POINT('',#880);
#880 = CARTESIAN_POINT('',(-10.12,-2.985,-2.24));
#881 = LINE('',#882,#883);
#882 = CARTESIAN_POINT('',(-6.42,-2.985,-2.24));
#883 = VECTOR('',#884,1.);
#884 = DIRECTION('',(-1.,0.,0.));
#885 = ORIENTED_EDGE('',*,*,#886,.F.);
#886 = EDGE_CURVE('',#887,#879,#889,.T.);
#887 = VERTEX_POINT('',#888);
#888 = CARTESIAN_POINT('',(-10.12,-2.985,-1.24));
#889 = LINE('',#890,#891);
#890 = CARTESIAN_POINT('',(-10.12,-2.985,-1.24));
#891 = VECTOR('',#892,1.);
#892 = DIRECTION('',(0.,0.,-1.));
#893 = ORIENTED_EDGE('',*,*,#894,.F.);
#894 = EDGE_CURVE('',#869,#887,#895,.T.);
#895 = LINE('',#896,#897);
#896 = CARTESIAN_POINT('',(-6.42,-2.985,-1.24));
#897 = VECTOR('',#898,1.);
#898 = DIRECTION('',(-1.,0.,0.));
#899 = FACE_BOUND('',#900,.F.);
#900 = EDGE_LOOP('',(#901,#902,#903,#904));
#901 = ORIENTED_EDGE('',*,*,#482,.F.);
#902 = ORIENTED_EDGE('',*,*,#78,.T.);
#903 = ORIENTED_EDGE('',*,*,#851,.F.);
#904 = ORIENTED_EDGE('',*,*,#459,.T.);
#905 = PLANE('',#906);
#906 = AXIS2_PLACEMENT_3D('',#907,#908,#909);
#907 = CARTESIAN_POINT('',(-6.42,-2.985,-1.24));
#908 = DIRECTION('',(0.,1.,0.));
#909 = DIRECTION('',(-1.,0.,0.));
#910 = ADVANCED_FACE('',(#911),#968,.T.);
#911 = FACE_BOUND('',#912,.F.);
#912 = EDGE_LOOP('',(#913,#921,#930,#939,#947,#955,#961,#962,#963,#964,
    #965,#966,#967));
#913 = ORIENTED_EDGE('',*,*,#914,.T.);
#914 = EDGE_CURVE('',#154,#915,#917,.T.);
#915 = VERTEX_POINT('',#916);
#916 = CARTESIAN_POINT('',(10.103676875308,-15.10782375457,0.));
#917 = LINE('',#918,#919);
#918 = CARTESIAN_POINT('',(10.103676875308,-15.10782375457,-0.92));
#919 = VECTOR('',#920,1.);
#920 = DIRECTION('',(0.,0.,1.));
#921 = ORIENTED_EDGE('',*,*,#922,.F.);
#922 = EDGE_CURVE('',#923,#915,#925,.T.);
#923 = VERTEX_POINT('',#924);
#924 = CARTESIAN_POINT('',(18.175,0.,0.));
#925 = CIRCLE('',#926,18.175);
#926 = AXIS2_PLACEMENT_3D('',#927,#928,#929);
#927 = CARTESIAN_POINT('',(0.,0.,0.));
#928 = DIRECTION('',(0.,0.,-1.));
#929 = DIRECTION('',(1.,0.,0.));
#930 = ORIENTED_EDGE('',*,*,#931,.F.);
#931 = EDGE_CURVE('',#932,#923,#934,.T.);
#932 = VERTEX_POINT('',#933);
#933 = CARTESIAN_POINT('',(3.6,17.814898961263,0.));
#934 = CIRCLE('',#935,18.175);
#935 = AXIS2_PLACEMENT_3D('',#936,#937,#938);
#936 = CARTESIAN_POINT('',(0.,0.,0.));
#937 = DIRECTION('',(0.,0.,-1.));
#938 = DIRECTION('',(1.,0.,0.));
#939 = ORIENTED_EDGE('',*,*,#940,.F.);
#940 = EDGE_CURVE('',#941,#932,#943,.T.);
#941 = VERTEX_POINT('',#942);
#942 = CARTESIAN_POINT('',(3.6,17.814898961263,-0.5));
#943 = LINE('',#944,#945);
#944 = CARTESIAN_POINT('',(3.6,17.814898961263,0.));
#945 = VECTOR('',#946,1.);
#946 = DIRECTION('',(0.,0.,1.));
#947 = ORIENTED_EDGE('',*,*,#948,.F.);
#948 = EDGE_CURVE('',#949,#941,#951,.T.);
#949 = VERTEX_POINT('',#950);
#950 = CARTESIAN_POINT('',(3.6,17.814898961263,-0.670035326107));
#951 = LINE('',#952,#953);
#952 = CARTESIAN_POINT('',(3.6,17.814898961263,0.));
#953 = VECTOR('',#954,1.);
#954 = DIRECTION('',(0.,0.,1.));
#955 = ORIENTED_EDGE('',*,*,#956,.F.);
#956 = EDGE_CURVE('',#223,#949,#957,.T.);
#957 = LINE('',#958,#959);
#958 = CARTESIAN_POINT('',(3.6,17.814898961263,0.));
#959 = VECTOR('',#960,1.);
#960 = DIRECTION('',(0.,0.,1.));
#961 = ORIENTED_EDGE('',*,*,#230,.T.);
#962 = ORIENTED_EDGE('',*,*,#239,.T.);
#963 = ORIENTED_EDGE('',*,*,#248,.T.);
#964 = ORIENTED_EDGE('',*,*,#257,.T.);
#965 = ORIENTED_EDGE('',*,*,#133,.T.);
#966 = ORIENTED_EDGE('',*,*,#144,.T.);
#967 = ORIENTED_EDGE('',*,*,#153,.T.);
#968 = CYLINDRICAL_SURFACE('',#969,18.175);
#969 = AXIS2_PLACEMENT_3D('',#970,#971,#972);
#970 = CARTESIAN_POINT('',(0.,0.,0.));
#971 = DIRECTION('',(0.,0.,1.));
#972 = DIRECTION('',(1.,0.,0.));
#973 = ADVANCED_FACE('',(#974),#992,.T.);
#974 = FACE_BOUND('',#975,.T.);
#975 = EDGE_LOOP('',(#976,#977,#978,#986));
#976 = ORIENTED_EDGE('',*,*,#162,.F.);
#977 = ORIENTED_EDGE('',*,*,#914,.T.);
#978 = ORIENTED_EDGE('',*,*,#979,.T.);
#979 = EDGE_CURVE('',#915,#980,#982,.T.);
#980 = VERTEX_POINT('',#981);
#981 = CARTESIAN_POINT('',(5.395910694652,-18.25624202226,0.));
#982 = LINE('',#983,#984);
#983 = CARTESIAN_POINT('',(10.103676875308,-15.10782375457,0.));
#984 = VECTOR('',#985,1.);
#985 = DIRECTION('',(-0.83124202226,-0.555910694652,0.));
#986 = ORIENTED_EDGE('',*,*,#987,.F.);
#987 = EDGE_CURVE('',#163,#980,#988,.T.);
#988 = LINE('',#989,#990);
#989 = CARTESIAN_POINT('',(5.395910694652,-18.25624202226,-0.92));
#990 = VECTOR('',#991,1.);
#991 = DIRECTION('',(0.,0.,1.));
#992 = PLANE('',#993);
#993 = AXIS2_PLACEMENT_3D('',#994,#995,#996);
#994 = CARTESIAN_POINT('',(10.103676875308,-15.10782375457,-0.92));
#995 = DIRECTION('',(0.555910694652,-0.83124202226,0.));
#996 = DIRECTION('',(-0.83124202226,-0.555910694652,0.));
#997 = ADVANCED_FACE('',(#998),#1017,.T.);
#998 = FACE_BOUND('',#999,.T.);
#999 = EDGE_LOOP('',(#1000,#1001,#1002,#1011));
#1000 = ORIENTED_EDGE('',*,*,#170,.F.);
#1001 = ORIENTED_EDGE('',*,*,#987,.T.);
#1002 = ORIENTED_EDGE('',*,*,#1003,.T.);
#1003 = EDGE_CURVE('',#980,#1004,#1006,.T.);
#1004 = VERTEX_POINT('',#1005);
#1005 = CARTESIAN_POINT('',(4.84,-18.425,0.));
#1006 = CIRCLE('',#1007,1.);
#1007 = AXIS2_PLACEMENT_3D('',#1008,#1009,#1010);
#1008 = CARTESIAN_POINT('',(4.84,-17.425,0.));
#1009 = DIRECTION('',(0.,0.,-1.));
#1010 = DIRECTION('',(1.,0.,0.));
#1011 = ORIENTED_EDGE('',*,*,#1012,.F.);
#1012 = EDGE_CURVE('',#171,#1004,#1013,.T.);
#1013 = LINE('',#1014,#1015);
#1014 = CARTESIAN_POINT('',(4.84,-18.425,-0.92));
#1015 = VECTOR('',#1016,1.);
#1016 = DIRECTION('',(0.,0.,1.));
#1017 = CYLINDRICAL_SURFACE('',#1018,1.);
#1018 = AXIS2_PLACEMENT_3D('',#1019,#1020,#1021);
#1019 = CARTESIAN_POINT('',(4.84,-17.425,-0.92));
#1020 = DIRECTION('',(0.,0.,-1.));
#1021 = DIRECTION('',(1.,0.,0.));
#1022 = ADVANCED_FACE('',(#1023,#1075),#1093,.T.);
#1023 = FACE_BOUND('',#1024,.T.);
#1024 = EDGE_LOOP('',(#1025,#1035,#1044,#1052,#1060,#1068));
#1025 = ORIENTED_EDGE('',*,*,#1026,.F.);
#1026 = EDGE_CURVE('',#1027,#1029,#1031,.T.);
#1027 = VERTEX_POINT('',#1028);
#1028 = CARTESIAN_POINT('',(-3.147117796414,-18.425,-0.73572647394));
#1029 = VERTEX_POINT('',#1030);
#1030 = CARTESIAN_POINT('',(3.147117796414,-18.425,-0.73572647394));
#1031 = LINE('',#1032,#1033);
#1032 = CARTESIAN_POINT('',(-9.62,-18.425,-0.73572647394));
#1033 = VECTOR('',#1034,1.);
#1034 = DIRECTION('',(1.,0.,0.));
#1035 = ORIENTED_EDGE('',*,*,#1036,.F.);
#1036 = EDGE_CURVE('',#1037,#1027,#1039,.T.);
#1037 = VERTEX_POINT('',#1038);
#1038 = CARTESIAN_POINT('',(-3.31,-18.425,-0.63572647394));
#1039 = ELLIPSE('',#1040,0.162882203586,0.1);
#1040 = AXIS2_PLACEMENT_3D('',#1041,#1042,#1043);
#1041 = CARTESIAN_POINT('',(-3.147117796414,-18.425,-0.63572647394));
#1042 = DIRECTION('',(-0.,-1.,-0.));
#1043 = DIRECTION('',(-1.,0.,0.));
#1044 = ORIENTED_EDGE('',*,*,#1045,.T.);
#1045 = EDGE_CURVE('',#1037,#1046,#1048,.T.);
#1046 = VERTEX_POINT('',#1047);
#1047 = CARTESIAN_POINT('',(-3.31,-18.425,-0.49));
#1048 = LINE('',#1049,#1050);
#1049 = CARTESIAN_POINT('',(-3.31,-18.425,-0.92));
#1050 = VECTOR('',#1051,1.);
#1051 = DIRECTION('',(0.,0.,1.));
#1052 = ORIENTED_EDGE('',*,*,#1053,.T.);
#1053 = EDGE_CURVE('',#1046,#1054,#1056,.T.);
#1054 = VERTEX_POINT('',#1055);
#1055 = CARTESIAN_POINT('',(3.31,-18.425,-0.49));
#1056 = LINE('',#1057,#1058);
#1057 = CARTESIAN_POINT('',(-9.62,-18.425,-0.49));
#1058 = VECTOR('',#1059,1.);
#1059 = DIRECTION('',(1.,0.,0.));
#1060 = ORIENTED_EDGE('',*,*,#1061,.F.);
#1061 = EDGE_CURVE('',#1062,#1054,#1064,.T.);
#1062 = VERTEX_POINT('',#1063);
#1063 = CARTESIAN_POINT('',(3.31,-18.425,-0.63572647394));
#1064 = LINE('',#1065,#1066);
#1065 = CARTESIAN_POINT('',(3.31,-18.425,-0.92));
#1066 = VECTOR('',#1067,1.);
#1067 = DIRECTION('',(0.,0.,1.));
#1068 = ORIENTED_EDGE('',*,*,#1069,.T.);
#1069 = EDGE_CURVE('',#1062,#1029,#1070,.T.);
#1070 = ELLIPSE('',#1071,0.162882203586,0.1);
#1071 = AXIS2_PLACEMENT_3D('',#1072,#1073,#1074);
#1072 = CARTESIAN_POINT('',(3.147117796414,-18.425,-0.63572647394));
#1073 = DIRECTION('',(-0.,1.,0.));
#1074 = DIRECTION('',(1.,0.,0.));
#1075 = FACE_BOUND('',#1076,.T.);
#1076 = EDGE_LOOP('',(#1077,#1078,#1079,#1087));
#1077 = ORIENTED_EDGE('',*,*,#179,.F.);
#1078 = ORIENTED_EDGE('',*,*,#1012,.T.);
#1079 = ORIENTED_EDGE('',*,*,#1080,.T.);
#1080 = EDGE_CURVE('',#1004,#1081,#1083,.T.);
#1081 = VERTEX_POINT('',#1082);
#1082 = CARTESIAN_POINT('',(-4.84,-18.425,0.));
#1083 = LINE('',#1084,#1085);
#1084 = CARTESIAN_POINT('',(-1.655,-18.425,0.));
#1085 = VECTOR('',#1086,1.);
#1086 = DIRECTION('',(-1.,0.,0.));
#1087 = ORIENTED_EDGE('',*,*,#1088,.F.);
#1088 = EDGE_CURVE('',#180,#1081,#1089,.T.);
#1089 = LINE('',#1090,#1091);
#1090 = CARTESIAN_POINT('',(-4.84,-18.425,-0.92));
#1091 = VECTOR('',#1092,1.);
#1092 = DIRECTION('',(0.,0.,1.));
#1093 = PLANE('',#1094);
#1094 = AXIS2_PLACEMENT_3D('',#1095,#1096,#1097);
#1095 = CARTESIAN_POINT('',(4.189520847642E-17,-18.425,-0.46));
#1096 = DIRECTION('',(-0.,-1.,-0.));
#1097 = DIRECTION('',(0.,0.,-1.));
#1098 = ADVANCED_FACE('',(#1099),#1118,.T.);
#1099 = FACE_BOUND('',#1100,.T.);
#1100 = EDGE_LOOP('',(#1101,#1102,#1103,#1112));
#1101 = ORIENTED_EDGE('',*,*,#187,.F.);
#1102 = ORIENTED_EDGE('',*,*,#1088,.T.);
#1103 = ORIENTED_EDGE('',*,*,#1104,.T.);
#1104 = EDGE_CURVE('',#1081,#1105,#1107,.T.);
#1105 = VERTEX_POINT('',#1106);
#1106 = CARTESIAN_POINT('',(-5.395910694652,-18.25624202226,0.));
#1107 = CIRCLE('',#1108,1.);
#1108 = AXIS2_PLACEMENT_3D('',#1109,#1110,#1111);
#1109 = CARTESIAN_POINT('',(-4.84,-17.425,0.));
#1110 = DIRECTION('',(0.,0.,-1.));
#1111 = DIRECTION('',(1.,0.,0.));
#1112 = ORIENTED_EDGE('',*,*,#1113,.F.);
#1113 = EDGE_CURVE('',#188,#1105,#1114,.T.);
#1114 = LINE('',#1115,#1116);
#1115 = CARTESIAN_POINT('',(-5.395910694652,-18.25624202226,-0.92));
#1116 = VECTOR('',#1117,1.);
#1117 = DIRECTION('',(0.,0.,1.));
#1118 = CYLINDRICAL_SURFACE('',#1119,1.);
#1119 = AXIS2_PLACEMENT_3D('',#1120,#1121,#1122);
#1120 = CARTESIAN_POINT('',(-4.84,-17.425,-0.92));
#1121 = DIRECTION('',(0.,0.,-1.));
#1122 = DIRECTION('',(1.,0.,0.));
#1123 = ADVANCED_FACE('',(#1124),#1142,.T.);
#1124 = FACE_BOUND('',#1125,.T.);
#1125 = EDGE_LOOP('',(#1126,#1127,#1128,#1136));
#1126 = ORIENTED_EDGE('',*,*,#196,.F.);
#1127 = ORIENTED_EDGE('',*,*,#1113,.T.);
#1128 = ORIENTED_EDGE('',*,*,#1129,.T.);
#1129 = EDGE_CURVE('',#1105,#1130,#1132,.T.);
#1130 = VERTEX_POINT('',#1131);
#1131 = CARTESIAN_POINT('',(-10.1036768753,-15.10782375457,0.));
#1132 = LINE('',#1133,#1134);
#1133 = CARTESIAN_POINT('',(-7.74979378498,-16.68203288841,0.));
#1134 = VECTOR('',#1135,1.);
#1135 = DIRECTION('',(-0.83124202226,0.555910694652,0.));
#1136 = ORIENTED_EDGE('',*,*,#1137,.F.);
#1137 = EDGE_CURVE('',#197,#1130,#1138,.T.);
#1138 = LINE('',#1139,#1140);
#1139 = CARTESIAN_POINT('',(-10.1036768753,-15.10782375457,-0.92));
#1140 = VECTOR('',#1141,1.);
#1141 = DIRECTION('',(0.,0.,1.));
#1142 = PLANE('',#1143);
#1143 = AXIS2_PLACEMENT_3D('',#1144,#1145,#1146);
#1144 = CARTESIAN_POINT('',(-5.395910694652,-18.25624202226,-0.92));
#1145 = DIRECTION('',(-0.555910694652,-0.83124202226,-0.));
#1146 = DIRECTION('',(-0.83124202226,0.555910694652,0.));
#1147 = ADVANCED_FACE('',(#1148),#1184,.T.);
#1148 = FACE_BOUND('',#1149,.F.);
#1149 = EDGE_LOOP('',(#1150,#1159,#1160,#1161,#1162,#1170,#1178));
#1150 = ORIENTED_EDGE('',*,*,#1151,.F.);
#1151 = EDGE_CURVE('',#1130,#1152,#1154,.T.);
#1152 = VERTEX_POINT('',#1153);
#1153 = CARTESIAN_POINT('',(-3.6,17.814898961263,0.));
#1154 = CIRCLE('',#1155,18.175);
#1155 = AXIS2_PLACEMENT_3D('',#1156,#1157,#1158);
#1156 = CARTESIAN_POINT('',(0.,0.,0.));
#1157 = DIRECTION('',(0.,0.,-1.));
#1158 = DIRECTION('',(1.,0.,0.));
#1159 = ORIENTED_EDGE('',*,*,#1137,.F.);
#1160 = ORIENTED_EDGE('',*,*,#204,.T.);
#1161 = ORIENTED_EDGE('',*,*,#213,.T.);
#1162 = ORIENTED_EDGE('',*,*,#1163,.T.);
#1163 = EDGE_CURVE('',#214,#1164,#1166,.T.);
#1164 = VERTEX_POINT('',#1165);
#1165 = CARTESIAN_POINT('',(-3.6,17.814898961263,-0.670035326107));
#1166 = LINE('',#1167,#1168);
#1167 = CARTESIAN_POINT('',(-3.6,17.814898961263,0.));
#1168 = VECTOR('',#1169,1.);
#1169 = DIRECTION('',(0.,0.,1.));
#1170 = ORIENTED_EDGE('',*,*,#1171,.T.);
#1171 = EDGE_CURVE('',#1164,#1172,#1174,.T.);
#1172 = VERTEX_POINT('',#1173);
#1173 = CARTESIAN_POINT('',(-3.6,17.814898961263,-0.5));
#1174 = LINE('',#1175,#1176);
#1175 = CARTESIAN_POINT('',(-3.6,17.814898961263,0.));
#1176 = VECTOR('',#1177,1.);
#1177 = DIRECTION('',(0.,0.,1.));
#1178 = ORIENTED_EDGE('',*,*,#1179,.T.);
#1179 = EDGE_CURVE('',#1172,#1152,#1180,.T.);
#1180 = LINE('',#1181,#1182);
#1181 = CARTESIAN_POINT('',(-3.6,17.814898961263,0.));
#1182 = VECTOR('',#1183,1.);
#1183 = DIRECTION('',(0.,0.,1.));
#1184 = CYLINDRICAL_SURFACE('',#1185,18.175);
#1185 = AXIS2_PLACEMENT_3D('',#1186,#1187,#1188);
#1186 = CARTESIAN_POINT('',(0.,0.,0.));
#1187 = DIRECTION('',(0.,0.,1.));
#1188 = DIRECTION('',(1.,0.,0.));
#1189 = ADVANCED_FACE('',(#1190),#1201,.F.);
#1190 = FACE_BOUND('',#1191,.F.);
#1191 = EDGE_LOOP('',(#1192,#1193,#1199,#1200));
#1192 = ORIENTED_EDGE('',*,*,#956,.T.);
#1193 = ORIENTED_EDGE('',*,*,#1194,.T.);
#1194 = EDGE_CURVE('',#949,#1164,#1195,.T.);
#1195 = LINE('',#1196,#1197);
#1196 = CARTESIAN_POINT('',(5.5,17.814898961263,-0.670035326107));
#1197 = VECTOR('',#1198,1.);
#1198 = DIRECTION('',(-1.,-0.,-0.));
#1199 = ORIENTED_EDGE('',*,*,#1163,.F.);
#1200 = ORIENTED_EDGE('',*,*,#222,.F.);
#1201 = PLANE('',#1202);
#1202 = AXIS2_PLACEMENT_3D('',#1203,#1204,#1205);
#1203 = CARTESIAN_POINT('',(5.5,17.814898961263,-0.670035326107));
#1204 = DIRECTION('',(0.,-1.,0.));
#1205 = DIRECTION('',(0.,0.,-1.));
#1206 = ADVANCED_FACE('',(#1207),#1242,.T.);
#1207 = FACE_BOUND('',#1208,.F.);
#1208 = EDGE_LOOP('',(#1209,#1217,#1226,#1235,#1241));
#1209 = ORIENTED_EDGE('',*,*,#1210,.T.);
#1210 = EDGE_CURVE('',#267,#1211,#1213,.T.);
#1211 = VERTEX_POINT('',#1212);
#1212 = CARTESIAN_POINT('',(-17.54446066426,-3.6,-1.24));
#1213 = LINE('',#1214,#1215);
#1214 = CARTESIAN_POINT('',(-17.54446066426,-3.6,-0.92));
#1215 = VECTOR('',#1216,1.);
#1216 = DIRECTION('',(0.,0.,-1.));
#1217 = ORIENTED_EDGE('',*,*,#1218,.T.);
#1218 = EDGE_CURVE('',#1211,#1219,#1221,.T.);
#1219 = VERTEX_POINT('',#1220);
#1220 = CARTESIAN_POINT('',(-12.82331248274,12.503229861519,-1.24));
#1221 = CIRCLE('',#1222,17.91);
#1222 = AXIS2_PLACEMENT_3D('',#1223,#1224,#1225);
#1223 = CARTESIAN_POINT('',(0.,0.,-1.24));
#1224 = DIRECTION('',(0.,0.,-1.));
#1225 = DIRECTION('',(1.,0.,0.));
#1226 = ORIENTED_EDGE('',*,*,#1227,.T.);
#1227 = EDGE_CURVE('',#1219,#1228,#1230,.T.);
#1228 = VERTEX_POINT('',#1229);
#1229 = CARTESIAN_POINT('',(-12.44999899598,12.875,-1.24));
#1230 = CIRCLE('',#1231,17.91);
#1231 = AXIS2_PLACEMENT_3D('',#1232,#1233,#1234);
#1232 = CARTESIAN_POINT('',(0.,0.,-1.24));
#1233 = DIRECTION('',(0.,0.,-1.));
#1234 = DIRECTION('',(1.,0.,0.));
#1235 = ORIENTED_EDGE('',*,*,#1236,.F.);
#1236 = EDGE_CURVE('',#269,#1228,#1237,.T.);
#1237 = LINE('',#1238,#1239);
#1238 = CARTESIAN_POINT('',(-12.44999899598,12.875,-0.92));
#1239 = VECTOR('',#1240,1.);
#1240 = DIRECTION('',(0.,0.,-1.));
#1241 = ORIENTED_EDGE('',*,*,#266,.F.);
#1242 = CYLINDRICAL_SURFACE('',#1243,17.91);
#1243 = AXIS2_PLACEMENT_3D('',#1244,#1245,#1246);
#1244 = CARTESIAN_POINT('',(0.,0.,-0.92));
#1245 = DIRECTION('',(0.,0.,1.));
#1246 = DIRECTION('',(1.,0.,0.));
#1247 = ADVANCED_FACE('',(#1248),#1325,.T.);
#1248 = FACE_BOUND('',#1249,.T.);
#1249 = EDGE_LOOP('',(#1250,#1251,#1252,#1260,#1268,#1276,#1285,#1293,
    #1301,#1309,#1318));
#1250 = ORIENTED_EDGE('',*,*,#277,.F.);
#1251 = ORIENTED_EDGE('',*,*,#1210,.T.);
#1252 = ORIENTED_EDGE('',*,*,#1253,.T.);
#1253 = EDGE_CURVE('',#1211,#1254,#1256,.T.);
#1254 = VERTEX_POINT('',#1255);
#1255 = CARTESIAN_POINT('',(6.68,-3.6,-1.24));
#1256 = LINE('',#1257,#1258);
#1257 = CARTESIAN_POINT('',(-17.54446066426,-3.6,-1.24));
#1258 = VECTOR('',#1259,1.);
#1259 = DIRECTION('',(1.,0.,0.));
#1260 = ORIENTED_EDGE('',*,*,#1261,.T.);
#1261 = EDGE_CURVE('',#1254,#1262,#1264,.T.);
#1262 = VERTEX_POINT('',#1263);
#1263 = CARTESIAN_POINT('',(10.26,-3.6,-1.24));
#1264 = LINE('',#1265,#1266);
#1265 = CARTESIAN_POINT('',(-17.54446066426,-3.6,-1.24));
#1266 = VECTOR('',#1267,1.);
#1267 = DIRECTION('',(1.,0.,0.));
#1268 = ORIENTED_EDGE('',*,*,#1269,.T.);
#1269 = EDGE_CURVE('',#1262,#1270,#1272,.T.);
#1270 = VERTEX_POINT('',#1271);
#1271 = CARTESIAN_POINT('',(17.76,-3.6,-1.24));
#1272 = LINE('',#1273,#1274);
#1273 = CARTESIAN_POINT('',(10.26,-3.6,-1.24));
#1274 = VECTOR('',#1275,1.);
#1275 = DIRECTION('',(1.,0.,0.));
#1276 = ORIENTED_EDGE('',*,*,#1277,.F.);
#1277 = EDGE_CURVE('',#1278,#1270,#1280,.T.);
#1278 = VERTEX_POINT('',#1279);
#1279 = CARTESIAN_POINT('',(17.76,-3.6,-1.44));
#1280 = CIRCLE('',#1281,0.1);
#1281 = AXIS2_PLACEMENT_3D('',#1282,#1283,#1284);
#1282 = CARTESIAN_POINT('',(17.76,-3.6,-1.34));
#1283 = DIRECTION('',(0.,-1.,2.22044604925E-16));
#1284 = DIRECTION('',(1.,0.,0.));
#1285 = ORIENTED_EDGE('',*,*,#1286,.T.);
#1286 = EDGE_CURVE('',#1278,#1287,#1289,.T.);
#1287 = VERTEX_POINT('',#1288);
#1288 = CARTESIAN_POINT('',(10.26,-3.6,-1.44));
#1289 = LINE('',#1290,#1291);
#1290 = CARTESIAN_POINT('',(17.76,-3.6,-1.44));
#1291 = VECTOR('',#1292,1.);
#1292 = DIRECTION('',(-1.,0.,0.));
#1293 = ORIENTED_EDGE('',*,*,#1294,.T.);
#1294 = EDGE_CURVE('',#1287,#1295,#1297,.T.);
#1295 = VERTEX_POINT('',#1296);
#1296 = CARTESIAN_POINT('',(10.26,-3.6,-1.76));
#1297 = LINE('',#1298,#1299);
#1298 = CARTESIAN_POINT('',(10.26,-3.6,-1.24));
#1299 = VECTOR('',#1300,1.);
#1300 = DIRECTION('',(0.,0.,-1.));
#1301 = ORIENTED_EDGE('',*,*,#1302,.F.);
#1302 = EDGE_CURVE('',#1303,#1295,#1305,.T.);
#1303 = VERTEX_POINT('',#1304);
#1304 = CARTESIAN_POINT('',(17.76,-3.6,-1.76));
#1305 = LINE('',#1306,#1307);
#1306 = CARTESIAN_POINT('',(9.365,-3.6,-1.76));
#1307 = VECTOR('',#1308,1.);
#1308 = DIRECTION('',(-1.,0.,0.));
#1309 = ORIENTED_EDGE('',*,*,#1310,.T.);
#1310 = EDGE_CURVE('',#1303,#1311,#1313,.T.);
#1311 = VERTEX_POINT('',#1312);
#1312 = CARTESIAN_POINT('',(18.18,-3.6,-1.34));
#1313 = CIRCLE('',#1314,0.42);
#1314 = AXIS2_PLACEMENT_3D('',#1315,#1316,#1317);
#1315 = CARTESIAN_POINT('',(17.76,-3.6,-1.34));
#1316 = DIRECTION('',(0.,-1.,2.22044604925E-16));
#1317 = DIRECTION('',(1.,0.,0.));
#1318 = ORIENTED_EDGE('',*,*,#1319,.T.);
#1319 = EDGE_CURVE('',#1311,#278,#1320,.T.);
#1320 = CIRCLE('',#1321,0.42);
#1321 = AXIS2_PLACEMENT_3D('',#1322,#1323,#1324);
#1322 = CARTESIAN_POINT('',(17.76,-3.6,-1.34));
#1323 = DIRECTION('',(0.,-1.,2.22044604925E-16));
#1324 = DIRECTION('',(1.,0.,0.));
#1325 = PLANE('',#1326);
#1326 = AXIS2_PLACEMENT_3D('',#1327,#1328,#1329);
#1327 = CARTESIAN_POINT('',(0.515479674835,-3.6,-1.142289993032));
#1328 = DIRECTION('',(-0.,-1.,-0.));
#1329 = DIRECTION('',(0.,0.,-1.));
#1330 = ADVANCED_FACE('',(#1331),#1360,.T.);
#1331 = FACE_BOUND('',#1332,.T.);
#1332 = EDGE_LOOP('',(#1333,#1341,#1350,#1357,#1358,#1359));
#1333 = ORIENTED_EDGE('',*,*,#1334,.T.);
#1334 = EDGE_CURVE('',#1303,#1335,#1337,.T.);
#1335 = VERTEX_POINT('',#1336);
#1336 = CARTESIAN_POINT('',(17.76,2.995,-1.76));
#1337 = LINE('',#1338,#1339);
#1338 = CARTESIAN_POINT('',(17.76,-3.6,-1.76));
#1339 = VECTOR('',#1340,1.);
#1340 = DIRECTION('',(0.,1.,-2.22044604925E-16));
#1341 = ORIENTED_EDGE('',*,*,#1342,.T.);
#1342 = EDGE_CURVE('',#1335,#1343,#1345,.T.);
#1343 = VERTEX_POINT('',#1344);
#1344 = CARTESIAN_POINT('',(18.18,2.995,-1.34));
#1345 = CIRCLE('',#1346,0.42);
#1346 = AXIS2_PLACEMENT_3D('',#1347,#1348,#1349);
#1347 = CARTESIAN_POINT('',(17.76,2.995,-1.34));
#1348 = DIRECTION('',(0.,-1.,2.22044604925E-16));
#1349 = DIRECTION('',(1.,0.,0.));
#1350 = ORIENTED_EDGE('',*,*,#1351,.T.);
#1351 = EDGE_CURVE('',#1343,#286,#1352,.T.);
#1352 = CIRCLE('',#1353,0.42);
#1353 = AXIS2_PLACEMENT_3D('',#1354,#1355,#1356);
#1354 = CARTESIAN_POINT('',(17.76,2.995,-1.34));
#1355 = DIRECTION('',(0.,-1.,2.22044604925E-16));
#1356 = DIRECTION('',(1.,0.,0.));
#1357 = ORIENTED_EDGE('',*,*,#285,.F.);
#1358 = ORIENTED_EDGE('',*,*,#1319,.F.);
#1359 = ORIENTED_EDGE('',*,*,#1310,.F.);
#1360 = CYLINDRICAL_SURFACE('',#1361,0.42);
#1361 = AXIS2_PLACEMENT_3D('',#1362,#1363,#1364);
#1362 = CARTESIAN_POINT('',(17.76,-3.6,-1.34));
#1363 = DIRECTION('',(0.,-1.,2.22044604925E-16));
#1364 = DIRECTION('',(1.,0.,0.));
#1365 = ADVANCED_FACE('',(#1366),#1426,.T.);
#1366 = FACE_BOUND('',#1367,.T.);
#1367 = EDGE_LOOP('',(#1368,#1369,#1370,#1378,#1386,#1394,#1403,#1411,
    #1419,#1425));
#1368 = ORIENTED_EDGE('',*,*,#1351,.F.);
#1369 = ORIENTED_EDGE('',*,*,#1342,.F.);
#1370 = ORIENTED_EDGE('',*,*,#1371,.F.);
#1371 = EDGE_CURVE('',#1372,#1335,#1374,.T.);
#1372 = VERTEX_POINT('',#1373);
#1373 = CARTESIAN_POINT('',(10.26,2.995,-1.76));
#1374 = LINE('',#1375,#1376);
#1375 = CARTESIAN_POINT('',(13.325,2.995,-1.76));
#1376 = VECTOR('',#1377,1.);
#1377 = DIRECTION('',(1.,0.,0.));
#1378 = ORIENTED_EDGE('',*,*,#1379,.F.);
#1379 = EDGE_CURVE('',#1380,#1372,#1382,.T.);
#1380 = VERTEX_POINT('',#1381);
#1381 = CARTESIAN_POINT('',(10.26,2.995,-1.44));
#1382 = LINE('',#1383,#1384);
#1383 = CARTESIAN_POINT('',(10.26,2.995,-1.24));
#1384 = VECTOR('',#1385,1.);
#1385 = DIRECTION('',(0.,0.,-1.));
#1386 = ORIENTED_EDGE('',*,*,#1387,.F.);
#1387 = EDGE_CURVE('',#1388,#1380,#1390,.T.);
#1388 = VERTEX_POINT('',#1389);
#1389 = CARTESIAN_POINT('',(17.76,2.995,-1.44));
#1390 = LINE('',#1391,#1392);
#1391 = CARTESIAN_POINT('',(15.607683220829,2.995,-1.44));
#1392 = VECTOR('',#1393,1.);
#1393 = DIRECTION('',(-1.,0.,0.));
#1394 = ORIENTED_EDGE('',*,*,#1395,.T.);
#1395 = EDGE_CURVE('',#1388,#1396,#1398,.T.);
#1396 = VERTEX_POINT('',#1397);
#1397 = CARTESIAN_POINT('',(17.76,2.995,-1.24));
#1398 = CIRCLE('',#1399,0.1);
#1399 = AXIS2_PLACEMENT_3D('',#1400,#1401,#1402);
#1400 = CARTESIAN_POINT('',(17.76,2.995,-1.34));
#1401 = DIRECTION('',(0.,-1.,2.22044604925E-16));
#1402 = DIRECTION('',(1.,0.,0.));
#1403 = ORIENTED_EDGE('',*,*,#1404,.F.);
#1404 = EDGE_CURVE('',#1405,#1396,#1407,.T.);
#1405 = VERTEX_POINT('',#1406);
#1406 = CARTESIAN_POINT('',(10.26,2.995,-1.24));
#1407 = LINE('',#1408,#1409);
#1408 = CARTESIAN_POINT('',(11.857683220829,2.995,-1.24));
#1409 = VECTOR('',#1410,1.);
#1410 = DIRECTION('',(1.,0.,0.));
#1411 = ORIENTED_EDGE('',*,*,#1412,.T.);
#1412 = EDGE_CURVE('',#1405,#1413,#1415,.T.);
#1413 = VERTEX_POINT('',#1414);
#1414 = CARTESIAN_POINT('',(8.65,2.995,-1.24));
#1415 = LINE('',#1416,#1417);
#1416 = CARTESIAN_POINT('',(18.18,2.995,-1.24));
#1417 = VECTOR('',#1418,1.);
#1418 = DIRECTION('',(-1.,0.,0.));
#1419 = ORIENTED_EDGE('',*,*,#1420,.F.);
#1420 = EDGE_CURVE('',#294,#1413,#1421,.T.);
#1421 = LINE('',#1422,#1423);
#1422 = CARTESIAN_POINT('',(8.65,2.995,-0.92));
#1423 = VECTOR('',#1424,1.);
#1424 = DIRECTION('',(0.,0.,-1.));
#1425 = ORIENTED_EDGE('',*,*,#293,.F.);
#1426 = PLANE('',#1427);
#1427 = AXIS2_PLACEMENT_3D('',#1428,#1429,#1430);
#1428 = CARTESIAN_POINT('',(13.455366441659,2.995,-1.299633558341));
#1429 = DIRECTION('',(0.,1.,0.));
#1430 = DIRECTION('',(0.,0.,1.));
#1431 = ADVANCED_FACE('',(#1432),#1460,.F.);
#1432 = FACE_BOUND('',#1433,.T.);
#1433 = EDGE_LOOP('',(#1434,#1435,#1444,#1453,#1459));
#1434 = ORIENTED_EDGE('',*,*,#1420,.T.);
#1435 = ORIENTED_EDGE('',*,*,#1436,.T.);
#1436 = EDGE_CURVE('',#1413,#1437,#1439,.T.);
#1437 = VERTEX_POINT('',#1438);
#1438 = CARTESIAN_POINT('',(7.654764475112,3.8975,-1.24));
#1439 = CIRCLE('',#1440,1.);
#1440 = AXIS2_PLACEMENT_3D('',#1441,#1442,#1443);
#1441 = CARTESIAN_POINT('',(8.65,3.995,-1.24));
#1442 = DIRECTION('',(0.,0.,-1.));
#1443 = DIRECTION('',(1.,0.,0.));
#1444 = ORIENTED_EDGE('',*,*,#1445,.T.);
#1445 = EDGE_CURVE('',#1437,#1446,#1448,.T.);
#1446 = VERTEX_POINT('',#1447);
#1447 = CARTESIAN_POINT('',(8.65,4.995,-1.24));
#1448 = CIRCLE('',#1449,1.);
#1449 = AXIS2_PLACEMENT_3D('',#1450,#1451,#1452);
#1450 = CARTESIAN_POINT('',(8.65,3.995,-1.24));
#1451 = DIRECTION('',(0.,0.,-1.));
#1452 = DIRECTION('',(1.,0.,0.));
#1453 = ORIENTED_EDGE('',*,*,#1454,.F.);
#1454 = EDGE_CURVE('',#302,#1446,#1455,.T.);
#1455 = LINE('',#1456,#1457);
#1456 = CARTESIAN_POINT('',(8.65,4.995,-0.92));
#1457 = VECTOR('',#1458,1.);
#1458 = DIRECTION('',(0.,0.,-1.));
#1459 = ORIENTED_EDGE('',*,*,#301,.F.);
#1460 = CYLINDRICAL_SURFACE('',#1461,1.);
#1461 = AXIS2_PLACEMENT_3D('',#1462,#1463,#1464);
#1462 = CARTESIAN_POINT('',(8.65,3.995,-0.92));
#1463 = DIRECTION('',(0.,0.,1.));
#1464 = DIRECTION('',(1.,0.,0.));
#1465 = ADVANCED_FACE('',(#1466),#1484,.T.);
#1466 = FACE_BOUND('',#1467,.T.);
#1467 = EDGE_LOOP('',(#1468,#1469,#1477,#1483));
#1468 = ORIENTED_EDGE('',*,*,#1454,.T.);
#1469 = ORIENTED_EDGE('',*,*,#1470,.T.);
#1470 = EDGE_CURVE('',#1446,#1471,#1473,.T.);
#1471 = VERTEX_POINT('',#1472);
#1472 = CARTESIAN_POINT('',(11.599999999907,4.995000000047,-1.24));
#1473 = LINE('',#1474,#1475);
#1474 = CARTESIAN_POINT('',(8.65,4.995,-1.24));
#1475 = VECTOR('',#1476,1.);
#1476 = DIRECTION('',(1.,0.,0.));
#1477 = ORIENTED_EDGE('',*,*,#1478,.F.);
#1478 = EDGE_CURVE('',#311,#1471,#1479,.T.);
#1479 = LINE('',#1480,#1481);
#1480 = CARTESIAN_POINT('',(11.599999999907,4.995000000047,-0.92));
#1481 = VECTOR('',#1482,1.);
#1482 = DIRECTION('',(0.,0.,-1.));
#1483 = ORIENTED_EDGE('',*,*,#310,.F.);
#1484 = PLANE('',#1485);
#1485 = AXIS2_PLACEMENT_3D('',#1486,#1487,#1488);
#1486 = CARTESIAN_POINT('',(8.65,4.995,-0.92));
#1487 = DIRECTION('',(0.,-1.,0.));
#1488 = DIRECTION('',(1.,0.,0.));
#1489 = ADVANCED_FACE('',(#1490),#1509,.T.);
#1490 = FACE_BOUND('',#1491,.F.);
#1491 = EDGE_LOOP('',(#1492,#1500,#1507,#1508));
#1492 = ORIENTED_EDGE('',*,*,#1493,.T.);
#1493 = EDGE_CURVE('',#319,#1494,#1496,.T.);
#1494 = VERTEX_POINT('',#1495);
#1495 = CARTESIAN_POINT('',(12.599999999907,5.995000000093,-1.24));
#1496 = LINE('',#1497,#1498);
#1497 = CARTESIAN_POINT('',(12.599999999907,5.995000000093,-0.92));
#1498 = VECTOR('',#1499,1.);
#1499 = DIRECTION('',(0.,0.,-1.));
#1500 = ORIENTED_EDGE('',*,*,#1501,.T.);
#1501 = EDGE_CURVE('',#1494,#1471,#1502,.T.);
#1502 = CIRCLE('',#1503,1.);
#1503 = AXIS2_PLACEMENT_3D('',#1504,#1505,#1506);
#1504 = CARTESIAN_POINT('',(11.599999999907,5.995000000093,-1.24));
#1505 = DIRECTION('',(0.,0.,-1.));
#1506 = DIRECTION('',(1.,0.,0.));
#1507 = ORIENTED_EDGE('',*,*,#1478,.F.);
#1508 = ORIENTED_EDGE('',*,*,#318,.F.);
#1509 = CYLINDRICAL_SURFACE('',#1510,1.);
#1510 = AXIS2_PLACEMENT_3D('',#1511,#1512,#1513);
#1511 = CARTESIAN_POINT('',(11.599999999907,5.995000000093,-0.92));
#1512 = DIRECTION('',(0.,0.,1.));
#1513 = DIRECTION('',(1.,0.,0.));
#1514 = ADVANCED_FACE('',(#1515),#1533,.T.);
#1515 = FACE_BOUND('',#1516,.T.);
#1516 = EDGE_LOOP('',(#1517,#1518,#1526,#1532));
#1517 = ORIENTED_EDGE('',*,*,#1493,.T.);
#1518 = ORIENTED_EDGE('',*,*,#1519,.T.);
#1519 = EDGE_CURVE('',#1494,#1520,#1522,.T.);
#1520 = VERTEX_POINT('',#1521);
#1521 = CARTESIAN_POINT('',(12.599999999907,10.875,-1.24));
#1522 = LINE('',#1523,#1524);
#1523 = CARTESIAN_POINT('',(12.599999999907,5.995000000093,-1.24));
#1524 = VECTOR('',#1525,1.);
#1525 = DIRECTION('',(0.,1.,0.));
#1526 = ORIENTED_EDGE('',*,*,#1527,.F.);
#1527 = EDGE_CURVE('',#328,#1520,#1528,.T.);
#1528 = LINE('',#1529,#1530);
#1529 = CARTESIAN_POINT('',(12.599999999907,10.875,-0.92));
#1530 = VECTOR('',#1531,1.);
#1531 = DIRECTION('',(0.,0.,-1.));
#1532 = ORIENTED_EDGE('',*,*,#327,.F.);
#1533 = PLANE('',#1534);
#1534 = AXIS2_PLACEMENT_3D('',#1535,#1536,#1537);
#1535 = CARTESIAN_POINT('',(12.599999999907,5.995000000093,-0.92));
#1536 = DIRECTION('',(1.,0.,0.));
#1537 = DIRECTION('',(0.,1.,0.));
#1538 = ADVANCED_FACE('',(#1539),#1557,.T.);
#1539 = FACE_BOUND('',#1540,.T.);
#1540 = EDGE_LOOP('',(#1541,#1542,#1550,#1556));
#1541 = ORIENTED_EDGE('',*,*,#1527,.T.);
#1542 = ORIENTED_EDGE('',*,*,#1543,.T.);
#1543 = EDGE_CURVE('',#1520,#1544,#1546,.T.);
#1544 = VERTEX_POINT('',#1545);
#1545 = CARTESIAN_POINT('',(10.6,12.875,-1.24));
#1546 = LINE('',#1547,#1548);
#1547 = CARTESIAN_POINT('',(12.599999999907,10.875,-1.24));
#1548 = VECTOR('',#1549,1.);
#1549 = DIRECTION('',(-0.70710678117,0.707106781203,-0.));
#1550 = ORIENTED_EDGE('',*,*,#1551,.F.);
#1551 = EDGE_CURVE('',#336,#1544,#1552,.T.);
#1552 = LINE('',#1553,#1554);
#1553 = CARTESIAN_POINT('',(10.6,12.875,-0.92));
#1554 = VECTOR('',#1555,1.);
#1555 = DIRECTION('',(0.,0.,-1.));
#1556 = ORIENTED_EDGE('',*,*,#335,.F.);
#1557 = PLANE('',#1558);
#1558 = AXIS2_PLACEMENT_3D('',#1559,#1560,#1561);
#1559 = CARTESIAN_POINT('',(12.599999999907,10.875,-0.92));
#1560 = DIRECTION('',(0.707106781203,0.70710678117,0.));
#1561 = DIRECTION('',(-0.70710678117,0.707106781203,0.));
#1562 = ADVANCED_FACE('',(#1563),#1574,.T.);
#1563 = FACE_BOUND('',#1564,.T.);
#1564 = EDGE_LOOP('',(#1565,#1566,#1567,#1573));
#1565 = ORIENTED_EDGE('',*,*,#343,.T.);
#1566 = ORIENTED_EDGE('',*,*,#1551,.T.);
#1567 = ORIENTED_EDGE('',*,*,#1568,.F.);
#1568 = EDGE_CURVE('',#1228,#1544,#1569,.T.);
#1569 = LINE('',#1570,#1571);
#1570 = CARTESIAN_POINT('',(-12.44999899598,12.875,-1.24));
#1571 = VECTOR('',#1572,1.);
#1572 = DIRECTION('',(1.,0.,0.));
#1573 = ORIENTED_EDGE('',*,*,#1236,.F.);
#1574 = PLANE('',#1575);
#1575 = AXIS2_PLACEMENT_3D('',#1576,#1577,#1578);
#1576 = CARTESIAN_POINT('',(-0.924999497992,12.875,-1.08));
#1577 = DIRECTION('',(0.,1.,0.));
#1578 = DIRECTION('',(0.,0.,1.));
#1579 = ADVANCED_FACE('',(#1580),#1591,.T.);
#1580 = FACE_BOUND('',#1581,.T.);
#1581 = EDGE_LOOP('',(#1582,#1583,#1584,#1585));
#1582 = ORIENTED_EDGE('',*,*,#360,.F.);
#1583 = ORIENTED_EDGE('',*,*,#499,.T.);
#1584 = ORIENTED_EDGE('',*,*,#580,.T.);
#1585 = ORIENTED_EDGE('',*,*,#1586,.F.);
#1586 = EDGE_CURVE('',#361,#572,#1587,.T.);
#1587 = LINE('',#1588,#1589);
#1588 = CARTESIAN_POINT('',(-3.18,-14.605,-0.92));
#1589 = VECTOR('',#1590,1.);
#1590 = DIRECTION('',(0.,0.,-1.));
#1591 = PLANE('',#1592);
#1592 = AXIS2_PLACEMENT_3D('',#1593,#1594,#1595);
#1593 = CARTESIAN_POINT('',(-8.62,-14.605,-0.92));
#1594 = DIRECTION('',(0.,-1.,0.));
#1595 = DIRECTION('',(1.,0.,0.));
#1596 = ADVANCED_FACE('',(#1597),#1631,.F.);
#1597 = FACE_BOUND('',#1598,.F.);
#1598 = EDGE_LOOP('',(#1599,#1608,#1609,#1617,#1625));
#1599 = ORIENTED_EDGE('',*,*,#1600,.F.);
#1600 = EDGE_CURVE('',#361,#1601,#1603,.T.);
#1601 = VERTEX_POINT('',#1602);
#1602 = CARTESIAN_POINT('',(-2.68,-15.105,-0.923065086527));
#1603 = ELLIPSE('',#1604,0.500009394667,0.5);
#1604 = AXIS2_PLACEMENT_3D('',#1605,#1606,#1607);
#1605 = CARTESIAN_POINT('',(-3.18,-15.105,-0.923065086527));
#1606 = DIRECTION('',(0.,6.130057873446E-03,-0.999981211019));
#1607 = DIRECTION('',(0.,0.999981211019,6.130057873446E-03));
#1608 = ORIENTED_EDGE('',*,*,#368,.T.);
#1609 = ORIENTED_EDGE('',*,*,#1610,.F.);
#1610 = EDGE_CURVE('',#1611,#369,#1613,.T.);
#1611 = VERTEX_POINT('',#1612);
#1612 = CARTESIAN_POINT('',(2.68,-18.56436079725,-0.944271566867));
#1613 = LINE('',#1614,#1615);
#1614 = CARTESIAN_POINT('',(2.68,-16.75991902025,-0.93321002651));
#1615 = VECTOR('',#1616,1.);
#1616 = DIRECTION('',(0.,0.999981211019,6.130057873446E-03));
#1617 = ORIENTED_EDGE('',*,*,#1618,.F.);
#1618 = EDGE_CURVE('',#1619,#1611,#1621,.T.);
#1619 = VERTEX_POINT('',#1620);
#1620 = CARTESIAN_POINT('',(-2.68,-18.56436079725,-0.944271566867));
#1621 = LINE('',#1622,#1623);
#1622 = CARTESIAN_POINT('',(-9.62,-18.56436079725,-0.944271566867));
#1623 = VECTOR('',#1624,1.);
#1624 = DIRECTION('',(1.,0.,0.));
#1625 = ORIENTED_EDGE('',*,*,#1626,.F.);
#1626 = EDGE_CURVE('',#1601,#1619,#1627,.T.);
#1627 = LINE('',#1628,#1629);
#1628 = CARTESIAN_POINT('',(-2.68,-14.85499060559,-0.921532485674));
#1629 = VECTOR('',#1630,1.);
#1630 = DIRECTION('',(0.,-0.999981211019,-6.130057873446E-03));
#1631 = PLANE('',#1632);
#1632 = AXIS2_PLACEMENT_3D('',#1633,#1634,#1635);
#1633 = CARTESIAN_POINT('',(-9.62,-14.605,-0.92));
#1634 = DIRECTION('',(0.,6.130057873446E-03,-0.999981211019));
#1635 = DIRECTION('',(0.,-0.999981211019,-6.130057873446E-03));
#1636 = ADVANCED_FACE('',(#1637),#1699,.T.);
#1637 = FACE_BOUND('',#1638,.T.);
#1638 = EDGE_LOOP('',(#1639,#1648,#1657,#1665,#1674,#1683,#1690,#1691,
    #1697,#1698));
#1639 = ORIENTED_EDGE('',*,*,#1640,.T.);
#1640 = EDGE_CURVE('',#1611,#1641,#1643,.T.);
#1641 = VERTEX_POINT('',#1642);
#1642 = CARTESIAN_POINT('',(2.68,-18.63188025296,-0.92));
#1643 = CIRCLE('',#1644,0.10427352606);
#1644 = AXIS2_PLACEMENT_3D('',#1645,#1646,#1647);
#1645 = CARTESIAN_POINT('',(2.68,-18.565,-0.84));
#1646 = DIRECTION('',(-1.,0.,0.));
#1647 = DIRECTION('',(0.,-1.,0.));
#1648 = ORIENTED_EDGE('',*,*,#1649,.T.);
#1649 = EDGE_CURVE('',#1641,#1650,#1652,.T.);
#1650 = VERTEX_POINT('',#1651);
#1651 = CARTESIAN_POINT('',(2.68,-18.66733752115,-0.82));
#1652 = CIRCLE('',#1653,0.10427352606);
#1653 = AXIS2_PLACEMENT_3D('',#1654,#1655,#1656);
#1654 = CARTESIAN_POINT('',(2.68,-18.565,-0.84));
#1655 = DIRECTION('',(-1.,0.,0.));
#1656 = DIRECTION('',(0.,-1.,0.));
#1657 = ORIENTED_EDGE('',*,*,#1658,.F.);
#1658 = EDGE_CURVE('',#1659,#1650,#1661,.T.);
#1659 = VERTEX_POINT('',#1660);
#1660 = CARTESIAN_POINT('',(2.68,-18.91442810419,-0.82));
#1661 = LINE('',#1662,#1663);
#1662 = CARTESIAN_POINT('',(2.68,-18.915,-0.82));
#1663 = VECTOR('',#1664,1.);
#1664 = DIRECTION('',(-3.773433449475E-15,1.,-0.));
#1665 = ORIENTED_EDGE('',*,*,#1666,.F.);
#1666 = EDGE_CURVE('',#1667,#1659,#1669,.T.);
#1667 = VERTEX_POINT('',#1668);
#1668 = CARTESIAN_POINT('',(2.68,-18.915,-0.84));
#1669 = CIRCLE('',#1670,0.35);
#1670 = AXIS2_PLACEMENT_3D('',#1671,#1672,#1673);
#1671 = CARTESIAN_POINT('',(2.68,-18.565,-0.84));
#1672 = DIRECTION('',(-1.,0.,0.));
#1673 = DIRECTION('',(0.,-1.,0.));
#1674 = ORIENTED_EDGE('',*,*,#1675,.F.);
#1675 = EDGE_CURVE('',#1676,#1667,#1678,.T.);
#1676 = VERTEX_POINT('',#1677);
#1677 = CARTESIAN_POINT('',(2.68,-18.90573450074,-0.92));
#1678 = CIRCLE('',#1679,0.35);
#1679 = AXIS2_PLACEMENT_3D('',#1680,#1681,#1682);
#1680 = CARTESIAN_POINT('',(2.68,-18.565,-0.84));
#1681 = DIRECTION('',(-1.,0.,0.));
#1682 = DIRECTION('',(0.,-1.,0.));
#1683 = ORIENTED_EDGE('',*,*,#1684,.F.);
#1684 = EDGE_CURVE('',#548,#1676,#1685,.T.);
#1685 = CIRCLE('',#1686,0.35);
#1686 = AXIS2_PLACEMENT_3D('',#1687,#1688,#1689);
#1687 = CARTESIAN_POINT('',(2.68,-18.565,-0.84));
#1688 = DIRECTION('',(-1.,0.,0.));
#1689 = DIRECTION('',(0.,-1.,0.));
#1690 = ORIENTED_EDGE('',*,*,#547,.T.);
#1691 = ORIENTED_EDGE('',*,*,#1692,.F.);
#1692 = EDGE_CURVE('',#377,#539,#1693,.T.);
#1693 = LINE('',#1694,#1695);
#1694 = CARTESIAN_POINT('',(2.68,-8.145,-0.92));
#1695 = VECTOR('',#1696,1.);
#1696 = DIRECTION('',(0.,0.,-1.));
#1697 = ORIENTED_EDGE('',*,*,#376,.F.);
#1698 = ORIENTED_EDGE('',*,*,#1610,.F.);
#1699 = PLANE('',#1700);
#1700 = AXIS2_PLACEMENT_3D('',#1701,#1702,#1703);
#1701 = CARTESIAN_POINT('',(2.68,-13.55060303888,-1.037738820718));
#1702 = DIRECTION('',(1.,0.,-9.444268498576E-16));
#1703 = DIRECTION('',(9.444268498576E-16,0.,1.));
#1704 = ADVANCED_FACE('',(#1705),#1716,.T.);
#1705 = FACE_BOUND('',#1706,.F.);
#1706 = EDGE_LOOP('',(#1707,#1708,#1714,#1715));
#1707 = ORIENTED_EDGE('',*,*,#384,.F.);
#1708 = ORIENTED_EDGE('',*,*,#1709,.T.);
#1709 = EDGE_CURVE('',#385,#531,#1710,.T.);
#1710 = LINE('',#1711,#1712);
#1711 = CARTESIAN_POINT('',(1.68,-7.145,-0.92));
#1712 = VECTOR('',#1713,1.);
#1713 = DIRECTION('',(0.,0.,-1.));
#1714 = ORIENTED_EDGE('',*,*,#538,.T.);
#1715 = ORIENTED_EDGE('',*,*,#1692,.F.);
#1716 = CYLINDRICAL_SURFACE('',#1717,1.);
#1717 = AXIS2_PLACEMENT_3D('',#1718,#1719,#1720);
#1718 = CARTESIAN_POINT('',(1.68,-8.145,-0.92));
#1719 = DIRECTION('',(0.,0.,1.));
#1720 = DIRECTION('',(1.,0.,0.));
#1721 = ADVANCED_FACE('',(#1722),#1728,.T.);
#1722 = FACE_BOUND('',#1723,.T.);
#1723 = EDGE_LOOP('',(#1724,#1725,#1726,#1727));
#1724 = ORIENTED_EDGE('',*,*,#393,.F.);
#1725 = ORIENTED_EDGE('',*,*,#1709,.T.);
#1726 = ORIENTED_EDGE('',*,*,#530,.F.);
#1727 = ORIENTED_EDGE('',*,*,#410,.F.);
#1728 = PLANE('',#1729);
#1729 = AXIS2_PLACEMENT_3D('',#1730,#1731,#1732);
#1730 = CARTESIAN_POINT('',(1.68,-7.145,-0.92));
#1731 = DIRECTION('',(0.,1.,0.));
#1732 = DIRECTION('',(-1.,0.,0.));
#1733 = ADVANCED_FACE('',(#1734),#1745,.F.);
#1734 = FACE_BOUND('',#1735,.T.);
#1735 = EDGE_LOOP('',(#1736,#1737,#1738,#1739));
#1736 = ORIENTED_EDGE('',*,*,#1600,.F.);
#1737 = ORIENTED_EDGE('',*,*,#1586,.T.);
#1738 = ORIENTED_EDGE('',*,*,#571,.T.);
#1739 = ORIENTED_EDGE('',*,*,#1740,.F.);
#1740 = EDGE_CURVE('',#1601,#564,#1741,.T.);
#1741 = LINE('',#1742,#1743);
#1742 = CARTESIAN_POINT('',(-2.68,-15.105,-0.92));
#1743 = VECTOR('',#1744,1.);
#1744 = DIRECTION('',(0.,0.,-1.));
#1745 = CYLINDRICAL_SURFACE('',#1746,0.5);
#1746 = AXIS2_PLACEMENT_3D('',#1747,#1748,#1749);
#1747 = CARTESIAN_POINT('',(-3.18,-15.105,-0.92));
#1748 = DIRECTION('',(0.,0.,1.));
#1749 = DIRECTION('',(1.,0.,0.));
#1750 = ADVANCED_FACE('',(#1751),#1807,.T.);
#1751 = FACE_BOUND('',#1752,.T.);
#1752 = EDGE_LOOP('',(#1753,#1754,#1755,#1756,#1765,#1774,#1783,#1791,
    #1800));
#1753 = ORIENTED_EDGE('',*,*,#1626,.F.);
#1754 = ORIENTED_EDGE('',*,*,#1740,.T.);
#1755 = ORIENTED_EDGE('',*,*,#563,.T.);
#1756 = ORIENTED_EDGE('',*,*,#1757,.T.);
#1757 = EDGE_CURVE('',#556,#1758,#1760,.T.);
#1758 = VERTEX_POINT('',#1759);
#1759 = CARTESIAN_POINT('',(-2.68,-18.90573450074,-0.92));
#1760 = CIRCLE('',#1761,0.35);
#1761 = AXIS2_PLACEMENT_3D('',#1762,#1763,#1764);
#1762 = CARTESIAN_POINT('',(-2.68,-18.565,-0.84));
#1763 = DIRECTION('',(-1.,0.,0.));
#1764 = DIRECTION('',(0.,-1.,0.));
#1765 = ORIENTED_EDGE('',*,*,#1766,.T.);
#1766 = EDGE_CURVE('',#1758,#1767,#1769,.T.);
#1767 = VERTEX_POINT('',#1768);
#1768 = CARTESIAN_POINT('',(-2.68,-18.915,-0.84));
#1769 = CIRCLE('',#1770,0.35);
#1770 = AXIS2_PLACEMENT_3D('',#1771,#1772,#1773);
#1771 = CARTESIAN_POINT('',(-2.68,-18.565,-0.84));
#1772 = DIRECTION('',(-1.,0.,0.));
#1773 = DIRECTION('',(0.,-1.,0.));
#1774 = ORIENTED_EDGE('',*,*,#1775,.T.);
#1775 = EDGE_CURVE('',#1767,#1776,#1778,.T.);
#1776 = VERTEX_POINT('',#1777);
#1777 = CARTESIAN_POINT('',(-2.68,-18.91442810419,-0.82));
#1778 = CIRCLE('',#1779,0.35);
#1779 = AXIS2_PLACEMENT_3D('',#1780,#1781,#1782);
#1780 = CARTESIAN_POINT('',(-2.68,-18.565,-0.84));
#1781 = DIRECTION('',(-1.,0.,0.));
#1782 = DIRECTION('',(0.,-1.,0.));
#1783 = ORIENTED_EDGE('',*,*,#1784,.F.);
#1784 = EDGE_CURVE('',#1785,#1776,#1787,.T.);
#1785 = VERTEX_POINT('',#1786);
#1786 = CARTESIAN_POINT('',(-2.68,-18.66733752116,-0.82));
#1787 = LINE('',#1788,#1789);
#1788 = CARTESIAN_POINT('',(-2.68,-18.56193490758,-0.82));
#1789 = VECTOR('',#1790,1.);
#1790 = DIRECTION('',(1.257811149825E-15,-1.,0.));
#1791 = ORIENTED_EDGE('',*,*,#1792,.F.);
#1792 = EDGE_CURVE('',#1793,#1785,#1795,.T.);
#1793 = VERTEX_POINT('',#1794);
#1794 = CARTESIAN_POINT('',(-2.68,-18.63188025296,-0.92));
#1795 = CIRCLE('',#1796,0.10427352606);
#1796 = AXIS2_PLACEMENT_3D('',#1797,#1798,#1799);
#1797 = CARTESIAN_POINT('',(-2.68,-18.565,-0.84));
#1798 = DIRECTION('',(-1.,0.,0.));
#1799 = DIRECTION('',(0.,-1.,0.));
#1800 = ORIENTED_EDGE('',*,*,#1801,.F.);
#1801 = EDGE_CURVE('',#1619,#1793,#1802,.T.);
#1802 = CIRCLE('',#1803,0.10427352606);
#1803 = AXIS2_PLACEMENT_3D('',#1804,#1805,#1806);
#1804 = CARTESIAN_POINT('',(-2.68,-18.565,-0.84));
#1805 = DIRECTION('',(-1.,0.,0.));
#1806 = DIRECTION('',(0.,-1.,0.));
#1807 = PLANE('',#1808);
#1808 = AXIS2_PLACEMENT_3D('',#1809,#1810,#1811);
#1809 = CARTESIAN_POINT('',(-2.68,-17.01802053121,-1.045094772068));
#1810 = DIRECTION('',(-1.,-0.,-0.));
#1811 = DIRECTION('',(0.,0.,-1.));
#1812 = ADVANCED_FACE('',(#1813),#1862,.T.);
#1813 = FACE_BOUND('',#1814,.T.);
#1814 = EDGE_LOOP('',(#1815,#1816,#1817,#1825,#1834,#1842,#1851,#1857,
    #1858,#1859,#1860,#1861));
#1815 = ORIENTED_EDGE('',*,*,#1675,.T.);
#1816 = ORIENTED_EDGE('',*,*,#1666,.T.);
#1817 = ORIENTED_EDGE('',*,*,#1818,.F.);
#1818 = EDGE_CURVE('',#1819,#1659,#1821,.T.);
#1819 = VERTEX_POINT('',#1820);
#1820 = CARTESIAN_POINT('',(2.680735294609,-18.91442810419,-0.82));
#1821 = LINE('',#1822,#1823);
#1822 = CARTESIAN_POINT('',(-9.62,-18.91442810419,-0.82));
#1823 = VECTOR('',#1824,1.);
#1824 = DIRECTION('',(-1.,0.,0.));
#1825 = ORIENTED_EDGE('',*,*,#1826,.T.);
#1826 = EDGE_CURVE('',#1819,#1827,#1829,.T.);
#1827 = VERTEX_POINT('',#1828);
#1828 = CARTESIAN_POINT('',(3.13,-18.565,-0.49));
#1829 = ELLIPSE('',#1830,0.57008771255,0.35);
#1830 = AXIS2_PLACEMENT_3D('',#1831,#1832,#1833);
#1831 = CARTESIAN_POINT('',(3.13,-18.565,-0.84));
#1832 = DIRECTION('',(-0.613940613515,0.789352217376,0.));
#1833 = DIRECTION('',(-0.789352217376,-0.613940613515,0.));
#1834 = ORIENTED_EDGE('',*,*,#1835,.F.);
#1835 = EDGE_CURVE('',#1836,#1827,#1838,.T.);
#1836 = VERTEX_POINT('',#1837);
#1837 = CARTESIAN_POINT('',(-3.13,-18.565,-0.49));
#1838 = LINE('',#1839,#1840);
#1839 = CARTESIAN_POINT('',(-9.62,-18.565,-0.49));
#1840 = VECTOR('',#1841,1.);
#1841 = DIRECTION('',(1.,0.,0.));
#1842 = ORIENTED_EDGE('',*,*,#1843,.F.);
#1843 = EDGE_CURVE('',#1844,#1836,#1846,.T.);
#1844 = VERTEX_POINT('',#1845);
#1845 = CARTESIAN_POINT('',(-2.680735294609,-18.91442810419,-0.82));
#1846 = ELLIPSE('',#1847,0.57008771255,0.35);
#1847 = AXIS2_PLACEMENT_3D('',#1848,#1849,#1850);
#1848 = CARTESIAN_POINT('',(-3.13,-18.565,-0.84));
#1849 = DIRECTION('',(-0.613940613515,-0.789352217376,-0.));
#1850 = DIRECTION('',(-0.789352217376,0.613940613515,0.));
#1851 = ORIENTED_EDGE('',*,*,#1852,.F.);
#1852 = EDGE_CURVE('',#1776,#1844,#1853,.T.);
#1853 = LINE('',#1854,#1855);
#1854 = CARTESIAN_POINT('',(-9.62,-18.91442810419,-0.82));
#1855 = VECTOR('',#1856,1.);
#1856 = DIRECTION('',(-1.,0.,0.));
#1857 = ORIENTED_EDGE('',*,*,#1775,.F.);
#1858 = ORIENTED_EDGE('',*,*,#1766,.F.);
#1859 = ORIENTED_EDGE('',*,*,#1757,.F.);
#1860 = ORIENTED_EDGE('',*,*,#555,.T.);
#1861 = ORIENTED_EDGE('',*,*,#1684,.T.);
#1862 = CYLINDRICAL_SURFACE('',#1863,0.35);
#1863 = AXIS2_PLACEMENT_3D('',#1864,#1865,#1866);
#1864 = CARTESIAN_POINT('',(-9.62,-18.565,-0.84));
#1865 = DIRECTION('',(-1.,0.,0.));
#1866 = DIRECTION('',(0.,-1.,0.));
#1867 = ADVANCED_FACE('',(#1868),#1893,.F.);
#1868 = FACE_BOUND('',#1869,.F.);
#1869 = EDGE_LOOP('',(#1870,#1878,#1886,#1892));
#1870 = ORIENTED_EDGE('',*,*,#1871,.T.);
#1871 = EDGE_CURVE('',#590,#1872,#1874,.T.);
#1872 = VERTEX_POINT('',#1873);
#1873 = CARTESIAN_POINT('',(-4.44,-12.31051988772,-1.551673046555));
#1874 = LINE('',#1875,#1876);
#1875 = CARTESIAN_POINT('',(-4.44,-12.31297191087,-1.151680562148));
#1876 = VECTOR('',#1877,1.);
#1877 = DIRECTION('',(0.,6.130057873446E-03,-0.999981211019));
#1878 = ORIENTED_EDGE('',*,*,#1879,.T.);
#1879 = EDGE_CURVE('',#1872,#1880,#1882,.T.);
#1880 = VERTEX_POINT('',#1881);
#1881 = CARTESIAN_POINT('',(-4.44,-9.310576254672,-1.533282872935));
#1882 = LINE('',#1883,#1884);
#1883 = CARTESIAN_POINT('',(-4.44,-12.31051988772,-1.551673046555));
#1884 = VECTOR('',#1885,1.);
#1885 = DIRECTION('',(0.,0.999981211019,6.130057873446E-03));
#1886 = ORIENTED_EDGE('',*,*,#1887,.F.);
#1887 = EDGE_CURVE('',#592,#1880,#1888,.T.);
#1888 = LINE('',#1889,#1890);
#1889 = CARTESIAN_POINT('',(-4.44,-9.313028277821,-1.133290388527));
#1890 = VECTOR('',#1891,1.);
#1891 = DIRECTION('',(0.,6.130057873446E-03,-0.999981211019));
#1892 = ORIENTED_EDGE('',*,*,#589,.F.);
#1893 = PLANE('',#1894);
#1894 = AXIS2_PLACEMENT_3D('',#1895,#1896,#1897);
#1895 = CARTESIAN_POINT('',(-4.44,-12.31297191087,-1.151680562148));
#1896 = DIRECTION('',(1.,0.,0.));
#1897 = DIRECTION('',(0.,0.999981211019,6.130057873446E-03));
#1898 = ADVANCED_FACE('',(#1899),#1917,.F.);
#1899 = FACE_BOUND('',#1900,.F.);
#1900 = EDGE_LOOP('',(#1901,#1909,#1915,#1916));
#1901 = ORIENTED_EDGE('',*,*,#1902,.T.);
#1902 = EDGE_CURVE('',#600,#1903,#1905,.T.);
#1903 = VERTEX_POINT('',#1904);
#1904 = CARTESIAN_POINT('',(-1.44,-12.31051988772,-1.551673046555));
#1905 = LINE('',#1906,#1907);
#1906 = CARTESIAN_POINT('',(-1.44,-12.31297191087,-1.151680562148));
#1907 = VECTOR('',#1908,1.);
#1908 = DIRECTION('',(0.,6.130057873446E-03,-0.999981211019));
#1909 = ORIENTED_EDGE('',*,*,#1910,.T.);
#1910 = EDGE_CURVE('',#1903,#1872,#1911,.T.);
#1911 = LINE('',#1912,#1913);
#1912 = CARTESIAN_POINT('',(-1.44,-12.31051988772,-1.551673046555));
#1913 = VECTOR('',#1914,1.);
#1914 = DIRECTION('',(-1.,0.,-0.));
#1915 = ORIENTED_EDGE('',*,*,#1871,.F.);
#1916 = ORIENTED_EDGE('',*,*,#599,.F.);
#1917 = PLANE('',#1918);
#1918 = AXIS2_PLACEMENT_3D('',#1919,#1920,#1921);
#1919 = CARTESIAN_POINT('',(-1.44,-12.31297191087,-1.151680562148));
#1920 = DIRECTION('',(0.,0.999981211019,6.130057873446E-03));
#1921 = DIRECTION('',(-1.,0.,0.));
#1922 = ADVANCED_FACE('',(#1923),#1941,.F.);
#1923 = FACE_BOUND('',#1924,.F.);
#1924 = EDGE_LOOP('',(#1925,#1926,#1934,#1940));
#1925 = ORIENTED_EDGE('',*,*,#1887,.T.);
#1926 = ORIENTED_EDGE('',*,*,#1927,.T.);
#1927 = EDGE_CURVE('',#1880,#1928,#1930,.T.);
#1928 = VERTEX_POINT('',#1929);
#1929 = CARTESIAN_POINT('',(-1.44,-9.310576254672,-1.533282872935));
#1930 = LINE('',#1931,#1932);
#1931 = CARTESIAN_POINT('',(-4.44,-9.310576254672,-1.533282872935));
#1932 = VECTOR('',#1933,1.);
#1933 = DIRECTION('',(1.,0.,0.));
#1934 = ORIENTED_EDGE('',*,*,#1935,.F.);
#1935 = EDGE_CURVE('',#608,#1928,#1936,.T.);
#1936 = LINE('',#1937,#1938);
#1937 = CARTESIAN_POINT('',(-1.44,-9.313028277821,-1.133290388527));
#1938 = VECTOR('',#1939,1.);
#1939 = DIRECTION('',(0.,6.130057873446E-03,-0.999981211019));
#1940 = ORIENTED_EDGE('',*,*,#615,.F.);
#1941 = PLANE('',#1942);
#1942 = AXIS2_PLACEMENT_3D('',#1943,#1944,#1945);
#1943 = CARTESIAN_POINT('',(-4.44,-9.313028277821,-1.133290388527));
#1944 = DIRECTION('',(0.,-0.999981211019,-6.130057873446E-03));
#1945 = DIRECTION('',(1.,0.,0.));
#1946 = ADVANCED_FACE('',(#1947),#1958,.F.);
#1947 = FACE_BOUND('',#1948,.F.);
#1948 = EDGE_LOOP('',(#1949,#1950,#1956,#1957));
#1949 = ORIENTED_EDGE('',*,*,#1935,.T.);
#1950 = ORIENTED_EDGE('',*,*,#1951,.T.);
#1951 = EDGE_CURVE('',#1928,#1903,#1952,.T.);
#1952 = LINE('',#1953,#1954);
#1953 = CARTESIAN_POINT('',(-1.44,-9.310576254672,-1.533282872935));
#1954 = VECTOR('',#1955,1.);
#1955 = DIRECTION('',(0.,-0.999981211019,-6.130057873446E-03));
#1956 = ORIENTED_EDGE('',*,*,#1902,.F.);
#1957 = ORIENTED_EDGE('',*,*,#607,.F.);
#1958 = PLANE('',#1959);
#1959 = AXIS2_PLACEMENT_3D('',#1960,#1961,#1962);
#1960 = CARTESIAN_POINT('',(-1.44,-9.313028277821,-1.133290388527));
#1961 = DIRECTION('',(-1.,0.,0.));
#1962 = DIRECTION('',(0.,-0.999981211019,-6.130057873446E-03));
#1963 = ADVANCED_FACE('',(#1964),#1989,.F.);
#1964 = FACE_BOUND('',#1965,.F.);
#1965 = EDGE_LOOP('',(#1966,#1974,#1982,#1988));
#1966 = ORIENTED_EDGE('',*,*,#1967,.T.);
#1967 = EDGE_CURVE('',#624,#1968,#1970,.T.);
#1968 = VERTEX_POINT('',#1969);
#1969 = CARTESIAN_POINT('',(-5.36,-9.344945134861,-1.383490741718));
#1970 = LINE('',#1971,#1972);
#1971 = CARTESIAN_POINT('',(-5.36,-9.34647764933,-1.133495438963));
#1972 = VECTOR('',#1973,1.);
#1973 = DIRECTION('',(0.,6.130057873446E-03,-0.999981211019));
#1974 = ORIENTED_EDGE('',*,*,#1975,.T.);
#1975 = EDGE_CURVE('',#1968,#1976,#1978,.T.);
#1976 = VERTEX_POINT('',#1977);
#1977 = CARTESIAN_POINT('',(-5.36,-8.74495640825,-1.379812706994));
#1978 = LINE('',#1979,#1980);
#1979 = CARTESIAN_POINT('',(-5.36,-9.344945134861,-1.383490741718));
#1980 = VECTOR('',#1981,1.);
#1981 = DIRECTION('',(0.,0.999981211019,6.130057873446E-03));
#1982 = ORIENTED_EDGE('',*,*,#1983,.F.);
#1983 = EDGE_CURVE('',#626,#1976,#1984,.T.);
#1984 = LINE('',#1985,#1986);
#1985 = CARTESIAN_POINT('',(-5.36,-8.746488922718,-1.129817404239));
#1986 = VECTOR('',#1987,1.);
#1987 = DIRECTION('',(0.,6.130057873446E-03,-0.999981211019));
#1988 = ORIENTED_EDGE('',*,*,#623,.F.);
#1989 = PLANE('',#1990);
#1990 = AXIS2_PLACEMENT_3D('',#1991,#1992,#1993);
#1991 = CARTESIAN_POINT('',(-5.36,-9.34647764933,-1.133495438963));
#1992 = DIRECTION('',(1.,0.,0.));
#1993 = DIRECTION('',(0.,0.999981211019,6.130057873446E-03));
#1994 = ADVANCED_FACE('',(#1995),#2013,.F.);
#1995 = FACE_BOUND('',#1996,.F.);
#1996 = EDGE_LOOP('',(#1997,#1998,#2006,#2012));
#1997 = ORIENTED_EDGE('',*,*,#1983,.T.);
#1998 = ORIENTED_EDGE('',*,*,#1999,.T.);
#1999 = EDGE_CURVE('',#1976,#2000,#2002,.T.);
#2000 = VERTEX_POINT('',#2001);
#2001 = CARTESIAN_POINT('',(-5.06,-8.74495640825,-1.379812706994));
#2002 = LINE('',#2003,#2004);
#2003 = CARTESIAN_POINT('',(-5.36,-8.74495640825,-1.379812706994));
#2004 = VECTOR('',#2005,1.);
#2005 = DIRECTION('',(1.,0.,0.));
#2006 = ORIENTED_EDGE('',*,*,#2007,.F.);
#2007 = EDGE_CURVE('',#642,#2000,#2008,.T.);
#2008 = LINE('',#2009,#2010);
#2009 = CARTESIAN_POINT('',(-5.06,-8.746488922718,-1.129817404239));
#2010 = VECTOR('',#2011,1.);
#2011 = DIRECTION('',(0.,6.130057873446E-03,-0.999981211019));
#2012 = ORIENTED_EDGE('',*,*,#649,.F.);
#2013 = PLANE('',#2014);
#2014 = AXIS2_PLACEMENT_3D('',#2015,#2016,#2017);
#2015 = CARTESIAN_POINT('',(-5.36,-8.746488922718,-1.129817404239));
#2016 = DIRECTION('',(0.,-0.999981211019,-6.130057873446E-03));
#2017 = DIRECTION('',(1.,0.,0.));
#2018 = ADVANCED_FACE('',(#2019),#2037,.F.);
#2019 = FACE_BOUND('',#2020,.F.);
#2020 = EDGE_LOOP('',(#2021,#2022,#2030,#2036));
#2021 = ORIENTED_EDGE('',*,*,#2007,.T.);
#2022 = ORIENTED_EDGE('',*,*,#2023,.T.);
#2023 = EDGE_CURVE('',#2000,#2024,#2026,.T.);
#2024 = VERTEX_POINT('',#2025);
#2025 = CARTESIAN_POINT('',(-5.06,-9.344945134861,-1.383490741718));
#2026 = LINE('',#2027,#2028);
#2027 = CARTESIAN_POINT('',(-5.06,-8.74495640825,-1.379812706994));
#2028 = VECTOR('',#2029,1.);
#2029 = DIRECTION('',(0.,-0.999981211019,-6.130057873446E-03));
#2030 = ORIENTED_EDGE('',*,*,#2031,.F.);
#2031 = EDGE_CURVE('',#634,#2024,#2032,.T.);
#2032 = LINE('',#2033,#2034);
#2033 = CARTESIAN_POINT('',(-5.06,-9.34647764933,-1.133495438963));
#2034 = VECTOR('',#2035,1.);
#2035 = DIRECTION('',(0.,6.130057873446E-03,-0.999981211019));
#2036 = ORIENTED_EDGE('',*,*,#641,.F.);
#2037 = PLANE('',#2038);
#2038 = AXIS2_PLACEMENT_3D('',#2039,#2040,#2041);
#2039 = CARTESIAN_POINT('',(-5.06,-8.746488922718,-1.129817404239));
#2040 = DIRECTION('',(-1.,0.,0.));
#2041 = DIRECTION('',(0.,-0.999981211019,-6.130057873446E-03));
#2042 = ADVANCED_FACE('',(#2043),#2054,.F.);
#2043 = FACE_BOUND('',#2044,.F.);
#2044 = EDGE_LOOP('',(#2045,#2046,#2052,#2053));
#2045 = ORIENTED_EDGE('',*,*,#2031,.T.);
#2046 = ORIENTED_EDGE('',*,*,#2047,.T.);
#2047 = EDGE_CURVE('',#2024,#1968,#2048,.T.);
#2048 = LINE('',#2049,#2050);
#2049 = CARTESIAN_POINT('',(-5.06,-9.344945134861,-1.383490741718));
#2050 = VECTOR('',#2051,1.);
#2051 = DIRECTION('',(-1.,0.,-0.));
#2052 = ORIENTED_EDGE('',*,*,#1967,.F.);
#2053 = ORIENTED_EDGE('',*,*,#633,.F.);
#2054 = PLANE('',#2055);
#2055 = AXIS2_PLACEMENT_3D('',#2056,#2057,#2058);
#2056 = CARTESIAN_POINT('',(-5.06,-9.34647764933,-1.133495438963));
#2057 = DIRECTION('',(0.,0.999981211019,6.130057873446E-03));
#2058 = DIRECTION('',(-1.,0.,0.));
#2059 = ADVANCED_FACE('',(#2060),#2085,.F.);
#2060 = FACE_BOUND('',#2061,.F.);
#2061 = EDGE_LOOP('',(#2062,#2070,#2078,#2084));
#2062 = ORIENTED_EDGE('',*,*,#2063,.T.);
#2063 = EDGE_CURVE('',#658,#2064,#2066,.T.);
#2064 = VERTEX_POINT('',#2065);
#2065 = CARTESIAN_POINT('',(-4.64,-13.49141722541,-1.408909333193));
#2066 = LINE('',#2067,#2068);
#2067 = CARTESIAN_POINT('',(-4.64,-13.49294973987,-1.158914030438));
#2068 = VECTOR('',#2069,1.);
#2069 = DIRECTION('',(0.,6.130057873446E-03,-0.999981211019));
#2070 = ORIENTED_EDGE('',*,*,#2071,.T.);
#2071 = EDGE_CURVE('',#2064,#2072,#2074,.T.);
#2072 = VERTEX_POINT('',#2073);
#2073 = CARTESIAN_POINT('',(-4.64,-13.1914228621,-1.407070315831));
#2074 = LINE('',#2075,#2076);
#2075 = CARTESIAN_POINT('',(-4.64,-13.49141722541,-1.408909333193));
#2076 = VECTOR('',#2077,1.);
#2077 = DIRECTION('',(0.,0.999981211019,6.130057873446E-03));
#2078 = ORIENTED_EDGE('',*,*,#2079,.F.);
#2079 = EDGE_CURVE('',#660,#2072,#2080,.T.);
#2080 = LINE('',#2081,#2082);
#2081 = CARTESIAN_POINT('',(-4.64,-13.19295537657,-1.157075013076));
#2082 = VECTOR('',#2083,1.);
#2083 = DIRECTION('',(0.,6.130057873446E-03,-0.999981211019));
#2084 = ORIENTED_EDGE('',*,*,#657,.F.);
#2085 = PLANE('',#2086);
#2086 = AXIS2_PLACEMENT_3D('',#2087,#2088,#2089);
#2087 = CARTESIAN_POINT('',(-4.64,-13.49294973987,-1.158914030438));
#2088 = DIRECTION('',(1.,0.,0.));
#2089 = DIRECTION('',(0.,0.999981211019,6.130057873446E-03));
#2090 = ADVANCED_FACE('',(#2091),#2109,.F.);
#2091 = FACE_BOUND('',#2092,.F.);
#2092 = EDGE_LOOP('',(#2093,#2094,#2102,#2108));
#2093 = ORIENTED_EDGE('',*,*,#2079,.T.);
#2094 = ORIENTED_EDGE('',*,*,#2095,.T.);
#2095 = EDGE_CURVE('',#2072,#2096,#2098,.T.);
#2096 = VERTEX_POINT('',#2097);
#2097 = CARTESIAN_POINT('',(-4.04,-13.1914228621,-1.407070315831));
#2098 = LINE('',#2099,#2100);
#2099 = CARTESIAN_POINT('',(-4.64,-13.1914228621,-1.407070315831));
#2100 = VECTOR('',#2101,1.);
#2101 = DIRECTION('',(1.,0.,0.));
#2102 = ORIENTED_EDGE('',*,*,#2103,.F.);
#2103 = EDGE_CURVE('',#676,#2096,#2104,.T.);
#2104 = LINE('',#2105,#2106);
#2105 = CARTESIAN_POINT('',(-4.04,-13.19295537657,-1.157075013076));
#2106 = VECTOR('',#2107,1.);
#2107 = DIRECTION('',(0.,6.130057873446E-03,-0.999981211019));
#2108 = ORIENTED_EDGE('',*,*,#683,.F.);
#2109 = PLANE('',#2110);
#2110 = AXIS2_PLACEMENT_3D('',#2111,#2112,#2113);
#2111 = CARTESIAN_POINT('',(-4.64,-13.19295537657,-1.157075013076));
#2112 = DIRECTION('',(0.,-0.999981211019,-6.130057873446E-03));
#2113 = DIRECTION('',(1.,0.,0.));
#2114 = ADVANCED_FACE('',(#2115),#2133,.F.);
#2115 = FACE_BOUND('',#2116,.F.);
#2116 = EDGE_LOOP('',(#2117,#2118,#2126,#2132));
#2117 = ORIENTED_EDGE('',*,*,#2103,.T.);
#2118 = ORIENTED_EDGE('',*,*,#2119,.T.);
#2119 = EDGE_CURVE('',#2096,#2120,#2122,.T.);
#2120 = VERTEX_POINT('',#2121);
#2121 = CARTESIAN_POINT('',(-4.04,-13.49141722541,-1.408909333193));
#2122 = LINE('',#2123,#2124);
#2123 = CARTESIAN_POINT('',(-4.04,-13.1914228621,-1.407070315831));
#2124 = VECTOR('',#2125,1.);
#2125 = DIRECTION('',(0.,-0.999981211019,-6.130057873446E-03));
#2126 = ORIENTED_EDGE('',*,*,#2127,.F.);
#2127 = EDGE_CURVE('',#668,#2120,#2128,.T.);
#2128 = LINE('',#2129,#2130);
#2129 = CARTESIAN_POINT('',(-4.04,-13.49294973987,-1.158914030438));
#2130 = VECTOR('',#2131,1.);
#2131 = DIRECTION('',(0.,6.130057873446E-03,-0.999981211019));
#2132 = ORIENTED_EDGE('',*,*,#675,.F.);
#2133 = PLANE('',#2134);
#2134 = AXIS2_PLACEMENT_3D('',#2135,#2136,#2137);
#2135 = CARTESIAN_POINT('',(-4.04,-13.19295537657,-1.157075013076));
#2136 = DIRECTION('',(-1.,0.,0.));
#2137 = DIRECTION('',(0.,-0.999981211019,-6.130057873446E-03));
#2138 = ADVANCED_FACE('',(#2139),#2150,.F.);
#2139 = FACE_BOUND('',#2140,.F.);
#2140 = EDGE_LOOP('',(#2141,#2142,#2148,#2149));
#2141 = ORIENTED_EDGE('',*,*,#2127,.T.);
#2142 = ORIENTED_EDGE('',*,*,#2143,.T.);
#2143 = EDGE_CURVE('',#2120,#2064,#2144,.T.);
#2144 = LINE('',#2145,#2146);
#2145 = CARTESIAN_POINT('',(-4.04,-13.49141722541,-1.408909333193));
#2146 = VECTOR('',#2147,1.);
#2147 = DIRECTION('',(-1.,0.,-0.));
#2148 = ORIENTED_EDGE('',*,*,#2063,.F.);
#2149 = ORIENTED_EDGE('',*,*,#667,.F.);
#2150 = PLANE('',#2151);
#2151 = AXIS2_PLACEMENT_3D('',#2152,#2153,#2154);
#2152 = CARTESIAN_POINT('',(-4.04,-13.49294973987,-1.158914030438));
#2153 = DIRECTION('',(0.,0.999981211019,6.130057873446E-03));
#2154 = DIRECTION('',(-1.,0.,0.));
#2155 = ADVANCED_FACE('',(#2156),#2181,.F.);
#2156 = FACE_BOUND('',#2157,.F.);
#2157 = EDGE_LOOP('',(#2158,#2166,#2174,#2180));
#2158 = ORIENTED_EDGE('',*,*,#2159,.T.);
#2159 = EDGE_CURVE('',#692,#2160,#2162,.T.);
#2160 = VERTEX_POINT('',#2161);
#2161 = CARTESIAN_POINT('',(-5.920000000001,-11.69145104557,
    -1.397875229021));
#2162 = LINE('',#2163,#2164);
#2163 = CARTESIAN_POINT('',(-5.920000000001,-11.69298356004,
    -1.147879926266));
#2164 = VECTOR('',#2165,1.);
#2165 = DIRECTION('',(0.,6.130057873446E-03,-0.999981211019));
#2166 = ORIENTED_EDGE('',*,*,#2167,.T.);
#2167 = EDGE_CURVE('',#2160,#2168,#2170,.T.);
#2168 = VERTEX_POINT('',#2169);
#2169 = CARTESIAN_POINT('',(-5.920000000001,-11.39145668227,
    -1.396036211659));
#2170 = LINE('',#2171,#2172);
#2171 = CARTESIAN_POINT('',(-5.920000000001,-11.69145104557,
    -1.397875229021));
#2172 = VECTOR('',#2173,1.);
#2173 = DIRECTION('',(0.,0.999981211019,6.130057873446E-03));
#2174 = ORIENTED_EDGE('',*,*,#2175,.F.);
#2175 = EDGE_CURVE('',#694,#2168,#2176,.T.);
#2176 = LINE('',#2177,#2178);
#2177 = CARTESIAN_POINT('',(-5.920000000001,-11.39298919674,
    -1.146040908904));
#2178 = VECTOR('',#2179,1.);
#2179 = DIRECTION('',(0.,6.130057873446E-03,-0.999981211019));
#2180 = ORIENTED_EDGE('',*,*,#691,.F.);
#2181 = PLANE('',#2182);
#2182 = AXIS2_PLACEMENT_3D('',#2183,#2184,#2185);
#2183 = CARTESIAN_POINT('',(-5.920000000001,-11.69298356004,
    -1.147879926266));
#2184 = DIRECTION('',(1.,0.,0.));
#2185 = DIRECTION('',(0.,0.999981211019,6.130057873446E-03));
#2186 = ADVANCED_FACE('',(#2187),#2205,.F.);
#2187 = FACE_BOUND('',#2188,.F.);
#2188 = EDGE_LOOP('',(#2189,#2190,#2198,#2204));
#2189 = ORIENTED_EDGE('',*,*,#2175,.T.);
#2190 = ORIENTED_EDGE('',*,*,#2191,.T.);
#2191 = EDGE_CURVE('',#2168,#2192,#2194,.T.);
#2192 = VERTEX_POINT('',#2193);
#2193 = CARTESIAN_POINT('',(-5.32,-11.39145668227,-1.396036211659));
#2194 = LINE('',#2195,#2196);
#2195 = CARTESIAN_POINT('',(-5.920000000001,-11.39145668227,
    -1.396036211659));
#2196 = VECTOR('',#2197,1.);
#2197 = DIRECTION('',(1.,0.,0.));
#2198 = ORIENTED_EDGE('',*,*,#2199,.F.);
#2199 = EDGE_CURVE('',#710,#2192,#2200,.T.);
#2200 = LINE('',#2201,#2202);
#2201 = CARTESIAN_POINT('',(-5.32,-11.39298919674,-1.146040908904));
#2202 = VECTOR('',#2203,1.);
#2203 = DIRECTION('',(0.,6.130057873446E-03,-0.999981211019));
#2204 = ORIENTED_EDGE('',*,*,#717,.F.);
#2205 = PLANE('',#2206);
#2206 = AXIS2_PLACEMENT_3D('',#2207,#2208,#2209);
#2207 = CARTESIAN_POINT('',(-5.920000000001,-11.39298919674,
    -1.146040908904));
#2208 = DIRECTION('',(0.,-0.999981211019,-6.130057873446E-03));
#2209 = DIRECTION('',(1.,0.,0.));
#2210 = ADVANCED_FACE('',(#2211),#2229,.F.);
#2211 = FACE_BOUND('',#2212,.F.);
#2212 = EDGE_LOOP('',(#2213,#2214,#2222,#2228));
#2213 = ORIENTED_EDGE('',*,*,#2199,.T.);
#2214 = ORIENTED_EDGE('',*,*,#2215,.T.);
#2215 = EDGE_CURVE('',#2192,#2216,#2218,.T.);
#2216 = VERTEX_POINT('',#2217);
#2217 = CARTESIAN_POINT('',(-5.32,-11.69145104557,-1.397875229021));
#2218 = LINE('',#2219,#2220);
#2219 = CARTESIAN_POINT('',(-5.32,-11.39145668227,-1.396036211659));
#2220 = VECTOR('',#2221,1.);
#2221 = DIRECTION('',(0.,-0.999981211019,-6.130057873446E-03));
#2222 = ORIENTED_EDGE('',*,*,#2223,.F.);
#2223 = EDGE_CURVE('',#702,#2216,#2224,.T.);
#2224 = LINE('',#2225,#2226);
#2225 = CARTESIAN_POINT('',(-5.32,-11.69298356004,-1.147879926266));
#2226 = VECTOR('',#2227,1.);
#2227 = DIRECTION('',(0.,6.130057873446E-03,-0.999981211019));
#2228 = ORIENTED_EDGE('',*,*,#709,.F.);
#2229 = PLANE('',#2230);
#2230 = AXIS2_PLACEMENT_3D('',#2231,#2232,#2233);
#2231 = CARTESIAN_POINT('',(-5.32,-11.39298919674,-1.146040908904));
#2232 = DIRECTION('',(-1.,0.,0.));
#2233 = DIRECTION('',(0.,-0.999981211019,-6.130057873446E-03));
#2234 = ADVANCED_FACE('',(#2235),#2246,.F.);
#2235 = FACE_BOUND('',#2236,.F.);
#2236 = EDGE_LOOP('',(#2237,#2238,#2244,#2245));
#2237 = ORIENTED_EDGE('',*,*,#2223,.T.);
#2238 = ORIENTED_EDGE('',*,*,#2239,.T.);
#2239 = EDGE_CURVE('',#2216,#2160,#2240,.T.);
#2240 = LINE('',#2241,#2242);
#2241 = CARTESIAN_POINT('',(-5.32,-11.69145104557,-1.397875229021));
#2242 = VECTOR('',#2243,1.);
#2243 = DIRECTION('',(-1.,0.,-0.));
#2244 = ORIENTED_EDGE('',*,*,#2159,.F.);
#2245 = ORIENTED_EDGE('',*,*,#701,.F.);
#2246 = PLANE('',#2247);
#2247 = AXIS2_PLACEMENT_3D('',#2248,#2249,#2250);
#2248 = CARTESIAN_POINT('',(-5.32,-11.69298356004,-1.147879926266));
#2249 = DIRECTION('',(0.,0.999981211019,6.130057873446E-03));
#2250 = DIRECTION('',(-1.,0.,0.));
#2251 = ADVANCED_FACE('',(#2252),#2277,.F.);
#2252 = FACE_BOUND('',#2253,.F.);
#2253 = EDGE_LOOP('',(#2254,#2262,#2270,#2276));
#2254 = ORIENTED_EDGE('',*,*,#2255,.T.);
#2255 = EDGE_CURVE('',#726,#2256,#2258,.T.);
#2256 = VERTEX_POINT('',#2257);
#2257 = CARTESIAN_POINT('',(-5.92,-12.29143977218,-1.401553263745));
#2258 = LINE('',#2259,#2260);
#2259 = CARTESIAN_POINT('',(-5.92,-12.29297228665,-1.15155796099));
#2260 = VECTOR('',#2261,1.);
#2261 = DIRECTION('',(0.,6.130057873446E-03,-0.999981211019));
#2262 = ORIENTED_EDGE('',*,*,#2263,.T.);
#2263 = EDGE_CURVE('',#2256,#2264,#2266,.T.);
#2264 = VERTEX_POINT('',#2265);
#2265 = CARTESIAN_POINT('',(-5.92,-11.99144540888,-1.399714246383));
#2266 = LINE('',#2267,#2268);
#2267 = CARTESIAN_POINT('',(-5.92,-12.29143977218,-1.401553263745));
#2268 = VECTOR('',#2269,1.);
#2269 = DIRECTION('',(0.,0.999981211019,6.130057873446E-03));
#2270 = ORIENTED_EDGE('',*,*,#2271,.F.);
#2271 = EDGE_CURVE('',#728,#2264,#2272,.T.);
#2272 = LINE('',#2273,#2274);
#2273 = CARTESIAN_POINT('',(-5.92,-11.99297792335,-1.149718943628));
#2274 = VECTOR('',#2275,1.);
#2275 = DIRECTION('',(0.,6.130057873446E-03,-0.999981211019));
#2276 = ORIENTED_EDGE('',*,*,#725,.F.);
#2277 = PLANE('',#2278);
#2278 = AXIS2_PLACEMENT_3D('',#2279,#2280,#2281);
#2279 = CARTESIAN_POINT('',(-5.92,-12.29297228665,-1.15155796099));
#2280 = DIRECTION('',(1.,0.,0.));
#2281 = DIRECTION('',(0.,0.999981211019,6.130057873446E-03));
#2282 = ADVANCED_FACE('',(#2283),#2301,.F.);
#2283 = FACE_BOUND('',#2284,.F.);
#2284 = EDGE_LOOP('',(#2285,#2286,#2294,#2300));
#2285 = ORIENTED_EDGE('',*,*,#2271,.T.);
#2286 = ORIENTED_EDGE('',*,*,#2287,.T.);
#2287 = EDGE_CURVE('',#2264,#2288,#2290,.T.);
#2288 = VERTEX_POINT('',#2289);
#2289 = CARTESIAN_POINT('',(-5.32,-11.99144540888,-1.399714246383));
#2290 = LINE('',#2291,#2292);
#2291 = CARTESIAN_POINT('',(-5.92,-11.99144540888,-1.399714246383));
#2292 = VECTOR('',#2293,1.);
#2293 = DIRECTION('',(1.,0.,0.));
#2294 = ORIENTED_EDGE('',*,*,#2295,.F.);
#2295 = EDGE_CURVE('',#744,#2288,#2296,.T.);
#2296 = LINE('',#2297,#2298);
#2297 = CARTESIAN_POINT('',(-5.32,-11.99297792335,-1.149718943628));
#2298 = VECTOR('',#2299,1.);
#2299 = DIRECTION('',(0.,6.130057873446E-03,-0.999981211019));
#2300 = ORIENTED_EDGE('',*,*,#751,.F.);
#2301 = PLANE('',#2302);
#2302 = AXIS2_PLACEMENT_3D('',#2303,#2304,#2305);
#2303 = CARTESIAN_POINT('',(-5.92,-11.99297792335,-1.149718943628));
#2304 = DIRECTION('',(0.,-0.999981211019,-6.130057873446E-03));
#2305 = DIRECTION('',(1.,0.,0.));
#2306 = ADVANCED_FACE('',(#2307),#2325,.F.);
#2307 = FACE_BOUND('',#2308,.F.);
#2308 = EDGE_LOOP('',(#2309,#2310,#2318,#2324));
#2309 = ORIENTED_EDGE('',*,*,#2295,.T.);
#2310 = ORIENTED_EDGE('',*,*,#2311,.T.);
#2311 = EDGE_CURVE('',#2288,#2312,#2314,.T.);
#2312 = VERTEX_POINT('',#2313);
#2313 = CARTESIAN_POINT('',(-5.32,-12.29143977218,-1.401553263745));
#2314 = LINE('',#2315,#2316);
#2315 = CARTESIAN_POINT('',(-5.32,-11.99144540888,-1.399714246383));
#2316 = VECTOR('',#2317,1.);
#2317 = DIRECTION('',(0.,-0.999981211019,-6.130057873446E-03));
#2318 = ORIENTED_EDGE('',*,*,#2319,.F.);
#2319 = EDGE_CURVE('',#736,#2312,#2320,.T.);
#2320 = LINE('',#2321,#2322);
#2321 = CARTESIAN_POINT('',(-5.32,-12.29297228665,-1.15155796099));
#2322 = VECTOR('',#2323,1.);
#2323 = DIRECTION('',(0.,6.130057873446E-03,-0.999981211019));
#2324 = ORIENTED_EDGE('',*,*,#743,.F.);
#2325 = PLANE('',#2326);
#2326 = AXIS2_PLACEMENT_3D('',#2327,#2328,#2329);
#2327 = CARTESIAN_POINT('',(-5.32,-11.99297792335,-1.149718943628));
#2328 = DIRECTION('',(-1.,0.,0.));
#2329 = DIRECTION('',(0.,-0.999981211019,-6.130057873446E-03));
#2330 = ADVANCED_FACE('',(#2331),#2342,.F.);
#2331 = FACE_BOUND('',#2332,.F.);
#2332 = EDGE_LOOP('',(#2333,#2334,#2340,#2341));
#2333 = ORIENTED_EDGE('',*,*,#2319,.T.);
#2334 = ORIENTED_EDGE('',*,*,#2335,.T.);
#2335 = EDGE_CURVE('',#2312,#2256,#2336,.T.);
#2336 = LINE('',#2337,#2338);
#2337 = CARTESIAN_POINT('',(-5.32,-12.29143977218,-1.401553263745));
#2338 = VECTOR('',#2339,1.);
#2339 = DIRECTION('',(-1.,0.,-0.));
#2340 = ORIENTED_EDGE('',*,*,#2255,.F.);
#2341 = ORIENTED_EDGE('',*,*,#735,.F.);
#2342 = PLANE('',#2343);
#2343 = AXIS2_PLACEMENT_3D('',#2344,#2345,#2346);
#2344 = CARTESIAN_POINT('',(-5.32,-12.29297228665,-1.15155796099));
#2345 = DIRECTION('',(0.,0.999981211019,6.130057873446E-03));
#2346 = DIRECTION('',(-1.,0.,0.));
#2347 = ADVANCED_FACE('',(#2348),#2373,.F.);
#2348 = FACE_BOUND('',#2349,.F.);
#2349 = EDGE_LOOP('',(#2350,#2358,#2366,#2372));
#2350 = ORIENTED_EDGE('',*,*,#2351,.T.);
#2351 = EDGE_CURVE('',#760,#2352,#2354,.T.);
#2352 = VERTEX_POINT('',#2353);
#2353 = CARTESIAN_POINT('',(-5.920000000001,-12.87142887457,
    -1.405108697311));
#2354 = LINE('',#2355,#2356);
#2355 = CARTESIAN_POINT('',(-5.920000000001,-12.87296138904,
    -1.155113394557));
#2356 = VECTOR('',#2357,1.);
#2357 = DIRECTION('',(0.,6.130057873446E-03,-0.999981211019));
#2358 = ORIENTED_EDGE('',*,*,#2359,.T.);
#2359 = EDGE_CURVE('',#2352,#2360,#2362,.T.);
#2360 = VERTEX_POINT('',#2361);
#2361 = CARTESIAN_POINT('',(-5.920000000001,-12.57143451127,
    -1.403269679949));
#2362 = LINE('',#2363,#2364);
#2363 = CARTESIAN_POINT('',(-5.920000000001,-12.87142887457,
    -1.405108697311));
#2364 = VECTOR('',#2365,1.);
#2365 = DIRECTION('',(0.,0.999981211019,6.130057873446E-03));
#2366 = ORIENTED_EDGE('',*,*,#2367,.F.);
#2367 = EDGE_CURVE('',#762,#2360,#2368,.T.);
#2368 = LINE('',#2369,#2370);
#2369 = CARTESIAN_POINT('',(-5.920000000001,-12.57296702574,
    -1.153274377195));
#2370 = VECTOR('',#2371,1.);
#2371 = DIRECTION('',(0.,6.130057873446E-03,-0.999981211019));
#2372 = ORIENTED_EDGE('',*,*,#759,.F.);
#2373 = PLANE('',#2374);
#2374 = AXIS2_PLACEMENT_3D('',#2375,#2376,#2377);
#2375 = CARTESIAN_POINT('',(-5.920000000001,-12.87296138904,
    -1.155113394557));
#2376 = DIRECTION('',(1.,0.,0.));
#2377 = DIRECTION('',(0.,0.999981211019,6.130057873446E-03));
#2378 = ADVANCED_FACE('',(#2379),#2397,.F.);
#2379 = FACE_BOUND('',#2380,.F.);
#2380 = EDGE_LOOP('',(#2381,#2382,#2390,#2396));
#2381 = ORIENTED_EDGE('',*,*,#2367,.T.);
#2382 = ORIENTED_EDGE('',*,*,#2383,.T.);
#2383 = EDGE_CURVE('',#2360,#2384,#2386,.T.);
#2384 = VERTEX_POINT('',#2385);
#2385 = CARTESIAN_POINT('',(-5.32,-12.57143451127,-1.403269679949));
#2386 = LINE('',#2387,#2388);
#2387 = CARTESIAN_POINT('',(-5.920000000001,-12.57143451127,
    -1.403269679949));
#2388 = VECTOR('',#2389,1.);
#2389 = DIRECTION('',(1.,0.,0.));
#2390 = ORIENTED_EDGE('',*,*,#2391,.F.);
#2391 = EDGE_CURVE('',#778,#2384,#2392,.T.);
#2392 = LINE('',#2393,#2394);
#2393 = CARTESIAN_POINT('',(-5.32,-12.57296702574,-1.153274377195));
#2394 = VECTOR('',#2395,1.);
#2395 = DIRECTION('',(0.,6.130057873446E-03,-0.999981211019));
#2396 = ORIENTED_EDGE('',*,*,#785,.F.);
#2397 = PLANE('',#2398);
#2398 = AXIS2_PLACEMENT_3D('',#2399,#2400,#2401);
#2399 = CARTESIAN_POINT('',(-5.920000000001,-12.57296702574,
    -1.153274377195));
#2400 = DIRECTION('',(0.,-0.999981211019,-6.130057873446E-03));
#2401 = DIRECTION('',(1.,0.,0.));
#2402 = ADVANCED_FACE('',(#2403),#2421,.F.);
#2403 = FACE_BOUND('',#2404,.F.);
#2404 = EDGE_LOOP('',(#2405,#2406,#2414,#2420));
#2405 = ORIENTED_EDGE('',*,*,#2391,.T.);
#2406 = ORIENTED_EDGE('',*,*,#2407,.T.);
#2407 = EDGE_CURVE('',#2384,#2408,#2410,.T.);
#2408 = VERTEX_POINT('',#2409);
#2409 = CARTESIAN_POINT('',(-5.32,-12.87142887457,-1.405108697311));
#2410 = LINE('',#2411,#2412);
#2411 = CARTESIAN_POINT('',(-5.32,-12.57143451127,-1.403269679949));
#2412 = VECTOR('',#2413,1.);
#2413 = DIRECTION('',(0.,-0.999981211019,-6.130057873446E-03));
#2414 = ORIENTED_EDGE('',*,*,#2415,.F.);
#2415 = EDGE_CURVE('',#770,#2408,#2416,.T.);
#2416 = LINE('',#2417,#2418);
#2417 = CARTESIAN_POINT('',(-5.32,-12.87296138904,-1.155113394557));
#2418 = VECTOR('',#2419,1.);
#2419 = DIRECTION('',(0.,6.130057873446E-03,-0.999981211019));
#2420 = ORIENTED_EDGE('',*,*,#777,.F.);
#2421 = PLANE('',#2422);
#2422 = AXIS2_PLACEMENT_3D('',#2423,#2424,#2425);
#2423 = CARTESIAN_POINT('',(-5.32,-12.57296702574,-1.153274377195));
#2424 = DIRECTION('',(-1.,0.,0.));
#2425 = DIRECTION('',(0.,-0.999981211019,-6.130057873446E-03));
#2426 = ADVANCED_FACE('',(#2427),#2438,.F.);
#2427 = FACE_BOUND('',#2428,.F.);
#2428 = EDGE_LOOP('',(#2429,#2430,#2436,#2437));
#2429 = ORIENTED_EDGE('',*,*,#2415,.T.);
#2430 = ORIENTED_EDGE('',*,*,#2431,.T.);
#2431 = EDGE_CURVE('',#2408,#2352,#2432,.T.);
#2432 = LINE('',#2433,#2434);
#2433 = CARTESIAN_POINT('',(-5.32,-12.87142887457,-1.405108697311));
#2434 = VECTOR('',#2435,1.);
#2435 = DIRECTION('',(-1.,0.,-0.));
#2436 = ORIENTED_EDGE('',*,*,#2351,.F.);
#2437 = ORIENTED_EDGE('',*,*,#769,.F.);
#2438 = PLANE('',#2439);
#2439 = AXIS2_PLACEMENT_3D('',#2440,#2441,#2442);
#2440 = CARTESIAN_POINT('',(-5.32,-12.87296138904,-1.155113394557));
#2441 = DIRECTION('',(0.,0.999981211019,6.130057873446E-03));
#2442 = DIRECTION('',(-1.,0.,0.));
#2443 = ADVANCED_FACE('',(#2444),#2469,.F.);
#2444 = FACE_BOUND('',#2445,.F.);
#2445 = EDGE_LOOP('',(#2446,#2454,#2462,#2468));
#2446 = ORIENTED_EDGE('',*,*,#2447,.T.);
#2447 = EDGE_CURVE('',#794,#2448,#2450,.T.);
#2448 = VERTEX_POINT('',#2449);
#2449 = CARTESIAN_POINT('',(-5.92,-13.49141722541,-1.408909333193));
#2450 = LINE('',#2451,#2452);
#2451 = CARTESIAN_POINT('',(-5.92,-13.49294973987,-1.158914030438));
#2452 = VECTOR('',#2453,1.);
#2453 = DIRECTION('',(0.,6.130057873446E-03,-0.999981211019));
#2454 = ORIENTED_EDGE('',*,*,#2455,.T.);
#2455 = EDGE_CURVE('',#2448,#2456,#2458,.T.);
#2456 = VERTEX_POINT('',#2457);
#2457 = CARTESIAN_POINT('',(-5.92,-13.1914228621,-1.407070315831));
#2458 = LINE('',#2459,#2460);
#2459 = CARTESIAN_POINT('',(-5.92,-13.49141722541,-1.408909333193));
#2460 = VECTOR('',#2461,1.);
#2461 = DIRECTION('',(0.,0.999981211019,6.130057873446E-03));
#2462 = ORIENTED_EDGE('',*,*,#2463,.F.);
#2463 = EDGE_CURVE('',#796,#2456,#2464,.T.);
#2464 = LINE('',#2465,#2466);
#2465 = CARTESIAN_POINT('',(-5.92,-13.19295537657,-1.157075013076));
#2466 = VECTOR('',#2467,1.);
#2467 = DIRECTION('',(0.,6.130057873446E-03,-0.999981211019));
#2468 = ORIENTED_EDGE('',*,*,#793,.F.);
#2469 = PLANE('',#2470);
#2470 = AXIS2_PLACEMENT_3D('',#2471,#2472,#2473);
#2471 = CARTESIAN_POINT('',(-5.92,-13.49294973987,-1.158914030438));
#2472 = DIRECTION('',(1.,0.,0.));
#2473 = DIRECTION('',(0.,0.999981211019,6.130057873446E-03));
#2474 = ADVANCED_FACE('',(#2475),#2493,.F.);
#2475 = FACE_BOUND('',#2476,.F.);
#2476 = EDGE_LOOP('',(#2477,#2478,#2486,#2492));
#2477 = ORIENTED_EDGE('',*,*,#2463,.T.);
#2478 = ORIENTED_EDGE('',*,*,#2479,.T.);
#2479 = EDGE_CURVE('',#2456,#2480,#2482,.T.);
#2480 = VERTEX_POINT('',#2481);
#2481 = CARTESIAN_POINT('',(-5.32,-13.1914228621,-1.407070315831));
#2482 = LINE('',#2483,#2484);
#2483 = CARTESIAN_POINT('',(-5.92,-13.1914228621,-1.407070315831));
#2484 = VECTOR('',#2485,1.);
#2485 = DIRECTION('',(1.,0.,0.));
#2486 = ORIENTED_EDGE('',*,*,#2487,.F.);
#2487 = EDGE_CURVE('',#812,#2480,#2488,.T.);
#2488 = LINE('',#2489,#2490);
#2489 = CARTESIAN_POINT('',(-5.32,-13.19295537657,-1.157075013076));
#2490 = VECTOR('',#2491,1.);
#2491 = DIRECTION('',(0.,6.130057873446E-03,-0.999981211019));
#2492 = ORIENTED_EDGE('',*,*,#819,.F.);
#2493 = PLANE('',#2494);
#2494 = AXIS2_PLACEMENT_3D('',#2495,#2496,#2497);
#2495 = CARTESIAN_POINT('',(-5.92,-13.19295537657,-1.157075013076));
#2496 = DIRECTION('',(0.,-0.999981211019,-6.130057873446E-03));
#2497 = DIRECTION('',(1.,0.,0.));
#2498 = ADVANCED_FACE('',(#2499),#2517,.F.);
#2499 = FACE_BOUND('',#2500,.F.);
#2500 = EDGE_LOOP('',(#2501,#2502,#2510,#2516));
#2501 = ORIENTED_EDGE('',*,*,#2487,.T.);
#2502 = ORIENTED_EDGE('',*,*,#2503,.T.);
#2503 = EDGE_CURVE('',#2480,#2504,#2506,.T.);
#2504 = VERTEX_POINT('',#2505);
#2505 = CARTESIAN_POINT('',(-5.32,-13.49141722541,-1.408909333193));
#2506 = LINE('',#2507,#2508);
#2507 = CARTESIAN_POINT('',(-5.32,-13.1914228621,-1.407070315831));
#2508 = VECTOR('',#2509,1.);
#2509 = DIRECTION('',(0.,-0.999981211019,-6.130057873446E-03));
#2510 = ORIENTED_EDGE('',*,*,#2511,.F.);
#2511 = EDGE_CURVE('',#804,#2504,#2512,.T.);
#2512 = LINE('',#2513,#2514);
#2513 = CARTESIAN_POINT('',(-5.32,-13.49294973987,-1.158914030438));
#2514 = VECTOR('',#2515,1.);
#2515 = DIRECTION('',(0.,6.130057873446E-03,-0.999981211019));
#2516 = ORIENTED_EDGE('',*,*,#811,.F.);
#2517 = PLANE('',#2518);
#2518 = AXIS2_PLACEMENT_3D('',#2519,#2520,#2521);
#2519 = CARTESIAN_POINT('',(-5.32,-13.19295537657,-1.157075013076));
#2520 = DIRECTION('',(-1.,0.,0.));
#2521 = DIRECTION('',(0.,-0.999981211019,-6.130057873446E-03));
#2522 = ADVANCED_FACE('',(#2523),#2534,.F.);
#2523 = FACE_BOUND('',#2524,.F.);
#2524 = EDGE_LOOP('',(#2525,#2526,#2532,#2533));
#2525 = ORIENTED_EDGE('',*,*,#2511,.T.);
#2526 = ORIENTED_EDGE('',*,*,#2527,.T.);
#2527 = EDGE_CURVE('',#2504,#2448,#2528,.T.);
#2528 = LINE('',#2529,#2530);
#2529 = CARTESIAN_POINT('',(-5.32,-13.49141722541,-1.408909333193));
#2530 = VECTOR('',#2531,1.);
#2531 = DIRECTION('',(-1.,0.,-0.));
#2532 = ORIENTED_EDGE('',*,*,#2447,.F.);
#2533 = ORIENTED_EDGE('',*,*,#803,.F.);
#2534 = PLANE('',#2535);
#2535 = AXIS2_PLACEMENT_3D('',#2536,#2537,#2538);
#2536 = CARTESIAN_POINT('',(-5.32,-13.49294973987,-1.158914030438));
#2537 = DIRECTION('',(0.,0.999981211019,6.130057873446E-03));
#2538 = DIRECTION('',(-1.,0.,0.));
#2539 = ADVANCED_FACE('',(#2540),#2565,.F.);
#2540 = FACE_BOUND('',#2541,.F.);
#2541 = EDGE_LOOP('',(#2542,#2552,#2558,#2559));
#2542 = ORIENTED_EDGE('',*,*,#2543,.T.);
#2543 = EDGE_CURVE('',#2544,#2546,#2548,.T.);
#2544 = VERTEX_POINT('',#2545);
#2545 = CARTESIAN_POINT('',(-6.42,-0.265,-1.24));
#2546 = VERTEX_POINT('',#2547);
#2547 = CARTESIAN_POINT('',(-6.42,-0.265,-2.24));
#2548 = LINE('',#2549,#2550);
#2549 = CARTESIAN_POINT('',(-6.42,-0.265,-1.24));
#2550 = VECTOR('',#2551,1.);
#2551 = DIRECTION('',(0.,0.,-1.));
#2552 = ORIENTED_EDGE('',*,*,#2553,.T.);
#2553 = EDGE_CURVE('',#2546,#871,#2554,.T.);
#2554 = LINE('',#2555,#2556);
#2555 = CARTESIAN_POINT('',(-6.42,-0.265,-2.24));
#2556 = VECTOR('',#2557,1.);
#2557 = DIRECTION('',(0.,-1.,0.));
#2558 = ORIENTED_EDGE('',*,*,#868,.F.);
#2559 = ORIENTED_EDGE('',*,*,#2560,.F.);
#2560 = EDGE_CURVE('',#2544,#869,#2561,.T.);
#2561 = LINE('',#2562,#2563);
#2562 = CARTESIAN_POINT('',(-6.42,-0.265,-1.24));
#2563 = VECTOR('',#2564,1.);
#2564 = DIRECTION('',(0.,-1.,0.));
#2565 = PLANE('',#2566);
#2566 = AXIS2_PLACEMENT_3D('',#2567,#2568,#2569);
#2567 = CARTESIAN_POINT('',(-6.42,-0.265,-1.24));
#2568 = DIRECTION('',(-1.,-0.,-0.));
#2569 = DIRECTION('',(0.,-1.,0.));
#2570 = ADVANCED_FACE('',(#2571,#2605,#2623,#2657,#2691,#2725,#2759,
    #2793,#2827,#2861,#2895,#2929,#2963,#2997,#3031,#3065,#3099,#3133,
    #3167,#3201,#3235,#3269,#3303,#3337,#3371,#3405,#3439,#3473,#3507,
    #3541,#3575),#3609,.T.);
#2571 = FACE_BOUND('',#2572,.T.);
#2572 = EDGE_LOOP('',(#2573,#2574,#2575,#2576,#2577,#2578,#2579,#2580,
    #2581,#2582,#2590,#2599));
#2573 = ORIENTED_EDGE('',*,*,#1253,.F.);
#2574 = ORIENTED_EDGE('',*,*,#1218,.T.);
#2575 = ORIENTED_EDGE('',*,*,#1227,.T.);
#2576 = ORIENTED_EDGE('',*,*,#1568,.T.);
#2577 = ORIENTED_EDGE('',*,*,#1543,.F.);
#2578 = ORIENTED_EDGE('',*,*,#1519,.F.);
#2579 = ORIENTED_EDGE('',*,*,#1501,.T.);
#2580 = ORIENTED_EDGE('',*,*,#1470,.F.);
#2581 = ORIENTED_EDGE('',*,*,#1445,.F.);
#2582 = ORIENTED_EDGE('',*,*,#2583,.F.);
#2583 = EDGE_CURVE('',#2584,#1437,#2586,.T.);
#2584 = VERTEX_POINT('',#2585);
#2585 = CARTESIAN_POINT('',(6.78,3.8975,-1.24));
#2586 = LINE('',#2587,#2588);
#2587 = CARTESIAN_POINT('',(6.78,3.8975,-1.24));
#2588 = VECTOR('',#2589,1.);
#2589 = DIRECTION('',(1.,0.,0.));
#2590 = ORIENTED_EDGE('',*,*,#2591,.F.);
#2591 = EDGE_CURVE('',#2592,#2584,#2594,.T.);
#2592 = VERTEX_POINT('',#2593);
#2593 = CARTESIAN_POINT('',(6.68,3.7975,-1.24));
#2594 = CIRCLE('',#2595,0.1);
#2595 = AXIS2_PLACEMENT_3D('',#2596,#2597,#2598);
#2596 = CARTESIAN_POINT('',(6.78,3.7975,-1.24));
#2597 = DIRECTION('',(0.,0.,-1.));
#2598 = DIRECTION('',(1.,0.,0.));
#2599 = ORIENTED_EDGE('',*,*,#2600,.F.);
#2600 = EDGE_CURVE('',#1254,#2592,#2601,.T.);
#2601 = LINE('',#2602,#2603);
#2602 = CARTESIAN_POINT('',(6.68,-4.4025,-1.24));
#2603 = VECTOR('',#2604,1.);
#2604 = DIRECTION('',(0.,1.,0.));
#2605 = FACE_BOUND('',#2606,.T.);
#2606 = EDGE_LOOP('',(#2607,#2615,#2616,#2617));
#2607 = ORIENTED_EDGE('',*,*,#2608,.F.);
#2608 = EDGE_CURVE('',#887,#2609,#2611,.T.);
#2609 = VERTEX_POINT('',#2610);
#2610 = CARTESIAN_POINT('',(-10.12,-0.265,-1.24));
#2611 = LINE('',#2612,#2613);
#2612 = CARTESIAN_POINT('',(-10.12,-2.985,-1.24));
#2613 = VECTOR('',#2614,1.);
#2614 = DIRECTION('',(0.,1.,0.));
#2615 = ORIENTED_EDGE('',*,*,#894,.F.);
#2616 = ORIENTED_EDGE('',*,*,#2560,.F.);
#2617 = ORIENTED_EDGE('',*,*,#2618,.F.);
#2618 = EDGE_CURVE('',#2609,#2544,#2619,.T.);
#2619 = LINE('',#2620,#2621);
#2620 = CARTESIAN_POINT('',(-10.12,-0.265,-1.24));
#2621 = VECTOR('',#2622,1.);
#2622 = DIRECTION('',(1.,0.,0.));
#2623 = FACE_BOUND('',#2624,.T.);
#2624 = EDGE_LOOP('',(#2625,#2635,#2643,#2651));
#2625 = ORIENTED_EDGE('',*,*,#2626,.F.);
#2626 = EDGE_CURVE('',#2627,#2629,#2631,.T.);
#2627 = VERTEX_POINT('',#2628);
#2628 = CARTESIAN_POINT('',(-7.054460664267,1.52,-1.24));
#2629 = VERTEX_POINT('',#2630);
#2630 = CARTESIAN_POINT('',(-7.054460664267,2.12,-1.24));
#2631 = LINE('',#2632,#2633);
#2632 = CARTESIAN_POINT('',(-7.054460664267,1.52,-1.24));
#2633 = VECTOR('',#2634,1.);
#2634 = DIRECTION('',(0.,1.,0.));
#2635 = ORIENTED_EDGE('',*,*,#2636,.F.);
#2636 = EDGE_CURVE('',#2637,#2627,#2639,.T.);
#2637 = VERTEX_POINT('',#2638);
#2638 = CARTESIAN_POINT('',(-6.754460664267,1.52,-1.24));
#2639 = LINE('',#2640,#2641);
#2640 = CARTESIAN_POINT('',(-6.754460664267,1.52,-1.24));
#2641 = VECTOR('',#2642,1.);
#2642 = DIRECTION('',(-1.,0.,0.));
#2643 = ORIENTED_EDGE('',*,*,#2644,.F.);
#2644 = EDGE_CURVE('',#2645,#2637,#2647,.T.);
#2645 = VERTEX_POINT('',#2646);
#2646 = CARTESIAN_POINT('',(-6.754460664267,2.12,-1.24));
#2647 = LINE('',#2648,#2649);
#2648 = CARTESIAN_POINT('',(-6.754460664267,2.12,-1.24));
#2649 = VECTOR('',#2650,1.);
#2650 = DIRECTION('',(0.,-1.,0.));
#2651 = ORIENTED_EDGE('',*,*,#2652,.F.);
#2652 = EDGE_CURVE('',#2629,#2645,#2653,.T.);
#2653 = LINE('',#2654,#2655);
#2654 = CARTESIAN_POINT('',(-7.054460664267,2.12,-1.24));
#2655 = VECTOR('',#2656,1.);
#2656 = DIRECTION('',(1.,0.,0.));
#2657 = FACE_BOUND('',#2658,.T.);
#2658 = EDGE_LOOP('',(#2659,#2669,#2677,#2685));
#2659 = ORIENTED_EDGE('',*,*,#2660,.F.);
#2660 = EDGE_CURVE('',#2661,#2663,#2665,.T.);
#2661 = VERTEX_POINT('',#2662);
#2662 = CARTESIAN_POINT('',(-7.774460664267,1.52,-1.24));
#2663 = VERTEX_POINT('',#2664);
#2664 = CARTESIAN_POINT('',(-7.774460664267,2.12,-1.24));
#2665 = LINE('',#2666,#2667);
#2666 = CARTESIAN_POINT('',(-7.774460664267,1.52,-1.24));
#2667 = VECTOR('',#2668,1.);
#2668 = DIRECTION('',(0.,1.,0.));
#2669 = ORIENTED_EDGE('',*,*,#2670,.F.);
#2670 = EDGE_CURVE('',#2671,#2661,#2673,.T.);
#2671 = VERTEX_POINT('',#2672);
#2672 = CARTESIAN_POINT('',(-7.474460664267,1.52,-1.24));
#2673 = LINE('',#2674,#2675);
#2674 = CARTESIAN_POINT('',(-7.474460664267,1.52,-1.24));
#2675 = VECTOR('',#2676,1.);
#2676 = DIRECTION('',(-1.,0.,0.));
#2677 = ORIENTED_EDGE('',*,*,#2678,.F.);
#2678 = EDGE_CURVE('',#2679,#2671,#2681,.T.);
#2679 = VERTEX_POINT('',#2680);
#2680 = CARTESIAN_POINT('',(-7.474460664267,2.12,-1.24));
#2681 = LINE('',#2682,#2683);
#2682 = CARTESIAN_POINT('',(-7.474460664267,2.12,-1.24));
#2683 = VECTOR('',#2684,1.);
#2684 = DIRECTION('',(0.,-1.,0.));
#2685 = ORIENTED_EDGE('',*,*,#2686,.F.);
#2686 = EDGE_CURVE('',#2663,#2679,#2687,.T.);
#2687 = LINE('',#2688,#2689);
#2688 = CARTESIAN_POINT('',(-7.774460664267,2.12,-1.24));
#2689 = VECTOR('',#2690,1.);
#2690 = DIRECTION('',(1.,0.,0.));
#2691 = FACE_BOUND('',#2692,.T.);
#2692 = EDGE_LOOP('',(#2693,#2703,#2711,#2719));
#2693 = ORIENTED_EDGE('',*,*,#2694,.F.);
#2694 = EDGE_CURVE('',#2695,#2697,#2699,.T.);
#2695 = VERTEX_POINT('',#2696);
#2696 = CARTESIAN_POINT('',(-8.494460664267,1.52,-1.24));
#2697 = VERTEX_POINT('',#2698);
#2698 = CARTESIAN_POINT('',(-8.494460664267,2.12,-1.24));
#2699 = LINE('',#2700,#2701);
#2700 = CARTESIAN_POINT('',(-8.494460664267,1.52,-1.24));
#2701 = VECTOR('',#2702,1.);
#2702 = DIRECTION('',(0.,1.,0.));
#2703 = ORIENTED_EDGE('',*,*,#2704,.F.);
#2704 = EDGE_CURVE('',#2705,#2695,#2707,.T.);
#2705 = VERTEX_POINT('',#2706);
#2706 = CARTESIAN_POINT('',(-8.194460664267,1.52,-1.24));
#2707 = LINE('',#2708,#2709);
#2708 = CARTESIAN_POINT('',(-8.194460664267,1.52,-1.24));
#2709 = VECTOR('',#2710,1.);
#2710 = DIRECTION('',(-1.,0.,0.));
#2711 = ORIENTED_EDGE('',*,*,#2712,.F.);
#2712 = EDGE_CURVE('',#2713,#2705,#2715,.T.);
#2713 = VERTEX_POINT('',#2714);
#2714 = CARTESIAN_POINT('',(-8.194460664267,2.12,-1.24));
#2715 = LINE('',#2716,#2717);
#2716 = CARTESIAN_POINT('',(-8.194460664267,2.12,-1.24));
#2717 = VECTOR('',#2718,1.);
#2718 = DIRECTION('',(0.,-1.,0.));
#2719 = ORIENTED_EDGE('',*,*,#2720,.F.);
#2720 = EDGE_CURVE('',#2697,#2713,#2721,.T.);
#2721 = LINE('',#2722,#2723);
#2722 = CARTESIAN_POINT('',(-8.494460664267,2.12,-1.24));
#2723 = VECTOR('',#2724,1.);
#2724 = DIRECTION('',(1.,0.,0.));
#2725 = FACE_BOUND('',#2726,.T.);
#2726 = EDGE_LOOP('',(#2727,#2737,#2745,#2753));
#2727 = ORIENTED_EDGE('',*,*,#2728,.F.);
#2728 = EDGE_CURVE('',#2729,#2731,#2733,.T.);
#2729 = VERTEX_POINT('',#2730);
#2730 = CARTESIAN_POINT('',(-7.194460664267,2.62,-1.24));
#2731 = VERTEX_POINT('',#2732);
#2732 = CARTESIAN_POINT('',(-7.194460664267,3.12,-1.24));
#2733 = LINE('',#2734,#2735);
#2734 = CARTESIAN_POINT('',(-7.194460664267,2.62,-1.24));
#2735 = VECTOR('',#2736,1.);
#2736 = DIRECTION('',(0.,1.,0.));
#2737 = ORIENTED_EDGE('',*,*,#2738,.F.);
#2738 = EDGE_CURVE('',#2739,#2729,#2741,.T.);
#2739 = VERTEX_POINT('',#2740);
#2740 = CARTESIAN_POINT('',(-6.194460664267,2.62,-1.24));
#2741 = LINE('',#2742,#2743);
#2742 = CARTESIAN_POINT('',(-6.194460664267,2.62,-1.24));
#2743 = VECTOR('',#2744,1.);
#2744 = DIRECTION('',(-1.,0.,0.));
#2745 = ORIENTED_EDGE('',*,*,#2746,.F.);
#2746 = EDGE_CURVE('',#2747,#2739,#2749,.T.);
#2747 = VERTEX_POINT('',#2748);
#2748 = CARTESIAN_POINT('',(-6.194460664267,3.12,-1.24));
#2749 = LINE('',#2750,#2751);
#2750 = CARTESIAN_POINT('',(-6.194460664267,3.12,-1.24));
#2751 = VECTOR('',#2752,1.);
#2752 = DIRECTION('',(0.,-1.,0.));
#2753 = ORIENTED_EDGE('',*,*,#2754,.F.);
#2754 = EDGE_CURVE('',#2731,#2747,#2755,.T.);
#2755 = LINE('',#2756,#2757);
#2756 = CARTESIAN_POINT('',(-7.194460664267,3.12,-1.24));
#2757 = VECTOR('',#2758,1.);
#2758 = DIRECTION('',(1.,0.,0.));
#2759 = FACE_BOUND('',#2760,.T.);
#2760 = EDGE_LOOP('',(#2761,#2771,#2779,#2787));
#2761 = ORIENTED_EDGE('',*,*,#2762,.F.);
#2762 = EDGE_CURVE('',#2763,#2765,#2767,.T.);
#2763 = VERTEX_POINT('',#2764);
#2764 = CARTESIAN_POINT('',(-7.429460664267,3.76,-1.24));
#2765 = VERTEX_POINT('',#2766);
#2766 = CARTESIAN_POINT('',(-7.429460664267,4.76,-1.24));
#2767 = LINE('',#2768,#2769);
#2768 = CARTESIAN_POINT('',(-7.429460664267,3.76,-1.24));
#2769 = VECTOR('',#2770,1.);
#2770 = DIRECTION('',(0.,1.,0.));
#2771 = ORIENTED_EDGE('',*,*,#2772,.F.);
#2772 = EDGE_CURVE('',#2773,#2763,#2775,.T.);
#2773 = VERTEX_POINT('',#2774);
#2774 = CARTESIAN_POINT('',(-6.929460664267,3.76,-1.24));
#2775 = LINE('',#2776,#2777);
#2776 = CARTESIAN_POINT('',(-6.929460664267,3.76,-1.24));
#2777 = VECTOR('',#2778,1.);
#2778 = DIRECTION('',(-1.,0.,0.));
#2779 = ORIENTED_EDGE('',*,*,#2780,.F.);
#2780 = EDGE_CURVE('',#2781,#2773,#2783,.T.);
#2781 = VERTEX_POINT('',#2782);
#2782 = CARTESIAN_POINT('',(-6.929460664267,4.76,-1.24));
#2783 = LINE('',#2784,#2785);
#2784 = CARTESIAN_POINT('',(-6.929460664267,4.76,-1.24));
#2785 = VECTOR('',#2786,1.);
#2786 = DIRECTION('',(0.,-1.,0.));
#2787 = ORIENTED_EDGE('',*,*,#2788,.F.);
#2788 = EDGE_CURVE('',#2765,#2781,#2789,.T.);
#2789 = LINE('',#2790,#2791);
#2790 = CARTESIAN_POINT('',(-7.429460664267,4.76,-1.24));
#2791 = VECTOR('',#2792,1.);
#2792 = DIRECTION('',(1.,0.,0.));
#2793 = FACE_BOUND('',#2794,.T.);
#2794 = EDGE_LOOP('',(#2795,#2805,#2813,#2821));
#2795 = ORIENTED_EDGE('',*,*,#2796,.F.);
#2796 = EDGE_CURVE('',#2797,#2799,#2801,.T.);
#2797 = VERTEX_POINT('',#2798);
#2798 = CARTESIAN_POINT('',(-9.654460664267,1.53,-1.24));
#2799 = VERTEX_POINT('',#2800);
#2800 = CARTESIAN_POINT('',(-9.654460664267,2.53,-1.24));
#2801 = LINE('',#2802,#2803);
#2802 = CARTESIAN_POINT('',(-9.654460664267,1.53,-1.24));
#2803 = VECTOR('',#2804,1.);
#2804 = DIRECTION('',(0.,1.,0.));
#2805 = ORIENTED_EDGE('',*,*,#2806,.F.);
#2806 = EDGE_CURVE('',#2807,#2797,#2809,.T.);
#2807 = VERTEX_POINT('',#2808);
#2808 = CARTESIAN_POINT('',(-9.154460664267,1.53,-1.24));
#2809 = LINE('',#2810,#2811);
#2810 = CARTESIAN_POINT('',(-9.154460664267,1.53,-1.24));
#2811 = VECTOR('',#2812,1.);
#2812 = DIRECTION('',(-1.,0.,0.));
#2813 = ORIENTED_EDGE('',*,*,#2814,.F.);
#2814 = EDGE_CURVE('',#2815,#2807,#2817,.T.);
#2815 = VERTEX_POINT('',#2816);
#2816 = CARTESIAN_POINT('',(-9.154460664267,2.53,-1.24));
#2817 = LINE('',#2818,#2819);
#2818 = CARTESIAN_POINT('',(-9.154460664267,2.53,-1.24));
#2819 = VECTOR('',#2820,1.);
#2820 = DIRECTION('',(0.,-1.,0.));
#2821 = ORIENTED_EDGE('',*,*,#2822,.F.);
#2822 = EDGE_CURVE('',#2799,#2815,#2823,.T.);
#2823 = LINE('',#2824,#2825);
#2824 = CARTESIAN_POINT('',(-9.654460664267,2.53,-1.24));
#2825 = VECTOR('',#2826,1.);
#2826 = DIRECTION('',(1.,0.,0.));
#2827 = FACE_BOUND('',#2828,.T.);
#2828 = EDGE_LOOP('',(#2829,#2839,#2847,#2855));
#2829 = ORIENTED_EDGE('',*,*,#2830,.F.);
#2830 = EDGE_CURVE('',#2831,#2833,#2835,.T.);
#2831 = VERTEX_POINT('',#2832);
#2832 = CARTESIAN_POINT('',(-10.52446066426,1.53,-1.24));
#2833 = VERTEX_POINT('',#2834);
#2834 = CARTESIAN_POINT('',(-10.52446066426,2.53,-1.24));
#2835 = LINE('',#2836,#2837);
#2836 = CARTESIAN_POINT('',(-10.52446066426,1.53,-1.24));
#2837 = VECTOR('',#2838,1.);
#2838 = DIRECTION('',(0.,1.,0.));
#2839 = ORIENTED_EDGE('',*,*,#2840,.F.);
#2840 = EDGE_CURVE('',#2841,#2831,#2843,.T.);
#2841 = VERTEX_POINT('',#2842);
#2842 = CARTESIAN_POINT('',(-10.02446066426,1.53,-1.24));
#2843 = LINE('',#2844,#2845);
#2844 = CARTESIAN_POINT('',(-10.02446066426,1.53,-1.24));
#2845 = VECTOR('',#2846,1.);
#2846 = DIRECTION('',(-1.,0.,0.));
#2847 = ORIENTED_EDGE('',*,*,#2848,.F.);
#2848 = EDGE_CURVE('',#2849,#2841,#2851,.T.);
#2849 = VERTEX_POINT('',#2850);
#2850 = CARTESIAN_POINT('',(-10.02446066426,2.53,-1.24));
#2851 = LINE('',#2852,#2853);
#2852 = CARTESIAN_POINT('',(-10.02446066426,2.53,-1.24));
#2853 = VECTOR('',#2854,1.);
#2854 = DIRECTION('',(0.,-1.,0.));
#2855 = ORIENTED_EDGE('',*,*,#2856,.F.);
#2856 = EDGE_CURVE('',#2833,#2849,#2857,.T.);
#2857 = LINE('',#2858,#2859);
#2858 = CARTESIAN_POINT('',(-10.52446066426,2.53,-1.24));
#2859 = VECTOR('',#2860,1.);
#2860 = DIRECTION('',(1.,0.,0.));
#2861 = FACE_BOUND('',#2862,.T.);
#2862 = EDGE_LOOP('',(#2863,#2873,#2881,#2889));
#2863 = ORIENTED_EDGE('',*,*,#2864,.F.);
#2864 = EDGE_CURVE('',#2865,#2867,#2869,.T.);
#2865 = VERTEX_POINT('',#2866);
#2866 = CARTESIAN_POINT('',(-11.13446066426,1.93,-1.24));
#2867 = VERTEX_POINT('',#2868);
#2868 = CARTESIAN_POINT('',(-11.13446066426,2.53,-1.24));
#2869 = LINE('',#2870,#2871);
#2870 = CARTESIAN_POINT('',(-11.13446066426,1.93,-1.24));
#2871 = VECTOR('',#2872,1.);
#2872 = DIRECTION('',(0.,1.,0.));
#2873 = ORIENTED_EDGE('',*,*,#2874,.F.);
#2874 = EDGE_CURVE('',#2875,#2865,#2877,.T.);
#2875 = VERTEX_POINT('',#2876);
#2876 = CARTESIAN_POINT('',(-10.83446066426,1.93,-1.24));
#2877 = LINE('',#2878,#2879);
#2878 = CARTESIAN_POINT('',(-10.83446066426,1.93,-1.24));
#2879 = VECTOR('',#2880,1.);
#2880 = DIRECTION('',(-1.,0.,0.));
#2881 = ORIENTED_EDGE('',*,*,#2882,.F.);
#2882 = EDGE_CURVE('',#2883,#2875,#2885,.T.);
#2883 = VERTEX_POINT('',#2884);
#2884 = CARTESIAN_POINT('',(-10.83446066426,2.53,-1.24));
#2885 = LINE('',#2886,#2887);
#2886 = CARTESIAN_POINT('',(-10.83446066426,2.53,-1.24));
#2887 = VECTOR('',#2888,1.);
#2888 = DIRECTION('',(0.,-1.,0.));
#2889 = ORIENTED_EDGE('',*,*,#2890,.F.);
#2890 = EDGE_CURVE('',#2867,#2883,#2891,.T.);
#2891 = LINE('',#2892,#2893);
#2892 = CARTESIAN_POINT('',(-11.13446066426,2.53,-1.24));
#2893 = VECTOR('',#2894,1.);
#2894 = DIRECTION('',(1.,0.,0.));
#2895 = FACE_BOUND('',#2896,.T.);
#2896 = EDGE_LOOP('',(#2897,#2907,#2915,#2923));
#2897 = ORIENTED_EDGE('',*,*,#2898,.F.);
#2898 = EDGE_CURVE('',#2899,#2901,#2903,.T.);
#2899 = VERTEX_POINT('',#2900);
#2900 = CARTESIAN_POINT('',(-11.93446066426,1.53,-1.24));
#2901 = VERTEX_POINT('',#2902);
#2902 = CARTESIAN_POINT('',(-11.93446066426,2.53,-1.24));
#2903 = LINE('',#2904,#2905);
#2904 = CARTESIAN_POINT('',(-11.93446066426,1.53,-1.24));
#2905 = VECTOR('',#2906,1.);
#2906 = DIRECTION('',(0.,1.,0.));
#2907 = ORIENTED_EDGE('',*,*,#2908,.F.);
#2908 = EDGE_CURVE('',#2909,#2899,#2911,.T.);
#2909 = VERTEX_POINT('',#2910);
#2910 = CARTESIAN_POINT('',(-11.43446066426,1.53,-1.24));
#2911 = LINE('',#2912,#2913);
#2912 = CARTESIAN_POINT('',(-11.43446066426,1.53,-1.24));
#2913 = VECTOR('',#2914,1.);
#2914 = DIRECTION('',(-1.,0.,0.));
#2915 = ORIENTED_EDGE('',*,*,#2916,.F.);
#2916 = EDGE_CURVE('',#2917,#2909,#2919,.T.);
#2917 = VERTEX_POINT('',#2918);
#2918 = CARTESIAN_POINT('',(-11.43446066426,2.53,-1.24));
#2919 = LINE('',#2920,#2921);
#2920 = CARTESIAN_POINT('',(-11.43446066426,2.53,-1.24));
#2921 = VECTOR('',#2922,1.);
#2922 = DIRECTION('',(0.,-1.,0.));
#2923 = ORIENTED_EDGE('',*,*,#2924,.F.);
#2924 = EDGE_CURVE('',#2901,#2917,#2925,.T.);
#2925 = LINE('',#2926,#2927);
#2926 = CARTESIAN_POINT('',(-11.93446066426,2.53,-1.24));
#2927 = VECTOR('',#2928,1.);
#2928 = DIRECTION('',(1.,0.,0.));
#2929 = FACE_BOUND('',#2930,.T.);
#2930 = EDGE_LOOP('',(#2931,#2941,#2949,#2957));
#2931 = ORIENTED_EDGE('',*,*,#2932,.F.);
#2932 = EDGE_CURVE('',#2933,#2935,#2937,.T.);
#2933 = VERTEX_POINT('',#2934);
#2934 = CARTESIAN_POINT('',(-11.84446066426,3.23,-1.24));
#2935 = VERTEX_POINT('',#2936);
#2936 = CARTESIAN_POINT('',(-11.84446066426,5.23,-1.24));
#2937 = LINE('',#2938,#2939);
#2938 = CARTESIAN_POINT('',(-11.84446066426,3.23,-1.24));
#2939 = VECTOR('',#2940,1.);
#2940 = DIRECTION('',(0.,1.,0.));
#2941 = ORIENTED_EDGE('',*,*,#2942,.F.);
#2942 = EDGE_CURVE('',#2943,#2933,#2945,.T.);
#2943 = VERTEX_POINT('',#2944);
#2944 = CARTESIAN_POINT('',(-9.844460664267,3.23,-1.24));
#2945 = LINE('',#2946,#2947);
#2946 = CARTESIAN_POINT('',(-9.844460664267,3.23,-1.24));
#2947 = VECTOR('',#2948,1.);
#2948 = DIRECTION('',(-1.,0.,0.));
#2949 = ORIENTED_EDGE('',*,*,#2950,.F.);
#2950 = EDGE_CURVE('',#2951,#2943,#2953,.T.);
#2951 = VERTEX_POINT('',#2952);
#2952 = CARTESIAN_POINT('',(-9.844460664267,5.23,-1.24));
#2953 = LINE('',#2954,#2955);
#2954 = CARTESIAN_POINT('',(-9.844460664267,5.23,-1.24));
#2955 = VECTOR('',#2956,1.);
#2956 = DIRECTION('',(0.,-1.,0.));
#2957 = ORIENTED_EDGE('',*,*,#2958,.F.);
#2958 = EDGE_CURVE('',#2935,#2951,#2959,.T.);
#2959 = LINE('',#2960,#2961);
#2960 = CARTESIAN_POINT('',(-11.84446066426,5.23,-1.24));
#2961 = VECTOR('',#2962,1.);
#2962 = DIRECTION('',(1.,0.,0.));
#2963 = FACE_BOUND('',#2964,.T.);
#2964 = EDGE_LOOP('',(#2965,#2975,#2983,#2991));
#2965 = ORIENTED_EDGE('',*,*,#2966,.F.);
#2966 = EDGE_CURVE('',#2967,#2969,#2971,.T.);
#2967 = VERTEX_POINT('',#2968);
#2968 = CARTESIAN_POINT('',(-14.01446066426,2.98,-1.24));
#2969 = VERTEX_POINT('',#2970);
#2970 = CARTESIAN_POINT('',(-14.01446066426,5.28,-1.24));
#2971 = LINE('',#2972,#2973);
#2972 = CARTESIAN_POINT('',(-14.01446066426,2.98,-1.24));
#2973 = VECTOR('',#2974,1.);
#2974 = DIRECTION('',(0.,1.,0.));
#2975 = ORIENTED_EDGE('',*,*,#2976,.F.);
#2976 = EDGE_CURVE('',#2977,#2967,#2979,.T.);
#2977 = VERTEX_POINT('',#2978);
#2978 = CARTESIAN_POINT('',(-12.41446066426,2.98,-1.24));
#2979 = LINE('',#2980,#2981);
#2980 = CARTESIAN_POINT('',(-12.41446066426,2.98,-1.24));
#2981 = VECTOR('',#2982,1.);
#2982 = DIRECTION('',(-1.,0.,0.));
#2983 = ORIENTED_EDGE('',*,*,#2984,.F.);
#2984 = EDGE_CURVE('',#2985,#2977,#2987,.T.);
#2985 = VERTEX_POINT('',#2986);
#2986 = CARTESIAN_POINT('',(-12.41446066426,5.28,-1.24));
#2987 = LINE('',#2988,#2989);
#2988 = CARTESIAN_POINT('',(-12.41446066426,5.28,-1.24));
#2989 = VECTOR('',#2990,1.);
#2990 = DIRECTION('',(0.,-1.,0.));
#2991 = ORIENTED_EDGE('',*,*,#2992,.F.);
#2992 = EDGE_CURVE('',#2969,#2985,#2993,.T.);
#2993 = LINE('',#2994,#2995);
#2994 = CARTESIAN_POINT('',(-14.01446066426,5.28,-1.24));
#2995 = VECTOR('',#2996,1.);
#2996 = DIRECTION('',(1.,0.,0.));
#2997 = FACE_BOUND('',#2998,.T.);
#2998 = EDGE_LOOP('',(#2999,#3009,#3017,#3025));
#2999 = ORIENTED_EDGE('',*,*,#3000,.F.);
#3000 = EDGE_CURVE('',#3001,#3003,#3005,.T.);
#3001 = VERTEX_POINT('',#3002);
#3002 = CARTESIAN_POINT('',(5.37,4.955,-1.24));
#3003 = VERTEX_POINT('',#3004);
#3004 = CARTESIAN_POINT('',(5.37,5.555,-1.24));
#3005 = LINE('',#3006,#3007);
#3006 = CARTESIAN_POINT('',(5.37,4.955,-1.24));
#3007 = VECTOR('',#3008,1.);
#3008 = DIRECTION('',(0.,1.,0.));
#3009 = ORIENTED_EDGE('',*,*,#3010,.F.);
#3010 = EDGE_CURVE('',#3011,#3001,#3013,.T.);
#3011 = VERTEX_POINT('',#3012);
#3012 = CARTESIAN_POINT('',(5.67,4.955,-1.24));
#3013 = LINE('',#3014,#3015);
#3014 = CARTESIAN_POINT('',(5.67,4.955,-1.24));
#3015 = VECTOR('',#3016,1.);
#3016 = DIRECTION('',(-1.,0.,0.));
#3017 = ORIENTED_EDGE('',*,*,#3018,.F.);
#3018 = EDGE_CURVE('',#3019,#3011,#3021,.T.);
#3019 = VERTEX_POINT('',#3020);
#3020 = CARTESIAN_POINT('',(5.67,5.555,-1.24));
#3021 = LINE('',#3022,#3023);
#3022 = CARTESIAN_POINT('',(5.67,5.555,-1.24));
#3023 = VECTOR('',#3024,1.);
#3024 = DIRECTION('',(0.,-1.,0.));
#3025 = ORIENTED_EDGE('',*,*,#3026,.F.);
#3026 = EDGE_CURVE('',#3003,#3019,#3027,.T.);
#3027 = LINE('',#3028,#3029);
#3028 = CARTESIAN_POINT('',(5.37,5.555,-1.24));
#3029 = VECTOR('',#3030,1.);
#3030 = DIRECTION('',(1.,0.,0.));
#3031 = FACE_BOUND('',#3032,.T.);
#3032 = EDGE_LOOP('',(#3033,#3043,#3051,#3059));
#3033 = ORIENTED_EDGE('',*,*,#3034,.F.);
#3034 = EDGE_CURVE('',#3035,#3037,#3039,.T.);
#3035 = VERTEX_POINT('',#3036);
#3036 = CARTESIAN_POINT('',(4.640000000001,4.955,-1.24));
#3037 = VERTEX_POINT('',#3038);
#3038 = CARTESIAN_POINT('',(4.640000000001,5.555,-1.24));
#3039 = LINE('',#3040,#3041);
#3040 = CARTESIAN_POINT('',(4.640000000001,4.955,-1.24));
#3041 = VECTOR('',#3042,1.);
#3042 = DIRECTION('',(0.,1.,0.));
#3043 = ORIENTED_EDGE('',*,*,#3044,.F.);
#3044 = EDGE_CURVE('',#3045,#3035,#3047,.T.);
#3045 = VERTEX_POINT('',#3046);
#3046 = CARTESIAN_POINT('',(4.94,4.955,-1.24));
#3047 = LINE('',#3048,#3049);
#3048 = CARTESIAN_POINT('',(4.94,4.955,-1.24));
#3049 = VECTOR('',#3050,1.);
#3050 = DIRECTION('',(-1.,0.,0.));
#3051 = ORIENTED_EDGE('',*,*,#3052,.F.);
#3052 = EDGE_CURVE('',#3053,#3045,#3055,.T.);
#3053 = VERTEX_POINT('',#3054);
#3054 = CARTESIAN_POINT('',(4.94,5.555,-1.24));
#3055 = LINE('',#3056,#3057);
#3056 = CARTESIAN_POINT('',(4.94,5.555,-1.24));
#3057 = VECTOR('',#3058,1.);
#3058 = DIRECTION('',(0.,-1.,0.));
#3059 = ORIENTED_EDGE('',*,*,#3060,.F.);
#3060 = EDGE_CURVE('',#3037,#3053,#3061,.T.);
#3061 = LINE('',#3062,#3063);
#3062 = CARTESIAN_POINT('',(4.640000000001,5.555,-1.24));
#3063 = VECTOR('',#3064,1.);
#3064 = DIRECTION('',(1.,0.,0.));
#3065 = FACE_BOUND('',#3066,.T.);
#3066 = EDGE_LOOP('',(#3067,#3077,#3085,#3093));
#3067 = ORIENTED_EDGE('',*,*,#3068,.F.);
#3068 = EDGE_CURVE('',#3069,#3071,#3073,.T.);
#3069 = VERTEX_POINT('',#3070);
#3070 = CARTESIAN_POINT('',(5.37,6.225,-1.24));
#3071 = VERTEX_POINT('',#3072);
#3072 = CARTESIAN_POINT('',(5.37,6.825,-1.24));
#3073 = LINE('',#3074,#3075);
#3074 = CARTESIAN_POINT('',(5.37,6.225,-1.24));
#3075 = VECTOR('',#3076,1.);
#3076 = DIRECTION('',(0.,1.,0.));
#3077 = ORIENTED_EDGE('',*,*,#3078,.F.);
#3078 = EDGE_CURVE('',#3079,#3069,#3081,.T.);
#3079 = VERTEX_POINT('',#3080);
#3080 = CARTESIAN_POINT('',(5.67,6.225,-1.24));
#3081 = LINE('',#3082,#3083);
#3082 = CARTESIAN_POINT('',(5.67,6.225,-1.24));
#3083 = VECTOR('',#3084,1.);
#3084 = DIRECTION('',(-1.,0.,0.));
#3085 = ORIENTED_EDGE('',*,*,#3086,.F.);
#3086 = EDGE_CURVE('',#3087,#3079,#3089,.T.);
#3087 = VERTEX_POINT('',#3088);
#3088 = CARTESIAN_POINT('',(5.67,6.825,-1.24));
#3089 = LINE('',#3090,#3091);
#3090 = CARTESIAN_POINT('',(5.67,6.825,-1.24));
#3091 = VECTOR('',#3092,1.);
#3092 = DIRECTION('',(0.,-1.,0.));
#3093 = ORIENTED_EDGE('',*,*,#3094,.F.);
#3094 = EDGE_CURVE('',#3071,#3087,#3095,.T.);
#3095 = LINE('',#3096,#3097);
#3096 = CARTESIAN_POINT('',(5.37,6.825,-1.24));
#3097 = VECTOR('',#3098,1.);
#3098 = DIRECTION('',(1.,0.,0.));
#3099 = FACE_BOUND('',#3100,.T.);
#3100 = EDGE_LOOP('',(#3101,#3111,#3119,#3127));
#3101 = ORIENTED_EDGE('',*,*,#3102,.F.);
#3102 = EDGE_CURVE('',#3103,#3105,#3107,.T.);
#3103 = VERTEX_POINT('',#3104);
#3104 = CARTESIAN_POINT('',(4.64,6.225,-1.24));
#3105 = VERTEX_POINT('',#3106);
#3106 = CARTESIAN_POINT('',(4.64,6.825,-1.24));
#3107 = LINE('',#3108,#3109);
#3108 = CARTESIAN_POINT('',(4.64,6.225,-1.24));
#3109 = VECTOR('',#3110,1.);
#3110 = DIRECTION('',(0.,1.,0.));
#3111 = ORIENTED_EDGE('',*,*,#3112,.F.);
#3112 = EDGE_CURVE('',#3113,#3103,#3115,.T.);
#3113 = VERTEX_POINT('',#3114);
#3114 = CARTESIAN_POINT('',(4.94,6.225,-1.24));
#3115 = LINE('',#3116,#3117);
#3116 = CARTESIAN_POINT('',(4.94,6.225,-1.24));
#3117 = VECTOR('',#3118,1.);
#3118 = DIRECTION('',(-1.,0.,0.));
#3119 = ORIENTED_EDGE('',*,*,#3120,.F.);
#3120 = EDGE_CURVE('',#3121,#3113,#3123,.T.);
#3121 = VERTEX_POINT('',#3122);
#3122 = CARTESIAN_POINT('',(4.94,6.825,-1.24));
#3123 = LINE('',#3124,#3125);
#3124 = CARTESIAN_POINT('',(4.94,6.825,-1.24));
#3125 = VECTOR('',#3126,1.);
#3126 = DIRECTION('',(0.,-1.,0.));
#3127 = ORIENTED_EDGE('',*,*,#3128,.F.);
#3128 = EDGE_CURVE('',#3105,#3121,#3129,.T.);
#3129 = LINE('',#3130,#3131);
#3130 = CARTESIAN_POINT('',(4.64,6.825,-1.24));
#3131 = VECTOR('',#3132,1.);
#3132 = DIRECTION('',(1.,0.,0.));
#3133 = FACE_BOUND('',#3134,.T.);
#3134 = EDGE_LOOP('',(#3135,#3145,#3153,#3161));
#3135 = ORIENTED_EDGE('',*,*,#3136,.F.);
#3136 = EDGE_CURVE('',#3137,#3139,#3141,.T.);
#3137 = VERTEX_POINT('',#3138);
#3138 = CARTESIAN_POINT('',(3.92,6.225,-1.24));
#3139 = VERTEX_POINT('',#3140);
#3140 = CARTESIAN_POINT('',(3.92,6.825,-1.24));
#3141 = LINE('',#3142,#3143);
#3142 = CARTESIAN_POINT('',(3.92,6.225,-1.24));
#3143 = VECTOR('',#3144,1.);
#3144 = DIRECTION('',(0.,1.,0.));
#3145 = ORIENTED_EDGE('',*,*,#3146,.F.);
#3146 = EDGE_CURVE('',#3147,#3137,#3149,.T.);
#3147 = VERTEX_POINT('',#3148);
#3148 = CARTESIAN_POINT('',(4.22,6.225,-1.24));
#3149 = LINE('',#3150,#3151);
#3150 = CARTESIAN_POINT('',(4.22,6.225,-1.24));
#3151 = VECTOR('',#3152,1.);
#3152 = DIRECTION('',(-1.,0.,0.));
#3153 = ORIENTED_EDGE('',*,*,#3154,.F.);
#3154 = EDGE_CURVE('',#3155,#3147,#3157,.T.);
#3155 = VERTEX_POINT('',#3156);
#3156 = CARTESIAN_POINT('',(4.22,6.825,-1.24));
#3157 = LINE('',#3158,#3159);
#3158 = CARTESIAN_POINT('',(4.22,6.825,-1.24));
#3159 = VECTOR('',#3160,1.);
#3160 = DIRECTION('',(0.,-1.,0.));
#3161 = ORIENTED_EDGE('',*,*,#3162,.F.);
#3162 = EDGE_CURVE('',#3139,#3155,#3163,.T.);
#3163 = LINE('',#3164,#3165);
#3164 = CARTESIAN_POINT('',(3.92,6.825,-1.24));
#3165 = VECTOR('',#3166,1.);
#3166 = DIRECTION('',(1.,0.,0.));
#3167 = FACE_BOUND('',#3168,.T.);
#3168 = EDGE_LOOP('',(#3169,#3179,#3187,#3195));
#3169 = ORIENTED_EDGE('',*,*,#3170,.F.);
#3170 = EDGE_CURVE('',#3171,#3173,#3175,.T.);
#3171 = VERTEX_POINT('',#3172);
#3172 = CARTESIAN_POINT('',(5.37,7.575,-1.24));
#3173 = VERTEX_POINT('',#3174);
#3174 = CARTESIAN_POINT('',(5.37,8.175,-1.24));
#3175 = LINE('',#3176,#3177);
#3176 = CARTESIAN_POINT('',(5.37,7.575,-1.24));
#3177 = VECTOR('',#3178,1.);
#3178 = DIRECTION('',(0.,1.,0.));
#3179 = ORIENTED_EDGE('',*,*,#3180,.F.);
#3180 = EDGE_CURVE('',#3181,#3171,#3183,.T.);
#3181 = VERTEX_POINT('',#3182);
#3182 = CARTESIAN_POINT('',(5.67,7.575,-1.24));
#3183 = LINE('',#3184,#3185);
#3184 = CARTESIAN_POINT('',(5.67,7.575,-1.24));
#3185 = VECTOR('',#3186,1.);
#3186 = DIRECTION('',(-1.,0.,0.));
#3187 = ORIENTED_EDGE('',*,*,#3188,.F.);
#3188 = EDGE_CURVE('',#3189,#3181,#3191,.T.);
#3189 = VERTEX_POINT('',#3190);
#3190 = CARTESIAN_POINT('',(5.67,8.175,-1.24));
#3191 = LINE('',#3192,#3193);
#3192 = CARTESIAN_POINT('',(5.67,8.175,-1.24));
#3193 = VECTOR('',#3194,1.);
#3194 = DIRECTION('',(0.,-1.,0.));
#3195 = ORIENTED_EDGE('',*,*,#3196,.F.);
#3196 = EDGE_CURVE('',#3173,#3189,#3197,.T.);
#3197 = LINE('',#3198,#3199);
#3198 = CARTESIAN_POINT('',(5.37,8.175,-1.24));
#3199 = VECTOR('',#3200,1.);
#3200 = DIRECTION('',(1.,0.,0.));
#3201 = FACE_BOUND('',#3202,.T.);
#3202 = EDGE_LOOP('',(#3203,#3213,#3221,#3229));
#3203 = ORIENTED_EDGE('',*,*,#3204,.F.);
#3204 = EDGE_CURVE('',#3205,#3207,#3209,.T.);
#3205 = VERTEX_POINT('',#3206);
#3206 = CARTESIAN_POINT('',(4.64,7.575,-1.24));
#3207 = VERTEX_POINT('',#3208);
#3208 = CARTESIAN_POINT('',(4.64,8.175,-1.24));
#3209 = LINE('',#3210,#3211);
#3210 = CARTESIAN_POINT('',(4.64,7.575,-1.24));
#3211 = VECTOR('',#3212,1.);
#3212 = DIRECTION('',(0.,1.,0.));
#3213 = ORIENTED_EDGE('',*,*,#3214,.F.);
#3214 = EDGE_CURVE('',#3215,#3205,#3217,.T.);
#3215 = VERTEX_POINT('',#3216);
#3216 = CARTESIAN_POINT('',(4.94,7.575,-1.24));
#3217 = LINE('',#3218,#3219);
#3218 = CARTESIAN_POINT('',(4.94,7.575,-1.24));
#3219 = VECTOR('',#3220,1.);
#3220 = DIRECTION('',(-1.,0.,0.));
#3221 = ORIENTED_EDGE('',*,*,#3222,.F.);
#3222 = EDGE_CURVE('',#3223,#3215,#3225,.T.);
#3223 = VERTEX_POINT('',#3224);
#3224 = CARTESIAN_POINT('',(4.94,8.175,-1.24));
#3225 = LINE('',#3226,#3227);
#3226 = CARTESIAN_POINT('',(4.94,8.175,-1.24));
#3227 = VECTOR('',#3228,1.);
#3228 = DIRECTION('',(0.,-1.,0.));
#3229 = ORIENTED_EDGE('',*,*,#3230,.F.);
#3230 = EDGE_CURVE('',#3207,#3223,#3231,.T.);
#3231 = LINE('',#3232,#3233);
#3232 = CARTESIAN_POINT('',(4.64,8.175,-1.24));
#3233 = VECTOR('',#3234,1.);
#3234 = DIRECTION('',(1.,0.,0.));
#3235 = FACE_BOUND('',#3236,.T.);
#3236 = EDGE_LOOP('',(#3237,#3247,#3255,#3263));
#3237 = ORIENTED_EDGE('',*,*,#3238,.F.);
#3238 = EDGE_CURVE('',#3239,#3241,#3243,.T.);
#3239 = VERTEX_POINT('',#3240);
#3240 = CARTESIAN_POINT('',(3.92,7.575,-1.24));
#3241 = VERTEX_POINT('',#3242);
#3242 = CARTESIAN_POINT('',(3.92,8.175,-1.24));
#3243 = LINE('',#3244,#3245);
#3244 = CARTESIAN_POINT('',(3.92,7.575,-1.24));
#3245 = VECTOR('',#3246,1.);
#3246 = DIRECTION('',(0.,1.,0.));
#3247 = ORIENTED_EDGE('',*,*,#3248,.F.);
#3248 = EDGE_CURVE('',#3249,#3239,#3251,.T.);
#3249 = VERTEX_POINT('',#3250);
#3250 = CARTESIAN_POINT('',(4.22,7.575,-1.24));
#3251 = LINE('',#3252,#3253);
#3252 = CARTESIAN_POINT('',(4.22,7.575,-1.24));
#3253 = VECTOR('',#3254,1.);
#3254 = DIRECTION('',(-1.,0.,0.));
#3255 = ORIENTED_EDGE('',*,*,#3256,.F.);
#3256 = EDGE_CURVE('',#3257,#3249,#3259,.T.);
#3257 = VERTEX_POINT('',#3258);
#3258 = CARTESIAN_POINT('',(4.22,8.175,-1.24));
#3259 = LINE('',#3260,#3261);
#3260 = CARTESIAN_POINT('',(4.22,8.175,-1.24));
#3261 = VECTOR('',#3262,1.);
#3262 = DIRECTION('',(0.,-1.,0.));
#3263 = ORIENTED_EDGE('',*,*,#3264,.F.);
#3264 = EDGE_CURVE('',#3241,#3257,#3265,.T.);
#3265 = LINE('',#3266,#3267);
#3266 = CARTESIAN_POINT('',(3.92,8.175,-1.24));
#3267 = VECTOR('',#3268,1.);
#3268 = DIRECTION('',(1.,0.,0.));
#3269 = FACE_BOUND('',#3270,.T.);
#3270 = EDGE_LOOP('',(#3271,#3281,#3289,#3297));
#3271 = ORIENTED_EDGE('',*,*,#3272,.T.);
#3272 = EDGE_CURVE('',#3273,#3275,#3277,.T.);
#3273 = VERTEX_POINT('',#3274);
#3274 = CARTESIAN_POINT('',(5.5,12.503229861519,-1.24));
#3275 = VERTEX_POINT('',#3276);
#3276 = CARTESIAN_POINT('',(-5.5,12.503229861519,-1.24));
#3277 = LINE('',#3278,#3279);
#3278 = CARTESIAN_POINT('',(5.5,12.503229861519,-1.24));
#3279 = VECTOR('',#3280,1.);
#3280 = DIRECTION('',(-1.,-0.,-0.));
#3281 = ORIENTED_EDGE('',*,*,#3282,.F.);
#3282 = EDGE_CURVE('',#3283,#3275,#3285,.T.);
#3283 = VERTEX_POINT('',#3284);
#3284 = CARTESIAN_POINT('',(-5.5,10.285,-1.24));
#3285 = LINE('',#3286,#3287);
#3286 = CARTESIAN_POINT('',(-5.5,8.077636179308,-1.24));
#3287 = VECTOR('',#3288,1.);
#3288 = DIRECTION('',(0.,1.,0.));
#3289 = ORIENTED_EDGE('',*,*,#3290,.F.);
#3290 = EDGE_CURVE('',#3291,#3283,#3293,.T.);
#3291 = VERTEX_POINT('',#3292);
#3292 = CARTESIAN_POINT('',(5.5,10.285,-1.24));
#3293 = LINE('',#3294,#3295);
#3294 = CARTESIAN_POINT('',(0.528593736752,10.285,-1.24));
#3295 = VECTOR('',#3296,1.);
#3296 = DIRECTION('',(-1.,0.,0.));
#3297 = ORIENTED_EDGE('',*,*,#3298,.T.);
#3298 = EDGE_CURVE('',#3291,#3273,#3299,.T.);
#3299 = LINE('',#3300,#3301);
#3300 = CARTESIAN_POINT('',(5.5,8.077636179308,-1.24));
#3301 = VECTOR('',#3302,1.);
#3302 = DIRECTION('',(0.,1.,0.));
#3303 = FACE_BOUND('',#3304,.T.);
#3304 = EDGE_LOOP('',(#3305,#3315,#3323,#3331));
#3305 = ORIENTED_EDGE('',*,*,#3306,.F.);
#3306 = EDGE_CURVE('',#3307,#3309,#3311,.T.);
#3307 = VERTEX_POINT('',#3308);
#3308 = CARTESIAN_POINT('',(-6.354460664266,4.890000000001,-1.24));
#3309 = VERTEX_POINT('',#3310);
#3310 = CARTESIAN_POINT('',(-6.354460664266,5.49,-1.24));
#3311 = LINE('',#3312,#3313);
#3312 = CARTESIAN_POINT('',(-6.354460664266,4.890000000001,-1.24));
#3313 = VECTOR('',#3314,1.);
#3314 = DIRECTION('',(0.,1.,0.));
#3315 = ORIENTED_EDGE('',*,*,#3316,.F.);
#3316 = EDGE_CURVE('',#3317,#3307,#3319,.T.);
#3317 = VERTEX_POINT('',#3318);
#3318 = CARTESIAN_POINT('',(-6.054460664267,4.890000000001,-1.24));
#3319 = LINE('',#3320,#3321);
#3320 = CARTESIAN_POINT('',(-6.054460664267,4.890000000001,-1.24));
#3321 = VECTOR('',#3322,1.);
#3322 = DIRECTION('',(-1.,0.,0.));
#3323 = ORIENTED_EDGE('',*,*,#3324,.F.);
#3324 = EDGE_CURVE('',#3325,#3317,#3327,.T.);
#3325 = VERTEX_POINT('',#3326);
#3326 = CARTESIAN_POINT('',(-6.054460664267,5.49,-1.24));
#3327 = LINE('',#3328,#3329);
#3328 = CARTESIAN_POINT('',(-6.054460664267,5.49,-1.24));
#3329 = VECTOR('',#3330,1.);
#3330 = DIRECTION('',(0.,-1.,0.));
#3331 = ORIENTED_EDGE('',*,*,#3332,.F.);
#3332 = EDGE_CURVE('',#3309,#3325,#3333,.T.);
#3333 = LINE('',#3334,#3335);
#3334 = CARTESIAN_POINT('',(-6.354460664266,5.49,-1.24));
#3335 = VECTOR('',#3336,1.);
#3336 = DIRECTION('',(1.,0.,0.));
#3337 = FACE_BOUND('',#3338,.T.);
#3338 = EDGE_LOOP('',(#3339,#3349,#3357,#3365));
#3339 = ORIENTED_EDGE('',*,*,#3340,.F.);
#3340 = EDGE_CURVE('',#3341,#3343,#3345,.T.);
#3341 = VERTEX_POINT('',#3342);
#3342 = CARTESIAN_POINT('',(-6.354460664267,6.210000000001,-1.24));
#3343 = VERTEX_POINT('',#3344);
#3344 = CARTESIAN_POINT('',(-6.354460664267,6.81,-1.24));
#3345 = LINE('',#3346,#3347);
#3346 = CARTESIAN_POINT('',(-6.354460664267,6.210000000001,-1.24));
#3347 = VECTOR('',#3348,1.);
#3348 = DIRECTION('',(0.,1.,0.));
#3349 = ORIENTED_EDGE('',*,*,#3350,.F.);
#3350 = EDGE_CURVE('',#3351,#3341,#3353,.T.);
#3351 = VERTEX_POINT('',#3352);
#3352 = CARTESIAN_POINT('',(-6.054460664267,6.210000000001,-1.24));
#3353 = LINE('',#3354,#3355);
#3354 = CARTESIAN_POINT('',(-6.054460664267,6.210000000001,-1.24));
#3355 = VECTOR('',#3356,1.);
#3356 = DIRECTION('',(-1.,0.,0.));
#3357 = ORIENTED_EDGE('',*,*,#3358,.F.);
#3358 = EDGE_CURVE('',#3359,#3351,#3361,.T.);
#3359 = VERTEX_POINT('',#3360);
#3360 = CARTESIAN_POINT('',(-6.054460664267,6.81,-1.24));
#3361 = LINE('',#3362,#3363);
#3362 = CARTESIAN_POINT('',(-6.054460664267,6.81,-1.24));
#3363 = VECTOR('',#3364,1.);
#3364 = DIRECTION('',(0.,-1.,0.));
#3365 = ORIENTED_EDGE('',*,*,#3366,.F.);
#3366 = EDGE_CURVE('',#3343,#3359,#3367,.T.);
#3367 = LINE('',#3368,#3369);
#3368 = CARTESIAN_POINT('',(-6.354460664267,6.81,-1.24));
#3369 = VECTOR('',#3370,1.);
#3370 = DIRECTION('',(1.,0.,0.));
#3371 = FACE_BOUND('',#3372,.T.);
#3372 = EDGE_LOOP('',(#3373,#3383,#3391,#3399));
#3373 = ORIENTED_EDGE('',*,*,#3374,.F.);
#3374 = EDGE_CURVE('',#3375,#3377,#3379,.T.);
#3375 = VERTEX_POINT('',#3376);
#3376 = CARTESIAN_POINT('',(-9.174460664267,4.6,-1.24));
#3377 = VERTEX_POINT('',#3378);
#3378 = CARTESIAN_POINT('',(-9.174460664267,5.1,-1.24));
#3379 = LINE('',#3380,#3381);
#3380 = CARTESIAN_POINT('',(-9.174460664267,4.6,-1.24));
#3381 = VECTOR('',#3382,1.);
#3382 = DIRECTION('',(0.,1.,0.));
#3383 = ORIENTED_EDGE('',*,*,#3384,.F.);
#3384 = EDGE_CURVE('',#3385,#3375,#3387,.T.);
#3385 = VERTEX_POINT('',#3386);
#3386 = CARTESIAN_POINT('',(-8.174460664267,4.6,-1.24));
#3387 = LINE('',#3388,#3389);
#3388 = CARTESIAN_POINT('',(-8.174460664267,4.6,-1.24));
#3389 = VECTOR('',#3390,1.);
#3390 = DIRECTION('',(-1.,0.,0.));
#3391 = ORIENTED_EDGE('',*,*,#3392,.F.);
#3392 = EDGE_CURVE('',#3393,#3385,#3395,.T.);
#3393 = VERTEX_POINT('',#3394);
#3394 = CARTESIAN_POINT('',(-8.174460664267,5.1,-1.24));
#3395 = LINE('',#3396,#3397);
#3396 = CARTESIAN_POINT('',(-8.174460664267,5.1,-1.24));
#3397 = VECTOR('',#3398,1.);
#3398 = DIRECTION('',(0.,-1.,0.));
#3399 = ORIENTED_EDGE('',*,*,#3400,.F.);
#3400 = EDGE_CURVE('',#3377,#3393,#3401,.T.);
#3401 = LINE('',#3402,#3403);
#3402 = CARTESIAN_POINT('',(-9.174460664267,5.1,-1.24));
#3403 = VECTOR('',#3404,1.);
#3404 = DIRECTION('',(1.,0.,0.));
#3405 = FACE_BOUND('',#3406,.T.);
#3406 = EDGE_LOOP('',(#3407,#3417,#3425,#3433));
#3407 = ORIENTED_EDGE('',*,*,#3408,.F.);
#3408 = EDGE_CURVE('',#3409,#3411,#3413,.T.);
#3409 = VERTEX_POINT('',#3410);
#3410 = CARTESIAN_POINT('',(-7.429460664267,5.81,-1.24));
#3411 = VERTEX_POINT('',#3412);
#3412 = CARTESIAN_POINT('',(-7.429460664267,6.81,-1.24));
#3413 = LINE('',#3414,#3415);
#3414 = CARTESIAN_POINT('',(-7.429460664267,5.81,-1.24));
#3415 = VECTOR('',#3416,1.);
#3416 = DIRECTION('',(0.,1.,0.));
#3417 = ORIENTED_EDGE('',*,*,#3418,.F.);
#3418 = EDGE_CURVE('',#3419,#3409,#3421,.T.);
#3419 = VERTEX_POINT('',#3420);
#3420 = CARTESIAN_POINT('',(-6.929460664267,5.81,-1.24));
#3421 = LINE('',#3422,#3423);
#3422 = CARTESIAN_POINT('',(-6.929460664267,5.81,-1.24));
#3423 = VECTOR('',#3424,1.);
#3424 = DIRECTION('',(-1.,0.,0.));
#3425 = ORIENTED_EDGE('',*,*,#3426,.F.);
#3426 = EDGE_CURVE('',#3427,#3419,#3429,.T.);
#3427 = VERTEX_POINT('',#3428);
#3428 = CARTESIAN_POINT('',(-6.929460664267,6.81,-1.24));
#3429 = LINE('',#3430,#3431);
#3430 = CARTESIAN_POINT('',(-6.929460664267,6.81,-1.24));
#3431 = VECTOR('',#3432,1.);
#3432 = DIRECTION('',(0.,-1.,0.));
#3433 = ORIENTED_EDGE('',*,*,#3434,.F.);
#3434 = EDGE_CURVE('',#3411,#3427,#3435,.T.);
#3435 = LINE('',#3436,#3437);
#3436 = CARTESIAN_POINT('',(-7.429460664267,6.81,-1.24));
#3437 = VECTOR('',#3438,1.);
#3438 = DIRECTION('',(1.,0.,0.));
#3439 = FACE_BOUND('',#3440,.T.);
#3440 = EDGE_LOOP('',(#3441,#3451,#3459,#3467));
#3441 = ORIENTED_EDGE('',*,*,#3442,.F.);
#3442 = EDGE_CURVE('',#3443,#3445,#3447,.T.);
#3443 = VERTEX_POINT('',#3444);
#3444 = CARTESIAN_POINT('',(-8.309460664267,5.81,-1.24));
#3445 = VERTEX_POINT('',#3446);
#3446 = CARTESIAN_POINT('',(-8.309460664267,6.81,-1.24));
#3447 = LINE('',#3448,#3449);
#3448 = CARTESIAN_POINT('',(-8.309460664267,5.81,-1.24));
#3449 = VECTOR('',#3450,1.);
#3450 = DIRECTION('',(0.,1.,0.));
#3451 = ORIENTED_EDGE('',*,*,#3452,.F.);
#3452 = EDGE_CURVE('',#3453,#3443,#3455,.T.);
#3453 = VERTEX_POINT('',#3454);
#3454 = CARTESIAN_POINT('',(-7.809460664267,5.81,-1.24));
#3455 = LINE('',#3456,#3457);
#3456 = CARTESIAN_POINT('',(-7.809460664267,5.81,-1.24));
#3457 = VECTOR('',#3458,1.);
#3458 = DIRECTION('',(-1.,0.,0.));
#3459 = ORIENTED_EDGE('',*,*,#3460,.F.);
#3460 = EDGE_CURVE('',#3461,#3453,#3463,.T.);
#3461 = VERTEX_POINT('',#3462);
#3462 = CARTESIAN_POINT('',(-7.809460664267,6.81,-1.24));
#3463 = LINE('',#3464,#3465);
#3464 = CARTESIAN_POINT('',(-7.809460664267,6.81,-1.24));
#3465 = VECTOR('',#3466,1.);
#3466 = DIRECTION('',(0.,-1.,0.));
#3467 = ORIENTED_EDGE('',*,*,#3468,.F.);
#3468 = EDGE_CURVE('',#3445,#3461,#3469,.T.);
#3469 = LINE('',#3470,#3471);
#3470 = CARTESIAN_POINT('',(-8.309460664267,6.81,-1.24));
#3471 = VECTOR('',#3472,1.);
#3472 = DIRECTION('',(1.,0.,0.));
#3473 = FACE_BOUND('',#3474,.T.);
#3474 = EDGE_LOOP('',(#3475,#3485,#3493,#3501));
#3475 = ORIENTED_EDGE('',*,*,#3476,.F.);
#3476 = EDGE_CURVE('',#3477,#3479,#3481,.T.);
#3477 = VERTEX_POINT('',#3478);
#3478 = CARTESIAN_POINT('',(-9.209460664267,5.81,-1.24));
#3479 = VERTEX_POINT('',#3480);
#3480 = CARTESIAN_POINT('',(-9.209460664267,6.81,-1.24));
#3481 = LINE('',#3482,#3483);
#3482 = CARTESIAN_POINT('',(-9.209460664267,5.81,-1.24));
#3483 = VECTOR('',#3484,1.);
#3484 = DIRECTION('',(0.,1.,0.));
#3485 = ORIENTED_EDGE('',*,*,#3486,.F.);
#3486 = EDGE_CURVE('',#3487,#3477,#3489,.T.);
#3487 = VERTEX_POINT('',#3488);
#3488 = CARTESIAN_POINT('',(-8.709460664267,5.81,-1.24));
#3489 = LINE('',#3490,#3491);
#3490 = CARTESIAN_POINT('',(-8.709460664267,5.81,-1.24));
#3491 = VECTOR('',#3492,1.);
#3492 = DIRECTION('',(-1.,0.,0.));
#3493 = ORIENTED_EDGE('',*,*,#3494,.F.);
#3494 = EDGE_CURVE('',#3495,#3487,#3497,.T.);
#3495 = VERTEX_POINT('',#3496);
#3496 = CARTESIAN_POINT('',(-8.709460664267,6.81,-1.24));
#3497 = LINE('',#3498,#3499);
#3498 = CARTESIAN_POINT('',(-8.709460664267,6.81,-1.24));
#3499 = VECTOR('',#3500,1.);
#3500 = DIRECTION('',(0.,-1.,0.));
#3501 = ORIENTED_EDGE('',*,*,#3502,.F.);
#3502 = EDGE_CURVE('',#3479,#3495,#3503,.T.);
#3503 = LINE('',#3504,#3505);
#3504 = CARTESIAN_POINT('',(-9.209460664267,6.81,-1.24));
#3505 = VECTOR('',#3506,1.);
#3506 = DIRECTION('',(1.,0.,0.));
#3507 = FACE_BOUND('',#3508,.T.);
#3508 = EDGE_LOOP('',(#3509,#3519,#3527,#3535));
#3509 = ORIENTED_EDGE('',*,*,#3510,.F.);
#3510 = EDGE_CURVE('',#3511,#3513,#3515,.T.);
#3511 = VERTEX_POINT('',#3512);
#3512 = CARTESIAN_POINT('',(-10.09946066426,5.81,-1.24));
#3513 = VERTEX_POINT('',#3514);
#3514 = CARTESIAN_POINT('',(-10.09946066426,6.81,-1.24));
#3515 = LINE('',#3516,#3517);
#3516 = CARTESIAN_POINT('',(-10.09946066426,5.81,-1.24));
#3517 = VECTOR('',#3518,1.);
#3518 = DIRECTION('',(0.,1.,0.));
#3519 = ORIENTED_EDGE('',*,*,#3520,.F.);
#3520 = EDGE_CURVE('',#3521,#3511,#3523,.T.);
#3521 = VERTEX_POINT('',#3522);
#3522 = CARTESIAN_POINT('',(-9.599460664267,5.81,-1.24));
#3523 = LINE('',#3524,#3525);
#3524 = CARTESIAN_POINT('',(-9.599460664267,5.81,-1.24));
#3525 = VECTOR('',#3526,1.);
#3526 = DIRECTION('',(-1.,0.,0.));
#3527 = ORIENTED_EDGE('',*,*,#3528,.F.);
#3528 = EDGE_CURVE('',#3529,#3521,#3531,.T.);
#3529 = VERTEX_POINT('',#3530);
#3530 = CARTESIAN_POINT('',(-9.599460664267,6.81,-1.24));
#3531 = LINE('',#3532,#3533);
#3532 = CARTESIAN_POINT('',(-9.599460664267,6.81,-1.24));
#3533 = VECTOR('',#3534,1.);
#3534 = DIRECTION('',(0.,-1.,0.));
#3535 = ORIENTED_EDGE('',*,*,#3536,.F.);
#3536 = EDGE_CURVE('',#3513,#3529,#3537,.T.);
#3537 = LINE('',#3538,#3539);
#3538 = CARTESIAN_POINT('',(-10.09946066426,6.81,-1.24));
#3539 = VECTOR('',#3540,1.);
#3540 = DIRECTION('',(1.,0.,0.));
#3541 = FACE_BOUND('',#3542,.T.);
#3542 = EDGE_LOOP('',(#3543,#3553,#3561,#3569));
#3543 = ORIENTED_EDGE('',*,*,#3544,.F.);
#3544 = EDGE_CURVE('',#3545,#3547,#3549,.T.);
#3545 = VERTEX_POINT('',#3546);
#3546 = CARTESIAN_POINT('',(-10.97946066426,5.81,-1.24));
#3547 = VERTEX_POINT('',#3548);
#3548 = CARTESIAN_POINT('',(-10.97946066426,6.81,-1.24));
#3549 = LINE('',#3550,#3551);
#3550 = CARTESIAN_POINT('',(-10.97946066426,5.81,-1.24));
#3551 = VECTOR('',#3552,1.);
#3552 = DIRECTION('',(0.,1.,0.));
#3553 = ORIENTED_EDGE('',*,*,#3554,.F.);
#3554 = EDGE_CURVE('',#3555,#3545,#3557,.T.);
#3555 = VERTEX_POINT('',#3556);
#3556 = CARTESIAN_POINT('',(-10.47946066426,5.81,-1.24));
#3557 = LINE('',#3558,#3559);
#3558 = CARTESIAN_POINT('',(-10.47946066426,5.81,-1.24));
#3559 = VECTOR('',#3560,1.);
#3560 = DIRECTION('',(-1.,0.,0.));
#3561 = ORIENTED_EDGE('',*,*,#3562,.F.);
#3562 = EDGE_CURVE('',#3563,#3555,#3565,.T.);
#3563 = VERTEX_POINT('',#3564);
#3564 = CARTESIAN_POINT('',(-10.47946066426,6.81,-1.24));
#3565 = LINE('',#3566,#3567);
#3566 = CARTESIAN_POINT('',(-10.47946066426,6.81,-1.24));
#3567 = VECTOR('',#3568,1.);
#3568 = DIRECTION('',(0.,-1.,0.));
#3569 = ORIENTED_EDGE('',*,*,#3570,.F.);
#3570 = EDGE_CURVE('',#3547,#3563,#3571,.T.);
#3571 = LINE('',#3572,#3573);
#3572 = CARTESIAN_POINT('',(-10.97946066426,6.81,-1.24));
#3573 = VECTOR('',#3574,1.);
#3574 = DIRECTION('',(1.,0.,0.));
#3575 = FACE_BOUND('',#3576,.T.);
#3576 = EDGE_LOOP('',(#3577,#3587,#3595,#3603));
#3577 = ORIENTED_EDGE('',*,*,#3578,.F.);
#3578 = EDGE_CURVE('',#3579,#3581,#3583,.T.);
#3579 = VERTEX_POINT('',#3580);
#3580 = CARTESIAN_POINT('',(-11.93446066426,5.81,-1.24));
#3581 = VERTEX_POINT('',#3582);
#3582 = CARTESIAN_POINT('',(-11.93446066426,6.81,-1.24));
#3583 = LINE('',#3584,#3585);
#3584 = CARTESIAN_POINT('',(-11.93446066426,5.81,-1.24));
#3585 = VECTOR('',#3586,1.);
#3586 = DIRECTION('',(0.,1.,0.));
#3587 = ORIENTED_EDGE('',*,*,#3588,.F.);
#3588 = EDGE_CURVE('',#3589,#3579,#3591,.T.);
#3589 = VERTEX_POINT('',#3590);
#3590 = CARTESIAN_POINT('',(-11.43446066426,5.81,-1.24));
#3591 = LINE('',#3592,#3593);
#3592 = CARTESIAN_POINT('',(-11.43446066426,5.81,-1.24));
#3593 = VECTOR('',#3594,1.);
#3594 = DIRECTION('',(-1.,0.,0.));
#3595 = ORIENTED_EDGE('',*,*,#3596,.F.);
#3596 = EDGE_CURVE('',#3597,#3589,#3599,.T.);
#3597 = VERTEX_POINT('',#3598);
#3598 = CARTESIAN_POINT('',(-11.43446066426,6.81,-1.24));
#3599 = LINE('',#3600,#3601);
#3600 = CARTESIAN_POINT('',(-11.43446066426,6.81,-1.24));
#3601 = VECTOR('',#3602,1.);
#3602 = DIRECTION('',(0.,-1.,0.));
#3603 = ORIENTED_EDGE('',*,*,#3604,.F.);
#3604 = EDGE_CURVE('',#3581,#3597,#3605,.T.);
#3605 = LINE('',#3606,#3607);
#3606 = CARTESIAN_POINT('',(-11.93446066426,6.81,-1.24));
#3607 = VECTOR('',#3608,1.);
#3608 = DIRECTION('',(1.,0.,0.));
#3609 = PLANE('',#3610);
#3610 = AXIS2_PLACEMENT_3D('',#3611,#3612,#3613);
#3611 = CARTESIAN_POINT('',(1.054106582866,3.653295688785,-1.24));
#3612 = DIRECTION('',(-0.,-0.,-1.));
#3613 = DIRECTION('',(-1.,0.,0.));
#3614 = ADVANCED_FACE('',(#3615),#3665,.F.);
#3615 = FACE_BOUND('',#3616,.F.);
#3616 = EDGE_LOOP('',(#3617,#3625,#3626,#3627,#3635,#3643,#3651,#3659));
#3617 = ORIENTED_EDGE('',*,*,#3618,.F.);
#3618 = EDGE_CURVE('',#879,#3619,#3621,.T.);
#3619 = VERTEX_POINT('',#3620);
#3620 = CARTESIAN_POINT('',(-10.12,-0.265,-2.24));
#3621 = LINE('',#3622,#3623);
#3622 = CARTESIAN_POINT('',(-10.12,-2.985,-2.24));
#3623 = VECTOR('',#3624,1.);
#3624 = DIRECTION('',(0.,1.,0.));
#3625 = ORIENTED_EDGE('',*,*,#878,.F.);
#3626 = ORIENTED_EDGE('',*,*,#2553,.F.);
#3627 = ORIENTED_EDGE('',*,*,#3628,.F.);
#3628 = EDGE_CURVE('',#3629,#2546,#3631,.T.);
#3629 = VERTEX_POINT('',#3630);
#3630 = CARTESIAN_POINT('',(-6.61,-0.265,-2.24));
#3631 = LINE('',#3632,#3633);
#3632 = CARTESIAN_POINT('',(-10.12,-0.265,-2.24));
#3633 = VECTOR('',#3634,1.);
#3634 = DIRECTION('',(1.,0.,0.));
#3635 = ORIENTED_EDGE('',*,*,#3636,.T.);
#3636 = EDGE_CURVE('',#3629,#3637,#3639,.T.);
#3637 = VERTEX_POINT('',#3638);
#3638 = CARTESIAN_POINT('',(-6.61,-1.141858,-2.24));
#3639 = LINE('',#3640,#3641);
#3640 = CARTESIAN_POINT('',(-6.61,0.178142,-2.24));
#3641 = VECTOR('',#3642,1.);
#3642 = DIRECTION('',(0.,-1.,0.));
#3643 = ORIENTED_EDGE('',*,*,#3644,.T.);
#3644 = EDGE_CURVE('',#3637,#3645,#3647,.T.);
#3645 = VERTEX_POINT('',#3646);
#3646 = CARTESIAN_POINT('',(-9.93,-1.141858,-2.24));
#3647 = LINE('',#3648,#3649);
#3648 = CARTESIAN_POINT('',(-6.61,-1.141858,-2.24));
#3649 = VECTOR('',#3650,1.);
#3650 = DIRECTION('',(-1.,0.,0.));
#3651 = ORIENTED_EDGE('',*,*,#3652,.T.);
#3652 = EDGE_CURVE('',#3645,#3653,#3655,.T.);
#3653 = VERTEX_POINT('',#3654);
#3654 = CARTESIAN_POINT('',(-9.93,-0.265,-2.24));
#3655 = LINE('',#3656,#3657);
#3656 = CARTESIAN_POINT('',(-9.93,-1.141858,-2.24));
#3657 = VECTOR('',#3658,1.);
#3658 = DIRECTION('',(0.,1.,0.));
#3659 = ORIENTED_EDGE('',*,*,#3660,.F.);
#3660 = EDGE_CURVE('',#3619,#3653,#3661,.T.);
#3661 = LINE('',#3662,#3663);
#3662 = CARTESIAN_POINT('',(-10.12,-0.265,-2.24));
#3663 = VECTOR('',#3664,1.);
#3664 = DIRECTION('',(1.,0.,0.));
#3665 = PLANE('',#3666);
#3666 = AXIS2_PLACEMENT_3D('',#3667,#3668,#3669);
#3667 = CARTESIAN_POINT('',(-8.27,-1.625,-2.24));
#3668 = DIRECTION('',(0.,0.,1.));
#3669 = DIRECTION('',(1.,0.,0.));
#3670 = ADVANCED_FACE('',(#3671),#3682,.F.);
#3671 = FACE_BOUND('',#3672,.F.);
#3672 = EDGE_LOOP('',(#3673,#3674,#3675,#3681));
#3673 = ORIENTED_EDGE('',*,*,#886,.T.);
#3674 = ORIENTED_EDGE('',*,*,#3618,.T.);
#3675 = ORIENTED_EDGE('',*,*,#3676,.F.);
#3676 = EDGE_CURVE('',#2609,#3619,#3677,.T.);
#3677 = LINE('',#3678,#3679);
#3678 = CARTESIAN_POINT('',(-10.12,-0.265,-1.24));
#3679 = VECTOR('',#3680,1.);
#3680 = DIRECTION('',(0.,0.,-1.));
#3681 = ORIENTED_EDGE('',*,*,#2608,.F.);
#3682 = PLANE('',#3683);
#3683 = AXIS2_PLACEMENT_3D('',#3684,#3685,#3686);
#3684 = CARTESIAN_POINT('',(-10.12,-2.985,-1.24));
#3685 = DIRECTION('',(1.,0.,0.));
#3686 = DIRECTION('',(0.,1.,0.));
#3687 = ADVANCED_FACE('',(#3688,#3753),#3769,.T.);
#3688 = FACE_BOUND('',#3689,.T.);
#3689 = EDGE_LOOP('',(#3690,#3701,#3710,#3719,#3728,#3737,#3746));
#3690 = ORIENTED_EDGE('',*,*,#3691,.F.);
#3691 = EDGE_CURVE('',#3692,#3694,#3696,.T.);
#3692 = VERTEX_POINT('',#3693);
#3693 = CARTESIAN_POINT('',(-9.468896451012,17.814898961263,0.));
#3694 = VERTEX_POINT('',#3695);
#3695 = CARTESIAN_POINT('',(-8.218880702384,-18.425,0.));
#3696 = CIRCLE('',#3697,20.175);
#3697 = AXIS2_PLACEMENT_3D('',#3698,#3699,#3700);
#3698 = CARTESIAN_POINT('',(0.,0.,0.));
#3699 = DIRECTION('',(0.,0.,1.));
#3700 = DIRECTION('',(1.,0.,0.));
#3701 = ORIENTED_EDGE('',*,*,#3702,.F.);
#3702 = EDGE_CURVE('',#3703,#3692,#3705,.T.);
#3703 = VERTEX_POINT('',#3704);
#3704 = CARTESIAN_POINT('',(-7.510326224605,18.725,0.));
#3705 = CIRCLE('',#3706,20.175);
#3706 = AXIS2_PLACEMENT_3D('',#3707,#3708,#3709);
#3707 = CARTESIAN_POINT('',(0.,0.,0.));
#3708 = DIRECTION('',(0.,0.,1.));
#3709 = DIRECTION('',(1.,0.,0.));
#3710 = ORIENTED_EDGE('',*,*,#3711,.F.);
#3711 = EDGE_CURVE('',#3712,#3703,#3714,.T.);
#3712 = VERTEX_POINT('',#3713);
#3713 = CARTESIAN_POINT('',(20.175,0.,0.));
#3714 = CIRCLE('',#3715,20.175);
#3715 = AXIS2_PLACEMENT_3D('',#3716,#3717,#3718);
#3716 = CARTESIAN_POINT('',(0.,0.,0.));
#3717 = DIRECTION('',(0.,0.,1.));
#3718 = DIRECTION('',(1.,0.,0.));
#3719 = ORIENTED_EDGE('',*,*,#3720,.F.);
#3720 = EDGE_CURVE('',#3721,#3712,#3723,.T.);
#3721 = VERTEX_POINT('',#3722);
#3722 = CARTESIAN_POINT('',(8.218880702383,-18.425,0.));
#3723 = CIRCLE('',#3724,20.175);
#3724 = AXIS2_PLACEMENT_3D('',#3725,#3726,#3727);
#3725 = CARTESIAN_POINT('',(0.,0.,0.));
#3726 = DIRECTION('',(0.,0.,1.));
#3727 = DIRECTION('',(1.,0.,0.));
#3728 = ORIENTED_EDGE('',*,*,#3729,.F.);
#3729 = EDGE_CURVE('',#3730,#3721,#3732,.T.);
#3730 = VERTEX_POINT('',#3731);
#3731 = CARTESIAN_POINT('',(7.0180766596,-18.915,1.026746495202E-49));
#3732 = CIRCLE('',#3733,20.175);
#3733 = AXIS2_PLACEMENT_3D('',#3734,#3735,#3736);
#3734 = CARTESIAN_POINT('',(0.,0.,0.));
#3735 = DIRECTION('',(0.,0.,1.));
#3736 = DIRECTION('',(1.,0.,0.));
#3737 = ORIENTED_EDGE('',*,*,#3738,.F.);
#3738 = EDGE_CURVE('',#3739,#3730,#3741,.T.);
#3739 = VERTEX_POINT('',#3740);
#3740 = CARTESIAN_POINT('',(-7.018076659599,-18.915,1.026746495202E-49)
  );
#3741 = CIRCLE('',#3742,20.175);
#3742 = AXIS2_PLACEMENT_3D('',#3743,#3744,#3745);
#3743 = CARTESIAN_POINT('',(0.,0.,0.));
#3744 = DIRECTION('',(0.,0.,1.));
#3745 = DIRECTION('',(1.,0.,0.));
#3746 = ORIENTED_EDGE('',*,*,#3747,.F.);
#3747 = EDGE_CURVE('',#3694,#3739,#3748,.T.);
#3748 = CIRCLE('',#3749,20.175);
#3749 = AXIS2_PLACEMENT_3D('',#3750,#3751,#3752);
#3750 = CARTESIAN_POINT('',(0.,0.,0.));
#3751 = DIRECTION('',(0.,0.,1.));
#3752 = DIRECTION('',(1.,0.,0.));
#3753 = FACE_BOUND('',#3754,.T.);
#3754 = EDGE_LOOP('',(#3755,#3756,#3757,#3758,#3759,#3760,#3761,#3767,
    #3768));
#3755 = ORIENTED_EDGE('',*,*,#1104,.F.);
#3756 = ORIENTED_EDGE('',*,*,#1080,.F.);
#3757 = ORIENTED_EDGE('',*,*,#1003,.F.);
#3758 = ORIENTED_EDGE('',*,*,#979,.F.);
#3759 = ORIENTED_EDGE('',*,*,#922,.F.);
#3760 = ORIENTED_EDGE('',*,*,#931,.F.);
#3761 = ORIENTED_EDGE('',*,*,#3762,.T.);
#3762 = EDGE_CURVE('',#932,#1152,#3763,.T.);
#3763 = LINE('',#3764,#3765);
#3764 = CARTESIAN_POINT('',(5.5,17.814898961263,0.));
#3765 = VECTOR('',#3766,1.);
#3766 = DIRECTION('',(-1.,-0.,-0.));
#3767 = ORIENTED_EDGE('',*,*,#1151,.F.);
#3768 = ORIENTED_EDGE('',*,*,#1129,.F.);
#3769 = PLANE('',#3770);
#3770 = AXIS2_PLACEMENT_3D('',#3771,#3772,#3773);
#3771 = CARTESIAN_POINT('',(0.187675503118,-0.169568184885,0.));
#3772 = DIRECTION('',(-0.,-0.,-1.));
#3773 = DIRECTION('',(-1.,0.,0.));
#3774 = ADVANCED_FACE('',(#3775),#3868,.T.);
#3775 = FACE_BOUND('',#3776,.T.);
#3776 = EDGE_LOOP('',(#3777,#3778,#3786,#3795,#3803,#3812,#3820,#3828,
    #3836,#3845,#3853,#3862));
#3777 = ORIENTED_EDGE('',*,*,#948,.F.);
#3778 = ORIENTED_EDGE('',*,*,#3779,.F.);
#3779 = EDGE_CURVE('',#3780,#949,#3782,.T.);
#3780 = VERTEX_POINT('',#3781);
#3781 = CARTESIAN_POINT('',(3.6,18.355,-0.670035326107));
#3782 = LINE('',#3783,#3784);
#3783 = CARTESIAN_POINT('',(3.6,18.291603055139,-0.670035326107));
#3784 = VECTOR('',#3785,1.);
#3785 = DIRECTION('',(0.,-1.,0.));
#3786 = ORIENTED_EDGE('',*,*,#3787,.F.);
#3787 = EDGE_CURVE('',#3788,#3780,#3790,.T.);
#3788 = VERTEX_POINT('',#3789);
#3789 = CARTESIAN_POINT('',(3.6,18.554964673893,-0.87));
#3790 = CIRCLE('',#3791,0.199964673893);
#3791 = AXIS2_PLACEMENT_3D('',#3792,#3793,#3794);
#3792 = CARTESIAN_POINT('',(3.6,18.355,-0.87));
#3793 = DIRECTION('',(1.,0.,0.));
#3794 = DIRECTION('',(0.,1.,0.));
#3795 = ORIENTED_EDGE('',*,*,#3796,.F.);
#3796 = EDGE_CURVE('',#3797,#3788,#3799,.T.);
#3797 = VERTEX_POINT('',#3798);
#3798 = CARTESIAN_POINT('',(3.6,18.554964673893,-1.15));
#3799 = LINE('',#3800,#3801);
#3800 = CARTESIAN_POINT('',(3.6,18.554964673893,-0.966705579236));
#3801 = VECTOR('',#3802,1.);
#3802 = DIRECTION('',(0.,0.,1.));
#3803 = ORIENTED_EDGE('',*,*,#3804,.F.);
#3804 = EDGE_CURVE('',#3805,#3797,#3807,.T.);
#3805 = VERTEX_POINT('',#3806);
#3806 = CARTESIAN_POINT('',(3.6,18.351241781816,-1.349929354026));
#3807 = CIRCLE('',#3808,0.199964673893);
#3808 = AXIS2_PLACEMENT_3D('',#3809,#3810,#3811);
#3809 = CARTESIAN_POINT('',(3.6,18.355,-1.15));
#3810 = DIRECTION('',(1.,0.,0.));
#3811 = DIRECTION('',(0.,1.,0.));
#3812 = ORIENTED_EDGE('',*,*,#3813,.F.);
#3813 = EDGE_CURVE('',#3814,#3805,#3816,.T.);
#3814 = VERTEX_POINT('',#3815);
#3815 = CARTESIAN_POINT('',(3.6,17.684589903613,-1.337397811456));
#3816 = LINE('',#3817,#3818);
#3817 = CARTESIAN_POINT('',(3.6,15.360416968375,-1.293708634194));
#3818 = VECTOR('',#3819,1.);
#3819 = DIRECTION('',(0.,0.999823369466,-1.879441058664E-02));
#3820 = ORIENTED_EDGE('',*,*,#3821,.T.);
#3821 = EDGE_CURVE('',#3814,#3822,#3824,.T.);
#3822 = VERTEX_POINT('',#3823);
#3823 = CARTESIAN_POINT('',(3.6,17.684589903613,-1.507397811456));
#3824 = LINE('',#3825,#3826);
#3825 = CARTESIAN_POINT('',(3.6,17.684589903613,-0.92));
#3826 = VECTOR('',#3827,1.);
#3827 = DIRECTION('',(-0.,-0.,-1.));
#3828 = ORIENTED_EDGE('',*,*,#3829,.T.);
#3829 = EDGE_CURVE('',#3822,#3830,#3832,.T.);
#3830 = VERTEX_POINT('',#3831);
#3831 = CARTESIAN_POINT('',(3.6,18.355,-1.52));
#3832 = LINE('',#3833,#3834);
#3833 = CARTESIAN_POINT('',(3.6,15.358819725647,-1.463678609655));
#3834 = VECTOR('',#3835,1.);
#3835 = DIRECTION('',(0.,0.999823369466,-1.879441058664E-02));
#3836 = ORIENTED_EDGE('',*,*,#3837,.T.);
#3837 = EDGE_CURVE('',#3830,#3838,#3840,.T.);
#3838 = VERTEX_POINT('',#3839);
#3839 = CARTESIAN_POINT('',(3.6,18.725,-1.15));
#3840 = CIRCLE('',#3841,0.37);
#3841 = AXIS2_PLACEMENT_3D('',#3842,#3843,#3844);
#3842 = CARTESIAN_POINT('',(3.6,18.355,-1.15));
#3843 = DIRECTION('',(1.,0.,0.));
#3844 = DIRECTION('',(0.,1.,0.));
#3845 = ORIENTED_EDGE('',*,*,#3846,.F.);
#3846 = EDGE_CURVE('',#3847,#3838,#3849,.T.);
#3847 = VERTEX_POINT('',#3848);
#3848 = CARTESIAN_POINT('',(3.6,18.725,-0.87));
#3849 = LINE('',#3850,#3851);
#3850 = CARTESIAN_POINT('',(3.6,18.725,-0.92));
#3851 = VECTOR('',#3852,1.);
#3852 = DIRECTION('',(-0.,-0.,-1.));
#3853 = ORIENTED_EDGE('',*,*,#3854,.T.);
#3854 = EDGE_CURVE('',#3847,#3855,#3857,.T.);
#3855 = VERTEX_POINT('',#3856);
#3856 = CARTESIAN_POINT('',(3.6,18.355,-0.5));
#3857 = CIRCLE('',#3858,0.37);
#3858 = AXIS2_PLACEMENT_3D('',#3859,#3860,#3861);
#3859 = CARTESIAN_POINT('',(3.6,18.355,-0.87));
#3860 = DIRECTION('',(1.,0.,0.));
#3861 = DIRECTION('',(0.,1.,0.));
#3862 = ORIENTED_EDGE('',*,*,#3863,.T.);
#3863 = EDGE_CURVE('',#3855,#941,#3864,.T.);
#3864 = LINE('',#3865,#3866);
#3865 = CARTESIAN_POINT('',(3.6,18.291603055139,-0.5));
#3866 = VECTOR('',#3867,1.);
#3867 = DIRECTION('',(0.,-1.,0.));
#3868 = PLANE('',#3869);
#3869 = AXIS2_PLACEMENT_3D('',#3870,#3871,#3872);
#3870 = CARTESIAN_POINT('',(3.6,18.228206110278,-0.783411158472));
#3871 = DIRECTION('',(1.,0.,0.));
#3872 = DIRECTION('',(0.,0.,1.));
#3873 = ADVANCED_FACE('',(#3874),#3885,.T.);
#3874 = FACE_BOUND('',#3875,.T.);
#3875 = EDGE_LOOP('',(#3876,#3877,#3883,#3884));
#3876 = ORIENTED_EDGE('',*,*,#940,.F.);
#3877 = ORIENTED_EDGE('',*,*,#3878,.T.);
#3878 = EDGE_CURVE('',#941,#1172,#3879,.T.);
#3879 = LINE('',#3880,#3881);
#3880 = CARTESIAN_POINT('',(5.5,17.814898961263,-0.5));
#3881 = VECTOR('',#3882,1.);
#3882 = DIRECTION('',(-1.,-0.,-0.));
#3883 = ORIENTED_EDGE('',*,*,#1179,.T.);
#3884 = ORIENTED_EDGE('',*,*,#3762,.F.);
#3885 = PLANE('',#3886);
#3886 = AXIS2_PLACEMENT_3D('',#3887,#3888,#3889);
#3887 = CARTESIAN_POINT('',(5.5,17.814898961263,-0.5));
#3888 = DIRECTION('',(0.,1.,0.));
#3889 = DIRECTION('',(0.,0.,1.));
#3890 = ADVANCED_FACE('',(#3891),#3938,.F.);
#3891 = FACE_BOUND('',#3892,.F.);
#3892 = EDGE_LOOP('',(#3893,#3894,#3902,#3913,#3921,#3932));
#3893 = ORIENTED_EDGE('',*,*,#1026,.F.);
#3894 = ORIENTED_EDGE('',*,*,#3895,.F.);
#3895 = EDGE_CURVE('',#3896,#1027,#3898,.T.);
#3896 = VERTEX_POINT('',#3897);
#3897 = CARTESIAN_POINT('',(-3.068605938649,-18.48606477826,
    -0.73572647394));
#3898 = LINE('',#3899,#3900);
#3899 = CARTESIAN_POINT('',(-3.068605938649,-18.48606477826,
    -0.73572647394));
#3900 = VECTOR('',#3901,1.);
#3901 = DIRECTION('',(-0.789352217376,0.613940613515,0.));
#3902 = ORIENTED_EDGE('',*,*,#3903,.F.);
#3903 = EDGE_CURVE('',#3904,#3896,#3906,.T.);
#3904 = VERTEX_POINT('',#3905);
#3905 = CARTESIAN_POINT('',(-2.967117796414,-18.565,-0.73572647394));
#3906 = ( BOUNDED_CURVE() B_SPLINE_CURVE(5,(#3907,#3908,#3909,#3910,
#3911,#3912),.UNSPECIFIED.,.F.,.F.) B_SPLINE_CURVE_WITH_KNOTS((6,6),(
9.259420303421E-02,0.198053567818),.PIECEWISE_BEZIER_KNOTS.) CURVE() 
GEOMETRIC_REPRESENTATION_ITEM() RATIONAL_B_SPLINE_CURVE((1.,1.,1.,1.,1.,
1.)) REPRESENTATION_ITEM('') );
#3907 = CARTESIAN_POINT('',(-2.967117796414,-18.565,-0.73572647394));
#3908 = CARTESIAN_POINT('',(-2.989662008449,-18.54746561286,
    -0.73572647394));
#3909 = CARTESIAN_POINT('',(-3.00934801571,-18.53215427388,
    -0.73572647394));
#3910 = CARTESIAN_POINT('',(-3.029309329168,-18.51662880785,
    -0.73572647394));
#3911 = CARTESIAN_POINT('',(-3.048934533605,-18.50136475996,
    -0.73572647394));
#3912 = CARTESIAN_POINT('',(-3.068605938649,-18.48606477826,
    -0.73572647394));
#3913 = ORIENTED_EDGE('',*,*,#3914,.T.);
#3914 = EDGE_CURVE('',#3904,#3915,#3917,.T.);
#3915 = VERTEX_POINT('',#3916);
#3916 = CARTESIAN_POINT('',(2.967117796414,-18.565,-0.73572647394));
#3917 = LINE('',#3918,#3919);
#3918 = CARTESIAN_POINT('',(-9.62,-18.565,-0.73572647394));
#3919 = VECTOR('',#3920,1.);
#3920 = DIRECTION('',(1.,0.,0.));
#3921 = ORIENTED_EDGE('',*,*,#3922,.T.);
#3922 = EDGE_CURVE('',#3915,#3923,#3925,.T.);
#3923 = VERTEX_POINT('',#3924);
#3924 = CARTESIAN_POINT('',(3.068605938649,-18.48606477826,
    -0.73572647394));
#3925 = ( BOUNDED_CURVE() B_SPLINE_CURVE(5,(#3926,#3927,#3928,#3929,
#3930,#3931),.UNSPECIFIED.,.F.,.F.) B_SPLINE_CURVE_WITH_KNOTS((6,6),(
9.259420303443E-02,0.198053567818),.PIECEWISE_BEZIER_KNOTS.) CURVE() 
GEOMETRIC_REPRESENTATION_ITEM() RATIONAL_B_SPLINE_CURVE((1.,1.,1.,1.,1.,
1.)) REPRESENTATION_ITEM('') );
#3926 = CARTESIAN_POINT('',(2.967117796414,-18.565,-0.73572647394));
#3927 = CARTESIAN_POINT('',(2.989662008449,-18.54746561286,
    -0.73572647394));
#3928 = CARTESIAN_POINT('',(3.009348015712,-18.53215427388,
    -0.73572647394));
#3929 = CARTESIAN_POINT('',(3.029309329165,-18.51662880786,
    -0.73572647394));
#3930 = CARTESIAN_POINT('',(3.048934533607,-18.50136475996,
    -0.73572647394));
#3931 = CARTESIAN_POINT('',(3.068605938649,-18.48606477826,
    -0.73572647394));
#3932 = ORIENTED_EDGE('',*,*,#3933,.T.);
#3933 = EDGE_CURVE('',#3923,#1029,#3934,.T.);
#3934 = LINE('',#3935,#3936);
#3935 = CARTESIAN_POINT('',(3.068605938649,-18.48606477826,
    -0.73572647394));
#3936 = VECTOR('',#3937,1.);
#3937 = DIRECTION('',(0.789352217376,0.613940613515,0.));
#3938 = PLANE('',#3939);
#3939 = AXIS2_PLACEMENT_3D('',#3940,#3941,#3942);
#3940 = CARTESIAN_POINT('',(-9.62,-18.565,-0.73572647394));
#3941 = DIRECTION('',(0.,0.,1.));
#3942 = DIRECTION('',(0.,1.,0.));
#3943 = ADVANCED_FACE('',(#3944),#3962,.T.);
#3944 = FACE_BOUND('',#3945,.F.);
#3945 = EDGE_LOOP('',(#3946,#3954,#3955,#3956));
#3946 = ORIENTED_EDGE('',*,*,#3947,.T.);
#3947 = EDGE_CURVE('',#3948,#3896,#3950,.T.);
#3948 = VERTEX_POINT('',#3949);
#3949 = CARTESIAN_POINT('',(-3.13,-18.565,-0.63572647394));
#3950 = ( BOUNDED_CURVE() B_SPLINE_CURVE(2,(#3951,#3952,#3953),
.UNSPECIFIED.,.F.,.F.) B_SPLINE_CURVE_WITH_KNOTS((3,3),(0.,
0.105459364784),.PIECEWISE_BEZIER_KNOTS.) CURVE() 
GEOMETRIC_REPRESENTATION_ITEM() RATIONAL_B_SPLINE_CURVE((1.,
0.707106781187,1.)) REPRESENTATION_ITEM('') );
#3951 = CARTESIAN_POINT('',(-3.13,-18.565,-0.63572647394));
#3952 = CARTESIAN_POINT('',(-3.13,-18.565,-0.73572647394));
#3953 = CARTESIAN_POINT('',(-3.068605938649,-18.48606477826,
    -0.73572647394));
#3954 = ORIENTED_EDGE('',*,*,#3895,.T.);
#3955 = ORIENTED_EDGE('',*,*,#1036,.F.);
#3956 = ORIENTED_EDGE('',*,*,#3957,.F.);
#3957 = EDGE_CURVE('',#3948,#1037,#3958,.T.);
#3958 = LINE('',#3959,#3960);
#3959 = CARTESIAN_POINT('',(-3.13,-18.565,-0.63572647394));
#3960 = VECTOR('',#3961,1.);
#3961 = DIRECTION('',(-0.789352217376,0.613940613515,0.));
#3962 = CYLINDRICAL_SURFACE('',#3963,0.1);
#3963 = AXIS2_PLACEMENT_3D('',#3964,#3965,#3966);
#3964 = CARTESIAN_POINT('',(-3.068605938649,-18.48606477826,
    -0.63572647394));
#3965 = DIRECTION('',(-0.789352217376,0.613940613515,0.));
#3966 = DIRECTION('',(-0.613940613515,-0.789352217376,-0.));
#3967 = ADVANCED_FACE('',(#3968),#3986,.T.);
#3968 = FACE_BOUND('',#3969,.T.);
#3969 = EDGE_LOOP('',(#3970,#3978,#3979,#3980));
#3970 = ORIENTED_EDGE('',*,*,#3971,.T.);
#3971 = EDGE_CURVE('',#3972,#3923,#3974,.T.);
#3972 = VERTEX_POINT('',#3973);
#3973 = CARTESIAN_POINT('',(3.13,-18.565,-0.63572647394));
#3974 = ( BOUNDED_CURVE() B_SPLINE_CURVE(2,(#3975,#3976,#3977),
.UNSPECIFIED.,.F.,.F.) B_SPLINE_CURVE_WITH_KNOTS((3,3),(0.,
0.105459364784),.PIECEWISE_BEZIER_KNOTS.) CURVE() 
GEOMETRIC_REPRESENTATION_ITEM() RATIONAL_B_SPLINE_CURVE((1.,
0.707106781187,1.)) REPRESENTATION_ITEM('') );
#3975 = CARTESIAN_POINT('',(3.13,-18.565,-0.63572647394));
#3976 = CARTESIAN_POINT('',(3.13,-18.565,-0.73572647394));
#3977 = CARTESIAN_POINT('',(3.068605938649,-18.48606477826,
    -0.73572647394));
#3978 = ORIENTED_EDGE('',*,*,#3933,.T.);
#3979 = ORIENTED_EDGE('',*,*,#1069,.F.);
#3980 = ORIENTED_EDGE('',*,*,#3981,.F.);
#3981 = EDGE_CURVE('',#3972,#1062,#3982,.T.);
#3982 = LINE('',#3983,#3984);
#3983 = CARTESIAN_POINT('',(3.13,-18.565,-0.63572647394));
#3984 = VECTOR('',#3985,1.);
#3985 = DIRECTION('',(0.789352217376,0.613940613515,0.));
#3986 = CYLINDRICAL_SURFACE('',#3987,0.1);
#3987 = AXIS2_PLACEMENT_3D('',#3988,#3989,#3990);
#3988 = CARTESIAN_POINT('',(3.068605938649,-18.48606477826,
    -0.63572647394));
#3989 = DIRECTION('',(0.789352217376,0.613940613515,0.));
#3990 = DIRECTION('',(0.613940613515,-0.789352217376,0.));
#3991 = ADVANCED_FACE('',(#3992),#4053,.T.);
#3992 = FACE_BOUND('',#3993,.T.);
#3993 = EDGE_LOOP('',(#3994,#4002,#4003,#4009,#4010,#4011,#4022));
#3994 = ORIENTED_EDGE('',*,*,#3995,.F.);
#3995 = EDGE_CURVE('',#1844,#3996,#3998,.T.);
#3996 = VERTEX_POINT('',#3997);
#3997 = CARTESIAN_POINT('',(-2.767616844984,-18.84685356501,-0.82));
#3998 = LINE('',#3999,#4000);
#3999 = CARTESIAN_POINT('',(-1.887852116965,-19.53111502013,-0.82));
#4000 = VECTOR('',#4001,1.);
#4001 = DIRECTION('',(-0.789352217376,0.613940613515,0.));
#4002 = ORIENTED_EDGE('',*,*,#1843,.T.);
#4003 = ORIENTED_EDGE('',*,*,#4004,.T.);
#4004 = EDGE_CURVE('',#1836,#1046,#4005,.T.);
#4005 = LINE('',#4006,#4007);
#4006 = CARTESIAN_POINT('',(-4.926884615385,-17.16742307692,-0.49));
#4007 = VECTOR('',#4008,1.);
#4008 = DIRECTION('',(-0.789352217376,0.613940613515,0.));
#4009 = ORIENTED_EDGE('',*,*,#1045,.F.);
#4010 = ORIENTED_EDGE('',*,*,#3957,.F.);
#4011 = ORIENTED_EDGE('',*,*,#4012,.F.);
#4012 = EDGE_CURVE('',#4013,#3948,#4015,.T.);
#4013 = VERTEX_POINT('',#4014);
#4014 = CARTESIAN_POINT('',(-2.990287487912,-18.67366528717,
    -0.648233498461));
#4015 = ( BOUNDED_CURVE() B_SPLINE_CURVE(5,(#4016,#4017,#4018,#4019,
#4020,#4021),.UNSPECIFIED.,.F.,.F.) B_SPLINE_CURVE_WITH_KNOTS((6,6),(
9.259420303421E-02,0.198053567818),.PIECEWISE_BEZIER_KNOTS.) CURVE() 
GEOMETRIC_REPRESENTATION_ITEM() RATIONAL_B_SPLINE_CURVE((1.,1.,1.,1.,1.,
1.)) REPRESENTATION_ITEM('') );
#4016 = CARTESIAN_POINT('',(-2.990287487912,-18.67366528717,
    -0.648233498461));
#4017 = CARTESIAN_POINT('',(-3.021464760255,-18.64941629758,
    -0.642180225522));
#4018 = CARTESIAN_POINT('',(-3.049156106265,-18.62787858401,
    -0.638787990981));
#4019 = CARTESIAN_POINT('',(-3.076473647077,-18.60663160782,
    -0.636735809697));
#4020 = CARTESIAN_POINT('',(-3.103217867244,-18.58583054769,
    -0.63572647394));
#4021 = CARTESIAN_POINT('',(-3.13,-18.565,-0.63572647394));
#4022 = ORIENTED_EDGE('',*,*,#4023,.F.);
#4023 = EDGE_CURVE('',#3996,#4013,#4024,.T.);
#4024 = ( BOUNDED_CURVE() B_SPLINE_CURVE(14,(#4025,#4026,#4027,#4028,
    #4029,#4030,#4031,#4032,#4033,#4034,#4035,#4036,#4037,#4038,#4039,
    #4040,#4041,#4042,#4043,#4044,#4045,#4046,#4047,#4048,#4049,#4050,
#4051,#4052),.UNSPECIFIED.,.F.,.F.) B_SPLINE_CURVE_WITH_KNOTS((15,13,15)
  ,(-2.641246728036E-02,-2.363331312525E-02,9.259420303421E-02),
.UNSPECIFIED.) CURVE() GEOMETRIC_REPRESENTATION_ITEM() 
RATIONAL_B_SPLINE_CURVE((1.079968737106,1.079998084267,1.08002291648,
    1.080043233745,1.080059036063,1.080070323432,1.080077095854,
    1.080079353328,1.080077095854,1.080070323432,1.080059036063,
    1.080043233745,1.08002291648,1.079998084267,1.078741404101,
    1.075498017306,1.069302611697,1.061043068773,1.050393181693,
    1.052558718851,1.043545134919,1.043461014925,1.03997631303,
    1.037985096808,1.036117458489,1.034391535549,1.032836960033,
1.031393471788)) REPRESENTATION_ITEM('') );
#4025 = CARTESIAN_POINT('',(-2.765933595684,-18.84816275891,
    -0.829489014558));
#4026 = CARTESIAN_POINT('',(-2.766054006884,-18.84806910575,
    -0.828810218122));
#4027 = CARTESIAN_POINT('',(-2.76617438449,-18.84797547873,
    -0.828131611066));
#4028 = CARTESIAN_POINT('',(-2.766294730013,-18.84788187665,
    -0.827453184866));
#4029 = CARTESIAN_POINT('',(-2.766415044966,-18.84778829836,
    -0.826774931003));
#4030 = CARTESIAN_POINT('',(-2.766535330858,-18.84769474266,
    -0.826096840966));
#4031 = CARTESIAN_POINT('',(-2.766655589199,-18.8476012084,
    -0.825418906244));
#4032 = CARTESIAN_POINT('',(-2.766775821497,-18.84750769439,
    -0.824741118334));
#4033 = CARTESIAN_POINT('',(-2.76689602926,-18.84741419946,
    -0.824063468734));
#4034 = CARTESIAN_POINT('',(-2.767016213996,-18.84732072244,
    -0.823385948947));
#4035 = CARTESIAN_POINT('',(-2.767136377211,-18.84722726217,
    -0.822708550479));
#4036 = CARTESIAN_POINT('',(-2.767256520411,-18.84713381745,
    -0.822031264838));
#4037 = CARTESIAN_POINT('',(-2.767376645103,-18.84704038714,
    -0.821354083536));
#4038 = CARTESIAN_POINT('',(-2.767496752793,-18.84694697005,
    -0.820676998085));
#4039 = CARTESIAN_POINT('',(-2.772645093412,-18.84294270512,
    -0.791654155716));
#4040 = CARTESIAN_POINT('',(-2.786194458442,-18.8324043101,
    -0.760208545924));
#4041 = CARTESIAN_POINT('',(-2.809135503554,-18.81456127501,
    -0.730989041384));
#4042 = CARTESIAN_POINT('',(-2.846418805918,-18.78556315095,
    -0.712676942027));
#4043 = CARTESIAN_POINT('',(-2.844399180275,-18.78713397089,
    -0.713958210591));
#4044 = CARTESIAN_POINT('',(-2.891857653869,-18.75022182476,
    -0.673698342244));
#4045 = CARTESIAN_POINT('',(-2.880387730598,-18.7591428762,
    -0.699821121953));
#4046 = CARTESIAN_POINT('',(-2.918983729123,-18.72912376623,
    -0.660483264475));
#4047 = CARTESIAN_POINT('',(-2.920019413911,-18.72831823362,
    -0.674768159877));
#4048 = CARTESIAN_POINT('',(-2.940632763041,-18.71228562874,
    -0.65908449442));
#4049 = CARTESIAN_POINT('',(-2.951993110495,-18.70344980294,
    -0.658095946609));
#4050 = CARTESIAN_POINT('',(-2.965485544691,-18.69295568746,
    -0.653546135722));
#4051 = CARTESIAN_POINT('',(-2.978032962451,-18.68319658476,
    -0.650612795358));
#4052 = CARTESIAN_POINT('',(-2.990287487912,-18.67366528717,
    -0.648233498461));
#4053 = PLANE('',#4054);
#4054 = AXIS2_PLACEMENT_3D('',#4055,#4056,#4057);
#4055 = CARTESIAN_POINT('',(-2.68,-18.915,-0.92));
#4056 = DIRECTION('',(-0.613940613515,-0.789352217376,-0.));
#4057 = DIRECTION('',(-0.789352217376,0.613940613515,0.));
#4058 = ADVANCED_FACE('',(#4059),#4120,.F.);
#4059 = FACE_BOUND('',#4060,.F.);
#4060 = EDGE_LOOP('',(#4061,#4069,#4070,#4076,#4077,#4078,#4089));
#4061 = ORIENTED_EDGE('',*,*,#4062,.F.);
#4062 = EDGE_CURVE('',#1819,#4063,#4065,.T.);
#4063 = VERTEX_POINT('',#4064);
#4064 = CARTESIAN_POINT('',(2.767616844984,-18.84685356501,-0.82));
#4065 = LINE('',#4066,#4067);
#4066 = CARTESIAN_POINT('',(1.887852116965,-19.53111502013,-0.82));
#4067 = VECTOR('',#4068,1.);
#4068 = DIRECTION('',(0.789352217376,0.613940613515,0.));
#4069 = ORIENTED_EDGE('',*,*,#1826,.T.);
#4070 = ORIENTED_EDGE('',*,*,#4071,.T.);
#4071 = EDGE_CURVE('',#1827,#1054,#4072,.T.);
#4072 = LINE('',#4073,#4074);
#4073 = CARTESIAN_POINT('',(-1.067115384615,-21.82942307692,-0.49));
#4074 = VECTOR('',#4075,1.);
#4075 = DIRECTION('',(0.789352217376,0.613940613515,0.));
#4076 = ORIENTED_EDGE('',*,*,#1061,.F.);
#4077 = ORIENTED_EDGE('',*,*,#3981,.F.);
#4078 = ORIENTED_EDGE('',*,*,#4079,.F.);
#4079 = EDGE_CURVE('',#4080,#3972,#4082,.T.);
#4080 = VERTEX_POINT('',#4081);
#4081 = CARTESIAN_POINT('',(2.990287487912,-18.67366528717,
    -0.648233498461));
#4082 = ( BOUNDED_CURVE() B_SPLINE_CURVE(5,(#4083,#4084,#4085,#4086,
#4087,#4088),.UNSPECIFIED.,.F.,.F.) B_SPLINE_CURVE_WITH_KNOTS((6,6),(
9.259420303443E-02,0.198053567818),.PIECEWISE_BEZIER_KNOTS.) CURVE() 
GEOMETRIC_REPRESENTATION_ITEM() RATIONAL_B_SPLINE_CURVE((1.,1.,1.,1.,1.,
1.)) REPRESENTATION_ITEM('') );
#4083 = CARTESIAN_POINT('',(2.990287487912,-18.67366528717,
    -0.648233498461));
#4084 = CARTESIAN_POINT('',(3.021464760255,-18.64941629758,
    -0.642180225522));
#4085 = CARTESIAN_POINT('',(3.049156106265,-18.62787858401,
    -0.638787990981));
#4086 = CARTESIAN_POINT('',(3.076473647077,-18.60663160782,
    -0.636735809697));
#4087 = CARTESIAN_POINT('',(3.103217867243,-18.5858305477,-0.63572647394
    ));
#4088 = CARTESIAN_POINT('',(3.13,-18.565,-0.63572647394));
#4089 = ORIENTED_EDGE('',*,*,#4090,.F.);
#4090 = EDGE_CURVE('',#4063,#4080,#4091,.T.);
#4091 = ( BOUNDED_CURVE() B_SPLINE_CURVE(14,(#4092,#4093,#4094,#4095,
    #4096,#4097,#4098,#4099,#4100,#4101,#4102,#4103,#4104,#4105,#4106,
    #4107,#4108,#4109,#4110,#4111,#4112,#4113,#4114,#4115,#4116,#4117,
#4118,#4119),.UNSPECIFIED.,.F.,.F.) B_SPLINE_CURVE_WITH_KNOTS((15,13,15)
  ,(-2.64124672804E-02,-2.36333131253E-02,9.259420303443E-02),
.UNSPECIFIED.) CURVE() GEOMETRIC_REPRESENTATION_ITEM() 
RATIONAL_B_SPLINE_CURVE((1.079968737106,1.079998084267,1.08002291648,
    1.080043233745,1.080059036063,1.080070323432,1.080077095854,
    1.080079353328,1.080077095854,1.080070323432,1.080059036063,
    1.080043233745,1.08002291648,1.079998084267,1.078741404101,
    1.075498017309,1.069302611678,1.061043068844,1.050393181543,
    1.052558719056,1.043545134721,1.043461015068,1.039976312954,
    1.037985096838,1.03611745848,1.03439153555,1.032836960033,
1.031393471788)) REPRESENTATION_ITEM('') );
#4092 = CARTESIAN_POINT('',(2.765933595684,-18.84816275891,
    -0.829489014558));
#4093 = CARTESIAN_POINT('',(2.766054006884,-18.84806910575,
    -0.828810218122));
#4094 = CARTESIAN_POINT('',(2.76617438449,-18.84797547873,
    -0.828131611066));
#4095 = CARTESIAN_POINT('',(2.766294730013,-18.84788187665,
    -0.827453184866));
#4096 = CARTESIAN_POINT('',(2.766415044966,-18.84778829836,
    -0.826774931003));
#4097 = CARTESIAN_POINT('',(2.766535330858,-18.84769474266,
    -0.826096840966));
#4098 = CARTESIAN_POINT('',(2.766655589199,-18.8476012084,
    -0.825418906244));
#4099 = CARTESIAN_POINT('',(2.766775821497,-18.84750769439,
    -0.824741118334));
#4100 = CARTESIAN_POINT('',(2.76689602926,-18.84741419946,
    -0.824063468734));
#4101 = CARTESIAN_POINT('',(2.767016213996,-18.84732072244,
    -0.823385948947));
#4102 = CARTESIAN_POINT('',(2.767136377211,-18.84722726217,
    -0.822708550479));
#4103 = CARTESIAN_POINT('',(2.767256520411,-18.84713381745,
    -0.822031264838));
#4104 = CARTESIAN_POINT('',(2.767376645103,-18.84704038714,
    -0.821354083536));
#4105 = CARTESIAN_POINT('',(2.767496752793,-18.84694697005,
    -0.820676998085));
#4106 = CARTESIAN_POINT('',(2.772645093412,-18.84294270512,
    -0.791654155716));
#4107 = CARTESIAN_POINT('',(2.786194458441,-18.8324043101,
    -0.760208545917));
#4108 = CARTESIAN_POINT('',(2.809135503566,-18.814561275,-0.73098904144)
  );
#4109 = CARTESIAN_POINT('',(2.846418805863,-18.78556315099,
    -0.712676941793));
#4110 = CARTESIAN_POINT('',(2.8443991804,-18.7871339708,-0.713958211128)
  );
#4111 = CARTESIAN_POINT('',(2.891857653681,-18.75022182491,
    -0.673698341482));
#4112 = CARTESIAN_POINT('',(2.880387730785,-18.75914287605,
    -0.699821122733));
#4113 = CARTESIAN_POINT('',(2.918983728982,-18.72912376634,
    -0.660483263905));
#4114 = CARTESIAN_POINT('',(2.920019413987,-18.72831823356,
    -0.674768160185));
#4115 = CARTESIAN_POINT('',(2.940632763012,-18.71228562876,
    -0.659084494303));
#4116 = CARTESIAN_POINT('',(2.951993110503,-18.70344980294,
    -0.658095946638));
#4117 = CARTESIAN_POINT('',(2.96548554469,-18.69295568746,
    -0.653546135718));
#4118 = CARTESIAN_POINT('',(2.978032962451,-18.68319658476,
    -0.650612795358));
#4119 = CARTESIAN_POINT('',(2.990287487912,-18.67366528717,
    -0.648233498461));
#4120 = PLANE('',#4121);
#4121 = AXIS2_PLACEMENT_3D('',#4122,#4123,#4124);
#4122 = CARTESIAN_POINT('',(2.68,-18.915,-0.92));
#4123 = DIRECTION('',(-0.613940613515,0.789352217376,0.));
#4124 = DIRECTION('',(0.789352217376,0.613940613515,0.));
#4125 = ADVANCED_FACE('',(#4126),#4132,.T.);
#4126 = FACE_BOUND('',#4127,.T.);
#4127 = EDGE_LOOP('',(#4128,#4129,#4130,#4131));
#4128 = ORIENTED_EDGE('',*,*,#4004,.F.);
#4129 = ORIENTED_EDGE('',*,*,#1835,.T.);
#4130 = ORIENTED_EDGE('',*,*,#4071,.T.);
#4131 = ORIENTED_EDGE('',*,*,#1053,.F.);
#4132 = PLANE('',#4133);
#4133 = AXIS2_PLACEMENT_3D('',#4134,#4135,#4136);
#4134 = CARTESIAN_POINT('',(-9.62,-18.565,-0.49));
#4135 = DIRECTION('',(0.,0.,1.));
#4136 = DIRECTION('',(0.,1.,0.));
#4137 = ADVANCED_FACE('',(#4138),#4231,.T.);
#4138 = FACE_BOUND('',#4139,.T.);
#4139 = EDGE_LOOP('',(#4140,#4151,#4159,#4168,#4176,#4184,#4192,#4201,
    #4209,#4218,#4224,#4225));
#4140 = ORIENTED_EDGE('',*,*,#4141,.F.);
#4141 = EDGE_CURVE('',#4142,#4144,#4146,.T.);
#4142 = VERTEX_POINT('',#4143);
#4143 = CARTESIAN_POINT('',(-3.6,18.725,-0.87));
#4144 = VERTEX_POINT('',#4145);
#4145 = CARTESIAN_POINT('',(-3.6,18.355,-0.5));
#4146 = CIRCLE('',#4147,0.37);
#4147 = AXIS2_PLACEMENT_3D('',#4148,#4149,#4150);
#4148 = CARTESIAN_POINT('',(-3.6,18.355,-0.87));
#4149 = DIRECTION('',(1.,0.,0.));
#4150 = DIRECTION('',(0.,1.,0.));
#4151 = ORIENTED_EDGE('',*,*,#4152,.T.);
#4152 = EDGE_CURVE('',#4142,#4153,#4155,.T.);
#4153 = VERTEX_POINT('',#4154);
#4154 = CARTESIAN_POINT('',(-3.6,18.725,-1.15));
#4155 = LINE('',#4156,#4157);
#4156 = CARTESIAN_POINT('',(-3.6,18.725,-0.92));
#4157 = VECTOR('',#4158,1.);
#4158 = DIRECTION('',(0.,0.,-1.));
#4159 = ORIENTED_EDGE('',*,*,#4160,.F.);
#4160 = EDGE_CURVE('',#4161,#4153,#4163,.T.);
#4161 = VERTEX_POINT('',#4162);
#4162 = CARTESIAN_POINT('',(-3.6,18.355,-1.52));
#4163 = CIRCLE('',#4164,0.37);
#4164 = AXIS2_PLACEMENT_3D('',#4165,#4166,#4167);
#4165 = CARTESIAN_POINT('',(-3.6,18.355,-1.15));
#4166 = DIRECTION('',(1.,0.,0.));
#4167 = DIRECTION('',(0.,1.,0.));
#4168 = ORIENTED_EDGE('',*,*,#4169,.T.);
#4169 = EDGE_CURVE('',#4161,#4170,#4172,.T.);
#4170 = VERTEX_POINT('',#4171);
#4171 = CARTESIAN_POINT('',(-3.6,17.684589903613,-1.507397811456));
#4172 = LINE('',#4173,#4174);
#4173 = CARTESIAN_POINT('',(-3.6,15.358819725647,-1.463678609655));
#4174 = VECTOR('',#4175,1.);
#4175 = DIRECTION('',(0.,-0.999823369466,1.879441058664E-02));
#4176 = ORIENTED_EDGE('',*,*,#4177,.F.);
#4177 = EDGE_CURVE('',#4178,#4170,#4180,.T.);
#4178 = VERTEX_POINT('',#4179);
#4179 = CARTESIAN_POINT('',(-3.6,17.684589903613,-1.337397811456));
#4180 = LINE('',#4181,#4182);
#4181 = CARTESIAN_POINT('',(-3.6,17.684589903613,-0.92));
#4182 = VECTOR('',#4183,1.);
#4183 = DIRECTION('',(0.,0.,-1.));
#4184 = ORIENTED_EDGE('',*,*,#4185,.F.);
#4185 = EDGE_CURVE('',#4186,#4178,#4188,.T.);
#4186 = VERTEX_POINT('',#4187);
#4187 = CARTESIAN_POINT('',(-3.6,18.351241781816,-1.349929354026));
#4188 = LINE('',#4189,#4190);
#4189 = CARTESIAN_POINT('',(-3.6,15.360416968375,-1.293708634194));
#4190 = VECTOR('',#4191,1.);
#4191 = DIRECTION('',(0.,-0.999823369466,1.879441058664E-02));
#4192 = ORIENTED_EDGE('',*,*,#4193,.T.);
#4193 = EDGE_CURVE('',#4186,#4194,#4196,.T.);
#4194 = VERTEX_POINT('',#4195);
#4195 = CARTESIAN_POINT('',(-3.6,18.554964673893,-1.15));
#4196 = CIRCLE('',#4197,0.199964673893);
#4197 = AXIS2_PLACEMENT_3D('',#4198,#4199,#4200);
#4198 = CARTESIAN_POINT('',(-3.6,18.355,-1.15));
#4199 = DIRECTION('',(1.,0.,0.));
#4200 = DIRECTION('',(0.,1.,0.));
#4201 = ORIENTED_EDGE('',*,*,#4202,.F.);
#4202 = EDGE_CURVE('',#4203,#4194,#4205,.T.);
#4203 = VERTEX_POINT('',#4204);
#4204 = CARTESIAN_POINT('',(-3.6,18.554964673893,-0.87));
#4205 = LINE('',#4206,#4207);
#4206 = CARTESIAN_POINT('',(-3.6,18.554964673893,-0.966705579236));
#4207 = VECTOR('',#4208,1.);
#4208 = DIRECTION('',(0.,0.,-1.));
#4209 = ORIENTED_EDGE('',*,*,#4210,.T.);
#4210 = EDGE_CURVE('',#4203,#4211,#4213,.T.);
#4211 = VERTEX_POINT('',#4212);
#4212 = CARTESIAN_POINT('',(-3.6,18.355,-0.670035326107));
#4213 = CIRCLE('',#4214,0.199964673893);
#4214 = AXIS2_PLACEMENT_3D('',#4215,#4216,#4217);
#4215 = CARTESIAN_POINT('',(-3.6,18.355,-0.87));
#4216 = DIRECTION('',(1.,0.,0.));
#4217 = DIRECTION('',(0.,1.,0.));
#4218 = ORIENTED_EDGE('',*,*,#4219,.F.);
#4219 = EDGE_CURVE('',#1164,#4211,#4220,.T.);
#4220 = LINE('',#4221,#4222);
#4221 = CARTESIAN_POINT('',(-3.6,18.291603055139,-0.670035326107));
#4222 = VECTOR('',#4223,1.);
#4223 = DIRECTION('',(0.,1.,0.));
#4224 = ORIENTED_EDGE('',*,*,#1171,.T.);
#4225 = ORIENTED_EDGE('',*,*,#4226,.T.);
#4226 = EDGE_CURVE('',#1172,#4144,#4227,.T.);
#4227 = LINE('',#4228,#4229);
#4228 = CARTESIAN_POINT('',(-3.6,18.291603055139,-0.5));
#4229 = VECTOR('',#4230,1.);
#4230 = DIRECTION('',(0.,1.,0.));
#4231 = PLANE('',#4232);
#4232 = AXIS2_PLACEMENT_3D('',#4233,#4234,#4235);
#4233 = CARTESIAN_POINT('',(-3.6,18.228206110278,-0.783411158472));
#4234 = DIRECTION('',(-1.,-0.,-0.));
#4235 = DIRECTION('',(0.,0.,-1.));
#4236 = ADVANCED_FACE('',(#4237),#4248,.F.);
#4237 = FACE_BOUND('',#4238,.F.);
#4238 = EDGE_LOOP('',(#4239,#4240,#4246,#4247));
#4239 = ORIENTED_EDGE('',*,*,#3779,.F.);
#4240 = ORIENTED_EDGE('',*,*,#4241,.T.);
#4241 = EDGE_CURVE('',#3780,#4211,#4242,.T.);
#4242 = LINE('',#4243,#4244);
#4243 = CARTESIAN_POINT('',(5.5,18.355,-0.670035326107));
#4244 = VECTOR('',#4245,1.);
#4245 = DIRECTION('',(-1.,-0.,-0.));
#4246 = ORIENTED_EDGE('',*,*,#4219,.F.);
#4247 = ORIENTED_EDGE('',*,*,#1194,.F.);
#4248 = PLANE('',#4249);
#4249 = AXIS2_PLACEMENT_3D('',#4250,#4251,#4252);
#4250 = CARTESIAN_POINT('',(5.5,18.355,-0.670035326107));
#4251 = DIRECTION('',(0.,0.,1.));
#4252 = DIRECTION('',(0.,-1.,0.));
#4253 = ADVANCED_FACE('',(#4254,#4333),#4367,.T.);
#4254 = FACE_BOUND('',#4255,.T.);
#4255 = EDGE_LOOP('',(#4256,#4257,#4258,#4266,#4275,#4283,#4292,#4300,
    #4309,#4317,#4326,#4332));
#4256 = ORIENTED_EDGE('',*,*,#1334,.F.);
#4257 = ORIENTED_EDGE('',*,*,#1302,.T.);
#4258 = ORIENTED_EDGE('',*,*,#4259,.T.);
#4259 = EDGE_CURVE('',#1295,#4260,#4262,.T.);
#4260 = VERTEX_POINT('',#4261);
#4261 = CARTESIAN_POINT('',(10.26,-4.4025,-1.76));
#4262 = LINE('',#4263,#4264);
#4263 = CARTESIAN_POINT('',(10.26,3.7975,-1.76));
#4264 = VECTOR('',#4265,1.);
#4265 = DIRECTION('',(0.,-1.,0.));
#4266 = ORIENTED_EDGE('',*,*,#4267,.T.);
#4267 = EDGE_CURVE('',#4260,#4268,#4270,.T.);
#4268 = VERTEX_POINT('',#4269);
#4269 = CARTESIAN_POINT('',(10.16,-4.5025,-1.76));
#4270 = CIRCLE('',#4271,0.1);
#4271 = AXIS2_PLACEMENT_3D('',#4272,#4273,#4274);
#4272 = CARTESIAN_POINT('',(10.16,-4.4025,-1.76));
#4273 = DIRECTION('',(0.,0.,-1.));
#4274 = DIRECTION('',(1.,0.,0.));
#4275 = ORIENTED_EDGE('',*,*,#4276,.T.);
#4276 = EDGE_CURVE('',#4268,#4277,#4279,.T.);
#4277 = VERTEX_POINT('',#4278);
#4278 = CARTESIAN_POINT('',(6.78,-4.5025,-1.76));
#4279 = LINE('',#4280,#4281);
#4280 = CARTESIAN_POINT('',(10.16,-4.5025,-1.76));
#4281 = VECTOR('',#4282,1.);
#4282 = DIRECTION('',(-1.,0.,0.));
#4283 = ORIENTED_EDGE('',*,*,#4284,.T.);
#4284 = EDGE_CURVE('',#4277,#4285,#4287,.T.);
#4285 = VERTEX_POINT('',#4286);
#4286 = CARTESIAN_POINT('',(6.68,-4.4025,-1.76));
#4287 = CIRCLE('',#4288,0.1);
#4288 = AXIS2_PLACEMENT_3D('',#4289,#4290,#4291);
#4289 = CARTESIAN_POINT('',(6.78,-4.4025,-1.76));
#4290 = DIRECTION('',(0.,0.,-1.));
#4291 = DIRECTION('',(1.,0.,0.));
#4292 = ORIENTED_EDGE('',*,*,#4293,.T.);
#4293 = EDGE_CURVE('',#4285,#4294,#4296,.T.);
#4294 = VERTEX_POINT('',#4295);
#4295 = CARTESIAN_POINT('',(6.68,3.7975,-1.76));
#4296 = LINE('',#4297,#4298);
#4297 = CARTESIAN_POINT('',(6.68,-4.4025,-1.76));
#4298 = VECTOR('',#4299,1.);
#4299 = DIRECTION('',(0.,1.,0.));
#4300 = ORIENTED_EDGE('',*,*,#4301,.T.);
#4301 = EDGE_CURVE('',#4294,#4302,#4304,.T.);
#4302 = VERTEX_POINT('',#4303);
#4303 = CARTESIAN_POINT('',(6.78,3.8975,-1.76));
#4304 = CIRCLE('',#4305,0.1);
#4305 = AXIS2_PLACEMENT_3D('',#4306,#4307,#4308);
#4306 = CARTESIAN_POINT('',(6.78,3.7975,-1.76));
#4307 = DIRECTION('',(0.,0.,-1.));
#4308 = DIRECTION('',(1.,0.,0.));
#4309 = ORIENTED_EDGE('',*,*,#4310,.T.);
#4310 = EDGE_CURVE('',#4302,#4311,#4313,.T.);
#4311 = VERTEX_POINT('',#4312);
#4312 = CARTESIAN_POINT('',(10.16,3.8975,-1.76));
#4313 = LINE('',#4314,#4315);
#4314 = CARTESIAN_POINT('',(6.78,3.8975,-1.76));
#4315 = VECTOR('',#4316,1.);
#4316 = DIRECTION('',(1.,0.,0.));
#4317 = ORIENTED_EDGE('',*,*,#4318,.T.);
#4318 = EDGE_CURVE('',#4311,#4319,#4321,.T.);
#4319 = VERTEX_POINT('',#4320);
#4320 = CARTESIAN_POINT('',(10.26,3.7975,-1.76));
#4321 = CIRCLE('',#4322,0.1);
#4322 = AXIS2_PLACEMENT_3D('',#4323,#4324,#4325);
#4323 = CARTESIAN_POINT('',(10.16,3.7975,-1.76));
#4324 = DIRECTION('',(0.,0.,-1.));
#4325 = DIRECTION('',(1.,0.,0.));
#4326 = ORIENTED_EDGE('',*,*,#4327,.T.);
#4327 = EDGE_CURVE('',#4319,#1372,#4328,.T.);
#4328 = LINE('',#4329,#4330);
#4329 = CARTESIAN_POINT('',(10.26,3.7975,-1.76));
#4330 = VECTOR('',#4331,1.);
#4331 = DIRECTION('',(0.,-1.,0.));
#4332 = ORIENTED_EDGE('',*,*,#1371,.T.);
#4333 = FACE_BOUND('',#4334,.T.);
#4334 = EDGE_LOOP('',(#4335,#4345,#4353,#4361));
#4335 = ORIENTED_EDGE('',*,*,#4336,.F.);
#4336 = EDGE_CURVE('',#4337,#4339,#4341,.T.);
#4337 = VERTEX_POINT('',#4338);
#4338 = CARTESIAN_POINT('',(7.77,-4.2025,-1.76));
#4339 = VERTEX_POINT('',#4340);
#4340 = CARTESIAN_POINT('',(7.77,3.5975,-1.76));
#4341 = LINE('',#4342,#4343);
#4342 = CARTESIAN_POINT('',(7.77,-4.2025,-1.76));
#4343 = VECTOR('',#4344,1.);
#4344 = DIRECTION('',(0.,1.,0.));
#4345 = ORIENTED_EDGE('',*,*,#4346,.F.);
#4346 = EDGE_CURVE('',#4347,#4337,#4349,.T.);
#4347 = VERTEX_POINT('',#4348);
#4348 = CARTESIAN_POINT('',(9.17,-4.2025,-1.76));
#4349 = LINE('',#4350,#4351);
#4350 = CARTESIAN_POINT('',(9.17,-4.2025,-1.76));
#4351 = VECTOR('',#4352,1.);
#4352 = DIRECTION('',(-1.,0.,0.));
#4353 = ORIENTED_EDGE('',*,*,#4354,.F.);
#4354 = EDGE_CURVE('',#4355,#4347,#4357,.T.);
#4355 = VERTEX_POINT('',#4356);
#4356 = CARTESIAN_POINT('',(9.17,3.5975,-1.76));
#4357 = LINE('',#4358,#4359);
#4358 = CARTESIAN_POINT('',(9.17,3.5975,-1.76));
#4359 = VECTOR('',#4360,1.);
#4360 = DIRECTION('',(0.,-1.,0.));
#4361 = ORIENTED_EDGE('',*,*,#4362,.F.);
#4362 = EDGE_CURVE('',#4339,#4355,#4363,.T.);
#4363 = LINE('',#4364,#4365);
#4364 = CARTESIAN_POINT('',(7.77,3.5975,-1.76));
#4365 = VECTOR('',#4366,1.);
#4366 = DIRECTION('',(1.,0.,0.));
#4367 = PLANE('',#4368);
#4368 = AXIS2_PLACEMENT_3D('',#4369,#4370,#4371);
#4369 = CARTESIAN_POINT('',(12.087066722754,-0.3025,-1.76));
#4370 = DIRECTION('',(-0.,-0.,-1.));
#4371 = DIRECTION('',(-1.,0.,0.));
#4372 = ADVANCED_FACE('',(#4373),#4419,.T.);
#4373 = FACE_BOUND('',#4374,.T.);
#4374 = EDGE_LOOP('',(#4375,#4383,#4389,#4390,#4391,#4397,#4398,#4399,
    #4407,#4413));
#4375 = ORIENTED_EDGE('',*,*,#4376,.T.);
#4376 = EDGE_CURVE('',#1262,#4377,#4379,.T.);
#4377 = VERTEX_POINT('',#4378);
#4378 = CARTESIAN_POINT('',(10.26,-4.4025,-1.24));
#4379 = LINE('',#4380,#4381);
#4380 = CARTESIAN_POINT('',(10.26,3.7975,-1.24));
#4381 = VECTOR('',#4382,1.);
#4382 = DIRECTION('',(0.,-1.,0.));
#4383 = ORIENTED_EDGE('',*,*,#4384,.T.);
#4384 = EDGE_CURVE('',#4377,#4260,#4385,.T.);
#4385 = LINE('',#4386,#4387);
#4386 = CARTESIAN_POINT('',(10.26,-4.4025,-1.24));
#4387 = VECTOR('',#4388,1.);
#4388 = DIRECTION('',(0.,0.,-1.));
#4389 = ORIENTED_EDGE('',*,*,#4259,.F.);
#4390 = ORIENTED_EDGE('',*,*,#1294,.F.);
#4391 = ORIENTED_EDGE('',*,*,#4392,.T.);
#4392 = EDGE_CURVE('',#1287,#1380,#4393,.T.);
#4393 = LINE('',#4394,#4395);
#4394 = CARTESIAN_POINT('',(10.26,-3.6,-1.44));
#4395 = VECTOR('',#4396,1.);
#4396 = DIRECTION('',(0.,1.,-2.22044604925E-16));
#4397 = ORIENTED_EDGE('',*,*,#1379,.T.);
#4398 = ORIENTED_EDGE('',*,*,#4327,.F.);
#4399 = ORIENTED_EDGE('',*,*,#4400,.F.);
#4400 = EDGE_CURVE('',#4401,#4319,#4403,.T.);
#4401 = VERTEX_POINT('',#4402);
#4402 = CARTESIAN_POINT('',(10.26,3.7975,-1.24));
#4403 = LINE('',#4404,#4405);
#4404 = CARTESIAN_POINT('',(10.26,3.7975,-1.24));
#4405 = VECTOR('',#4406,1.);
#4406 = DIRECTION('',(0.,0.,-1.));
#4407 = ORIENTED_EDGE('',*,*,#4408,.T.);
#4408 = EDGE_CURVE('',#4401,#1405,#4409,.T.);
#4409 = LINE('',#4410,#4411);
#4410 = CARTESIAN_POINT('',(10.26,3.7975,-1.24));
#4411 = VECTOR('',#4412,1.);
#4412 = DIRECTION('',(0.,-1.,0.));
#4413 = ORIENTED_EDGE('',*,*,#4414,.F.);
#4414 = EDGE_CURVE('',#1262,#1405,#4415,.T.);
#4415 = LINE('',#4416,#4417);
#4416 = CARTESIAN_POINT('',(10.26,-3.6,-1.24));
#4417 = VECTOR('',#4418,1.);
#4418 = DIRECTION('',(0.,1.,-2.22044604925E-16));
#4419 = PLANE('',#4420);
#4420 = AXIS2_PLACEMENT_3D('',#4421,#4422,#4423);
#4421 = CARTESIAN_POINT('',(10.26,-0.3025,-1.386814159292));
#4422 = DIRECTION('',(1.,0.,2.9173085114E-15));
#4423 = DIRECTION('',(-2.9173085114E-15,0.,1.));
#4424 = ADVANCED_FACE('',(#4425),#4436,.T.);
#4425 = FACE_BOUND('',#4426,.T.);
#4426 = EDGE_LOOP('',(#4427,#4428,#4434,#4435));
#4427 = ORIENTED_EDGE('',*,*,#1286,.F.);
#4428 = ORIENTED_EDGE('',*,*,#4429,.T.);
#4429 = EDGE_CURVE('',#1278,#1388,#4430,.T.);
#4430 = LINE('',#4431,#4432);
#4431 = CARTESIAN_POINT('',(17.76,-3.6,-1.44));
#4432 = VECTOR('',#4433,1.);
#4433 = DIRECTION('',(0.,1.,-2.22044604925E-16));
#4434 = ORIENTED_EDGE('',*,*,#1387,.T.);
#4435 = ORIENTED_EDGE('',*,*,#4392,.F.);
#4436 = PLANE('',#4437);
#4437 = AXIS2_PLACEMENT_3D('',#4438,#4439,#4440);
#4438 = CARTESIAN_POINT('',(17.76,-3.6,-1.44));
#4439 = DIRECTION('',(0.,2.22044604925E-16,1.));
#4440 = DIRECTION('',(-1.,0.,0.));
#4441 = ADVANCED_FACE('',(#4442),#4453,.F.);
#4442 = FACE_BOUND('',#4443,.F.);
#4443 = EDGE_LOOP('',(#4444,#4445,#4446,#4447));
#4444 = ORIENTED_EDGE('',*,*,#1277,.F.);
#4445 = ORIENTED_EDGE('',*,*,#4429,.T.);
#4446 = ORIENTED_EDGE('',*,*,#1395,.T.);
#4447 = ORIENTED_EDGE('',*,*,#4448,.F.);
#4448 = EDGE_CURVE('',#1270,#1396,#4449,.T.);
#4449 = LINE('',#4450,#4451);
#4450 = CARTESIAN_POINT('',(17.76,-3.6,-1.24));
#4451 = VECTOR('',#4452,1.);
#4452 = DIRECTION('',(0.,1.,-2.22044604925E-16));
#4453 = CYLINDRICAL_SURFACE('',#4454,0.1);
#4454 = AXIS2_PLACEMENT_3D('',#4455,#4456,#4457);
#4455 = CARTESIAN_POINT('',(17.76,-3.6,-1.34));
#4456 = DIRECTION('',(0.,-1.,2.22044604925E-16));
#4457 = DIRECTION('',(1.,0.,0.));
#4458 = ADVANCED_FACE('',(#4459),#4465,.T.);
#4459 = FACE_BOUND('',#4460,.T.);
#4460 = EDGE_LOOP('',(#4461,#4462,#4463,#4464));
#4461 = ORIENTED_EDGE('',*,*,#1269,.F.);
#4462 = ORIENTED_EDGE('',*,*,#4414,.T.);
#4463 = ORIENTED_EDGE('',*,*,#1404,.T.);
#4464 = ORIENTED_EDGE('',*,*,#4448,.F.);
#4465 = PLANE('',#4466);
#4466 = AXIS2_PLACEMENT_3D('',#4467,#4468,#4469);
#4467 = CARTESIAN_POINT('',(10.26,-3.6,-1.24));
#4468 = DIRECTION('',(0.,-2.22044604925E-16,-1.));
#4469 = DIRECTION('',(1.,0.,0.));
#4470 = ADVANCED_FACE('',(#4471),#4507,.T.);
#4471 = FACE_BOUND('',#4472,.T.);
#4472 = EDGE_LOOP('',(#4473,#4481,#4490,#4498,#4505,#4506));
#4473 = ORIENTED_EDGE('',*,*,#4474,.F.);
#4474 = EDGE_CURVE('',#4475,#1254,#4477,.T.);
#4475 = VERTEX_POINT('',#4476);
#4476 = CARTESIAN_POINT('',(6.68,-4.4025,-1.24));
#4477 = LINE('',#4478,#4479);
#4478 = CARTESIAN_POINT('',(6.68,-4.4025,-1.24));
#4479 = VECTOR('',#4480,1.);
#4480 = DIRECTION('',(0.,1.,0.));
#4481 = ORIENTED_EDGE('',*,*,#4482,.F.);
#4482 = EDGE_CURVE('',#4483,#4475,#4485,.T.);
#4483 = VERTEX_POINT('',#4484);
#4484 = CARTESIAN_POINT('',(6.78,-4.5025,-1.24));
#4485 = CIRCLE('',#4486,0.1);
#4486 = AXIS2_PLACEMENT_3D('',#4487,#4488,#4489);
#4487 = CARTESIAN_POINT('',(6.78,-4.4025,-1.24));
#4488 = DIRECTION('',(0.,0.,-1.));
#4489 = DIRECTION('',(1.,0.,0.));
#4490 = ORIENTED_EDGE('',*,*,#4491,.F.);
#4491 = EDGE_CURVE('',#4492,#4483,#4494,.T.);
#4492 = VERTEX_POINT('',#4493);
#4493 = CARTESIAN_POINT('',(10.16,-4.5025,-1.24));
#4494 = LINE('',#4495,#4496);
#4495 = CARTESIAN_POINT('',(10.16,-4.5025,-1.24));
#4496 = VECTOR('',#4497,1.);
#4497 = DIRECTION('',(-1.,0.,0.));
#4498 = ORIENTED_EDGE('',*,*,#4499,.F.);
#4499 = EDGE_CURVE('',#4377,#4492,#4500,.T.);
#4500 = CIRCLE('',#4501,0.1);
#4501 = AXIS2_PLACEMENT_3D('',#4502,#4503,#4504);
#4502 = CARTESIAN_POINT('',(10.16,-4.4025,-1.24));
#4503 = DIRECTION('',(0.,0.,-1.));
#4504 = DIRECTION('',(1.,0.,0.));
#4505 = ORIENTED_EDGE('',*,*,#4376,.F.);
#4506 = ORIENTED_EDGE('',*,*,#1261,.F.);
#4507 = PLANE('',#4508);
#4508 = AXIS2_PLACEMENT_3D('',#4509,#4510,#4511);
#4509 = CARTESIAN_POINT('',(8.47,-0.3025,-1.24));
#4510 = DIRECTION('',(0.,0.,1.));
#4511 = DIRECTION('',(1.,0.,0.));
#4512 = ADVANCED_FACE('',(#4513),#4533,.T.);
#4513 = FACE_BOUND('',#4514,.T.);
#4514 = EDGE_LOOP('',(#4515,#4516,#4517,#4526,#4532));
#4515 = ORIENTED_EDGE('',*,*,#1412,.F.);
#4516 = ORIENTED_EDGE('',*,*,#4408,.F.);
#4517 = ORIENTED_EDGE('',*,*,#4518,.F.);
#4518 = EDGE_CURVE('',#4519,#4401,#4521,.T.);
#4519 = VERTEX_POINT('',#4520);
#4520 = CARTESIAN_POINT('',(10.16,3.8975,-1.24));
#4521 = CIRCLE('',#4522,0.1);
#4522 = AXIS2_PLACEMENT_3D('',#4523,#4524,#4525);
#4523 = CARTESIAN_POINT('',(10.16,3.7975,-1.24));
#4524 = DIRECTION('',(0.,0.,-1.));
#4525 = DIRECTION('',(1.,0.,0.));
#4526 = ORIENTED_EDGE('',*,*,#4527,.F.);
#4527 = EDGE_CURVE('',#1437,#4519,#4528,.T.);
#4528 = LINE('',#4529,#4530);
#4529 = CARTESIAN_POINT('',(6.78,3.8975,-1.24));
#4530 = VECTOR('',#4531,1.);
#4531 = DIRECTION('',(1.,0.,0.));
#4532 = ORIENTED_EDGE('',*,*,#1436,.F.);
#4533 = PLANE('',#4534);
#4534 = AXIS2_PLACEMENT_3D('',#4535,#4536,#4537);
#4535 = CARTESIAN_POINT('',(8.47,-0.3025,-1.24));
#4536 = DIRECTION('',(0.,0.,1.));
#4537 = DIRECTION('',(1.,0.,0.));
#4538 = ADVANCED_FACE('',(#4539),#4625,.F.);
#4539 = FACE_BOUND('',#4540,.F.);
#4540 = EDGE_LOOP('',(#4541,#4549,#4550,#4551,#4552,#4553,#4554,#4562,
    #4593,#4594));
#4541 = ORIENTED_EDGE('',*,*,#4542,.F.);
#4542 = EDGE_CURVE('',#1785,#4543,#4545,.T.);
#4543 = VERTEX_POINT('',#4544);
#4544 = CARTESIAN_POINT('',(-2.707947415595,-18.66733752115,-0.82));
#4545 = LINE('',#4546,#4547);
#4546 = CARTESIAN_POINT('',(-9.62,-18.66733752115,-0.82));
#4547 = VECTOR('',#4548,1.);
#4548 = DIRECTION('',(-1.,0.,0.));
#4549 = ORIENTED_EDGE('',*,*,#1792,.F.);
#4550 = ORIENTED_EDGE('',*,*,#1801,.F.);
#4551 = ORIENTED_EDGE('',*,*,#1618,.T.);
#4552 = ORIENTED_EDGE('',*,*,#1640,.T.);
#4553 = ORIENTED_EDGE('',*,*,#1649,.T.);
#4554 = ORIENTED_EDGE('',*,*,#4555,.F.);
#4555 = EDGE_CURVE('',#4556,#1650,#4558,.T.);
#4556 = VERTEX_POINT('',#4557);
#4557 = CARTESIAN_POINT('',(2.707947415595,-18.66733752115,-0.82));
#4558 = LINE('',#4559,#4560);
#4559 = CARTESIAN_POINT('',(-9.62,-18.66733752115,-0.82));
#4560 = VECTOR('',#4561,1.);
#4561 = DIRECTION('',(-1.,0.,0.));
#4562 = ORIENTED_EDGE('',*,*,#4563,.T.);
#4563 = EDGE_CURVE('',#4556,#3915,#4564,.T.);
#4564 = ( BOUNDED_CURVE() B_SPLINE_CURVE(14,(#4565,#4566,#4567,#4568,
    #4569,#4570,#4571,#4572,#4573,#4574,#4575,#4576,#4577,#4578,#4579,
    #4580,#4581,#4582,#4583,#4584,#4585,#4586,#4587,#4588,#4589,#4590,
#4591,#4592),.UNSPECIFIED.,.F.,.F.) B_SPLINE_CURVE_WITH_KNOTS((15,13,15)
  ,(-2.64124672804E-02,-2.36333131253E-02,9.259420303443E-02),
.UNSPECIFIED.) CURVE() GEOMETRIC_REPRESENTATION_ITEM() 
RATIONAL_B_SPLINE_CURVE((1.079968737106,1.079998084267,1.08002291648,
    1.080043233745,1.080059036063,1.080070323432,1.080077095854,
    1.080079353328,1.080077095854,1.080070323432,1.080059036063,
    1.080043233745,1.08002291648,1.079998084267,1.078741404101,
    1.075498017309,1.069302611678,1.061043068844,1.050393181543,
    1.052558719056,1.043545134721,1.043461015068,1.039976312954,
    1.037985096838,1.03611745848,1.03439153555,1.032836960033,
1.031393471788)) REPRESENTATION_ITEM('') );
#4565 = CARTESIAN_POINT('',(2.704181520757,-18.66945442149,
    -0.832927218141));
#4566 = CARTESIAN_POINT('',(2.704396143254,-18.66933374221,
    -0.832165971242));
#4567 = CARTESIAN_POINT('',(2.704606405965,-18.66921551438,
    -0.831420188118));
#4568 = CARTESIAN_POINT('',(2.704812311826,-18.66909973635,
    -0.83068985835));
#4569 = CARTESIAN_POINT('',(2.705013863667,-18.66898640652,
    -0.829974971906));
#4570 = CARTESIAN_POINT('',(2.705211064205,-18.66887552337,
    -0.829275519144));
#4571 = CARTESIAN_POINT('',(2.705403916051,-18.66876708543,
    -0.828591490808));
#4572 = CARTESIAN_POINT('',(2.705592421704,-18.6686610913,-0.82792287803
    ));
#4573 = CARTESIAN_POINT('',(2.705776583556,-18.66855753962,
    -0.827269672329));
#4574 = CARTESIAN_POINT('',(2.70595640389,-18.66845642912,
    -0.826631865608));
#4575 = CARTESIAN_POINT('',(2.706131884877,-18.66835775858,
    -0.826009450161));
#4576 = CARTESIAN_POINT('',(2.706303028584,-18.66826152682,
    -0.825402418662));
#4577 = CARTESIAN_POINT('',(2.706469836966,-18.66816773277,
    -0.824810764175));
#4578 = CARTESIAN_POINT('',(2.70663231187,-18.66807637536,
    -0.824234480147));
#4579 = CARTESIAN_POINT('',(2.713411894076,-18.66426430955,
    -0.800187905348));
#4580 = CARTESIAN_POINT('',(2.731172567991,-18.65423620973,
    -0.774970992852));
#4581 = CARTESIAN_POINT('',(2.762530488354,-18.63786355527,
    -0.753470110555));
#4582 = CARTESIAN_POINT('',(2.809508497999,-18.61120884826,
    -0.744585133631));
#4583 = CARTESIAN_POINT('',(2.825606784011,-18.619490654,-0.757186907344
    ));
#4584 = CARTESIAN_POINT('',(2.862223905865,-18.59826466414,
    -0.726474529995));
#4585 = CARTESIAN_POINT('',(2.865103238584,-18.60038069075,
    -0.755221649438));
#4586 = CARTESIAN_POINT('',(2.898053064492,-18.59080457959,
    -0.728189972551));
#4587 = CARTESIAN_POINT('',(2.901807409531,-18.58715994262,
    -0.743187313631));
#4588 = CARTESIAN_POINT('',(2.921497603682,-18.58205371306,
    -0.734737725587));
#4589 = CARTESIAN_POINT('',(2.932135780376,-18.57760928029,
    -0.736774746389));
#4590 = CARTESIAN_POINT('',(2.944671513201,-18.57328743794,
    -0.735834322132));
#4591 = CARTESIAN_POINT('',(2.956081246354,-18.56909520383,
    -0.73572647394));
#4592 = CARTESIAN_POINT('',(2.967117796414,-18.565,-0.73572647394));
#4593 = ORIENTED_EDGE('',*,*,#3914,.F.);
#4594 = ORIENTED_EDGE('',*,*,#4595,.F.);
#4595 = EDGE_CURVE('',#4543,#3904,#4596,.T.);
#4596 = ( BOUNDED_CURVE() B_SPLINE_CURVE(14,(#4597,#4598,#4599,#4600,
    #4601,#4602,#4603,#4604,#4605,#4606,#4607,#4608,#4609,#4610,#4611,
    #4612,#4613,#4614,#4615,#4616,#4617,#4618,#4619,#4620,#4621,#4622,
#4623,#4624),.UNSPECIFIED.,.F.,.F.) B_SPLINE_CURVE_WITH_KNOTS((15,13,15)
  ,(-2.641246728036E-02,-2.363331312525E-02,9.259420303421E-02),
.UNSPECIFIED.) CURVE() GEOMETRIC_REPRESENTATION_ITEM() 
RATIONAL_B_SPLINE_CURVE((1.079968737106,1.079998084267,1.08002291648,
    1.080043233745,1.080059036063,1.080070323432,1.080077095854,
    1.080079353328,1.080077095854,1.080070323432,1.080059036063,
    1.080043233745,1.08002291648,1.079998084267,1.078741404101,
    1.075498017306,1.069302611697,1.061043068773,1.050393181693,
    1.052558718851,1.043545134919,1.043461014925,1.03997631303,
    1.037985096808,1.036117458489,1.034391535549,1.032836960033,
1.031393471788)) REPRESENTATION_ITEM('') );
#4597 = CARTESIAN_POINT('',(-2.704181520757,-18.66945442149,
    -0.832927218141));
#4598 = CARTESIAN_POINT('',(-2.704396143254,-18.66933374221,
    -0.832165971242));
#4599 = CARTESIAN_POINT('',(-2.704606405965,-18.66921551438,
    -0.831420188118));
#4600 = CARTESIAN_POINT('',(-2.704812311826,-18.66909973635,
    -0.83068985835));
#4601 = CARTESIAN_POINT('',(-2.705013863667,-18.66898640652,
    -0.829974971906));
#4602 = CARTESIAN_POINT('',(-2.705211064205,-18.66887552337,
    -0.829275519144));
#4603 = CARTESIAN_POINT('',(-2.705403916051,-18.66876708543,
    -0.828591490808));
#4604 = CARTESIAN_POINT('',(-2.705592421704,-18.6686610913,
    -0.82792287803));
#4605 = CARTESIAN_POINT('',(-2.705776583556,-18.66855753962,
    -0.827269672328));
#4606 = CARTESIAN_POINT('',(-2.70595640389,-18.66845642912,
    -0.826631865608));
#4607 = CARTESIAN_POINT('',(-2.706131884877,-18.66835775858,
    -0.82600945016));
#4608 = CARTESIAN_POINT('',(-2.706303028584,-18.66826152682,
    -0.825402418662));
#4609 = CARTESIAN_POINT('',(-2.706469836966,-18.66816773277,
    -0.824810764174));
#4610 = CARTESIAN_POINT('',(-2.70663231187,-18.66807637536,
    -0.824234480146));
#4611 = CARTESIAN_POINT('',(-2.713411894077,-18.66426430955,
    -0.800187905348));
#4612 = CARTESIAN_POINT('',(-2.731172567999,-18.65423620973,
    -0.774970992849));
#4613 = CARTESIAN_POINT('',(-2.762530488292,-18.6378635553,
    -0.753470110572));
#4614 = CARTESIAN_POINT('',(-2.809508498251,-18.61120884817,
    -0.744585133555));
#4615 = CARTESIAN_POINT('',(-2.825606783453,-18.61949065421,
    -0.757186907531));
#4616 = CARTESIAN_POINT('',(-2.862223906638,-18.59826466383,
    -0.726474529704));
#4617 = CARTESIAN_POINT('',(-2.865103237825,-18.60038069107,
    -0.755221649743));
#4618 = CARTESIAN_POINT('',(-2.898053065038,-18.59080457935,
    -0.728189972314));
#4619 = CARTESIAN_POINT('',(-2.901807409245,-18.58715994275,
    -0.743187313761));
#4620 = CARTESIAN_POINT('',(-2.921497603789,-18.58205371301,
    -0.734737725536));
#4621 = CARTESIAN_POINT('',(-2.93213578035,-18.5776092803,
    -0.736774746402));
#4622 = CARTESIAN_POINT('',(-2.944671513204,-18.57328743794,
    -0.73583432213));
#4623 = CARTESIAN_POINT('',(-2.956081246354,-18.56909520383,
    -0.73572647394));
#4624 = CARTESIAN_POINT('',(-2.967117796414,-18.565,-0.73572647394));
#4625 = CYLINDRICAL_SURFACE('',#4626,0.10427352606);
#4626 = AXIS2_PLACEMENT_3D('',#4627,#4628,#4629);
#4627 = CARTESIAN_POINT('',(-9.62,-18.565,-0.84));
#4628 = DIRECTION('',(-1.,0.,0.));
#4629 = DIRECTION('',(0.,-1.,0.));
#4630 = ADVANCED_FACE('',(#4631),#4672,.F.);
#4631 = FACE_BOUND('',#4632,.F.);
#4632 = EDGE_LOOP('',(#4633,#4634,#4635,#4636,#4637));
#4633 = ORIENTED_EDGE('',*,*,#4555,.T.);
#4634 = ORIENTED_EDGE('',*,*,#1658,.F.);
#4635 = ORIENTED_EDGE('',*,*,#1818,.F.);
#4636 = ORIENTED_EDGE('',*,*,#4062,.T.);
#4637 = ORIENTED_EDGE('',*,*,#4638,.T.);
#4638 = EDGE_CURVE('',#4063,#4556,#4639,.T.);
#4639 = B_SPLINE_CURVE_WITH_KNOTS('',4,(#4640,#4641,#4642,#4643,#4644,
    #4645,#4646,#4647,#4648,#4649,#4650,#4651,#4652,#4653,#4654,#4655,
    #4656,#4657,#4658,#4659,#4660,#4661,#4662,#4663,#4664,#4665,#4666,
    #4667,#4668,#4669,#4670,#4671),.UNSPECIFIED.,.F.,.F.,(5,3,3,3,3,3,3,
    3,3,3,5),(0.,0.166944394494,0.26334199411,0.301438909828,
    0.353491441578,0.431366506358,0.503032663513,0.63991771303,
    0.769218730534,0.835162947114,1.),.UNSPECIFIED.);
#4640 = CARTESIAN_POINT('',(2.767616844984,-18.84685356501,-0.82));
#4641 = CARTESIAN_POINT('',(2.775825988127,-18.8404686759,-0.82));
#4642 = CARTESIAN_POINT('',(2.783171425752,-18.83296981368,-0.82));
#4643 = CARTESIAN_POINT('',(2.789429181866,-18.82454247293,-0.82));
#4644 = CARTESIAN_POINT('',(2.797365935056,-18.81018388926,-0.82));
#4645 = CARTESIAN_POINT('',(2.799862504255,-18.80470237456,-0.82));
#4646 = CARTESIAN_POINT('',(2.801923881673,-18.79904348251,-0.82));
#4647 = CARTESIAN_POINT('',(2.804169918104,-18.79097443389,-0.82));
#4648 = CARTESIAN_POINT('',(2.80473560484,-18.78866934115,-0.82));
#4649 = CARTESIAN_POINT('',(2.805229757685,-18.78634804864,-0.82));
#4650 = CARTESIAN_POINT('',(2.806228027988,-18.7808247165,-0.82));
#4651 = CARTESIAN_POINT('',(2.806669487132,-18.77761153339,-0.82));
#4652 = CARTESIAN_POINT('',(2.806974077183,-18.77438289507,-0.82));
#4653 = CARTESIAN_POINT('',(2.807390266224,-18.76630735442,-0.82));
#4654 = CARTESIAN_POINT('',(2.80733118229,-18.7614521984,-0.82));
#4655 = CARTESIAN_POINT('',(2.806960205048,-18.75661173182,-0.82));
#4656 = CARTESIAN_POINT('',(2.805652669145,-18.74740330422,-0.82));
#4657 = CARTESIAN_POINT('',(2.804763583262,-18.74302840202,-0.82));
#4658 = CARTESIAN_POINT('',(2.803613570357,-18.73871539601,-0.82));
#4659 = CARTESIAN_POINT('',(2.799525179624,-18.72641298119,-0.82));
#4660 = CARTESIAN_POINT('',(2.795911581053,-18.71864869175,-0.82));
#4661 = CARTESIAN_POINT('',(2.791410276869,-18.71136269717,-0.82));
#4662 = CARTESIAN_POINT('',(2.781140237973,-18.69839399017,-0.82));
#4663 = CARTESIAN_POINT('',(2.775454915395,-18.69264394993,-0.82));
#4664 = CARTESIAN_POINT('',(2.769165277994,-18.6875588036,-0.82));
#4665 = CARTESIAN_POINT('',(2.758948558406,-18.68099097588,-0.82));
#4666 = CARTESIAN_POINT('',(2.755373744343,-18.67896393969,-0.82));
#4667 = CARTESIAN_POINT('',(2.751691443085,-18.67713738966,-0.82));
#4668 = CARTESIAN_POINT('',(2.738490338237,-18.67146814287,-0.82));
#4669 = CARTESIAN_POINT('',(2.728499616315,-18.66871016512,-0.82));
#4670 = CARTESIAN_POINT('',(2.718224706213,-18.66733669796,-0.82));
#4671 = CARTESIAN_POINT('',(2.707947803255,-18.66733683966,-0.82));
#4672 = PLANE('',#4673);
#4673 = AXIS2_PLACEMENT_3D('',#4674,#4675,#4676);
#4674 = CARTESIAN_POINT('',(2.437009102786E-15,-18.73846745379,-0.82));
#4675 = DIRECTION('',(0.,0.,1.));
#4676 = DIRECTION('',(1.,0.,0.));
#4677 = ADVANCED_FACE('',(#4678),#4719,.F.);
#4678 = FACE_BOUND('',#4679,.F.);
#4679 = EDGE_LOOP('',(#4680,#4681,#4682,#4683,#4684));
#4680 = ORIENTED_EDGE('',*,*,#3995,.F.);
#4681 = ORIENTED_EDGE('',*,*,#1852,.F.);
#4682 = ORIENTED_EDGE('',*,*,#1784,.F.);
#4683 = ORIENTED_EDGE('',*,*,#4542,.T.);
#4684 = ORIENTED_EDGE('',*,*,#4685,.F.);
#4685 = EDGE_CURVE('',#3996,#4543,#4686,.T.);
#4686 = B_SPLINE_CURVE_WITH_KNOTS('',4,(#4687,#4688,#4689,#4690,#4691,
    #4692,#4693,#4694,#4695,#4696,#4697,#4698,#4699,#4700,#4701,#4702,
    #4703,#4704,#4705,#4706,#4707,#4708,#4709,#4710,#4711,#4712,#4713,
    #4714,#4715,#4716,#4717,#4718),.UNSPECIFIED.,.F.,.F.,(5,3,3,3,3,3,3,
    3,3,3,5),(0.,0.166944395007,0.263341994622,0.30143891034,
    0.353491442088,0.431366506867,0.503032664021,0.63991771303,
    0.769218730534,0.835162947114,1.),.UNSPECIFIED.);
#4687 = CARTESIAN_POINT('',(-2.767616844984,-18.84685356501,-0.82));
#4688 = CARTESIAN_POINT('',(-2.775825988152,-18.84046867588,-0.82));
#4689 = CARTESIAN_POINT('',(-2.783171425797,-18.83296981364,-0.82));
#4690 = CARTESIAN_POINT('',(-2.789429181924,-18.82454247285,-0.82));
#4691 = CARTESIAN_POINT('',(-2.797365935112,-18.81018388914,-0.82));
#4692 = CARTESIAN_POINT('',(-2.799862504304,-18.80470237444,-0.82));
#4693 = CARTESIAN_POINT('',(-2.801923881714,-18.79904348239,-0.82));
#4694 = CARTESIAN_POINT('',(-2.804169918135,-18.79097443377,-0.82));
#4695 = CARTESIAN_POINT('',(-2.804735604869,-18.78866934103,-0.82));
#4696 = CARTESIAN_POINT('',(-2.80522975771,-18.78634804851,-0.82));
#4697 = CARTESIAN_POINT('',(-2.806228028006,-18.78082471638,-0.82));
#4698 = CARTESIAN_POINT('',(-2.806669487147,-18.77761153327,-0.82));
#4699 = CARTESIAN_POINT('',(-2.806974077194,-18.77438289495,-0.82));
#4700 = CARTESIAN_POINT('',(-2.807390266225,-18.76630735429,-0.82));
#4701 = CARTESIAN_POINT('',(-2.807331182285,-18.76145219827,-0.82));
#4702 = CARTESIAN_POINT('',(-2.806960205036,-18.7566117317,-0.82));
#4703 = CARTESIAN_POINT('',(-2.805652669122,-18.7474033041,-0.82));
#4704 = CARTESIAN_POINT('',(-2.804763583233,-18.74302840189,-0.82));
#4705 = CARTESIAN_POINT('',(-2.803613570323,-18.73871539589,-0.82));
#4706 = CARTESIAN_POINT('',(-2.799525179584,-18.7264129811,-0.82));
#4707 = CARTESIAN_POINT('',(-2.79591158102,-18.7186486917,-0.82));
#4708 = CARTESIAN_POINT('',(-2.791410276849,-18.71136269715,-0.82));
#4709 = CARTESIAN_POINT('',(-2.781140237973,-18.69839399017,-0.82));
#4710 = CARTESIAN_POINT('',(-2.775454915395,-18.69264394993,-0.82));
#4711 = CARTESIAN_POINT('',(-2.769165277995,-18.6875588036,-0.82));
#4712 = CARTESIAN_POINT('',(-2.758948558406,-18.68099097588,-0.82));
#4713 = CARTESIAN_POINT('',(-2.755373744344,-18.67896393969,-0.82));
#4714 = CARTESIAN_POINT('',(-2.751691443085,-18.67713738966,-0.82));
#4715 = CARTESIAN_POINT('',(-2.738490338237,-18.67146814287,-0.82));
#4716 = CARTESIAN_POINT('',(-2.728499616315,-18.66871016512,-0.82));
#4717 = CARTESIAN_POINT('',(-2.718224706213,-18.66733669796,-0.82));
#4718 = CARTESIAN_POINT('',(-2.707947803255,-18.66733683966,-0.82));
#4719 = PLANE('',#4720);
#4720 = AXIS2_PLACEMENT_3D('',#4721,#4722,#4723);
#4721 = CARTESIAN_POINT('',(2.437009102786E-15,-18.73846745379,-0.82));
#4722 = DIRECTION('',(0.,0.,1.));
#4723 = DIRECTION('',(1.,0.,0.));
#4724 = ADVANCED_FACE('',(#4725),#4731,.F.);
#4725 = FACE_BOUND('',#4726,.T.);
#4726 = EDGE_LOOP('',(#4727,#4728,#4729,#4730));
#4727 = ORIENTED_EDGE('',*,*,#1879,.T.);
#4728 = ORIENTED_EDGE('',*,*,#1927,.T.);
#4729 = ORIENTED_EDGE('',*,*,#1951,.T.);
#4730 = ORIENTED_EDGE('',*,*,#1910,.T.);
#4731 = PLANE('',#4732);
#4732 = AXIS2_PLACEMENT_3D('',#4733,#4734,#4735);
#4733 = CARTESIAN_POINT('',(-2.94,-10.8105480712,-1.542477959745));
#4734 = DIRECTION('',(0.,-6.130057873446E-03,0.999981211019));
#4735 = DIRECTION('',(0.,0.999981211019,6.130057873446E-03));
#4736 = ADVANCED_FACE('',(#4737),#4743,.F.);
#4737 = FACE_BOUND('',#4738,.T.);
#4738 = EDGE_LOOP('',(#4739,#4740,#4741,#4742));
#4739 = ORIENTED_EDGE('',*,*,#1975,.T.);
#4740 = ORIENTED_EDGE('',*,*,#1999,.T.);
#4741 = ORIENTED_EDGE('',*,*,#2023,.T.);
#4742 = ORIENTED_EDGE('',*,*,#2047,.T.);
#4743 = PLANE('',#4744);
#4744 = AXIS2_PLACEMENT_3D('',#4745,#4746,#4747);
#4745 = CARTESIAN_POINT('',(-5.338333333334,-12.0220198344,
    -1.399901672902));
#4746 = DIRECTION('',(0.,-6.130057873446E-03,0.999981211019));
#4747 = DIRECTION('',(0.,0.999981211019,6.130057873446E-03));
#4748 = ADVANCED_FACE('',(#4749),#4755,.F.);
#4749 = FACE_BOUND('',#4750,.T.);
#4750 = EDGE_LOOP('',(#4751,#4752,#4753,#4754));
#4751 = ORIENTED_EDGE('',*,*,#2071,.T.);
#4752 = ORIENTED_EDGE('',*,*,#2095,.T.);
#4753 = ORIENTED_EDGE('',*,*,#2119,.T.);
#4754 = ORIENTED_EDGE('',*,*,#2143,.T.);
#4755 = PLANE('',#4756);
#4756 = AXIS2_PLACEMENT_3D('',#4757,#4758,#4759);
#4757 = CARTESIAN_POINT('',(-5.338333333334,-12.0220198344,
    -1.399901672902));
#4758 = DIRECTION('',(0.,-6.130057873446E-03,0.999981211019));
#4759 = DIRECTION('',(0.,0.999981211019,6.130057873446E-03));
#4760 = ADVANCED_FACE('',(#4761),#4767,.F.);
#4761 = FACE_BOUND('',#4762,.T.);
#4762 = EDGE_LOOP('',(#4763,#4764,#4765,#4766));
#4763 = ORIENTED_EDGE('',*,*,#2167,.T.);
#4764 = ORIENTED_EDGE('',*,*,#2191,.T.);
#4765 = ORIENTED_EDGE('',*,*,#2215,.T.);
#4766 = ORIENTED_EDGE('',*,*,#2239,.T.);
#4767 = PLANE('',#4768);
#4768 = AXIS2_PLACEMENT_3D('',#4769,#4770,#4771);
#4769 = CARTESIAN_POINT('',(-5.338333333334,-12.0220198344,
    -1.399901672902));
#4770 = DIRECTION('',(0.,-6.130057873446E-03,0.999981211019));
#4771 = DIRECTION('',(0.,0.999981211019,6.130057873446E-03));
#4772 = ADVANCED_FACE('',(#4773),#4779,.F.);
#4773 = FACE_BOUND('',#4774,.T.);
#4774 = EDGE_LOOP('',(#4775,#4776,#4777,#4778));
#4775 = ORIENTED_EDGE('',*,*,#2263,.T.);
#4776 = ORIENTED_EDGE('',*,*,#2287,.T.);
#4777 = ORIENTED_EDGE('',*,*,#2311,.T.);
#4778 = ORIENTED_EDGE('',*,*,#2335,.T.);
#4779 = PLANE('',#4780);
#4780 = AXIS2_PLACEMENT_3D('',#4781,#4782,#4783);
#4781 = CARTESIAN_POINT('',(-5.338333333334,-12.0220198344,
    -1.399901672902));
#4782 = DIRECTION('',(0.,-6.130057873446E-03,0.999981211019));
#4783 = DIRECTION('',(0.,0.999981211019,6.130057873446E-03));
#4784 = ADVANCED_FACE('',(#4785),#4791,.F.);
#4785 = FACE_BOUND('',#4786,.T.);
#4786 = EDGE_LOOP('',(#4787,#4788,#4789,#4790));
#4787 = ORIENTED_EDGE('',*,*,#2359,.T.);
#4788 = ORIENTED_EDGE('',*,*,#2383,.T.);
#4789 = ORIENTED_EDGE('',*,*,#2407,.T.);
#4790 = ORIENTED_EDGE('',*,*,#2431,.T.);
#4791 = PLANE('',#4792);
#4792 = AXIS2_PLACEMENT_3D('',#4793,#4794,#4795);
#4793 = CARTESIAN_POINT('',(-5.338333333334,-12.0220198344,
    -1.399901672902));
#4794 = DIRECTION('',(0.,-6.130057873446E-03,0.999981211019));
#4795 = DIRECTION('',(0.,0.999981211019,6.130057873446E-03));
#4796 = ADVANCED_FACE('',(#4797),#4803,.F.);
#4797 = FACE_BOUND('',#4798,.T.);
#4798 = EDGE_LOOP('',(#4799,#4800,#4801,#4802));
#4799 = ORIENTED_EDGE('',*,*,#2455,.T.);
#4800 = ORIENTED_EDGE('',*,*,#2479,.T.);
#4801 = ORIENTED_EDGE('',*,*,#2503,.T.);
#4802 = ORIENTED_EDGE('',*,*,#2527,.T.);
#4803 = PLANE('',#4804);
#4804 = AXIS2_PLACEMENT_3D('',#4805,#4806,#4807);
#4805 = CARTESIAN_POINT('',(-5.338333333334,-12.0220198344,
    -1.399901672902));
#4806 = DIRECTION('',(0.,-6.130057873446E-03,0.999981211019));
#4807 = DIRECTION('',(0.,0.999981211019,6.130057873446E-03));
#4808 = ADVANCED_FACE('',(#4809),#4838,.F.);
#4809 = FACE_BOUND('',#4810,.F.);
#4810 = EDGE_LOOP('',(#4811,#4812,#4813,#4814,#4822,#4830,#4836,#4837));
#4811 = ORIENTED_EDGE('',*,*,#2618,.F.);
#4812 = ORIENTED_EDGE('',*,*,#3676,.T.);
#4813 = ORIENTED_EDGE('',*,*,#3660,.T.);
#4814 = ORIENTED_EDGE('',*,*,#4815,.F.);
#4815 = EDGE_CURVE('',#4816,#3653,#4818,.T.);
#4816 = VERTEX_POINT('',#4817);
#4817 = CARTESIAN_POINT('',(-9.93,-0.265,-1.84));
#4818 = LINE('',#4819,#4820);
#4819 = CARTESIAN_POINT('',(-9.93,-0.265,-1.74));
#4820 = VECTOR('',#4821,1.);
#4821 = DIRECTION('',(-0.,-0.,-1.));
#4822 = ORIENTED_EDGE('',*,*,#4823,.F.);
#4823 = EDGE_CURVE('',#4824,#4816,#4826,.T.);
#4824 = VERTEX_POINT('',#4825);
#4825 = CARTESIAN_POINT('',(-6.61,-0.265,-1.84));
#4826 = LINE('',#4827,#4828);
#4827 = CARTESIAN_POINT('',(-9.195,-0.265,-1.84));
#4828 = VECTOR('',#4829,1.);
#4829 = DIRECTION('',(-1.,0.,0.));
#4830 = ORIENTED_EDGE('',*,*,#4831,.F.);
#4831 = EDGE_CURVE('',#3629,#4824,#4832,.T.);
#4832 = LINE('',#4833,#4834);
#4833 = CARTESIAN_POINT('',(-6.61,-0.265,-1.74));
#4834 = VECTOR('',#4835,1.);
#4835 = DIRECTION('',(0.,0.,1.));
#4836 = ORIENTED_EDGE('',*,*,#3628,.T.);
#4837 = ORIENTED_EDGE('',*,*,#2543,.F.);
#4838 = PLANE('',#4839);
#4839 = AXIS2_PLACEMENT_3D('',#4840,#4841,#4842);
#4840 = CARTESIAN_POINT('',(-10.12,-0.265,-1.24));
#4841 = DIRECTION('',(0.,-1.,0.));
#4842 = DIRECTION('',(1.,0.,0.));
#4843 = ADVANCED_FACE('',(#4844),#4861,.F.);
#4844 = FACE_BOUND('',#4845,.F.);
#4845 = EDGE_LOOP('',(#4846,#4852,#4853,#4859,#4860));
#4846 = ORIENTED_EDGE('',*,*,#4847,.T.);
#4847 = EDGE_CURVE('',#4475,#4285,#4848,.T.);
#4848 = LINE('',#4849,#4850);
#4849 = CARTESIAN_POINT('',(6.68,-4.4025,-1.24));
#4850 = VECTOR('',#4851,1.);
#4851 = DIRECTION('',(0.,0.,-1.));
#4852 = ORIENTED_EDGE('',*,*,#4293,.T.);
#4853 = ORIENTED_EDGE('',*,*,#4854,.F.);
#4854 = EDGE_CURVE('',#2592,#4294,#4855,.T.);
#4855 = LINE('',#4856,#4857);
#4856 = CARTESIAN_POINT('',(6.68,3.7975,-1.24));
#4857 = VECTOR('',#4858,1.);
#4858 = DIRECTION('',(0.,0.,-1.));
#4859 = ORIENTED_EDGE('',*,*,#2600,.F.);
#4860 = ORIENTED_EDGE('',*,*,#4474,.F.);
#4861 = PLANE('',#4862);
#4862 = AXIS2_PLACEMENT_3D('',#4863,#4864,#4865);
#4863 = CARTESIAN_POINT('',(6.68,-4.4025,-1.24));
#4864 = DIRECTION('',(1.,0.,0.));
#4865 = DIRECTION('',(0.,1.,0.));
#4866 = ADVANCED_FACE('',(#4867),#4878,.T.);
#4867 = FACE_BOUND('',#4868,.F.);
#4868 = EDGE_LOOP('',(#4869,#4870,#4871,#4877));
#4869 = ORIENTED_EDGE('',*,*,#4854,.T.);
#4870 = ORIENTED_EDGE('',*,*,#4301,.T.);
#4871 = ORIENTED_EDGE('',*,*,#4872,.F.);
#4872 = EDGE_CURVE('',#2584,#4302,#4873,.T.);
#4873 = LINE('',#4874,#4875);
#4874 = CARTESIAN_POINT('',(6.78,3.8975,-1.24));
#4875 = VECTOR('',#4876,1.);
#4876 = DIRECTION('',(0.,0.,-1.));
#4877 = ORIENTED_EDGE('',*,*,#2591,.F.);
#4878 = CYLINDRICAL_SURFACE('',#4879,0.1);
#4879 = AXIS2_PLACEMENT_3D('',#4880,#4881,#4882);
#4880 = CARTESIAN_POINT('',(6.78,3.7975,-1.24));
#4881 = DIRECTION('',(0.,0.,1.));
#4882 = DIRECTION('',(1.,0.,0.));
#4883 = ADVANCED_FACE('',(#4884),#4896,.F.);
#4884 = FACE_BOUND('',#4885,.F.);
#4885 = EDGE_LOOP('',(#4886,#4887,#4888,#4894,#4895));
#4886 = ORIENTED_EDGE('',*,*,#4872,.T.);
#4887 = ORIENTED_EDGE('',*,*,#4310,.T.);
#4888 = ORIENTED_EDGE('',*,*,#4889,.F.);
#4889 = EDGE_CURVE('',#4519,#4311,#4890,.T.);
#4890 = LINE('',#4891,#4892);
#4891 = CARTESIAN_POINT('',(10.16,3.8975,-1.24));
#4892 = VECTOR('',#4893,1.);
#4893 = DIRECTION('',(0.,0.,-1.));
#4894 = ORIENTED_EDGE('',*,*,#4527,.F.);
#4895 = ORIENTED_EDGE('',*,*,#2583,.F.);
#4896 = PLANE('',#4897);
#4897 = AXIS2_PLACEMENT_3D('',#4898,#4899,#4900);
#4898 = CARTESIAN_POINT('',(6.78,3.8975,-1.24));
#4899 = DIRECTION('',(0.,-1.,0.));
#4900 = DIRECTION('',(1.,0.,0.));
#4901 = ADVANCED_FACE('',(#4902),#4927,.F.);
#4902 = FACE_BOUND('',#4903,.F.);
#4903 = EDGE_LOOP('',(#4904,#4912,#4920,#4926));
#4904 = ORIENTED_EDGE('',*,*,#4905,.T.);
#4905 = EDGE_CURVE('',#2627,#4906,#4908,.T.);
#4906 = VERTEX_POINT('',#4907);
#4907 = CARTESIAN_POINT('',(-7.054460664267,1.52,-1.49));
#4908 = LINE('',#4909,#4910);
#4909 = CARTESIAN_POINT('',(-7.054460664267,1.52,-1.24));
#4910 = VECTOR('',#4911,1.);
#4911 = DIRECTION('',(0.,0.,-1.));
#4912 = ORIENTED_EDGE('',*,*,#4913,.T.);
#4913 = EDGE_CURVE('',#4906,#4914,#4916,.T.);
#4914 = VERTEX_POINT('',#4915);
#4915 = CARTESIAN_POINT('',(-7.054460664267,2.12,-1.49));
#4916 = LINE('',#4917,#4918);
#4917 = CARTESIAN_POINT('',(-7.054460664267,1.52,-1.49));
#4918 = VECTOR('',#4919,1.);
#4919 = DIRECTION('',(0.,1.,0.));
#4920 = ORIENTED_EDGE('',*,*,#4921,.F.);
#4921 = EDGE_CURVE('',#2629,#4914,#4922,.T.);
#4922 = LINE('',#4923,#4924);
#4923 = CARTESIAN_POINT('',(-7.054460664267,2.12,-1.24));
#4924 = VECTOR('',#4925,1.);
#4925 = DIRECTION('',(0.,0.,-1.));
#4926 = ORIENTED_EDGE('',*,*,#2626,.F.);
#4927 = PLANE('',#4928);
#4928 = AXIS2_PLACEMENT_3D('',#4929,#4930,#4931);
#4929 = CARTESIAN_POINT('',(-7.054460664267,1.52,-1.24));
#4930 = DIRECTION('',(1.,0.,0.));
#4931 = DIRECTION('',(0.,1.,0.));
#4932 = ADVANCED_FACE('',(#4933),#4951,.F.);
#4933 = FACE_BOUND('',#4934,.F.);
#4934 = EDGE_LOOP('',(#4935,#4943,#4949,#4950));
#4935 = ORIENTED_EDGE('',*,*,#4936,.T.);
#4936 = EDGE_CURVE('',#2637,#4937,#4939,.T.);
#4937 = VERTEX_POINT('',#4938);
#4938 = CARTESIAN_POINT('',(-6.754460664267,1.52,-1.49));
#4939 = LINE('',#4940,#4941);
#4940 = CARTESIAN_POINT('',(-6.754460664267,1.52,-1.24));
#4941 = VECTOR('',#4942,1.);
#4942 = DIRECTION('',(0.,0.,-1.));
#4943 = ORIENTED_EDGE('',*,*,#4944,.T.);
#4944 = EDGE_CURVE('',#4937,#4906,#4945,.T.);
#4945 = LINE('',#4946,#4947);
#4946 = CARTESIAN_POINT('',(-6.754460664267,1.52,-1.49));
#4947 = VECTOR('',#4948,1.);
#4948 = DIRECTION('',(-1.,0.,0.));
#4949 = ORIENTED_EDGE('',*,*,#4905,.F.);
#4950 = ORIENTED_EDGE('',*,*,#2636,.F.);
#4951 = PLANE('',#4952);
#4952 = AXIS2_PLACEMENT_3D('',#4953,#4954,#4955);
#4953 = CARTESIAN_POINT('',(-6.754460664267,1.52,-1.24));
#4954 = DIRECTION('',(0.,1.,0.));
#4955 = DIRECTION('',(-1.,0.,0.));
#4956 = ADVANCED_FACE('',(#4957),#4975,.F.);
#4957 = FACE_BOUND('',#4958,.F.);
#4958 = EDGE_LOOP('',(#4959,#4960,#4968,#4974));
#4959 = ORIENTED_EDGE('',*,*,#4921,.T.);
#4960 = ORIENTED_EDGE('',*,*,#4961,.T.);
#4961 = EDGE_CURVE('',#4914,#4962,#4964,.T.);
#4962 = VERTEX_POINT('',#4963);
#4963 = CARTESIAN_POINT('',(-6.754460664267,2.12,-1.49));
#4964 = LINE('',#4965,#4966);
#4965 = CARTESIAN_POINT('',(-7.054460664267,2.12,-1.49));
#4966 = VECTOR('',#4967,1.);
#4967 = DIRECTION('',(1.,0.,0.));
#4968 = ORIENTED_EDGE('',*,*,#4969,.F.);
#4969 = EDGE_CURVE('',#2645,#4962,#4970,.T.);
#4970 = LINE('',#4971,#4972);
#4971 = CARTESIAN_POINT('',(-6.754460664267,2.12,-1.24));
#4972 = VECTOR('',#4973,1.);
#4973 = DIRECTION('',(0.,0.,-1.));
#4974 = ORIENTED_EDGE('',*,*,#2652,.F.);
#4975 = PLANE('',#4976);
#4976 = AXIS2_PLACEMENT_3D('',#4977,#4978,#4979);
#4977 = CARTESIAN_POINT('',(-7.054460664267,2.12,-1.24));
#4978 = DIRECTION('',(0.,-1.,0.));
#4979 = DIRECTION('',(1.,0.,0.));
#4980 = ADVANCED_FACE('',(#4981),#4992,.F.);
#4981 = FACE_BOUND('',#4982,.F.);
#4982 = EDGE_LOOP('',(#4983,#4984,#4990,#4991));
#4983 = ORIENTED_EDGE('',*,*,#4969,.T.);
#4984 = ORIENTED_EDGE('',*,*,#4985,.T.);
#4985 = EDGE_CURVE('',#4962,#4937,#4986,.T.);
#4986 = LINE('',#4987,#4988);
#4987 = CARTESIAN_POINT('',(-6.754460664267,2.12,-1.49));
#4988 = VECTOR('',#4989,1.);
#4989 = DIRECTION('',(0.,-1.,0.));
#4990 = ORIENTED_EDGE('',*,*,#4936,.F.);
#4991 = ORIENTED_EDGE('',*,*,#2644,.F.);
#4992 = PLANE('',#4993);
#4993 = AXIS2_PLACEMENT_3D('',#4994,#4995,#4996);
#4994 = CARTESIAN_POINT('',(-6.754460664267,2.12,-1.24));
#4995 = DIRECTION('',(-1.,-0.,-0.));
#4996 = DIRECTION('',(0.,-1.,0.));
#4997 = ADVANCED_FACE('',(#4998),#5023,.F.);
#4998 = FACE_BOUND('',#4999,.F.);
#4999 = EDGE_LOOP('',(#5000,#5008,#5016,#5022));
#5000 = ORIENTED_EDGE('',*,*,#5001,.T.);
#5001 = EDGE_CURVE('',#2661,#5002,#5004,.T.);
#5002 = VERTEX_POINT('',#5003);
#5003 = CARTESIAN_POINT('',(-7.774460664267,1.52,-1.49));
#5004 = LINE('',#5005,#5006);
#5005 = CARTESIAN_POINT('',(-7.774460664267,1.52,-1.24));
#5006 = VECTOR('',#5007,1.);
#5007 = DIRECTION('',(0.,0.,-1.));
#5008 = ORIENTED_EDGE('',*,*,#5009,.T.);
#5009 = EDGE_CURVE('',#5002,#5010,#5012,.T.);
#5010 = VERTEX_POINT('',#5011);
#5011 = CARTESIAN_POINT('',(-7.774460664267,2.12,-1.49));
#5012 = LINE('',#5013,#5014);
#5013 = CARTESIAN_POINT('',(-7.774460664267,1.52,-1.49));
#5014 = VECTOR('',#5015,1.);
#5015 = DIRECTION('',(0.,1.,0.));
#5016 = ORIENTED_EDGE('',*,*,#5017,.F.);
#5017 = EDGE_CURVE('',#2663,#5010,#5018,.T.);
#5018 = LINE('',#5019,#5020);
#5019 = CARTESIAN_POINT('',(-7.774460664267,2.12,-1.24));
#5020 = VECTOR('',#5021,1.);
#5021 = DIRECTION('',(0.,0.,-1.));
#5022 = ORIENTED_EDGE('',*,*,#2660,.F.);
#5023 = PLANE('',#5024);
#5024 = AXIS2_PLACEMENT_3D('',#5025,#5026,#5027);
#5025 = CARTESIAN_POINT('',(-7.774460664267,1.52,-1.24));
#5026 = DIRECTION('',(1.,0.,0.));
#5027 = DIRECTION('',(0.,1.,0.));
#5028 = ADVANCED_FACE('',(#5029),#5047,.F.);
#5029 = FACE_BOUND('',#5030,.F.);
#5030 = EDGE_LOOP('',(#5031,#5039,#5045,#5046));
#5031 = ORIENTED_EDGE('',*,*,#5032,.T.);
#5032 = EDGE_CURVE('',#2671,#5033,#5035,.T.);
#5033 = VERTEX_POINT('',#5034);
#5034 = CARTESIAN_POINT('',(-7.474460664267,1.52,-1.49));
#5035 = LINE('',#5036,#5037);
#5036 = CARTESIAN_POINT('',(-7.474460664267,1.52,-1.24));
#5037 = VECTOR('',#5038,1.);
#5038 = DIRECTION('',(0.,0.,-1.));
#5039 = ORIENTED_EDGE('',*,*,#5040,.T.);
#5040 = EDGE_CURVE('',#5033,#5002,#5041,.T.);
#5041 = LINE('',#5042,#5043);
#5042 = CARTESIAN_POINT('',(-7.474460664267,1.52,-1.49));
#5043 = VECTOR('',#5044,1.);
#5044 = DIRECTION('',(-1.,0.,0.));
#5045 = ORIENTED_EDGE('',*,*,#5001,.F.);
#5046 = ORIENTED_EDGE('',*,*,#2670,.F.);
#5047 = PLANE('',#5048);
#5048 = AXIS2_PLACEMENT_3D('',#5049,#5050,#5051);
#5049 = CARTESIAN_POINT('',(-7.474460664267,1.52,-1.24));
#5050 = DIRECTION('',(0.,1.,0.));
#5051 = DIRECTION('',(-1.,0.,0.));
#5052 = ADVANCED_FACE('',(#5053),#5071,.F.);
#5053 = FACE_BOUND('',#5054,.F.);
#5054 = EDGE_LOOP('',(#5055,#5056,#5064,#5070));
#5055 = ORIENTED_EDGE('',*,*,#5017,.T.);
#5056 = ORIENTED_EDGE('',*,*,#5057,.T.);
#5057 = EDGE_CURVE('',#5010,#5058,#5060,.T.);
#5058 = VERTEX_POINT('',#5059);
#5059 = CARTESIAN_POINT('',(-7.474460664267,2.12,-1.49));
#5060 = LINE('',#5061,#5062);
#5061 = CARTESIAN_POINT('',(-7.774460664267,2.12,-1.49));
#5062 = VECTOR('',#5063,1.);
#5063 = DIRECTION('',(1.,0.,0.));
#5064 = ORIENTED_EDGE('',*,*,#5065,.F.);
#5065 = EDGE_CURVE('',#2679,#5058,#5066,.T.);
#5066 = LINE('',#5067,#5068);
#5067 = CARTESIAN_POINT('',(-7.474460664267,2.12,-1.24));
#5068 = VECTOR('',#5069,1.);
#5069 = DIRECTION('',(0.,0.,-1.));
#5070 = ORIENTED_EDGE('',*,*,#2686,.F.);
#5071 = PLANE('',#5072);
#5072 = AXIS2_PLACEMENT_3D('',#5073,#5074,#5075);
#5073 = CARTESIAN_POINT('',(-7.774460664267,2.12,-1.24));
#5074 = DIRECTION('',(0.,-1.,0.));
#5075 = DIRECTION('',(1.,0.,0.));
#5076 = ADVANCED_FACE('',(#5077),#5088,.F.);
#5077 = FACE_BOUND('',#5078,.F.);
#5078 = EDGE_LOOP('',(#5079,#5080,#5086,#5087));
#5079 = ORIENTED_EDGE('',*,*,#5065,.T.);
#5080 = ORIENTED_EDGE('',*,*,#5081,.T.);
#5081 = EDGE_CURVE('',#5058,#5033,#5082,.T.);
#5082 = LINE('',#5083,#5084);
#5083 = CARTESIAN_POINT('',(-7.474460664267,2.12,-1.49));
#5084 = VECTOR('',#5085,1.);
#5085 = DIRECTION('',(0.,-1.,0.));
#5086 = ORIENTED_EDGE('',*,*,#5032,.F.);
#5087 = ORIENTED_EDGE('',*,*,#2678,.F.);
#5088 = PLANE('',#5089);
#5089 = AXIS2_PLACEMENT_3D('',#5090,#5091,#5092);
#5090 = CARTESIAN_POINT('',(-7.474460664267,2.12,-1.24));
#5091 = DIRECTION('',(-1.,-0.,-0.));
#5092 = DIRECTION('',(0.,-1.,0.));
#5093 = ADVANCED_FACE('',(#5094),#5119,.F.);
#5094 = FACE_BOUND('',#5095,.F.);
#5095 = EDGE_LOOP('',(#5096,#5104,#5112,#5118));
#5096 = ORIENTED_EDGE('',*,*,#5097,.T.);
#5097 = EDGE_CURVE('',#2695,#5098,#5100,.T.);
#5098 = VERTEX_POINT('',#5099);
#5099 = CARTESIAN_POINT('',(-8.494460664267,1.52,-1.49));
#5100 = LINE('',#5101,#5102);
#5101 = CARTESIAN_POINT('',(-8.494460664267,1.52,-1.24));
#5102 = VECTOR('',#5103,1.);
#5103 = DIRECTION('',(0.,0.,-1.));
#5104 = ORIENTED_EDGE('',*,*,#5105,.T.);
#5105 = EDGE_CURVE('',#5098,#5106,#5108,.T.);
#5106 = VERTEX_POINT('',#5107);
#5107 = CARTESIAN_POINT('',(-8.494460664267,2.12,-1.49));
#5108 = LINE('',#5109,#5110);
#5109 = CARTESIAN_POINT('',(-8.494460664267,1.52,-1.49));
#5110 = VECTOR('',#5111,1.);
#5111 = DIRECTION('',(0.,1.,0.));
#5112 = ORIENTED_EDGE('',*,*,#5113,.F.);
#5113 = EDGE_CURVE('',#2697,#5106,#5114,.T.);
#5114 = LINE('',#5115,#5116);
#5115 = CARTESIAN_POINT('',(-8.494460664267,2.12,-1.24));
#5116 = VECTOR('',#5117,1.);
#5117 = DIRECTION('',(0.,0.,-1.));
#5118 = ORIENTED_EDGE('',*,*,#2694,.F.);
#5119 = PLANE('',#5120);
#5120 = AXIS2_PLACEMENT_3D('',#5121,#5122,#5123);
#5121 = CARTESIAN_POINT('',(-8.494460664267,1.52,-1.24));
#5122 = DIRECTION('',(1.,0.,0.));
#5123 = DIRECTION('',(0.,1.,0.));
#5124 = ADVANCED_FACE('',(#5125),#5143,.F.);
#5125 = FACE_BOUND('',#5126,.F.);
#5126 = EDGE_LOOP('',(#5127,#5135,#5141,#5142));
#5127 = ORIENTED_EDGE('',*,*,#5128,.T.);
#5128 = EDGE_CURVE('',#2705,#5129,#5131,.T.);
#5129 = VERTEX_POINT('',#5130);
#5130 = CARTESIAN_POINT('',(-8.194460664267,1.52,-1.49));
#5131 = LINE('',#5132,#5133);
#5132 = CARTESIAN_POINT('',(-8.194460664267,1.52,-1.24));
#5133 = VECTOR('',#5134,1.);
#5134 = DIRECTION('',(0.,0.,-1.));
#5135 = ORIENTED_EDGE('',*,*,#5136,.T.);
#5136 = EDGE_CURVE('',#5129,#5098,#5137,.T.);
#5137 = LINE('',#5138,#5139);
#5138 = CARTESIAN_POINT('',(-8.194460664267,1.52,-1.49));
#5139 = VECTOR('',#5140,1.);
#5140 = DIRECTION('',(-1.,0.,0.));
#5141 = ORIENTED_EDGE('',*,*,#5097,.F.);
#5142 = ORIENTED_EDGE('',*,*,#2704,.F.);
#5143 = PLANE('',#5144);
#5144 = AXIS2_PLACEMENT_3D('',#5145,#5146,#5147);
#5145 = CARTESIAN_POINT('',(-8.194460664267,1.52,-1.24));
#5146 = DIRECTION('',(0.,1.,0.));
#5147 = DIRECTION('',(-1.,0.,0.));
#5148 = ADVANCED_FACE('',(#5149),#5167,.F.);
#5149 = FACE_BOUND('',#5150,.F.);
#5150 = EDGE_LOOP('',(#5151,#5152,#5160,#5166));
#5151 = ORIENTED_EDGE('',*,*,#5113,.T.);
#5152 = ORIENTED_EDGE('',*,*,#5153,.T.);
#5153 = EDGE_CURVE('',#5106,#5154,#5156,.T.);
#5154 = VERTEX_POINT('',#5155);
#5155 = CARTESIAN_POINT('',(-8.194460664267,2.12,-1.49));
#5156 = LINE('',#5157,#5158);
#5157 = CARTESIAN_POINT('',(-8.494460664267,2.12,-1.49));
#5158 = VECTOR('',#5159,1.);
#5159 = DIRECTION('',(1.,0.,0.));
#5160 = ORIENTED_EDGE('',*,*,#5161,.F.);
#5161 = EDGE_CURVE('',#2713,#5154,#5162,.T.);
#5162 = LINE('',#5163,#5164);
#5163 = CARTESIAN_POINT('',(-8.194460664267,2.12,-1.24));
#5164 = VECTOR('',#5165,1.);
#5165 = DIRECTION('',(0.,0.,-1.));
#5166 = ORIENTED_EDGE('',*,*,#2720,.F.);
#5167 = PLANE('',#5168);
#5168 = AXIS2_PLACEMENT_3D('',#5169,#5170,#5171);
#5169 = CARTESIAN_POINT('',(-8.494460664267,2.12,-1.24));
#5170 = DIRECTION('',(0.,-1.,0.));
#5171 = DIRECTION('',(1.,0.,0.));
#5172 = ADVANCED_FACE('',(#5173),#5184,.F.);
#5173 = FACE_BOUND('',#5174,.F.);
#5174 = EDGE_LOOP('',(#5175,#5176,#5182,#5183));
#5175 = ORIENTED_EDGE('',*,*,#5161,.T.);
#5176 = ORIENTED_EDGE('',*,*,#5177,.T.);
#5177 = EDGE_CURVE('',#5154,#5129,#5178,.T.);
#5178 = LINE('',#5179,#5180);
#5179 = CARTESIAN_POINT('',(-8.194460664267,2.12,-1.49));
#5180 = VECTOR('',#5181,1.);
#5181 = DIRECTION('',(0.,-1.,0.));
#5182 = ORIENTED_EDGE('',*,*,#5128,.F.);
#5183 = ORIENTED_EDGE('',*,*,#2712,.F.);
#5184 = PLANE('',#5185);
#5185 = AXIS2_PLACEMENT_3D('',#5186,#5187,#5188);
#5186 = CARTESIAN_POINT('',(-8.194460664267,2.12,-1.24));
#5187 = DIRECTION('',(-1.,-0.,-0.));
#5188 = DIRECTION('',(0.,-1.,0.));
#5189 = ADVANCED_FACE('',(#5190),#5215,.F.);
#5190 = FACE_BOUND('',#5191,.F.);
#5191 = EDGE_LOOP('',(#5192,#5200,#5208,#5214));
#5192 = ORIENTED_EDGE('',*,*,#5193,.T.);
#5193 = EDGE_CURVE('',#2729,#5194,#5196,.T.);
#5194 = VERTEX_POINT('',#5195);
#5195 = CARTESIAN_POINT('',(-7.194460664267,2.62,-1.59));
#5196 = LINE('',#5197,#5198);
#5197 = CARTESIAN_POINT('',(-7.194460664267,2.62,-1.24));
#5198 = VECTOR('',#5199,1.);
#5199 = DIRECTION('',(0.,0.,-1.));
#5200 = ORIENTED_EDGE('',*,*,#5201,.T.);
#5201 = EDGE_CURVE('',#5194,#5202,#5204,.T.);
#5202 = VERTEX_POINT('',#5203);
#5203 = CARTESIAN_POINT('',(-7.194460664267,3.12,-1.59));
#5204 = LINE('',#5205,#5206);
#5205 = CARTESIAN_POINT('',(-7.194460664267,2.62,-1.59));
#5206 = VECTOR('',#5207,1.);
#5207 = DIRECTION('',(0.,1.,0.));
#5208 = ORIENTED_EDGE('',*,*,#5209,.F.);
#5209 = EDGE_CURVE('',#2731,#5202,#5210,.T.);
#5210 = LINE('',#5211,#5212);
#5211 = CARTESIAN_POINT('',(-7.194460664267,3.12,-1.24));
#5212 = VECTOR('',#5213,1.);
#5213 = DIRECTION('',(0.,0.,-1.));
#5214 = ORIENTED_EDGE('',*,*,#2728,.F.);
#5215 = PLANE('',#5216);
#5216 = AXIS2_PLACEMENT_3D('',#5217,#5218,#5219);
#5217 = CARTESIAN_POINT('',(-7.194460664267,2.62,-1.24));
#5218 = DIRECTION('',(1.,0.,0.));
#5219 = DIRECTION('',(0.,1.,0.));
#5220 = ADVANCED_FACE('',(#5221),#5239,.F.);
#5221 = FACE_BOUND('',#5222,.F.);
#5222 = EDGE_LOOP('',(#5223,#5231,#5237,#5238));
#5223 = ORIENTED_EDGE('',*,*,#5224,.T.);
#5224 = EDGE_CURVE('',#2739,#5225,#5227,.T.);
#5225 = VERTEX_POINT('',#5226);
#5226 = CARTESIAN_POINT('',(-6.194460664267,2.62,-1.59));
#5227 = LINE('',#5228,#5229);
#5228 = CARTESIAN_POINT('',(-6.194460664267,2.62,-1.24));
#5229 = VECTOR('',#5230,1.);
#5230 = DIRECTION('',(0.,0.,-1.));
#5231 = ORIENTED_EDGE('',*,*,#5232,.T.);
#5232 = EDGE_CURVE('',#5225,#5194,#5233,.T.);
#5233 = LINE('',#5234,#5235);
#5234 = CARTESIAN_POINT('',(-6.194460664267,2.62,-1.59));
#5235 = VECTOR('',#5236,1.);
#5236 = DIRECTION('',(-1.,0.,0.));
#5237 = ORIENTED_EDGE('',*,*,#5193,.F.);
#5238 = ORIENTED_EDGE('',*,*,#2738,.F.);
#5239 = PLANE('',#5240);
#5240 = AXIS2_PLACEMENT_3D('',#5241,#5242,#5243);
#5241 = CARTESIAN_POINT('',(-6.194460664267,2.62,-1.24));
#5242 = DIRECTION('',(0.,1.,0.));
#5243 = DIRECTION('',(-1.,0.,0.));
#5244 = ADVANCED_FACE('',(#5245),#5263,.F.);
#5245 = FACE_BOUND('',#5246,.F.);
#5246 = EDGE_LOOP('',(#5247,#5248,#5256,#5262));
#5247 = ORIENTED_EDGE('',*,*,#5209,.T.);
#5248 = ORIENTED_EDGE('',*,*,#5249,.T.);
#5249 = EDGE_CURVE('',#5202,#5250,#5252,.T.);
#5250 = VERTEX_POINT('',#5251);
#5251 = CARTESIAN_POINT('',(-6.194460664267,3.12,-1.59));
#5252 = LINE('',#5253,#5254);
#5253 = CARTESIAN_POINT('',(-7.194460664267,3.12,-1.59));
#5254 = VECTOR('',#5255,1.);
#5255 = DIRECTION('',(1.,0.,0.));
#5256 = ORIENTED_EDGE('',*,*,#5257,.F.);
#5257 = EDGE_CURVE('',#2747,#5250,#5258,.T.);
#5258 = LINE('',#5259,#5260);
#5259 = CARTESIAN_POINT('',(-6.194460664267,3.12,-1.24));
#5260 = VECTOR('',#5261,1.);
#5261 = DIRECTION('',(0.,0.,-1.));
#5262 = ORIENTED_EDGE('',*,*,#2754,.F.);
#5263 = PLANE('',#5264);
#5264 = AXIS2_PLACEMENT_3D('',#5265,#5266,#5267);
#5265 = CARTESIAN_POINT('',(-7.194460664267,3.12,-1.24));
#5266 = DIRECTION('',(0.,-1.,0.));
#5267 = DIRECTION('',(1.,0.,0.));
#5268 = ADVANCED_FACE('',(#5269),#5280,.F.);
#5269 = FACE_BOUND('',#5270,.F.);
#5270 = EDGE_LOOP('',(#5271,#5272,#5278,#5279));
#5271 = ORIENTED_EDGE('',*,*,#5257,.T.);
#5272 = ORIENTED_EDGE('',*,*,#5273,.T.);
#5273 = EDGE_CURVE('',#5250,#5225,#5274,.T.);
#5274 = LINE('',#5275,#5276);
#5275 = CARTESIAN_POINT('',(-6.194460664267,3.12,-1.59));
#5276 = VECTOR('',#5277,1.);
#5277 = DIRECTION('',(0.,-1.,0.));
#5278 = ORIENTED_EDGE('',*,*,#5224,.F.);
#5279 = ORIENTED_EDGE('',*,*,#2746,.F.);
#5280 = PLANE('',#5281);
#5281 = AXIS2_PLACEMENT_3D('',#5282,#5283,#5284);
#5282 = CARTESIAN_POINT('',(-6.194460664267,3.12,-1.24));
#5283 = DIRECTION('',(-1.,-0.,-0.));
#5284 = DIRECTION('',(0.,-1.,0.));
#5285 = ADVANCED_FACE('',(#5286),#5311,.F.);
#5286 = FACE_BOUND('',#5287,.F.);
#5287 = EDGE_LOOP('',(#5288,#5296,#5304,#5310));
#5288 = ORIENTED_EDGE('',*,*,#5289,.T.);
#5289 = EDGE_CURVE('',#2763,#5290,#5292,.T.);
#5290 = VERTEX_POINT('',#5291);
#5291 = CARTESIAN_POINT('',(-7.429460664267,3.76,-1.59));
#5292 = LINE('',#5293,#5294);
#5293 = CARTESIAN_POINT('',(-7.429460664267,3.76,-1.24));
#5294 = VECTOR('',#5295,1.);
#5295 = DIRECTION('',(0.,0.,-1.));
#5296 = ORIENTED_EDGE('',*,*,#5297,.T.);
#5297 = EDGE_CURVE('',#5290,#5298,#5300,.T.);
#5298 = VERTEX_POINT('',#5299);
#5299 = CARTESIAN_POINT('',(-7.429460664267,4.76,-1.59));
#5300 = LINE('',#5301,#5302);
#5301 = CARTESIAN_POINT('',(-7.429460664267,3.76,-1.59));
#5302 = VECTOR('',#5303,1.);
#5303 = DIRECTION('',(0.,1.,0.));
#5304 = ORIENTED_EDGE('',*,*,#5305,.F.);
#5305 = EDGE_CURVE('',#2765,#5298,#5306,.T.);
#5306 = LINE('',#5307,#5308);
#5307 = CARTESIAN_POINT('',(-7.429460664267,4.76,-1.24));
#5308 = VECTOR('',#5309,1.);
#5309 = DIRECTION('',(0.,0.,-1.));
#5310 = ORIENTED_EDGE('',*,*,#2762,.F.);
#5311 = PLANE('',#5312);
#5312 = AXIS2_PLACEMENT_3D('',#5313,#5314,#5315);
#5313 = CARTESIAN_POINT('',(-7.429460664267,3.76,-1.24));
#5314 = DIRECTION('',(1.,0.,0.));
#5315 = DIRECTION('',(0.,1.,0.));
#5316 = ADVANCED_FACE('',(#5317),#5335,.F.);
#5317 = FACE_BOUND('',#5318,.F.);
#5318 = EDGE_LOOP('',(#5319,#5327,#5333,#5334));
#5319 = ORIENTED_EDGE('',*,*,#5320,.T.);
#5320 = EDGE_CURVE('',#2773,#5321,#5323,.T.);
#5321 = VERTEX_POINT('',#5322);
#5322 = CARTESIAN_POINT('',(-6.929460664267,3.76,-1.59));
#5323 = LINE('',#5324,#5325);
#5324 = CARTESIAN_POINT('',(-6.929460664267,3.76,-1.24));
#5325 = VECTOR('',#5326,1.);
#5326 = DIRECTION('',(0.,0.,-1.));
#5327 = ORIENTED_EDGE('',*,*,#5328,.T.);
#5328 = EDGE_CURVE('',#5321,#5290,#5329,.T.);
#5329 = LINE('',#5330,#5331);
#5330 = CARTESIAN_POINT('',(-6.929460664267,3.76,-1.59));
#5331 = VECTOR('',#5332,1.);
#5332 = DIRECTION('',(-1.,0.,0.));
#5333 = ORIENTED_EDGE('',*,*,#5289,.F.);
#5334 = ORIENTED_EDGE('',*,*,#2772,.F.);
#5335 = PLANE('',#5336);
#5336 = AXIS2_PLACEMENT_3D('',#5337,#5338,#5339);
#5337 = CARTESIAN_POINT('',(-6.929460664267,3.76,-1.24));
#5338 = DIRECTION('',(0.,1.,0.));
#5339 = DIRECTION('',(-1.,0.,0.));
#5340 = ADVANCED_FACE('',(#5341),#5359,.F.);
#5341 = FACE_BOUND('',#5342,.F.);
#5342 = EDGE_LOOP('',(#5343,#5344,#5352,#5358));
#5343 = ORIENTED_EDGE('',*,*,#5305,.T.);
#5344 = ORIENTED_EDGE('',*,*,#5345,.T.);
#5345 = EDGE_CURVE('',#5298,#5346,#5348,.T.);
#5346 = VERTEX_POINT('',#5347);
#5347 = CARTESIAN_POINT('',(-6.929460664267,4.76,-1.59));
#5348 = LINE('',#5349,#5350);
#5349 = CARTESIAN_POINT('',(-7.429460664267,4.76,-1.59));
#5350 = VECTOR('',#5351,1.);
#5351 = DIRECTION('',(1.,0.,0.));
#5352 = ORIENTED_EDGE('',*,*,#5353,.F.);
#5353 = EDGE_CURVE('',#2781,#5346,#5354,.T.);
#5354 = LINE('',#5355,#5356);
#5355 = CARTESIAN_POINT('',(-6.929460664267,4.76,-1.24));
#5356 = VECTOR('',#5357,1.);
#5357 = DIRECTION('',(0.,0.,-1.));
#5358 = ORIENTED_EDGE('',*,*,#2788,.F.);
#5359 = PLANE('',#5360);
#5360 = AXIS2_PLACEMENT_3D('',#5361,#5362,#5363);
#5361 = CARTESIAN_POINT('',(-7.429460664267,4.76,-1.24));
#5362 = DIRECTION('',(0.,-1.,0.));
#5363 = DIRECTION('',(1.,0.,0.));
#5364 = ADVANCED_FACE('',(#5365),#5376,.F.);
#5365 = FACE_BOUND('',#5366,.F.);
#5366 = EDGE_LOOP('',(#5367,#5368,#5374,#5375));
#5367 = ORIENTED_EDGE('',*,*,#5353,.T.);
#5368 = ORIENTED_EDGE('',*,*,#5369,.T.);
#5369 = EDGE_CURVE('',#5346,#5321,#5370,.T.);
#5370 = LINE('',#5371,#5372);
#5371 = CARTESIAN_POINT('',(-6.929460664267,4.76,-1.59));
#5372 = VECTOR('',#5373,1.);
#5373 = DIRECTION('',(0.,-1.,0.));
#5374 = ORIENTED_EDGE('',*,*,#5320,.F.);
#5375 = ORIENTED_EDGE('',*,*,#2780,.F.);
#5376 = PLANE('',#5377);
#5377 = AXIS2_PLACEMENT_3D('',#5378,#5379,#5380);
#5378 = CARTESIAN_POINT('',(-6.929460664267,4.76,-1.24));
#5379 = DIRECTION('',(-1.,-0.,-0.));
#5380 = DIRECTION('',(0.,-1.,0.));
#5381 = ADVANCED_FACE('',(#5382),#5407,.F.);
#5382 = FACE_BOUND('',#5383,.F.);
#5383 = EDGE_LOOP('',(#5384,#5392,#5400,#5406));
#5384 = ORIENTED_EDGE('',*,*,#5385,.T.);
#5385 = EDGE_CURVE('',#2797,#5386,#5388,.T.);
#5386 = VERTEX_POINT('',#5387);
#5387 = CARTESIAN_POINT('',(-9.654460664267,1.53,-1.59));
#5388 = LINE('',#5389,#5390);
#5389 = CARTESIAN_POINT('',(-9.654460664267,1.53,-1.24));
#5390 = VECTOR('',#5391,1.);
#5391 = DIRECTION('',(0.,0.,-1.));
#5392 = ORIENTED_EDGE('',*,*,#5393,.T.);
#5393 = EDGE_CURVE('',#5386,#5394,#5396,.T.);
#5394 = VERTEX_POINT('',#5395);
#5395 = CARTESIAN_POINT('',(-9.654460664267,2.53,-1.59));
#5396 = LINE('',#5397,#5398);
#5397 = CARTESIAN_POINT('',(-9.654460664267,1.53,-1.59));
#5398 = VECTOR('',#5399,1.);
#5399 = DIRECTION('',(0.,1.,0.));
#5400 = ORIENTED_EDGE('',*,*,#5401,.F.);
#5401 = EDGE_CURVE('',#2799,#5394,#5402,.T.);
#5402 = LINE('',#5403,#5404);
#5403 = CARTESIAN_POINT('',(-9.654460664267,2.53,-1.24));
#5404 = VECTOR('',#5405,1.);
#5405 = DIRECTION('',(0.,0.,-1.));
#5406 = ORIENTED_EDGE('',*,*,#2796,.F.);
#5407 = PLANE('',#5408);
#5408 = AXIS2_PLACEMENT_3D('',#5409,#5410,#5411);
#5409 = CARTESIAN_POINT('',(-9.654460664267,1.53,-1.24));
#5410 = DIRECTION('',(1.,0.,0.));
#5411 = DIRECTION('',(0.,1.,0.));
#5412 = ADVANCED_FACE('',(#5413),#5431,.F.);
#5413 = FACE_BOUND('',#5414,.F.);
#5414 = EDGE_LOOP('',(#5415,#5423,#5429,#5430));
#5415 = ORIENTED_EDGE('',*,*,#5416,.T.);
#5416 = EDGE_CURVE('',#2807,#5417,#5419,.T.);
#5417 = VERTEX_POINT('',#5418);
#5418 = CARTESIAN_POINT('',(-9.154460664267,1.53,-1.59));
#5419 = LINE('',#5420,#5421);
#5420 = CARTESIAN_POINT('',(-9.154460664267,1.53,-1.24));
#5421 = VECTOR('',#5422,1.);
#5422 = DIRECTION('',(0.,0.,-1.));
#5423 = ORIENTED_EDGE('',*,*,#5424,.T.);
#5424 = EDGE_CURVE('',#5417,#5386,#5425,.T.);
#5425 = LINE('',#5426,#5427);
#5426 = CARTESIAN_POINT('',(-9.154460664267,1.53,-1.59));
#5427 = VECTOR('',#5428,1.);
#5428 = DIRECTION('',(-1.,0.,0.));
#5429 = ORIENTED_EDGE('',*,*,#5385,.F.);
#5430 = ORIENTED_EDGE('',*,*,#2806,.F.);
#5431 = PLANE('',#5432);
#5432 = AXIS2_PLACEMENT_3D('',#5433,#5434,#5435);
#5433 = CARTESIAN_POINT('',(-9.154460664267,1.53,-1.24));
#5434 = DIRECTION('',(0.,1.,0.));
#5435 = DIRECTION('',(-1.,0.,0.));
#5436 = ADVANCED_FACE('',(#5437),#5455,.F.);
#5437 = FACE_BOUND('',#5438,.F.);
#5438 = EDGE_LOOP('',(#5439,#5440,#5448,#5454));
#5439 = ORIENTED_EDGE('',*,*,#5401,.T.);
#5440 = ORIENTED_EDGE('',*,*,#5441,.T.);
#5441 = EDGE_CURVE('',#5394,#5442,#5444,.T.);
#5442 = VERTEX_POINT('',#5443);
#5443 = CARTESIAN_POINT('',(-9.154460664267,2.53,-1.59));
#5444 = LINE('',#5445,#5446);
#5445 = CARTESIAN_POINT('',(-9.654460664267,2.53,-1.59));
#5446 = VECTOR('',#5447,1.);
#5447 = DIRECTION('',(1.,0.,0.));
#5448 = ORIENTED_EDGE('',*,*,#5449,.F.);
#5449 = EDGE_CURVE('',#2815,#5442,#5450,.T.);
#5450 = LINE('',#5451,#5452);
#5451 = CARTESIAN_POINT('',(-9.154460664267,2.53,-1.24));
#5452 = VECTOR('',#5453,1.);
#5453 = DIRECTION('',(0.,0.,-1.));
#5454 = ORIENTED_EDGE('',*,*,#2822,.F.);
#5455 = PLANE('',#5456);
#5456 = AXIS2_PLACEMENT_3D('',#5457,#5458,#5459);
#5457 = CARTESIAN_POINT('',(-9.654460664267,2.53,-1.24));
#5458 = DIRECTION('',(0.,-1.,0.));
#5459 = DIRECTION('',(1.,0.,0.));
#5460 = ADVANCED_FACE('',(#5461),#5472,.F.);
#5461 = FACE_BOUND('',#5462,.F.);
#5462 = EDGE_LOOP('',(#5463,#5464,#5470,#5471));
#5463 = ORIENTED_EDGE('',*,*,#5449,.T.);
#5464 = ORIENTED_EDGE('',*,*,#5465,.T.);
#5465 = EDGE_CURVE('',#5442,#5417,#5466,.T.);
#5466 = LINE('',#5467,#5468);
#5467 = CARTESIAN_POINT('',(-9.154460664267,2.53,-1.59));
#5468 = VECTOR('',#5469,1.);
#5469 = DIRECTION('',(0.,-1.,0.));
#5470 = ORIENTED_EDGE('',*,*,#5416,.F.);
#5471 = ORIENTED_EDGE('',*,*,#2814,.F.);
#5472 = PLANE('',#5473);
#5473 = AXIS2_PLACEMENT_3D('',#5474,#5475,#5476);
#5474 = CARTESIAN_POINT('',(-9.154460664267,2.53,-1.24));
#5475 = DIRECTION('',(-1.,-0.,-0.));
#5476 = DIRECTION('',(0.,-1.,0.));
#5477 = ADVANCED_FACE('',(#5478),#5503,.F.);
#5478 = FACE_BOUND('',#5479,.F.);
#5479 = EDGE_LOOP('',(#5480,#5488,#5496,#5502));
#5480 = ORIENTED_EDGE('',*,*,#5481,.T.);
#5481 = EDGE_CURVE('',#2831,#5482,#5484,.T.);
#5482 = VERTEX_POINT('',#5483);
#5483 = CARTESIAN_POINT('',(-10.52446066426,1.53,-1.59));
#5484 = LINE('',#5485,#5486);
#5485 = CARTESIAN_POINT('',(-10.52446066426,1.53,-1.24));
#5486 = VECTOR('',#5487,1.);
#5487 = DIRECTION('',(0.,0.,-1.));
#5488 = ORIENTED_EDGE('',*,*,#5489,.T.);
#5489 = EDGE_CURVE('',#5482,#5490,#5492,.T.);
#5490 = VERTEX_POINT('',#5491);
#5491 = CARTESIAN_POINT('',(-10.52446066426,2.53,-1.59));
#5492 = LINE('',#5493,#5494);
#5493 = CARTESIAN_POINT('',(-10.52446066426,1.53,-1.59));
#5494 = VECTOR('',#5495,1.);
#5495 = DIRECTION('',(0.,1.,0.));
#5496 = ORIENTED_EDGE('',*,*,#5497,.F.);
#5497 = EDGE_CURVE('',#2833,#5490,#5498,.T.);
#5498 = LINE('',#5499,#5500);
#5499 = CARTESIAN_POINT('',(-10.52446066426,2.53,-1.24));
#5500 = VECTOR('',#5501,1.);
#5501 = DIRECTION('',(0.,0.,-1.));
#5502 = ORIENTED_EDGE('',*,*,#2830,.F.);
#5503 = PLANE('',#5504);
#5504 = AXIS2_PLACEMENT_3D('',#5505,#5506,#5507);
#5505 = CARTESIAN_POINT('',(-10.52446066426,1.53,-1.24));
#5506 = DIRECTION('',(1.,0.,0.));
#5507 = DIRECTION('',(0.,1.,0.));
#5508 = ADVANCED_FACE('',(#5509),#5527,.F.);
#5509 = FACE_BOUND('',#5510,.F.);
#5510 = EDGE_LOOP('',(#5511,#5519,#5525,#5526));
#5511 = ORIENTED_EDGE('',*,*,#5512,.T.);
#5512 = EDGE_CURVE('',#2841,#5513,#5515,.T.);
#5513 = VERTEX_POINT('',#5514);
#5514 = CARTESIAN_POINT('',(-10.02446066426,1.53,-1.59));
#5515 = LINE('',#5516,#5517);
#5516 = CARTESIAN_POINT('',(-10.02446066426,1.53,-1.24));
#5517 = VECTOR('',#5518,1.);
#5518 = DIRECTION('',(0.,0.,-1.));
#5519 = ORIENTED_EDGE('',*,*,#5520,.T.);
#5520 = EDGE_CURVE('',#5513,#5482,#5521,.T.);
#5521 = LINE('',#5522,#5523);
#5522 = CARTESIAN_POINT('',(-10.02446066426,1.53,-1.59));
#5523 = VECTOR('',#5524,1.);
#5524 = DIRECTION('',(-1.,0.,0.));
#5525 = ORIENTED_EDGE('',*,*,#5481,.F.);
#5526 = ORIENTED_EDGE('',*,*,#2840,.F.);
#5527 = PLANE('',#5528);
#5528 = AXIS2_PLACEMENT_3D('',#5529,#5530,#5531);
#5529 = CARTESIAN_POINT('',(-10.02446066426,1.53,-1.24));
#5530 = DIRECTION('',(0.,1.,0.));
#5531 = DIRECTION('',(-1.,0.,0.));
#5532 = ADVANCED_FACE('',(#5533),#5551,.F.);
#5533 = FACE_BOUND('',#5534,.F.);
#5534 = EDGE_LOOP('',(#5535,#5536,#5544,#5550));
#5535 = ORIENTED_EDGE('',*,*,#5497,.T.);
#5536 = ORIENTED_EDGE('',*,*,#5537,.T.);
#5537 = EDGE_CURVE('',#5490,#5538,#5540,.T.);
#5538 = VERTEX_POINT('',#5539);
#5539 = CARTESIAN_POINT('',(-10.02446066426,2.53,-1.59));
#5540 = LINE('',#5541,#5542);
#5541 = CARTESIAN_POINT('',(-10.52446066426,2.53,-1.59));
#5542 = VECTOR('',#5543,1.);
#5543 = DIRECTION('',(1.,0.,0.));
#5544 = ORIENTED_EDGE('',*,*,#5545,.F.);
#5545 = EDGE_CURVE('',#2849,#5538,#5546,.T.);
#5546 = LINE('',#5547,#5548);
#5547 = CARTESIAN_POINT('',(-10.02446066426,2.53,-1.24));
#5548 = VECTOR('',#5549,1.);
#5549 = DIRECTION('',(0.,0.,-1.));
#5550 = ORIENTED_EDGE('',*,*,#2856,.F.);
#5551 = PLANE('',#5552);
#5552 = AXIS2_PLACEMENT_3D('',#5553,#5554,#5555);
#5553 = CARTESIAN_POINT('',(-10.52446066426,2.53,-1.24));
#5554 = DIRECTION('',(0.,-1.,0.));
#5555 = DIRECTION('',(1.,0.,0.));
#5556 = ADVANCED_FACE('',(#5557),#5568,.F.);
#5557 = FACE_BOUND('',#5558,.F.);
#5558 = EDGE_LOOP('',(#5559,#5560,#5566,#5567));
#5559 = ORIENTED_EDGE('',*,*,#5545,.T.);
#5560 = ORIENTED_EDGE('',*,*,#5561,.T.);
#5561 = EDGE_CURVE('',#5538,#5513,#5562,.T.);
#5562 = LINE('',#5563,#5564);
#5563 = CARTESIAN_POINT('',(-10.02446066426,2.53,-1.59));
#5564 = VECTOR('',#5565,1.);
#5565 = DIRECTION('',(0.,-1.,0.));
#5566 = ORIENTED_EDGE('',*,*,#5512,.F.);
#5567 = ORIENTED_EDGE('',*,*,#2848,.F.);
#5568 = PLANE('',#5569);
#5569 = AXIS2_PLACEMENT_3D('',#5570,#5571,#5572);
#5570 = CARTESIAN_POINT('',(-10.02446066426,2.53,-1.24));
#5571 = DIRECTION('',(-1.,-0.,-0.));
#5572 = DIRECTION('',(0.,-1.,0.));
#5573 = ADVANCED_FACE('',(#5574),#5599,.F.);
#5574 = FACE_BOUND('',#5575,.F.);
#5575 = EDGE_LOOP('',(#5576,#5584,#5592,#5598));
#5576 = ORIENTED_EDGE('',*,*,#5577,.T.);
#5577 = EDGE_CURVE('',#2865,#5578,#5580,.T.);
#5578 = VERTEX_POINT('',#5579);
#5579 = CARTESIAN_POINT('',(-11.13446066426,1.93,-1.49));
#5580 = LINE('',#5581,#5582);
#5581 = CARTESIAN_POINT('',(-11.13446066426,1.93,-1.24));
#5582 = VECTOR('',#5583,1.);
#5583 = DIRECTION('',(0.,0.,-1.));
#5584 = ORIENTED_EDGE('',*,*,#5585,.T.);
#5585 = EDGE_CURVE('',#5578,#5586,#5588,.T.);
#5586 = VERTEX_POINT('',#5587);
#5587 = CARTESIAN_POINT('',(-11.13446066426,2.53,-1.49));
#5588 = LINE('',#5589,#5590);
#5589 = CARTESIAN_POINT('',(-11.13446066426,1.93,-1.49));
#5590 = VECTOR('',#5591,1.);
#5591 = DIRECTION('',(0.,1.,0.));
#5592 = ORIENTED_EDGE('',*,*,#5593,.F.);
#5593 = EDGE_CURVE('',#2867,#5586,#5594,.T.);
#5594 = LINE('',#5595,#5596);
#5595 = CARTESIAN_POINT('',(-11.13446066426,2.53,-1.24));
#5596 = VECTOR('',#5597,1.);
#5597 = DIRECTION('',(0.,0.,-1.));
#5598 = ORIENTED_EDGE('',*,*,#2864,.F.);
#5599 = PLANE('',#5600);
#5600 = AXIS2_PLACEMENT_3D('',#5601,#5602,#5603);
#5601 = CARTESIAN_POINT('',(-11.13446066426,1.93,-1.24));
#5602 = DIRECTION('',(1.,0.,0.));
#5603 = DIRECTION('',(0.,1.,0.));
#5604 = ADVANCED_FACE('',(#5605),#5623,.F.);
#5605 = FACE_BOUND('',#5606,.F.);
#5606 = EDGE_LOOP('',(#5607,#5615,#5621,#5622));
#5607 = ORIENTED_EDGE('',*,*,#5608,.T.);
#5608 = EDGE_CURVE('',#2875,#5609,#5611,.T.);
#5609 = VERTEX_POINT('',#5610);
#5610 = CARTESIAN_POINT('',(-10.83446066426,1.93,-1.49));
#5611 = LINE('',#5612,#5613);
#5612 = CARTESIAN_POINT('',(-10.83446066426,1.93,-1.24));
#5613 = VECTOR('',#5614,1.);
#5614 = DIRECTION('',(0.,0.,-1.));
#5615 = ORIENTED_EDGE('',*,*,#5616,.T.);
#5616 = EDGE_CURVE('',#5609,#5578,#5617,.T.);
#5617 = LINE('',#5618,#5619);
#5618 = CARTESIAN_POINT('',(-10.83446066426,1.93,-1.49));
#5619 = VECTOR('',#5620,1.);
#5620 = DIRECTION('',(-1.,0.,0.));
#5621 = ORIENTED_EDGE('',*,*,#5577,.F.);
#5622 = ORIENTED_EDGE('',*,*,#2874,.F.);
#5623 = PLANE('',#5624);
#5624 = AXIS2_PLACEMENT_3D('',#5625,#5626,#5627);
#5625 = CARTESIAN_POINT('',(-10.83446066426,1.93,-1.24));
#5626 = DIRECTION('',(0.,1.,0.));
#5627 = DIRECTION('',(-1.,0.,0.));
#5628 = ADVANCED_FACE('',(#5629),#5647,.F.);
#5629 = FACE_BOUND('',#5630,.F.);
#5630 = EDGE_LOOP('',(#5631,#5632,#5640,#5646));
#5631 = ORIENTED_EDGE('',*,*,#5593,.T.);
#5632 = ORIENTED_EDGE('',*,*,#5633,.T.);
#5633 = EDGE_CURVE('',#5586,#5634,#5636,.T.);
#5634 = VERTEX_POINT('',#5635);
#5635 = CARTESIAN_POINT('',(-10.83446066426,2.53,-1.49));
#5636 = LINE('',#5637,#5638);
#5637 = CARTESIAN_POINT('',(-11.13446066426,2.53,-1.49));
#5638 = VECTOR('',#5639,1.);
#5639 = DIRECTION('',(1.,0.,0.));
#5640 = ORIENTED_EDGE('',*,*,#5641,.F.);
#5641 = EDGE_CURVE('',#2883,#5634,#5642,.T.);
#5642 = LINE('',#5643,#5644);
#5643 = CARTESIAN_POINT('',(-10.83446066426,2.53,-1.24));
#5644 = VECTOR('',#5645,1.);
#5645 = DIRECTION('',(0.,0.,-1.));
#5646 = ORIENTED_EDGE('',*,*,#2890,.F.);
#5647 = PLANE('',#5648);
#5648 = AXIS2_PLACEMENT_3D('',#5649,#5650,#5651);
#5649 = CARTESIAN_POINT('',(-11.13446066426,2.53,-1.24));
#5650 = DIRECTION('',(0.,-1.,0.));
#5651 = DIRECTION('',(1.,0.,0.));
#5652 = ADVANCED_FACE('',(#5653),#5664,.F.);
#5653 = FACE_BOUND('',#5654,.F.);
#5654 = EDGE_LOOP('',(#5655,#5656,#5662,#5663));
#5655 = ORIENTED_EDGE('',*,*,#5641,.T.);
#5656 = ORIENTED_EDGE('',*,*,#5657,.T.);
#5657 = EDGE_CURVE('',#5634,#5609,#5658,.T.);
#5658 = LINE('',#5659,#5660);
#5659 = CARTESIAN_POINT('',(-10.83446066426,2.53,-1.49));
#5660 = VECTOR('',#5661,1.);
#5661 = DIRECTION('',(0.,-1.,0.));
#5662 = ORIENTED_EDGE('',*,*,#5608,.F.);
#5663 = ORIENTED_EDGE('',*,*,#2882,.F.);
#5664 = PLANE('',#5665);
#5665 = AXIS2_PLACEMENT_3D('',#5666,#5667,#5668);
#5666 = CARTESIAN_POINT('',(-10.83446066426,2.53,-1.24));
#5667 = DIRECTION('',(-1.,-0.,-0.));
#5668 = DIRECTION('',(0.,-1.,0.));
#5669 = ADVANCED_FACE('',(#5670),#5695,.F.);
#5670 = FACE_BOUND('',#5671,.F.);
#5671 = EDGE_LOOP('',(#5672,#5680,#5688,#5694));
#5672 = ORIENTED_EDGE('',*,*,#5673,.T.);
#5673 = EDGE_CURVE('',#2899,#5674,#5676,.T.);
#5674 = VERTEX_POINT('',#5675);
#5675 = CARTESIAN_POINT('',(-11.93446066426,1.53,-1.59));
#5676 = LINE('',#5677,#5678);
#5677 = CARTESIAN_POINT('',(-11.93446066426,1.53,-1.24));
#5678 = VECTOR('',#5679,1.);
#5679 = DIRECTION('',(0.,0.,-1.));
#5680 = ORIENTED_EDGE('',*,*,#5681,.T.);
#5681 = EDGE_CURVE('',#5674,#5682,#5684,.T.);
#5682 = VERTEX_POINT('',#5683);
#5683 = CARTESIAN_POINT('',(-11.93446066426,2.53,-1.59));
#5684 = LINE('',#5685,#5686);
#5685 = CARTESIAN_POINT('',(-11.93446066426,1.53,-1.59));
#5686 = VECTOR('',#5687,1.);
#5687 = DIRECTION('',(0.,1.,0.));
#5688 = ORIENTED_EDGE('',*,*,#5689,.F.);
#5689 = EDGE_CURVE('',#2901,#5682,#5690,.T.);
#5690 = LINE('',#5691,#5692);
#5691 = CARTESIAN_POINT('',(-11.93446066426,2.53,-1.24));
#5692 = VECTOR('',#5693,1.);
#5693 = DIRECTION('',(0.,0.,-1.));
#5694 = ORIENTED_EDGE('',*,*,#2898,.F.);
#5695 = PLANE('',#5696);
#5696 = AXIS2_PLACEMENT_3D('',#5697,#5698,#5699);
#5697 = CARTESIAN_POINT('',(-11.93446066426,1.53,-1.24));
#5698 = DIRECTION('',(1.,0.,0.));
#5699 = DIRECTION('',(0.,1.,0.));
#5700 = ADVANCED_FACE('',(#5701),#5719,.F.);
#5701 = FACE_BOUND('',#5702,.F.);
#5702 = EDGE_LOOP('',(#5703,#5711,#5717,#5718));
#5703 = ORIENTED_EDGE('',*,*,#5704,.T.);
#5704 = EDGE_CURVE('',#2909,#5705,#5707,.T.);
#5705 = VERTEX_POINT('',#5706);
#5706 = CARTESIAN_POINT('',(-11.43446066426,1.53,-1.59));
#5707 = LINE('',#5708,#5709);
#5708 = CARTESIAN_POINT('',(-11.43446066426,1.53,-1.24));
#5709 = VECTOR('',#5710,1.);
#5710 = DIRECTION('',(0.,0.,-1.));
#5711 = ORIENTED_EDGE('',*,*,#5712,.T.);
#5712 = EDGE_CURVE('',#5705,#5674,#5713,.T.);
#5713 = LINE('',#5714,#5715);
#5714 = CARTESIAN_POINT('',(-11.43446066426,1.53,-1.59));
#5715 = VECTOR('',#5716,1.);
#5716 = DIRECTION('',(-1.,0.,0.));
#5717 = ORIENTED_EDGE('',*,*,#5673,.F.);
#5718 = ORIENTED_EDGE('',*,*,#2908,.F.);
#5719 = PLANE('',#5720);
#5720 = AXIS2_PLACEMENT_3D('',#5721,#5722,#5723);
#5721 = CARTESIAN_POINT('',(-11.43446066426,1.53,-1.24));
#5722 = DIRECTION('',(0.,1.,0.));
#5723 = DIRECTION('',(-1.,0.,0.));
#5724 = ADVANCED_FACE('',(#5725),#5743,.F.);
#5725 = FACE_BOUND('',#5726,.F.);
#5726 = EDGE_LOOP('',(#5727,#5728,#5736,#5742));
#5727 = ORIENTED_EDGE('',*,*,#5689,.T.);
#5728 = ORIENTED_EDGE('',*,*,#5729,.T.);
#5729 = EDGE_CURVE('',#5682,#5730,#5732,.T.);
#5730 = VERTEX_POINT('',#5731);
#5731 = CARTESIAN_POINT('',(-11.43446066426,2.53,-1.59));
#5732 = LINE('',#5733,#5734);
#5733 = CARTESIAN_POINT('',(-11.93446066426,2.53,-1.59));
#5734 = VECTOR('',#5735,1.);
#5735 = DIRECTION('',(1.,0.,0.));
#5736 = ORIENTED_EDGE('',*,*,#5737,.F.);
#5737 = EDGE_CURVE('',#2917,#5730,#5738,.T.);
#5738 = LINE('',#5739,#5740);
#5739 = CARTESIAN_POINT('',(-11.43446066426,2.53,-1.24));
#5740 = VECTOR('',#5741,1.);
#5741 = DIRECTION('',(0.,0.,-1.));
#5742 = ORIENTED_EDGE('',*,*,#2924,.F.);
#5743 = PLANE('',#5744);
#5744 = AXIS2_PLACEMENT_3D('',#5745,#5746,#5747);
#5745 = CARTESIAN_POINT('',(-11.93446066426,2.53,-1.24));
#5746 = DIRECTION('',(0.,-1.,0.));
#5747 = DIRECTION('',(1.,0.,0.));
#5748 = ADVANCED_FACE('',(#5749),#5760,.F.);
#5749 = FACE_BOUND('',#5750,.F.);
#5750 = EDGE_LOOP('',(#5751,#5752,#5758,#5759));
#5751 = ORIENTED_EDGE('',*,*,#5737,.T.);
#5752 = ORIENTED_EDGE('',*,*,#5753,.T.);
#5753 = EDGE_CURVE('',#5730,#5705,#5754,.T.);
#5754 = LINE('',#5755,#5756);
#5755 = CARTESIAN_POINT('',(-11.43446066426,2.53,-1.59));
#5756 = VECTOR('',#5757,1.);
#5757 = DIRECTION('',(0.,-1.,0.));
#5758 = ORIENTED_EDGE('',*,*,#5704,.F.);
#5759 = ORIENTED_EDGE('',*,*,#2916,.F.);
#5760 = PLANE('',#5761);
#5761 = AXIS2_PLACEMENT_3D('',#5762,#5763,#5764);
#5762 = CARTESIAN_POINT('',(-11.43446066426,2.53,-1.24));
#5763 = DIRECTION('',(-1.,-0.,-0.));
#5764 = DIRECTION('',(0.,-1.,0.));
#5765 = ADVANCED_FACE('',(#5766),#5791,.F.);
#5766 = FACE_BOUND('',#5767,.F.);
#5767 = EDGE_LOOP('',(#5768,#5776,#5784,#5790));
#5768 = ORIENTED_EDGE('',*,*,#5769,.T.);
#5769 = EDGE_CURVE('',#2933,#5770,#5772,.T.);
#5770 = VERTEX_POINT('',#5771);
#5771 = CARTESIAN_POINT('',(-11.84446066426,3.23,-1.59));
#5772 = LINE('',#5773,#5774);
#5773 = CARTESIAN_POINT('',(-11.84446066426,3.23,-1.24));
#5774 = VECTOR('',#5775,1.);
#5775 = DIRECTION('',(0.,0.,-1.));
#5776 = ORIENTED_EDGE('',*,*,#5777,.T.);
#5777 = EDGE_CURVE('',#5770,#5778,#5780,.T.);
#5778 = VERTEX_POINT('',#5779);
#5779 = CARTESIAN_POINT('',(-11.84446066426,5.23,-1.59));
#5780 = LINE('',#5781,#5782);
#5781 = CARTESIAN_POINT('',(-11.84446066426,3.23,-1.59));
#5782 = VECTOR('',#5783,1.);
#5783 = DIRECTION('',(0.,1.,0.));
#5784 = ORIENTED_EDGE('',*,*,#5785,.F.);
#5785 = EDGE_CURVE('',#2935,#5778,#5786,.T.);
#5786 = LINE('',#5787,#5788);
#5787 = CARTESIAN_POINT('',(-11.84446066426,5.23,-1.24));
#5788 = VECTOR('',#5789,1.);
#5789 = DIRECTION('',(0.,0.,-1.));
#5790 = ORIENTED_EDGE('',*,*,#2932,.F.);
#5791 = PLANE('',#5792);
#5792 = AXIS2_PLACEMENT_3D('',#5793,#5794,#5795);
#5793 = CARTESIAN_POINT('',(-11.84446066426,3.23,-1.24));
#5794 = DIRECTION('',(1.,0.,0.));
#5795 = DIRECTION('',(0.,1.,0.));
#5796 = ADVANCED_FACE('',(#5797),#5815,.F.);
#5797 = FACE_BOUND('',#5798,.F.);
#5798 = EDGE_LOOP('',(#5799,#5807,#5813,#5814));
#5799 = ORIENTED_EDGE('',*,*,#5800,.T.);
#5800 = EDGE_CURVE('',#2943,#5801,#5803,.T.);
#5801 = VERTEX_POINT('',#5802);
#5802 = CARTESIAN_POINT('',(-9.844460664267,3.23,-1.59));
#5803 = LINE('',#5804,#5805);
#5804 = CARTESIAN_POINT('',(-9.844460664267,3.23,-1.24));
#5805 = VECTOR('',#5806,1.);
#5806 = DIRECTION('',(0.,0.,-1.));
#5807 = ORIENTED_EDGE('',*,*,#5808,.T.);
#5808 = EDGE_CURVE('',#5801,#5770,#5809,.T.);
#5809 = LINE('',#5810,#5811);
#5810 = CARTESIAN_POINT('',(-9.844460664267,3.23,-1.59));
#5811 = VECTOR('',#5812,1.);
#5812 = DIRECTION('',(-1.,0.,0.));
#5813 = ORIENTED_EDGE('',*,*,#5769,.F.);
#5814 = ORIENTED_EDGE('',*,*,#2942,.F.);
#5815 = PLANE('',#5816);
#5816 = AXIS2_PLACEMENT_3D('',#5817,#5818,#5819);
#5817 = CARTESIAN_POINT('',(-9.844460664267,3.23,-1.24));
#5818 = DIRECTION('',(0.,1.,0.));
#5819 = DIRECTION('',(-1.,0.,0.));
#5820 = ADVANCED_FACE('',(#5821),#5839,.F.);
#5821 = FACE_BOUND('',#5822,.F.);
#5822 = EDGE_LOOP('',(#5823,#5824,#5832,#5838));
#5823 = ORIENTED_EDGE('',*,*,#5785,.T.);
#5824 = ORIENTED_EDGE('',*,*,#5825,.T.);
#5825 = EDGE_CURVE('',#5778,#5826,#5828,.T.);
#5826 = VERTEX_POINT('',#5827);
#5827 = CARTESIAN_POINT('',(-9.844460664267,5.23,-1.59));
#5828 = LINE('',#5829,#5830);
#5829 = CARTESIAN_POINT('',(-11.84446066426,5.23,-1.59));
#5830 = VECTOR('',#5831,1.);
#5831 = DIRECTION('',(1.,0.,0.));
#5832 = ORIENTED_EDGE('',*,*,#5833,.F.);
#5833 = EDGE_CURVE('',#2951,#5826,#5834,.T.);
#5834 = LINE('',#5835,#5836);
#5835 = CARTESIAN_POINT('',(-9.844460664267,5.23,-1.24));
#5836 = VECTOR('',#5837,1.);
#5837 = DIRECTION('',(0.,0.,-1.));
#5838 = ORIENTED_EDGE('',*,*,#2958,.F.);
#5839 = PLANE('',#5840);
#5840 = AXIS2_PLACEMENT_3D('',#5841,#5842,#5843);
#5841 = CARTESIAN_POINT('',(-11.84446066426,5.23,-1.24));
#5842 = DIRECTION('',(0.,-1.,0.));
#5843 = DIRECTION('',(1.,0.,0.));
#5844 = ADVANCED_FACE('',(#5845),#5856,.F.);
#5845 = FACE_BOUND('',#5846,.F.);
#5846 = EDGE_LOOP('',(#5847,#5848,#5854,#5855));
#5847 = ORIENTED_EDGE('',*,*,#5833,.T.);
#5848 = ORIENTED_EDGE('',*,*,#5849,.T.);
#5849 = EDGE_CURVE('',#5826,#5801,#5850,.T.);
#5850 = LINE('',#5851,#5852);
#5851 = CARTESIAN_POINT('',(-9.844460664267,5.23,-1.59));
#5852 = VECTOR('',#5853,1.);
#5853 = DIRECTION('',(0.,-1.,0.));
#5854 = ORIENTED_EDGE('',*,*,#5800,.F.);
#5855 = ORIENTED_EDGE('',*,*,#2950,.F.);
#5856 = PLANE('',#5857);
#5857 = AXIS2_PLACEMENT_3D('',#5858,#5859,#5860);
#5858 = CARTESIAN_POINT('',(-9.844460664267,5.23,-1.24));
#5859 = DIRECTION('',(-1.,-0.,-0.));
#5860 = DIRECTION('',(0.,-1.,0.));
#5861 = ADVANCED_FACE('',(#5862),#5887,.F.);
#5862 = FACE_BOUND('',#5863,.F.);
#5863 = EDGE_LOOP('',(#5864,#5872,#5880,#5886));
#5864 = ORIENTED_EDGE('',*,*,#5865,.T.);
#5865 = EDGE_CURVE('',#2967,#5866,#5868,.T.);
#5866 = VERTEX_POINT('',#5867);
#5867 = CARTESIAN_POINT('',(-14.01446066426,2.98,-2.14));
#5868 = LINE('',#5869,#5870);
#5869 = CARTESIAN_POINT('',(-14.01446066426,2.98,-1.24));
#5870 = VECTOR('',#5871,1.);
#5871 = DIRECTION('',(0.,0.,-1.));
#5872 = ORIENTED_EDGE('',*,*,#5873,.T.);
#5873 = EDGE_CURVE('',#5866,#5874,#5876,.T.);
#5874 = VERTEX_POINT('',#5875);
#5875 = CARTESIAN_POINT('',(-14.01446066426,5.28,-2.14));
#5876 = LINE('',#5877,#5878);
#5877 = CARTESIAN_POINT('',(-14.01446066426,2.98,-2.14));
#5878 = VECTOR('',#5879,1.);
#5879 = DIRECTION('',(0.,1.,0.));
#5880 = ORIENTED_EDGE('',*,*,#5881,.F.);
#5881 = EDGE_CURVE('',#2969,#5874,#5882,.T.);
#5882 = LINE('',#5883,#5884);
#5883 = CARTESIAN_POINT('',(-14.01446066426,5.28,-1.24));
#5884 = VECTOR('',#5885,1.);
#5885 = DIRECTION('',(0.,0.,-1.));
#5886 = ORIENTED_EDGE('',*,*,#2966,.F.);
#5887 = PLANE('',#5888);
#5888 = AXIS2_PLACEMENT_3D('',#5889,#5890,#5891);
#5889 = CARTESIAN_POINT('',(-14.01446066426,2.98,-1.24));
#5890 = DIRECTION('',(1.,0.,0.));
#5891 = DIRECTION('',(0.,1.,0.));
#5892 = ADVANCED_FACE('',(#5893),#5911,.F.);
#5893 = FACE_BOUND('',#5894,.F.);
#5894 = EDGE_LOOP('',(#5895,#5903,#5909,#5910));
#5895 = ORIENTED_EDGE('',*,*,#5896,.T.);
#5896 = EDGE_CURVE('',#2977,#5897,#5899,.T.);
#5897 = VERTEX_POINT('',#5898);
#5898 = CARTESIAN_POINT('',(-12.41446066426,2.98,-2.14));
#5899 = LINE('',#5900,#5901);
#5900 = CARTESIAN_POINT('',(-12.41446066426,2.98,-1.24));
#5901 = VECTOR('',#5902,1.);
#5902 = DIRECTION('',(0.,0.,-1.));
#5903 = ORIENTED_EDGE('',*,*,#5904,.T.);
#5904 = EDGE_CURVE('',#5897,#5866,#5905,.T.);
#5905 = LINE('',#5906,#5907);
#5906 = CARTESIAN_POINT('',(-12.41446066426,2.98,-2.14));
#5907 = VECTOR('',#5908,1.);
#5908 = DIRECTION('',(-1.,0.,0.));
#5909 = ORIENTED_EDGE('',*,*,#5865,.F.);
#5910 = ORIENTED_EDGE('',*,*,#2976,.F.);
#5911 = PLANE('',#5912);
#5912 = AXIS2_PLACEMENT_3D('',#5913,#5914,#5915);
#5913 = CARTESIAN_POINT('',(-12.41446066426,2.98,-1.24));
#5914 = DIRECTION('',(0.,1.,0.));
#5915 = DIRECTION('',(-1.,0.,0.));
#5916 = ADVANCED_FACE('',(#5917),#5935,.F.);
#5917 = FACE_BOUND('',#5918,.F.);
#5918 = EDGE_LOOP('',(#5919,#5920,#5928,#5934));
#5919 = ORIENTED_EDGE('',*,*,#5881,.T.);
#5920 = ORIENTED_EDGE('',*,*,#5921,.T.);
#5921 = EDGE_CURVE('',#5874,#5922,#5924,.T.);
#5922 = VERTEX_POINT('',#5923);
#5923 = CARTESIAN_POINT('',(-12.41446066426,5.28,-2.14));
#5924 = LINE('',#5925,#5926);
#5925 = CARTESIAN_POINT('',(-14.01446066426,5.28,-2.14));
#5926 = VECTOR('',#5927,1.);
#5927 = DIRECTION('',(1.,0.,0.));
#5928 = ORIENTED_EDGE('',*,*,#5929,.F.);
#5929 = EDGE_CURVE('',#2985,#5922,#5930,.T.);
#5930 = LINE('',#5931,#5932);
#5931 = CARTESIAN_POINT('',(-12.41446066426,5.28,-1.24));
#5932 = VECTOR('',#5933,1.);
#5933 = DIRECTION('',(0.,0.,-1.));
#5934 = ORIENTED_EDGE('',*,*,#2992,.F.);
#5935 = PLANE('',#5936);
#5936 = AXIS2_PLACEMENT_3D('',#5937,#5938,#5939);
#5937 = CARTESIAN_POINT('',(-14.01446066426,5.28,-1.24));
#5938 = DIRECTION('',(0.,-1.,0.));
#5939 = DIRECTION('',(1.,0.,0.));
#5940 = ADVANCED_FACE('',(#5941),#5952,.F.);
#5941 = FACE_BOUND('',#5942,.F.);
#5942 = EDGE_LOOP('',(#5943,#5944,#5950,#5951));
#5943 = ORIENTED_EDGE('',*,*,#5929,.T.);
#5944 = ORIENTED_EDGE('',*,*,#5945,.T.);
#5945 = EDGE_CURVE('',#5922,#5897,#5946,.T.);
#5946 = LINE('',#5947,#5948);
#5947 = CARTESIAN_POINT('',(-12.41446066426,5.28,-2.14));
#5948 = VECTOR('',#5949,1.);
#5949 = DIRECTION('',(0.,-1.,0.));
#5950 = ORIENTED_EDGE('',*,*,#5896,.F.);
#5951 = ORIENTED_EDGE('',*,*,#2984,.F.);
#5952 = PLANE('',#5953);
#5953 = AXIS2_PLACEMENT_3D('',#5954,#5955,#5956);
#5954 = CARTESIAN_POINT('',(-12.41446066426,5.28,-1.24));
#5955 = DIRECTION('',(-1.,-0.,-0.));
#5956 = DIRECTION('',(0.,-1.,0.));
#5957 = ADVANCED_FACE('',(#5958),#5983,.F.);
#5958 = FACE_BOUND('',#5959,.F.);
#5959 = EDGE_LOOP('',(#5960,#5968,#5976,#5982));
#5960 = ORIENTED_EDGE('',*,*,#5961,.T.);
#5961 = EDGE_CURVE('',#3001,#5962,#5964,.T.);
#5962 = VERTEX_POINT('',#5963);
#5963 = CARTESIAN_POINT('',(5.37,4.955,-1.49));
#5964 = LINE('',#5965,#5966);
#5965 = CARTESIAN_POINT('',(5.37,4.955,-1.24));
#5966 = VECTOR('',#5967,1.);
#5967 = DIRECTION('',(0.,0.,-1.));
#5968 = ORIENTED_EDGE('',*,*,#5969,.T.);
#5969 = EDGE_CURVE('',#5962,#5970,#5972,.T.);
#5970 = VERTEX_POINT('',#5971);
#5971 = CARTESIAN_POINT('',(5.37,5.555,-1.49));
#5972 = LINE('',#5973,#5974);
#5973 = CARTESIAN_POINT('',(5.37,4.955,-1.49));
#5974 = VECTOR('',#5975,1.);
#5975 = DIRECTION('',(0.,1.,0.));
#5976 = ORIENTED_EDGE('',*,*,#5977,.F.);
#5977 = EDGE_CURVE('',#3003,#5970,#5978,.T.);
#5978 = LINE('',#5979,#5980);
#5979 = CARTESIAN_POINT('',(5.37,5.555,-1.24));
#5980 = VECTOR('',#5981,1.);
#5981 = DIRECTION('',(0.,0.,-1.));
#5982 = ORIENTED_EDGE('',*,*,#3000,.F.);
#5983 = PLANE('',#5984);
#5984 = AXIS2_PLACEMENT_3D('',#5985,#5986,#5987);
#5985 = CARTESIAN_POINT('',(5.37,4.955,-1.24));
#5986 = DIRECTION('',(1.,0.,0.));
#5987 = DIRECTION('',(0.,1.,0.));
#5988 = ADVANCED_FACE('',(#5989),#6007,.F.);
#5989 = FACE_BOUND('',#5990,.F.);
#5990 = EDGE_LOOP('',(#5991,#5999,#6005,#6006));
#5991 = ORIENTED_EDGE('',*,*,#5992,.T.);
#5992 = EDGE_CURVE('',#3011,#5993,#5995,.T.);
#5993 = VERTEX_POINT('',#5994);
#5994 = CARTESIAN_POINT('',(5.67,4.955,-1.49));
#5995 = LINE('',#5996,#5997);
#5996 = CARTESIAN_POINT('',(5.67,4.955,-1.24));
#5997 = VECTOR('',#5998,1.);
#5998 = DIRECTION('',(0.,0.,-1.));
#5999 = ORIENTED_EDGE('',*,*,#6000,.T.);
#6000 = EDGE_CURVE('',#5993,#5962,#6001,.T.);
#6001 = LINE('',#6002,#6003);
#6002 = CARTESIAN_POINT('',(5.67,4.955,-1.49));
#6003 = VECTOR('',#6004,1.);
#6004 = DIRECTION('',(-1.,0.,0.));
#6005 = ORIENTED_EDGE('',*,*,#5961,.F.);
#6006 = ORIENTED_EDGE('',*,*,#3010,.F.);
#6007 = PLANE('',#6008);
#6008 = AXIS2_PLACEMENT_3D('',#6009,#6010,#6011);
#6009 = CARTESIAN_POINT('',(5.67,4.955,-1.24));
#6010 = DIRECTION('',(0.,1.,0.));
#6011 = DIRECTION('',(-1.,0.,0.));
#6012 = ADVANCED_FACE('',(#6013),#6031,.F.);
#6013 = FACE_BOUND('',#6014,.F.);
#6014 = EDGE_LOOP('',(#6015,#6016,#6024,#6030));
#6015 = ORIENTED_EDGE('',*,*,#5977,.T.);
#6016 = ORIENTED_EDGE('',*,*,#6017,.T.);
#6017 = EDGE_CURVE('',#5970,#6018,#6020,.T.);
#6018 = VERTEX_POINT('',#6019);
#6019 = CARTESIAN_POINT('',(5.67,5.555,-1.49));
#6020 = LINE('',#6021,#6022);
#6021 = CARTESIAN_POINT('',(5.37,5.555,-1.49));
#6022 = VECTOR('',#6023,1.);
#6023 = DIRECTION('',(1.,0.,0.));
#6024 = ORIENTED_EDGE('',*,*,#6025,.F.);
#6025 = EDGE_CURVE('',#3019,#6018,#6026,.T.);
#6026 = LINE('',#6027,#6028);
#6027 = CARTESIAN_POINT('',(5.67,5.555,-1.24));
#6028 = VECTOR('',#6029,1.);
#6029 = DIRECTION('',(0.,0.,-1.));
#6030 = ORIENTED_EDGE('',*,*,#3026,.F.);
#6031 = PLANE('',#6032);
#6032 = AXIS2_PLACEMENT_3D('',#6033,#6034,#6035);
#6033 = CARTESIAN_POINT('',(5.37,5.555,-1.24));
#6034 = DIRECTION('',(0.,-1.,0.));
#6035 = DIRECTION('',(1.,0.,0.));
#6036 = ADVANCED_FACE('',(#6037),#6048,.F.);
#6037 = FACE_BOUND('',#6038,.F.);
#6038 = EDGE_LOOP('',(#6039,#6040,#6046,#6047));
#6039 = ORIENTED_EDGE('',*,*,#6025,.T.);
#6040 = ORIENTED_EDGE('',*,*,#6041,.T.);
#6041 = EDGE_CURVE('',#6018,#5993,#6042,.T.);
#6042 = LINE('',#6043,#6044);
#6043 = CARTESIAN_POINT('',(5.67,5.555,-1.49));
#6044 = VECTOR('',#6045,1.);
#6045 = DIRECTION('',(0.,-1.,0.));
#6046 = ORIENTED_EDGE('',*,*,#5992,.F.);
#6047 = ORIENTED_EDGE('',*,*,#3018,.F.);
#6048 = PLANE('',#6049);
#6049 = AXIS2_PLACEMENT_3D('',#6050,#6051,#6052);
#6050 = CARTESIAN_POINT('',(5.67,5.555,-1.24));
#6051 = DIRECTION('',(-1.,-0.,-0.));
#6052 = DIRECTION('',(0.,-1.,0.));
#6053 = ADVANCED_FACE('',(#6054),#6079,.F.);
#6054 = FACE_BOUND('',#6055,.F.);
#6055 = EDGE_LOOP('',(#6056,#6064,#6072,#6078));
#6056 = ORIENTED_EDGE('',*,*,#6057,.T.);
#6057 = EDGE_CURVE('',#3035,#6058,#6060,.T.);
#6058 = VERTEX_POINT('',#6059);
#6059 = CARTESIAN_POINT('',(4.640000000001,4.955,-1.49));
#6060 = LINE('',#6061,#6062);
#6061 = CARTESIAN_POINT('',(4.640000000001,4.955,-1.24));
#6062 = VECTOR('',#6063,1.);
#6063 = DIRECTION('',(0.,0.,-1.));
#6064 = ORIENTED_EDGE('',*,*,#6065,.T.);
#6065 = EDGE_CURVE('',#6058,#6066,#6068,.T.);
#6066 = VERTEX_POINT('',#6067);
#6067 = CARTESIAN_POINT('',(4.640000000001,5.555,-1.49));
#6068 = LINE('',#6069,#6070);
#6069 = CARTESIAN_POINT('',(4.640000000001,4.955,-1.49));
#6070 = VECTOR('',#6071,1.);
#6071 = DIRECTION('',(0.,1.,0.));
#6072 = ORIENTED_EDGE('',*,*,#6073,.F.);
#6073 = EDGE_CURVE('',#3037,#6066,#6074,.T.);
#6074 = LINE('',#6075,#6076);
#6075 = CARTESIAN_POINT('',(4.640000000001,5.555,-1.24));
#6076 = VECTOR('',#6077,1.);
#6077 = DIRECTION('',(0.,0.,-1.));
#6078 = ORIENTED_EDGE('',*,*,#3034,.F.);
#6079 = PLANE('',#6080);
#6080 = AXIS2_PLACEMENT_3D('',#6081,#6082,#6083);
#6081 = CARTESIAN_POINT('',(4.640000000001,4.955,-1.24));
#6082 = DIRECTION('',(1.,0.,0.));
#6083 = DIRECTION('',(0.,1.,0.));
#6084 = ADVANCED_FACE('',(#6085),#6103,.F.);
#6085 = FACE_BOUND('',#6086,.F.);
#6086 = EDGE_LOOP('',(#6087,#6095,#6101,#6102));
#6087 = ORIENTED_EDGE('',*,*,#6088,.T.);
#6088 = EDGE_CURVE('',#3045,#6089,#6091,.T.);
#6089 = VERTEX_POINT('',#6090);
#6090 = CARTESIAN_POINT('',(4.94,4.955,-1.49));
#6091 = LINE('',#6092,#6093);
#6092 = CARTESIAN_POINT('',(4.94,4.955,-1.24));
#6093 = VECTOR('',#6094,1.);
#6094 = DIRECTION('',(0.,0.,-1.));
#6095 = ORIENTED_EDGE('',*,*,#6096,.T.);
#6096 = EDGE_CURVE('',#6089,#6058,#6097,.T.);
#6097 = LINE('',#6098,#6099);
#6098 = CARTESIAN_POINT('',(4.94,4.955,-1.49));
#6099 = VECTOR('',#6100,1.);
#6100 = DIRECTION('',(-1.,0.,0.));
#6101 = ORIENTED_EDGE('',*,*,#6057,.F.);
#6102 = ORIENTED_EDGE('',*,*,#3044,.F.);
#6103 = PLANE('',#6104);
#6104 = AXIS2_PLACEMENT_3D('',#6105,#6106,#6107);
#6105 = CARTESIAN_POINT('',(4.94,4.955,-1.24));
#6106 = DIRECTION('',(0.,1.,0.));
#6107 = DIRECTION('',(-1.,0.,0.));
#6108 = ADVANCED_FACE('',(#6109),#6127,.F.);
#6109 = FACE_BOUND('',#6110,.F.);
#6110 = EDGE_LOOP('',(#6111,#6112,#6120,#6126));
#6111 = ORIENTED_EDGE('',*,*,#6073,.T.);
#6112 = ORIENTED_EDGE('',*,*,#6113,.T.);
#6113 = EDGE_CURVE('',#6066,#6114,#6116,.T.);
#6114 = VERTEX_POINT('',#6115);
#6115 = CARTESIAN_POINT('',(4.94,5.555,-1.49));
#6116 = LINE('',#6117,#6118);
#6117 = CARTESIAN_POINT('',(4.640000000001,5.555,-1.49));
#6118 = VECTOR('',#6119,1.);
#6119 = DIRECTION('',(1.,0.,0.));
#6120 = ORIENTED_EDGE('',*,*,#6121,.F.);
#6121 = EDGE_CURVE('',#3053,#6114,#6122,.T.);
#6122 = LINE('',#6123,#6124);
#6123 = CARTESIAN_POINT('',(4.94,5.555,-1.24));
#6124 = VECTOR('',#6125,1.);
#6125 = DIRECTION('',(0.,0.,-1.));
#6126 = ORIENTED_EDGE('',*,*,#3060,.F.);
#6127 = PLANE('',#6128);
#6128 = AXIS2_PLACEMENT_3D('',#6129,#6130,#6131);
#6129 = CARTESIAN_POINT('',(4.640000000001,5.555,-1.24));
#6130 = DIRECTION('',(0.,-1.,0.));
#6131 = DIRECTION('',(1.,0.,0.));
#6132 = ADVANCED_FACE('',(#6133),#6144,.F.);
#6133 = FACE_BOUND('',#6134,.F.);
#6134 = EDGE_LOOP('',(#6135,#6136,#6142,#6143));
#6135 = ORIENTED_EDGE('',*,*,#6121,.T.);
#6136 = ORIENTED_EDGE('',*,*,#6137,.T.);
#6137 = EDGE_CURVE('',#6114,#6089,#6138,.T.);
#6138 = LINE('',#6139,#6140);
#6139 = CARTESIAN_POINT('',(4.94,5.555,-1.49));
#6140 = VECTOR('',#6141,1.);
#6141 = DIRECTION('',(0.,-1.,0.));
#6142 = ORIENTED_EDGE('',*,*,#6088,.F.);
#6143 = ORIENTED_EDGE('',*,*,#3052,.F.);
#6144 = PLANE('',#6145);
#6145 = AXIS2_PLACEMENT_3D('',#6146,#6147,#6148);
#6146 = CARTESIAN_POINT('',(4.94,5.555,-1.24));
#6147 = DIRECTION('',(-1.,-0.,-0.));
#6148 = DIRECTION('',(0.,-1.,0.));
#6149 = ADVANCED_FACE('',(#6150),#6175,.F.);
#6150 = FACE_BOUND('',#6151,.F.);
#6151 = EDGE_LOOP('',(#6152,#6160,#6168,#6174));
#6152 = ORIENTED_EDGE('',*,*,#6153,.T.);
#6153 = EDGE_CURVE('',#3069,#6154,#6156,.T.);
#6154 = VERTEX_POINT('',#6155);
#6155 = CARTESIAN_POINT('',(5.37,6.225,-1.49));
#6156 = LINE('',#6157,#6158);
#6157 = CARTESIAN_POINT('',(5.37,6.225,-1.24));
#6158 = VECTOR('',#6159,1.);
#6159 = DIRECTION('',(0.,0.,-1.));
#6160 = ORIENTED_EDGE('',*,*,#6161,.T.);
#6161 = EDGE_CURVE('',#6154,#6162,#6164,.T.);
#6162 = VERTEX_POINT('',#6163);
#6163 = CARTESIAN_POINT('',(5.37,6.825,-1.49));
#6164 = LINE('',#6165,#6166);
#6165 = CARTESIAN_POINT('',(5.37,6.225,-1.49));
#6166 = VECTOR('',#6167,1.);
#6167 = DIRECTION('',(0.,1.,0.));
#6168 = ORIENTED_EDGE('',*,*,#6169,.F.);
#6169 = EDGE_CURVE('',#3071,#6162,#6170,.T.);
#6170 = LINE('',#6171,#6172);
#6171 = CARTESIAN_POINT('',(5.37,6.825,-1.24));
#6172 = VECTOR('',#6173,1.);
#6173 = DIRECTION('',(0.,0.,-1.));
#6174 = ORIENTED_EDGE('',*,*,#3068,.F.);
#6175 = PLANE('',#6176);
#6176 = AXIS2_PLACEMENT_3D('',#6177,#6178,#6179);
#6177 = CARTESIAN_POINT('',(5.37,6.225,-1.24));
#6178 = DIRECTION('',(1.,0.,0.));
#6179 = DIRECTION('',(0.,1.,0.));
#6180 = ADVANCED_FACE('',(#6181),#6199,.F.);
#6181 = FACE_BOUND('',#6182,.F.);
#6182 = EDGE_LOOP('',(#6183,#6191,#6197,#6198));
#6183 = ORIENTED_EDGE('',*,*,#6184,.T.);
#6184 = EDGE_CURVE('',#3079,#6185,#6187,.T.);
#6185 = VERTEX_POINT('',#6186);
#6186 = CARTESIAN_POINT('',(5.67,6.225,-1.49));
#6187 = LINE('',#6188,#6189);
#6188 = CARTESIAN_POINT('',(5.67,6.225,-1.24));
#6189 = VECTOR('',#6190,1.);
#6190 = DIRECTION('',(0.,0.,-1.));
#6191 = ORIENTED_EDGE('',*,*,#6192,.T.);
#6192 = EDGE_CURVE('',#6185,#6154,#6193,.T.);
#6193 = LINE('',#6194,#6195);
#6194 = CARTESIAN_POINT('',(5.67,6.225,-1.49));
#6195 = VECTOR('',#6196,1.);
#6196 = DIRECTION('',(-1.,0.,0.));
#6197 = ORIENTED_EDGE('',*,*,#6153,.F.);
#6198 = ORIENTED_EDGE('',*,*,#3078,.F.);
#6199 = PLANE('',#6200);
#6200 = AXIS2_PLACEMENT_3D('',#6201,#6202,#6203);
#6201 = CARTESIAN_POINT('',(5.67,6.225,-1.24));
#6202 = DIRECTION('',(0.,1.,0.));
#6203 = DIRECTION('',(-1.,0.,0.));
#6204 = ADVANCED_FACE('',(#6205),#6223,.F.);
#6205 = FACE_BOUND('',#6206,.F.);
#6206 = EDGE_LOOP('',(#6207,#6208,#6216,#6222));
#6207 = ORIENTED_EDGE('',*,*,#6169,.T.);
#6208 = ORIENTED_EDGE('',*,*,#6209,.T.);
#6209 = EDGE_CURVE('',#6162,#6210,#6212,.T.);
#6210 = VERTEX_POINT('',#6211);
#6211 = CARTESIAN_POINT('',(5.67,6.825,-1.49));
#6212 = LINE('',#6213,#6214);
#6213 = CARTESIAN_POINT('',(5.37,6.825,-1.49));
#6214 = VECTOR('',#6215,1.);
#6215 = DIRECTION('',(1.,0.,0.));
#6216 = ORIENTED_EDGE('',*,*,#6217,.F.);
#6217 = EDGE_CURVE('',#3087,#6210,#6218,.T.);
#6218 = LINE('',#6219,#6220);
#6219 = CARTESIAN_POINT('',(5.67,6.825,-1.24));
#6220 = VECTOR('',#6221,1.);
#6221 = DIRECTION('',(0.,0.,-1.));
#6222 = ORIENTED_EDGE('',*,*,#3094,.F.);
#6223 = PLANE('',#6224);
#6224 = AXIS2_PLACEMENT_3D('',#6225,#6226,#6227);
#6225 = CARTESIAN_POINT('',(5.37,6.825,-1.24));
#6226 = DIRECTION('',(0.,-1.,0.));
#6227 = DIRECTION('',(1.,0.,0.));
#6228 = ADVANCED_FACE('',(#6229),#6240,.F.);
#6229 = FACE_BOUND('',#6230,.F.);
#6230 = EDGE_LOOP('',(#6231,#6232,#6238,#6239));
#6231 = ORIENTED_EDGE('',*,*,#6217,.T.);
#6232 = ORIENTED_EDGE('',*,*,#6233,.T.);
#6233 = EDGE_CURVE('',#6210,#6185,#6234,.T.);
#6234 = LINE('',#6235,#6236);
#6235 = CARTESIAN_POINT('',(5.67,6.825,-1.49));
#6236 = VECTOR('',#6237,1.);
#6237 = DIRECTION('',(0.,-1.,0.));
#6238 = ORIENTED_EDGE('',*,*,#6184,.F.);
#6239 = ORIENTED_EDGE('',*,*,#3086,.F.);
#6240 = PLANE('',#6241);
#6241 = AXIS2_PLACEMENT_3D('',#6242,#6243,#6244);
#6242 = CARTESIAN_POINT('',(5.67,6.825,-1.24));
#6243 = DIRECTION('',(-1.,-0.,-0.));
#6244 = DIRECTION('',(0.,-1.,0.));
#6245 = ADVANCED_FACE('',(#6246),#6271,.F.);
#6246 = FACE_BOUND('',#6247,.F.);
#6247 = EDGE_LOOP('',(#6248,#6256,#6264,#6270));
#6248 = ORIENTED_EDGE('',*,*,#6249,.T.);
#6249 = EDGE_CURVE('',#3103,#6250,#6252,.T.);
#6250 = VERTEX_POINT('',#6251);
#6251 = CARTESIAN_POINT('',(4.64,6.225,-1.49));
#6252 = LINE('',#6253,#6254);
#6253 = CARTESIAN_POINT('',(4.64,6.225,-1.24));
#6254 = VECTOR('',#6255,1.);
#6255 = DIRECTION('',(0.,0.,-1.));
#6256 = ORIENTED_EDGE('',*,*,#6257,.T.);
#6257 = EDGE_CURVE('',#6250,#6258,#6260,.T.);
#6258 = VERTEX_POINT('',#6259);
#6259 = CARTESIAN_POINT('',(4.64,6.825,-1.49));
#6260 = LINE('',#6261,#6262);
#6261 = CARTESIAN_POINT('',(4.64,6.225,-1.49));
#6262 = VECTOR('',#6263,1.);
#6263 = DIRECTION('',(0.,1.,0.));
#6264 = ORIENTED_EDGE('',*,*,#6265,.F.);
#6265 = EDGE_CURVE('',#3105,#6258,#6266,.T.);
#6266 = LINE('',#6267,#6268);
#6267 = CARTESIAN_POINT('',(4.64,6.825,-1.24));
#6268 = VECTOR('',#6269,1.);
#6269 = DIRECTION('',(0.,0.,-1.));
#6270 = ORIENTED_EDGE('',*,*,#3102,.F.);
#6271 = PLANE('',#6272);
#6272 = AXIS2_PLACEMENT_3D('',#6273,#6274,#6275);
#6273 = CARTESIAN_POINT('',(4.64,6.225,-1.24));
#6274 = DIRECTION('',(1.,0.,0.));
#6275 = DIRECTION('',(0.,1.,0.));
#6276 = ADVANCED_FACE('',(#6277),#6295,.F.);
#6277 = FACE_BOUND('',#6278,.F.);
#6278 = EDGE_LOOP('',(#6279,#6287,#6293,#6294));
#6279 = ORIENTED_EDGE('',*,*,#6280,.T.);
#6280 = EDGE_CURVE('',#3113,#6281,#6283,.T.);
#6281 = VERTEX_POINT('',#6282);
#6282 = CARTESIAN_POINT('',(4.94,6.225,-1.49));
#6283 = LINE('',#6284,#6285);
#6284 = CARTESIAN_POINT('',(4.94,6.225,-1.24));
#6285 = VECTOR('',#6286,1.);
#6286 = DIRECTION('',(0.,0.,-1.));
#6287 = ORIENTED_EDGE('',*,*,#6288,.T.);
#6288 = EDGE_CURVE('',#6281,#6250,#6289,.T.);
#6289 = LINE('',#6290,#6291);
#6290 = CARTESIAN_POINT('',(4.94,6.225,-1.49));
#6291 = VECTOR('',#6292,1.);
#6292 = DIRECTION('',(-1.,0.,0.));
#6293 = ORIENTED_EDGE('',*,*,#6249,.F.);
#6294 = ORIENTED_EDGE('',*,*,#3112,.F.);
#6295 = PLANE('',#6296);
#6296 = AXIS2_PLACEMENT_3D('',#6297,#6298,#6299);
#6297 = CARTESIAN_POINT('',(4.94,6.225,-1.24));
#6298 = DIRECTION('',(0.,1.,0.));
#6299 = DIRECTION('',(-1.,0.,0.));
#6300 = ADVANCED_FACE('',(#6301),#6319,.F.);
#6301 = FACE_BOUND('',#6302,.F.);
#6302 = EDGE_LOOP('',(#6303,#6304,#6312,#6318));
#6303 = ORIENTED_EDGE('',*,*,#6265,.T.);
#6304 = ORIENTED_EDGE('',*,*,#6305,.T.);
#6305 = EDGE_CURVE('',#6258,#6306,#6308,.T.);
#6306 = VERTEX_POINT('',#6307);
#6307 = CARTESIAN_POINT('',(4.94,6.825,-1.49));
#6308 = LINE('',#6309,#6310);
#6309 = CARTESIAN_POINT('',(4.64,6.825,-1.49));
#6310 = VECTOR('',#6311,1.);
#6311 = DIRECTION('',(1.,0.,0.));
#6312 = ORIENTED_EDGE('',*,*,#6313,.F.);
#6313 = EDGE_CURVE('',#3121,#6306,#6314,.T.);
#6314 = LINE('',#6315,#6316);
#6315 = CARTESIAN_POINT('',(4.94,6.825,-1.24));
#6316 = VECTOR('',#6317,1.);
#6317 = DIRECTION('',(0.,0.,-1.));
#6318 = ORIENTED_EDGE('',*,*,#3128,.F.);
#6319 = PLANE('',#6320);
#6320 = AXIS2_PLACEMENT_3D('',#6321,#6322,#6323);
#6321 = CARTESIAN_POINT('',(4.64,6.825,-1.24));
#6322 = DIRECTION('',(0.,-1.,0.));
#6323 = DIRECTION('',(1.,0.,0.));
#6324 = ADVANCED_FACE('',(#6325),#6336,.F.);
#6325 = FACE_BOUND('',#6326,.F.);
#6326 = EDGE_LOOP('',(#6327,#6328,#6334,#6335));
#6327 = ORIENTED_EDGE('',*,*,#6313,.T.);
#6328 = ORIENTED_EDGE('',*,*,#6329,.T.);
#6329 = EDGE_CURVE('',#6306,#6281,#6330,.T.);
#6330 = LINE('',#6331,#6332);
#6331 = CARTESIAN_POINT('',(4.94,6.825,-1.49));
#6332 = VECTOR('',#6333,1.);
#6333 = DIRECTION('',(0.,-1.,0.));
#6334 = ORIENTED_EDGE('',*,*,#6280,.F.);
#6335 = ORIENTED_EDGE('',*,*,#3120,.F.);
#6336 = PLANE('',#6337);
#6337 = AXIS2_PLACEMENT_3D('',#6338,#6339,#6340);
#6338 = CARTESIAN_POINT('',(4.94,6.825,-1.24));
#6339 = DIRECTION('',(-1.,-0.,-0.));
#6340 = DIRECTION('',(0.,-1.,0.));
#6341 = ADVANCED_FACE('',(#6342),#6367,.F.);
#6342 = FACE_BOUND('',#6343,.F.);
#6343 = EDGE_LOOP('',(#6344,#6352,#6360,#6366));
#6344 = ORIENTED_EDGE('',*,*,#6345,.T.);
#6345 = EDGE_CURVE('',#3137,#6346,#6348,.T.);
#6346 = VERTEX_POINT('',#6347);
#6347 = CARTESIAN_POINT('',(3.92,6.225,-1.49));
#6348 = LINE('',#6349,#6350);
#6349 = CARTESIAN_POINT('',(3.92,6.225,-1.24));
#6350 = VECTOR('',#6351,1.);
#6351 = DIRECTION('',(0.,0.,-1.));
#6352 = ORIENTED_EDGE('',*,*,#6353,.T.);
#6353 = EDGE_CURVE('',#6346,#6354,#6356,.T.);
#6354 = VERTEX_POINT('',#6355);
#6355 = CARTESIAN_POINT('',(3.92,6.825,-1.49));
#6356 = LINE('',#6357,#6358);
#6357 = CARTESIAN_POINT('',(3.92,6.225,-1.49));
#6358 = VECTOR('',#6359,1.);
#6359 = DIRECTION('',(0.,1.,0.));
#6360 = ORIENTED_EDGE('',*,*,#6361,.F.);
#6361 = EDGE_CURVE('',#3139,#6354,#6362,.T.);
#6362 = LINE('',#6363,#6364);
#6363 = CARTESIAN_POINT('',(3.92,6.825,-1.24));
#6364 = VECTOR('',#6365,1.);
#6365 = DIRECTION('',(0.,0.,-1.));
#6366 = ORIENTED_EDGE('',*,*,#3136,.F.);
#6367 = PLANE('',#6368);
#6368 = AXIS2_PLACEMENT_3D('',#6369,#6370,#6371);
#6369 = CARTESIAN_POINT('',(3.92,6.225,-1.24));
#6370 = DIRECTION('',(1.,0.,0.));
#6371 = DIRECTION('',(0.,1.,0.));
#6372 = ADVANCED_FACE('',(#6373),#6391,.F.);
#6373 = FACE_BOUND('',#6374,.F.);
#6374 = EDGE_LOOP('',(#6375,#6383,#6389,#6390));
#6375 = ORIENTED_EDGE('',*,*,#6376,.T.);
#6376 = EDGE_CURVE('',#3147,#6377,#6379,.T.);
#6377 = VERTEX_POINT('',#6378);
#6378 = CARTESIAN_POINT('',(4.22,6.225,-1.49));
#6379 = LINE('',#6380,#6381);
#6380 = CARTESIAN_POINT('',(4.22,6.225,-1.24));
#6381 = VECTOR('',#6382,1.);
#6382 = DIRECTION('',(0.,0.,-1.));
#6383 = ORIENTED_EDGE('',*,*,#6384,.T.);
#6384 = EDGE_CURVE('',#6377,#6346,#6385,.T.);
#6385 = LINE('',#6386,#6387);
#6386 = CARTESIAN_POINT('',(4.22,6.225,-1.49));
#6387 = VECTOR('',#6388,1.);
#6388 = DIRECTION('',(-1.,0.,0.));
#6389 = ORIENTED_EDGE('',*,*,#6345,.F.);
#6390 = ORIENTED_EDGE('',*,*,#3146,.F.);
#6391 = PLANE('',#6392);
#6392 = AXIS2_PLACEMENT_3D('',#6393,#6394,#6395);
#6393 = CARTESIAN_POINT('',(4.22,6.225,-1.24));
#6394 = DIRECTION('',(0.,1.,0.));
#6395 = DIRECTION('',(-1.,0.,0.));
#6396 = ADVANCED_FACE('',(#6397),#6415,.F.);
#6397 = FACE_BOUND('',#6398,.F.);
#6398 = EDGE_LOOP('',(#6399,#6400,#6408,#6414));
#6399 = ORIENTED_EDGE('',*,*,#6361,.T.);
#6400 = ORIENTED_EDGE('',*,*,#6401,.T.);
#6401 = EDGE_CURVE('',#6354,#6402,#6404,.T.);
#6402 = VERTEX_POINT('',#6403);
#6403 = CARTESIAN_POINT('',(4.22,6.825,-1.49));
#6404 = LINE('',#6405,#6406);
#6405 = CARTESIAN_POINT('',(3.92,6.825,-1.49));
#6406 = VECTOR('',#6407,1.);
#6407 = DIRECTION('',(1.,0.,0.));
#6408 = ORIENTED_EDGE('',*,*,#6409,.F.);
#6409 = EDGE_CURVE('',#3155,#6402,#6410,.T.);
#6410 = LINE('',#6411,#6412);
#6411 = CARTESIAN_POINT('',(4.22,6.825,-1.24));
#6412 = VECTOR('',#6413,1.);
#6413 = DIRECTION('',(0.,0.,-1.));
#6414 = ORIENTED_EDGE('',*,*,#3162,.F.);
#6415 = PLANE('',#6416);
#6416 = AXIS2_PLACEMENT_3D('',#6417,#6418,#6419);
#6417 = CARTESIAN_POINT('',(3.92,6.825,-1.24));
#6418 = DIRECTION('',(0.,-1.,0.));
#6419 = DIRECTION('',(1.,0.,0.));
#6420 = ADVANCED_FACE('',(#6421),#6432,.F.);
#6421 = FACE_BOUND('',#6422,.F.);
#6422 = EDGE_LOOP('',(#6423,#6424,#6430,#6431));
#6423 = ORIENTED_EDGE('',*,*,#6409,.T.);
#6424 = ORIENTED_EDGE('',*,*,#6425,.T.);
#6425 = EDGE_CURVE('',#6402,#6377,#6426,.T.);
#6426 = LINE('',#6427,#6428);
#6427 = CARTESIAN_POINT('',(4.22,6.825,-1.49));
#6428 = VECTOR('',#6429,1.);
#6429 = DIRECTION('',(0.,-1.,0.));
#6430 = ORIENTED_EDGE('',*,*,#6376,.F.);
#6431 = ORIENTED_EDGE('',*,*,#3154,.F.);
#6432 = PLANE('',#6433);
#6433 = AXIS2_PLACEMENT_3D('',#6434,#6435,#6436);
#6434 = CARTESIAN_POINT('',(4.22,6.825,-1.24));
#6435 = DIRECTION('',(-1.,-0.,-0.));
#6436 = DIRECTION('',(0.,-1.,0.));
#6437 = ADVANCED_FACE('',(#6438),#6463,.F.);
#6438 = FACE_BOUND('',#6439,.F.);
#6439 = EDGE_LOOP('',(#6440,#6448,#6456,#6462));
#6440 = ORIENTED_EDGE('',*,*,#6441,.T.);
#6441 = EDGE_CURVE('',#3171,#6442,#6444,.T.);
#6442 = VERTEX_POINT('',#6443);
#6443 = CARTESIAN_POINT('',(5.37,7.575,-1.49));
#6444 = LINE('',#6445,#6446);
#6445 = CARTESIAN_POINT('',(5.37,7.575,-1.24));
#6446 = VECTOR('',#6447,1.);
#6447 = DIRECTION('',(0.,0.,-1.));
#6448 = ORIENTED_EDGE('',*,*,#6449,.T.);
#6449 = EDGE_CURVE('',#6442,#6450,#6452,.T.);
#6450 = VERTEX_POINT('',#6451);
#6451 = CARTESIAN_POINT('',(5.37,8.175,-1.49));
#6452 = LINE('',#6453,#6454);
#6453 = CARTESIAN_POINT('',(5.37,7.575,-1.49));
#6454 = VECTOR('',#6455,1.);
#6455 = DIRECTION('',(0.,1.,0.));
#6456 = ORIENTED_EDGE('',*,*,#6457,.F.);
#6457 = EDGE_CURVE('',#3173,#6450,#6458,.T.);
#6458 = LINE('',#6459,#6460);
#6459 = CARTESIAN_POINT('',(5.37,8.175,-1.24));
#6460 = VECTOR('',#6461,1.);
#6461 = DIRECTION('',(0.,0.,-1.));
#6462 = ORIENTED_EDGE('',*,*,#3170,.F.);
#6463 = PLANE('',#6464);
#6464 = AXIS2_PLACEMENT_3D('',#6465,#6466,#6467);
#6465 = CARTESIAN_POINT('',(5.37,7.575,-1.24));
#6466 = DIRECTION('',(1.,0.,0.));
#6467 = DIRECTION('',(0.,1.,0.));
#6468 = ADVANCED_FACE('',(#6469),#6487,.F.);
#6469 = FACE_BOUND('',#6470,.F.);
#6470 = EDGE_LOOP('',(#6471,#6479,#6485,#6486));
#6471 = ORIENTED_EDGE('',*,*,#6472,.T.);
#6472 = EDGE_CURVE('',#3181,#6473,#6475,.T.);
#6473 = VERTEX_POINT('',#6474);
#6474 = CARTESIAN_POINT('',(5.67,7.575,-1.49));
#6475 = LINE('',#6476,#6477);
#6476 = CARTESIAN_POINT('',(5.67,7.575,-1.24));
#6477 = VECTOR('',#6478,1.);
#6478 = DIRECTION('',(0.,0.,-1.));
#6479 = ORIENTED_EDGE('',*,*,#6480,.T.);
#6480 = EDGE_CURVE('',#6473,#6442,#6481,.T.);
#6481 = LINE('',#6482,#6483);
#6482 = CARTESIAN_POINT('',(5.67,7.575,-1.49));
#6483 = VECTOR('',#6484,1.);
#6484 = DIRECTION('',(-1.,0.,0.));
#6485 = ORIENTED_EDGE('',*,*,#6441,.F.);
#6486 = ORIENTED_EDGE('',*,*,#3180,.F.);
#6487 = PLANE('',#6488);
#6488 = AXIS2_PLACEMENT_3D('',#6489,#6490,#6491);
#6489 = CARTESIAN_POINT('',(5.67,7.575,-1.24));
#6490 = DIRECTION('',(0.,1.,0.));
#6491 = DIRECTION('',(-1.,0.,0.));
#6492 = ADVANCED_FACE('',(#6493),#6511,.F.);
#6493 = FACE_BOUND('',#6494,.F.);
#6494 = EDGE_LOOP('',(#6495,#6496,#6504,#6510));
#6495 = ORIENTED_EDGE('',*,*,#6457,.T.);
#6496 = ORIENTED_EDGE('',*,*,#6497,.T.);
#6497 = EDGE_CURVE('',#6450,#6498,#6500,.T.);
#6498 = VERTEX_POINT('',#6499);
#6499 = CARTESIAN_POINT('',(5.67,8.175,-1.49));
#6500 = LINE('',#6501,#6502);
#6501 = CARTESIAN_POINT('',(5.37,8.175,-1.49));
#6502 = VECTOR('',#6503,1.);
#6503 = DIRECTION('',(1.,0.,0.));
#6504 = ORIENTED_EDGE('',*,*,#6505,.F.);
#6505 = EDGE_CURVE('',#3189,#6498,#6506,.T.);
#6506 = LINE('',#6507,#6508);
#6507 = CARTESIAN_POINT('',(5.67,8.175,-1.24));
#6508 = VECTOR('',#6509,1.);
#6509 = DIRECTION('',(0.,0.,-1.));
#6510 = ORIENTED_EDGE('',*,*,#3196,.F.);
#6511 = PLANE('',#6512);
#6512 = AXIS2_PLACEMENT_3D('',#6513,#6514,#6515);
#6513 = CARTESIAN_POINT('',(5.37,8.175,-1.24));
#6514 = DIRECTION('',(0.,-1.,0.));
#6515 = DIRECTION('',(1.,0.,0.));
#6516 = ADVANCED_FACE('',(#6517),#6528,.F.);
#6517 = FACE_BOUND('',#6518,.F.);
#6518 = EDGE_LOOP('',(#6519,#6520,#6526,#6527));
#6519 = ORIENTED_EDGE('',*,*,#6505,.T.);
#6520 = ORIENTED_EDGE('',*,*,#6521,.T.);
#6521 = EDGE_CURVE('',#6498,#6473,#6522,.T.);
#6522 = LINE('',#6523,#6524);
#6523 = CARTESIAN_POINT('',(5.67,8.175,-1.49));
#6524 = VECTOR('',#6525,1.);
#6525 = DIRECTION('',(0.,-1.,0.));
#6526 = ORIENTED_EDGE('',*,*,#6472,.F.);
#6527 = ORIENTED_EDGE('',*,*,#3188,.F.);
#6528 = PLANE('',#6529);
#6529 = AXIS2_PLACEMENT_3D('',#6530,#6531,#6532);
#6530 = CARTESIAN_POINT('',(5.67,8.175,-1.24));
#6531 = DIRECTION('',(-1.,-0.,-0.));
#6532 = DIRECTION('',(0.,-1.,0.));
#6533 = ADVANCED_FACE('',(#6534),#6559,.F.);
#6534 = FACE_BOUND('',#6535,.F.);
#6535 = EDGE_LOOP('',(#6536,#6544,#6552,#6558));
#6536 = ORIENTED_EDGE('',*,*,#6537,.T.);
#6537 = EDGE_CURVE('',#3205,#6538,#6540,.T.);
#6538 = VERTEX_POINT('',#6539);
#6539 = CARTESIAN_POINT('',(4.64,7.575,-1.49));
#6540 = LINE('',#6541,#6542);
#6541 = CARTESIAN_POINT('',(4.64,7.575,-1.24));
#6542 = VECTOR('',#6543,1.);
#6543 = DIRECTION('',(0.,0.,-1.));
#6544 = ORIENTED_EDGE('',*,*,#6545,.T.);
#6545 = EDGE_CURVE('',#6538,#6546,#6548,.T.);
#6546 = VERTEX_POINT('',#6547);
#6547 = CARTESIAN_POINT('',(4.64,8.175,-1.49));
#6548 = LINE('',#6549,#6550);
#6549 = CARTESIAN_POINT('',(4.64,7.575,-1.49));
#6550 = VECTOR('',#6551,1.);
#6551 = DIRECTION('',(0.,1.,0.));
#6552 = ORIENTED_EDGE('',*,*,#6553,.F.);
#6553 = EDGE_CURVE('',#3207,#6546,#6554,.T.);
#6554 = LINE('',#6555,#6556);
#6555 = CARTESIAN_POINT('',(4.64,8.175,-1.24));
#6556 = VECTOR('',#6557,1.);
#6557 = DIRECTION('',(0.,0.,-1.));
#6558 = ORIENTED_EDGE('',*,*,#3204,.F.);
#6559 = PLANE('',#6560);
#6560 = AXIS2_PLACEMENT_3D('',#6561,#6562,#6563);
#6561 = CARTESIAN_POINT('',(4.64,7.575,-1.24));
#6562 = DIRECTION('',(1.,0.,0.));
#6563 = DIRECTION('',(0.,1.,0.));
#6564 = ADVANCED_FACE('',(#6565),#6583,.F.);
#6565 = FACE_BOUND('',#6566,.F.);
#6566 = EDGE_LOOP('',(#6567,#6575,#6581,#6582));
#6567 = ORIENTED_EDGE('',*,*,#6568,.T.);
#6568 = EDGE_CURVE('',#3215,#6569,#6571,.T.);
#6569 = VERTEX_POINT('',#6570);
#6570 = CARTESIAN_POINT('',(4.94,7.575,-1.49));
#6571 = LINE('',#6572,#6573);
#6572 = CARTESIAN_POINT('',(4.94,7.575,-1.24));
#6573 = VECTOR('',#6574,1.);
#6574 = DIRECTION('',(0.,0.,-1.));
#6575 = ORIENTED_EDGE('',*,*,#6576,.T.);
#6576 = EDGE_CURVE('',#6569,#6538,#6577,.T.);
#6577 = LINE('',#6578,#6579);
#6578 = CARTESIAN_POINT('',(4.94,7.575,-1.49));
#6579 = VECTOR('',#6580,1.);
#6580 = DIRECTION('',(-1.,0.,0.));
#6581 = ORIENTED_EDGE('',*,*,#6537,.F.);
#6582 = ORIENTED_EDGE('',*,*,#3214,.F.);
#6583 = PLANE('',#6584);
#6584 = AXIS2_PLACEMENT_3D('',#6585,#6586,#6587);
#6585 = CARTESIAN_POINT('',(4.94,7.575,-1.24));
#6586 = DIRECTION('',(0.,1.,0.));
#6587 = DIRECTION('',(-1.,0.,0.));
#6588 = ADVANCED_FACE('',(#6589),#6607,.F.);
#6589 = FACE_BOUND('',#6590,.F.);
#6590 = EDGE_LOOP('',(#6591,#6592,#6600,#6606));
#6591 = ORIENTED_EDGE('',*,*,#6553,.T.);
#6592 = ORIENTED_EDGE('',*,*,#6593,.T.);
#6593 = EDGE_CURVE('',#6546,#6594,#6596,.T.);
#6594 = VERTEX_POINT('',#6595);
#6595 = CARTESIAN_POINT('',(4.94,8.175,-1.49));
#6596 = LINE('',#6597,#6598);
#6597 = CARTESIAN_POINT('',(4.64,8.175,-1.49));
#6598 = VECTOR('',#6599,1.);
#6599 = DIRECTION('',(1.,0.,0.));
#6600 = ORIENTED_EDGE('',*,*,#6601,.F.);
#6601 = EDGE_CURVE('',#3223,#6594,#6602,.T.);
#6602 = LINE('',#6603,#6604);
#6603 = CARTESIAN_POINT('',(4.94,8.175,-1.24));
#6604 = VECTOR('',#6605,1.);
#6605 = DIRECTION('',(0.,0.,-1.));
#6606 = ORIENTED_EDGE('',*,*,#3230,.F.);
#6607 = PLANE('',#6608);
#6608 = AXIS2_PLACEMENT_3D('',#6609,#6610,#6611);
#6609 = CARTESIAN_POINT('',(4.64,8.175,-1.24));
#6610 = DIRECTION('',(0.,-1.,0.));
#6611 = DIRECTION('',(1.,0.,0.));
#6612 = ADVANCED_FACE('',(#6613),#6624,.F.);
#6613 = FACE_BOUND('',#6614,.F.);
#6614 = EDGE_LOOP('',(#6615,#6616,#6622,#6623));
#6615 = ORIENTED_EDGE('',*,*,#6601,.T.);
#6616 = ORIENTED_EDGE('',*,*,#6617,.T.);
#6617 = EDGE_CURVE('',#6594,#6569,#6618,.T.);
#6618 = LINE('',#6619,#6620);
#6619 = CARTESIAN_POINT('',(4.94,8.175,-1.49));
#6620 = VECTOR('',#6621,1.);
#6621 = DIRECTION('',(0.,-1.,0.));
#6622 = ORIENTED_EDGE('',*,*,#6568,.F.);
#6623 = ORIENTED_EDGE('',*,*,#3222,.F.);
#6624 = PLANE('',#6625);
#6625 = AXIS2_PLACEMENT_3D('',#6626,#6627,#6628);
#6626 = CARTESIAN_POINT('',(4.94,8.175,-1.24));
#6627 = DIRECTION('',(-1.,-0.,-0.));
#6628 = DIRECTION('',(0.,-1.,0.));
#6629 = ADVANCED_FACE('',(#6630),#6655,.F.);
#6630 = FACE_BOUND('',#6631,.F.);
#6631 = EDGE_LOOP('',(#6632,#6640,#6648,#6654));
#6632 = ORIENTED_EDGE('',*,*,#6633,.T.);
#6633 = EDGE_CURVE('',#3239,#6634,#6636,.T.);
#6634 = VERTEX_POINT('',#6635);
#6635 = CARTESIAN_POINT('',(3.92,7.575,-1.49));
#6636 = LINE('',#6637,#6638);
#6637 = CARTESIAN_POINT('',(3.92,7.575,-1.24));
#6638 = VECTOR('',#6639,1.);
#6639 = DIRECTION('',(0.,0.,-1.));
#6640 = ORIENTED_EDGE('',*,*,#6641,.T.);
#6641 = EDGE_CURVE('',#6634,#6642,#6644,.T.);
#6642 = VERTEX_POINT('',#6643);
#6643 = CARTESIAN_POINT('',(3.92,8.175,-1.49));
#6644 = LINE('',#6645,#6646);
#6645 = CARTESIAN_POINT('',(3.92,7.575,-1.49));
#6646 = VECTOR('',#6647,1.);
#6647 = DIRECTION('',(0.,1.,0.));
#6648 = ORIENTED_EDGE('',*,*,#6649,.F.);
#6649 = EDGE_CURVE('',#3241,#6642,#6650,.T.);
#6650 = LINE('',#6651,#6652);
#6651 = CARTESIAN_POINT('',(3.92,8.175,-1.24));
#6652 = VECTOR('',#6653,1.);
#6653 = DIRECTION('',(0.,0.,-1.));
#6654 = ORIENTED_EDGE('',*,*,#3238,.F.);
#6655 = PLANE('',#6656);
#6656 = AXIS2_PLACEMENT_3D('',#6657,#6658,#6659);
#6657 = CARTESIAN_POINT('',(3.92,7.575,-1.24));
#6658 = DIRECTION('',(1.,0.,0.));
#6659 = DIRECTION('',(0.,1.,0.));
#6660 = ADVANCED_FACE('',(#6661),#6679,.F.);
#6661 = FACE_BOUND('',#6662,.F.);
#6662 = EDGE_LOOP('',(#6663,#6671,#6677,#6678));
#6663 = ORIENTED_EDGE('',*,*,#6664,.T.);
#6664 = EDGE_CURVE('',#3249,#6665,#6667,.T.);
#6665 = VERTEX_POINT('',#6666);
#6666 = CARTESIAN_POINT('',(4.22,7.575,-1.49));
#6667 = LINE('',#6668,#6669);
#6668 = CARTESIAN_POINT('',(4.22,7.575,-1.24));
#6669 = VECTOR('',#6670,1.);
#6670 = DIRECTION('',(0.,0.,-1.));
#6671 = ORIENTED_EDGE('',*,*,#6672,.T.);
#6672 = EDGE_CURVE('',#6665,#6634,#6673,.T.);
#6673 = LINE('',#6674,#6675);
#6674 = CARTESIAN_POINT('',(4.22,7.575,-1.49));
#6675 = VECTOR('',#6676,1.);
#6676 = DIRECTION('',(-1.,0.,0.));
#6677 = ORIENTED_EDGE('',*,*,#6633,.F.);
#6678 = ORIENTED_EDGE('',*,*,#3248,.F.);
#6679 = PLANE('',#6680);
#6680 = AXIS2_PLACEMENT_3D('',#6681,#6682,#6683);
#6681 = CARTESIAN_POINT('',(4.22,7.575,-1.24));
#6682 = DIRECTION('',(0.,1.,0.));
#6683 = DIRECTION('',(-1.,0.,0.));
#6684 = ADVANCED_FACE('',(#6685),#6703,.F.);
#6685 = FACE_BOUND('',#6686,.F.);
#6686 = EDGE_LOOP('',(#6687,#6688,#6696,#6702));
#6687 = ORIENTED_EDGE('',*,*,#6649,.T.);
#6688 = ORIENTED_EDGE('',*,*,#6689,.T.);
#6689 = EDGE_CURVE('',#6642,#6690,#6692,.T.);
#6690 = VERTEX_POINT('',#6691);
#6691 = CARTESIAN_POINT('',(4.22,8.175,-1.49));
#6692 = LINE('',#6693,#6694);
#6693 = CARTESIAN_POINT('',(3.92,8.175,-1.49));
#6694 = VECTOR('',#6695,1.);
#6695 = DIRECTION('',(1.,0.,0.));
#6696 = ORIENTED_EDGE('',*,*,#6697,.F.);
#6697 = EDGE_CURVE('',#3257,#6690,#6698,.T.);
#6698 = LINE('',#6699,#6700);
#6699 = CARTESIAN_POINT('',(4.22,8.175,-1.24));
#6700 = VECTOR('',#6701,1.);
#6701 = DIRECTION('',(0.,0.,-1.));
#6702 = ORIENTED_EDGE('',*,*,#3264,.F.);
#6703 = PLANE('',#6704);
#6704 = AXIS2_PLACEMENT_3D('',#6705,#6706,#6707);
#6705 = CARTESIAN_POINT('',(3.92,8.175,-1.24));
#6706 = DIRECTION('',(0.,-1.,0.));
#6707 = DIRECTION('',(1.,0.,0.));
#6708 = ADVANCED_FACE('',(#6709),#6720,.F.);
#6709 = FACE_BOUND('',#6710,.F.);
#6710 = EDGE_LOOP('',(#6711,#6712,#6718,#6719));
#6711 = ORIENTED_EDGE('',*,*,#6697,.T.);
#6712 = ORIENTED_EDGE('',*,*,#6713,.T.);
#6713 = EDGE_CURVE('',#6690,#6665,#6714,.T.);
#6714 = LINE('',#6715,#6716);
#6715 = CARTESIAN_POINT('',(4.22,8.175,-1.49));
#6716 = VECTOR('',#6717,1.);
#6717 = DIRECTION('',(0.,-1.,0.));
#6718 = ORIENTED_EDGE('',*,*,#6664,.F.);
#6719 = ORIENTED_EDGE('',*,*,#3256,.F.);
#6720 = PLANE('',#6721);
#6721 = AXIS2_PLACEMENT_3D('',#6722,#6723,#6724);
#6722 = CARTESIAN_POINT('',(4.22,8.175,-1.24));
#6723 = DIRECTION('',(-1.,-0.,-0.));
#6724 = DIRECTION('',(0.,-1.,0.));
#6725 = ADVANCED_FACE('',(#6726,#6853),#6923,.F.);
#6726 = FACE_BOUND('',#6727,.F.);
#6727 = EDGE_LOOP('',(#6728,#6737,#6738,#6747,#6755,#6764,#6772,#6781,
    #6789,#6796,#6797,#6803,#6804,#6813,#6821,#6830,#6838,#6847));
#6728 = ORIENTED_EDGE('',*,*,#6729,.T.);
#6729 = EDGE_CURVE('',#6730,#3273,#6732,.T.);
#6730 = VERTEX_POINT('',#6731);
#6731 = CARTESIAN_POINT('',(5.417432910461,12.675020999597,
    -1.243229283574));
#6732 = ELLIPSE('',#6733,0.220038865582,0.22);
#6733 = AXIS2_PLACEMENT_3D('',#6734,#6735,#6736);
#6734 = CARTESIAN_POINT('',(5.28,12.503229861519,-1.24));
#6735 = DIRECTION('',(-0.,-1.879441058664E-02,-0.999823369466));
#6736 = DIRECTION('',(0.,-0.999823369466,1.879441058664E-02));
#6737 = ORIENTED_EDGE('',*,*,#3272,.T.);
#6738 = ORIENTED_EDGE('',*,*,#6739,.T.);
#6739 = EDGE_CURVE('',#3275,#6740,#6742,.T.);
#6740 = VERTEX_POINT('',#6741);
#6741 = CARTESIAN_POINT('',(-5.417432910461,12.675020999597,
    -1.243229283574));
#6742 = ELLIPSE('',#6743,0.220038865582,0.22);
#6743 = AXIS2_PLACEMENT_3D('',#6744,#6745,#6746);
#6744 = CARTESIAN_POINT('',(-5.28,12.503229861519,-1.24));
#6745 = DIRECTION('',(-0.,-1.879441058664E-02,-0.999823369466));
#6746 = DIRECTION('',(0.,-0.999823369466,1.879441058664E-02));
#6747 = ORIENTED_EDGE('',*,*,#6748,.F.);
#6748 = EDGE_CURVE('',#6749,#6740,#6751,.T.);
#6749 = VERTEX_POINT('',#6750);
#6750 = CARTESIAN_POINT('',(-5.082567089539,12.942913656335,
    -1.24826505763));
#6751 = LINE('',#6752,#6753);
#6752 = CARTESIAN_POINT('',(-1.965387403561,15.436657405117,
    -1.295141781403));
#6753 = VECTOR('',#6754,1.);
#6754 = DIRECTION('',(-0.780814976249,-0.624651980999,1.174203980742E-02
    ));
#6755 = ORIENTED_EDGE('',*,*,#6756,.F.);
#6756 = EDGE_CURVE('',#6757,#6749,#6759,.T.);
#6757 = VERTEX_POINT('',#6758);
#6758 = CARTESIAN_POINT('',(-5.,13.114704794414,-1.251494341204));
#6759 = ELLIPSE('',#6760,0.220038865582,0.22);
#6760 = AXIS2_PLACEMENT_3D('',#6761,#6762,#6763);
#6761 = CARTESIAN_POINT('',(-5.22,13.114704794414,-1.251494341204));
#6762 = DIRECTION('',(-0.,-1.879441058664E-02,-0.999823369466));
#6763 = DIRECTION('',(0.,-0.999823369466,1.879441058664E-02));
#6764 = ORIENTED_EDGE('',*,*,#6765,.F.);
#6765 = EDGE_CURVE('',#6766,#6757,#6768,.T.);
#6766 = VERTEX_POINT('',#6767);
#6767 = CARTESIAN_POINT('',(-5.,16.649377424354,-1.317938165909));
#6768 = LINE('',#6769,#6770);
#6769 = CARTESIAN_POINT('',(-5.,14.572564796808,-1.278898801131));
#6770 = VECTOR('',#6771,1.);
#6771 = DIRECTION('',(0.,-0.999823369466,1.879441058664E-02));
#6772 = ORIENTED_EDGE('',*,*,#6773,.T.);
#6773 = EDGE_CURVE('',#6766,#6774,#6776,.T.);
#6774 = VERTEX_POINT('',#6775);
#6775 = CARTESIAN_POINT('',(-4.886658116454,16.841793759924,
    -1.321555156394));
#6776 = ELLIPSE('',#6777,0.220038865582,0.22);
#6777 = AXIS2_PLACEMENT_3D('',#6778,#6779,#6780);
#6778 = CARTESIAN_POINT('',(-4.78,16.649377424354,-1.317938165909));
#6779 = DIRECTION('',(-0.,-1.879441058664E-02,-0.999823369466));
#6780 = DIRECTION('',(0.,-0.999823369466,1.879441058664E-02));
#6781 = ORIENTED_EDGE('',*,*,#6782,.F.);
#6782 = EDGE_CURVE('',#6783,#6774,#6785,.T.);
#6783 = VERTEX_POINT('',#6784);
#6784 = CARTESIAN_POINT('',(-3.713341883546,17.492173568042,
    -1.333780820971));
#6785 = LINE('',#6786,#6787);
#6786 = CARTESIAN_POINT('',(-1.249368075383,18.857976552449,
    -1.359454817852));
#6787 = VECTOR('',#6788,1.);
#6788 = DIRECTION('',(-0.874583389675,-0.484789489147,9.112942330985E-03
    ));
#6789 = ORIENTED_EDGE('',*,*,#6790,.F.);
#6790 = EDGE_CURVE('',#4178,#6783,#6791,.T.);
#6791 = ELLIPSE('',#6792,0.220038865582,0.22);
#6792 = AXIS2_PLACEMENT_3D('',#6793,#6794,#6795);
#6793 = CARTESIAN_POINT('',(-3.82,17.684589903613,-1.337397811456));
#6794 = DIRECTION('',(-0.,-1.879441058664E-02,-0.999823369466));
#6795 = DIRECTION('',(0.,-0.999823369466,1.879441058664E-02));
#6796 = ORIENTED_EDGE('',*,*,#4185,.F.);
#6797 = ORIENTED_EDGE('',*,*,#6798,.F.);
#6798 = EDGE_CURVE('',#3805,#4186,#6799,.T.);
#6799 = LINE('',#6800,#6801);
#6800 = CARTESIAN_POINT('',(5.5,18.351241781816,-1.349929354026));
#6801 = VECTOR('',#6802,1.);
#6802 = DIRECTION('',(-1.,-0.,-0.));
#6803 = ORIENTED_EDGE('',*,*,#3813,.F.);
#6804 = ORIENTED_EDGE('',*,*,#6805,.F.);
#6805 = EDGE_CURVE('',#6806,#3814,#6808,.T.);
#6806 = VERTEX_POINT('',#6807);
#6807 = CARTESIAN_POINT('',(3.713341883546,17.492173568042,
    -1.333780820971));
#6808 = ELLIPSE('',#6809,0.220038865582,0.22);
#6809 = AXIS2_PLACEMENT_3D('',#6810,#6811,#6812);
#6810 = CARTESIAN_POINT('',(3.82,17.684589903613,-1.337397811456));
#6811 = DIRECTION('',(-0.,-1.879441058664E-02,-0.999823369466));
#6812 = DIRECTION('',(0.,-0.999823369466,1.879441058664E-02));
#6813 = ORIENTED_EDGE('',*,*,#6814,.T.);
#6814 = EDGE_CURVE('',#6806,#6815,#6817,.T.);
#6815 = VERTEX_POINT('',#6816);
#6816 = CARTESIAN_POINT('',(4.886658116454,16.841793759924,
    -1.321555156394));
#6817 = LINE('',#6818,#6819);
#6818 = CARTESIAN_POINT('',(5.456296655605,16.526037961617,
    -1.315619663886));
#6819 = VECTOR('',#6820,1.);
#6820 = DIRECTION('',(0.874583389675,-0.484789489147,9.112942330985E-03)
  );
#6821 = ORIENTED_EDGE('',*,*,#6822,.T.);
#6822 = EDGE_CURVE('',#6815,#6823,#6825,.T.);
#6823 = VERTEX_POINT('',#6824);
#6824 = CARTESIAN_POINT('',(5.,16.649377424354,-1.317938165909));
#6825 = ELLIPSE('',#6826,0.220038865582,0.22);
#6826 = AXIS2_PLACEMENT_3D('',#6827,#6828,#6829);
#6827 = CARTESIAN_POINT('',(4.78,16.649377424354,-1.317938165909));
#6828 = DIRECTION('',(-0.,-1.879441058664E-02,-0.999823369466));
#6829 = DIRECTION('',(0.,-0.999823369466,1.879441058664E-02));
#6830 = ORIENTED_EDGE('',*,*,#6831,.T.);
#6831 = EDGE_CURVE('',#6823,#6832,#6834,.T.);
#6832 = VERTEX_POINT('',#6833);
#6833 = CARTESIAN_POINT('',(5.,13.114704794414,-1.251494341204));
#6834 = LINE('',#6835,#6836);
#6835 = CARTESIAN_POINT('',(5.,14.572564796808,-1.278898801131));
#6836 = VECTOR('',#6837,1.);
#6837 = DIRECTION('',(0.,-0.999823369466,1.879441058664E-02));
#6838 = ORIENTED_EDGE('',*,*,#6839,.F.);
#6839 = EDGE_CURVE('',#6840,#6832,#6842,.T.);
#6840 = VERTEX_POINT('',#6841);
#6841 = CARTESIAN_POINT('',(5.082567089539,12.942913656335,
    -1.24826505763));
#6842 = ELLIPSE('',#6843,0.220038865582,0.22);
#6843 = AXIS2_PLACEMENT_3D('',#6844,#6845,#6846);
#6844 = CARTESIAN_POINT('',(5.22,13.114704794414,-1.251494341204));
#6845 = DIRECTION('',(-0.,-1.879441058664E-02,-0.999823369466));
#6846 = DIRECTION('',(0.,-0.999823369466,1.879441058664E-02));
#6847 = ORIENTED_EDGE('',*,*,#6848,.T.);
#6848 = EDGE_CURVE('',#6840,#6730,#6849,.T.);
#6849 = LINE('',#6850,#6851);
#6850 = CARTESIAN_POINT('',(5.318583552803,12.754100485724,
    -1.244715798469));
#6851 = VECTOR('',#6852,1.);
#6852 = DIRECTION('',(0.780814976249,-0.624651980999,1.174203980742E-02)
  );
#6853 = FACE_BOUND('',#6854,.F.);
#6854 = EDGE_LOOP('',(#6855,#6865,#6874,#6882,#6891,#6899,#6908,#6916));
#6855 = ORIENTED_EDGE('',*,*,#6856,.F.);
#6856 = EDGE_CURVE('',#6857,#6859,#6861,.T.);
#6857 = VERTEX_POINT('',#6858);
#6858 = CARTESIAN_POINT('',(-4.,14.188289171419,-1.271675291357));
#6859 = VERTEX_POINT('',#6860);
#6860 = CARTESIAN_POINT('',(-4.,15.788006562564,-1.301746348295));
#6861 = LINE('',#6862,#6863);
#6862 = CARTESIAN_POINT('',(-4.,13.345759516469,-1.255837645678));
#6863 = VECTOR('',#6864,1.);
#6864 = DIRECTION('',(0.,0.999823369466,-1.879441058664E-02));
#6865 = ORIENTED_EDGE('',*,*,#6866,.F.);
#6866 = EDGE_CURVE('',#6867,#6857,#6869,.T.);
#6867 = VERTEX_POINT('',#6868);
#6868 = CARTESIAN_POINT('',(-3.8,13.988324497525,-1.267916409239));
#6869 = CIRCLE('',#6870,0.2);
#6870 = AXIS2_PLACEMENT_3D('',#6871,#6872,#6873);
#6871 = CARTESIAN_POINT('',(-3.8,14.188289171419,-1.271675291357));
#6872 = DIRECTION('',(0.,-1.879441058664E-02,-0.999823369466));
#6873 = DIRECTION('',(1.,0.,0.));
#6874 = ORIENTED_EDGE('',*,*,#6875,.F.);
#6875 = EDGE_CURVE('',#6876,#6867,#6878,.T.);
#6876 = VERTEX_POINT('',#6877);
#6877 = CARTESIAN_POINT('',(3.8,13.988324497525,-1.267916409239));
#6878 = LINE('',#6879,#6880);
#6879 = CARTESIAN_POINT('',(4.65,13.988324497525,-1.267916409239));
#6880 = VECTOR('',#6881,1.);
#6881 = DIRECTION('',(-1.,0.,0.));
#6882 = ORIENTED_EDGE('',*,*,#6883,.F.);
#6883 = EDGE_CURVE('',#6884,#6876,#6886,.T.);
#6884 = VERTEX_POINT('',#6885);
#6885 = CARTESIAN_POINT('',(4.,14.188289171419,-1.271675291357));
#6886 = CIRCLE('',#6887,0.2);
#6887 = AXIS2_PLACEMENT_3D('',#6888,#6889,#6890);
#6888 = CARTESIAN_POINT('',(3.8,14.188289171419,-1.271675291357));
#6889 = DIRECTION('',(0.,-1.879441058664E-02,-0.999823369466));
#6890 = DIRECTION('',(1.,0.,0.));
#6891 = ORIENTED_EDGE('',*,*,#6892,.F.);
#6892 = EDGE_CURVE('',#6893,#6884,#6895,.T.);
#6893 = VERTEX_POINT('',#6894);
#6894 = CARTESIAN_POINT('',(4.,15.788006562564,-1.301746348295));
#6895 = LINE('',#6896,#6897);
#6896 = CARTESIAN_POINT('',(4.,14.145618212042,-1.270873174148));
#6897 = VECTOR('',#6898,1.);
#6898 = DIRECTION('',(0.,-0.999823369466,1.879441058664E-02));
#6899 = ORIENTED_EDGE('',*,*,#6900,.F.);
#6900 = EDGE_CURVE('',#6901,#6893,#6903,.T.);
#6901 = VERTEX_POINT('',#6902);
#6902 = CARTESIAN_POINT('',(3.8,15.987971236458,-1.305505230413));
#6903 = CIRCLE('',#6904,0.2);
#6904 = AXIS2_PLACEMENT_3D('',#6905,#6906,#6907);
#6905 = CARTESIAN_POINT('',(3.8,15.788006562564,-1.301746348295));
#6906 = DIRECTION('',(0.,-1.879441058664E-02,-0.999823369466));
#6907 = DIRECTION('',(1.,0.,0.));
#6908 = ORIENTED_EDGE('',*,*,#6909,.F.);
#6909 = EDGE_CURVE('',#6910,#6901,#6912,.T.);
#6910 = VERTEX_POINT('',#6911);
#6911 = CARTESIAN_POINT('',(-3.8,15.987971236458,-1.305505230413));
#6912 = LINE('',#6913,#6914);
#6913 = CARTESIAN_POINT('',(0.85,15.987971236458,-1.305505230413));
#6914 = VECTOR('',#6915,1.);
#6915 = DIRECTION('',(1.,0.,0.));
#6916 = ORIENTED_EDGE('',*,*,#6917,.F.);
#6917 = EDGE_CURVE('',#6859,#6910,#6918,.T.);
#6918 = CIRCLE('',#6919,0.2);
#6919 = AXIS2_PLACEMENT_3D('',#6920,#6921,#6922);
#6920 = CARTESIAN_POINT('',(-3.8,15.788006562564,-1.301746348295));
#6921 = DIRECTION('',(0.,-1.879441058664E-02,-0.999823369466));
#6922 = DIRECTION('',(1.,0.,0.));
#6923 = PLANE('',#6924);
#6924 = AXIS2_PLACEMENT_3D('',#6925,#6926,#6927);
#6925 = CARTESIAN_POINT('',(5.5,12.503229861519,-1.24));
#6926 = DIRECTION('',(0.,-1.879441058664E-02,-0.999823369466));
#6927 = DIRECTION('',(0.,0.999823369466,-1.879441058664E-02));
#6928 = ADVANCED_FACE('',(#6929),#6954,.T.);
#6929 = FACE_BOUND('',#6930,.F.);
#6930 = EDGE_LOOP('',(#6931,#6939,#6940,#6948));
#6931 = ORIENTED_EDGE('',*,*,#6932,.F.);
#6932 = EDGE_CURVE('',#3291,#6933,#6935,.T.);
#6933 = VERTEX_POINT('',#6934);
#6934 = CARTESIAN_POINT('',(5.5,10.285,-1.41));
#6935 = LINE('',#6936,#6937);
#6936 = CARTESIAN_POINT('',(5.5,10.285,-0.92));
#6937 = VECTOR('',#6938,1.);
#6938 = DIRECTION('',(-0.,-0.,-1.));
#6939 = ORIENTED_EDGE('',*,*,#3298,.T.);
#6940 = ORIENTED_EDGE('',*,*,#6941,.T.);
#6941 = EDGE_CURVE('',#3273,#6942,#6944,.T.);
#6942 = VERTEX_POINT('',#6943);
#6943 = CARTESIAN_POINT('',(5.5,12.503229861519,-1.41));
#6944 = LINE('',#6945,#6946);
#6945 = CARTESIAN_POINT('',(5.5,12.503229861519,-0.92));
#6946 = VECTOR('',#6947,1.);
#6947 = DIRECTION('',(-0.,-0.,-1.));
#6948 = ORIENTED_EDGE('',*,*,#6949,.T.);
#6949 = EDGE_CURVE('',#6942,#6933,#6950,.T.);
#6950 = LINE('',#6951,#6952);
#6951 = CARTESIAN_POINT('',(5.5,12.503229861519,-1.41));
#6952 = VECTOR('',#6953,1.);
#6953 = DIRECTION('',(0.,-1.,0.));
#6954 = PLANE('',#6955);
#6955 = AXIS2_PLACEMENT_3D('',#6956,#6957,#6958);
#6956 = CARTESIAN_POINT('',(5.5,12.503229861519,-0.92));
#6957 = DIRECTION('',(1.,0.,0.));
#6958 = DIRECTION('',(0.,1.,0.));
#6959 = ADVANCED_FACE('',(#6960),#6985,.T.);
#6960 = FACE_BOUND('',#6961,.T.);
#6961 = EDGE_LOOP('',(#6962,#6970,#6971,#6979));
#6962 = ORIENTED_EDGE('',*,*,#6963,.F.);
#6963 = EDGE_CURVE('',#3283,#6964,#6966,.T.);
#6964 = VERTEX_POINT('',#6965);
#6965 = CARTESIAN_POINT('',(-5.5,10.285,-1.41));
#6966 = LINE('',#6967,#6968);
#6967 = CARTESIAN_POINT('',(-5.5,10.285,-0.92));
#6968 = VECTOR('',#6969,1.);
#6969 = DIRECTION('',(0.,0.,-1.));
#6970 = ORIENTED_EDGE('',*,*,#3282,.T.);
#6971 = ORIENTED_EDGE('',*,*,#6972,.T.);
#6972 = EDGE_CURVE('',#3275,#6973,#6975,.T.);
#6973 = VERTEX_POINT('',#6974);
#6974 = CARTESIAN_POINT('',(-5.5,12.503229861519,-1.41));
#6975 = LINE('',#6976,#6977);
#6976 = CARTESIAN_POINT('',(-5.5,12.503229861519,-0.92));
#6977 = VECTOR('',#6978,1.);
#6978 = DIRECTION('',(0.,0.,-1.));
#6979 = ORIENTED_EDGE('',*,*,#6980,.F.);
#6980 = EDGE_CURVE('',#6964,#6973,#6981,.T.);
#6981 = LINE('',#6982,#6983);
#6982 = CARTESIAN_POINT('',(-5.5,12.503229861519,-1.41));
#6983 = VECTOR('',#6984,1.);
#6984 = DIRECTION('',(0.,1.,0.));
#6985 = PLANE('',#6986);
#6986 = AXIS2_PLACEMENT_3D('',#6987,#6988,#6989);
#6987 = CARTESIAN_POINT('',(-5.5,12.503229861519,-0.92));
#6988 = DIRECTION('',(-1.,-0.,-0.));
#6989 = DIRECTION('',(0.,-1.,0.));
#6990 = ADVANCED_FACE('',(#6991),#7002,.T.);
#6991 = FACE_BOUND('',#6992,.T.);
#6992 = EDGE_LOOP('',(#6993,#6994,#6995,#6996));
#6993 = ORIENTED_EDGE('',*,*,#6932,.F.);
#6994 = ORIENTED_EDGE('',*,*,#3290,.T.);
#6995 = ORIENTED_EDGE('',*,*,#6963,.T.);
#6996 = ORIENTED_EDGE('',*,*,#6997,.F.);
#6997 = EDGE_CURVE('',#6933,#6964,#6998,.T.);
#6998 = LINE('',#6999,#7000);
#6999 = CARTESIAN_POINT('',(5.5,10.285,-1.41));
#7000 = VECTOR('',#7001,1.);
#7001 = DIRECTION('',(-1.,-0.,-0.));
#7002 = PLANE('',#7003);
#7003 = AXIS2_PLACEMENT_3D('',#7004,#7005,#7006);
#7004 = CARTESIAN_POINT('',(0.,10.285,-1.22));
#7005 = DIRECTION('',(-0.,-1.,-0.));
#7006 = DIRECTION('',(0.,0.,-1.));
#7007 = ADVANCED_FACE('',(#7008),#7033,.F.);
#7008 = FACE_BOUND('',#7009,.F.);
#7009 = EDGE_LOOP('',(#7010,#7018,#7026,#7032));
#7010 = ORIENTED_EDGE('',*,*,#7011,.T.);
#7011 = EDGE_CURVE('',#3307,#7012,#7014,.T.);
#7012 = VERTEX_POINT('',#7013);
#7013 = CARTESIAN_POINT('',(-6.354460664266,4.890000000001,-1.49));
#7014 = LINE('',#7015,#7016);
#7015 = CARTESIAN_POINT('',(-6.354460664266,4.890000000001,-1.24));
#7016 = VECTOR('',#7017,1.);
#7017 = DIRECTION('',(0.,0.,-1.));
#7018 = ORIENTED_EDGE('',*,*,#7019,.T.);
#7019 = EDGE_CURVE('',#7012,#7020,#7022,.T.);
#7020 = VERTEX_POINT('',#7021);
#7021 = CARTESIAN_POINT('',(-6.354460664266,5.49,-1.49));
#7022 = LINE('',#7023,#7024);
#7023 = CARTESIAN_POINT('',(-6.354460664266,4.890000000001,-1.49));
#7024 = VECTOR('',#7025,1.);
#7025 = DIRECTION('',(0.,1.,0.));
#7026 = ORIENTED_EDGE('',*,*,#7027,.F.);
#7027 = EDGE_CURVE('',#3309,#7020,#7028,.T.);
#7028 = LINE('',#7029,#7030);
#7029 = CARTESIAN_POINT('',(-6.354460664266,5.49,-1.24));
#7030 = VECTOR('',#7031,1.);
#7031 = DIRECTION('',(0.,0.,-1.));
#7032 = ORIENTED_EDGE('',*,*,#3306,.F.);
#7033 = PLANE('',#7034);
#7034 = AXIS2_PLACEMENT_3D('',#7035,#7036,#7037);
#7035 = CARTESIAN_POINT('',(-6.354460664266,4.890000000001,-1.24));
#7036 = DIRECTION('',(1.,0.,0.));
#7037 = DIRECTION('',(0.,1.,0.));
#7038 = ADVANCED_FACE('',(#7039),#7057,.F.);
#7039 = FACE_BOUND('',#7040,.F.);
#7040 = EDGE_LOOP('',(#7041,#7049,#7055,#7056));
#7041 = ORIENTED_EDGE('',*,*,#7042,.T.);
#7042 = EDGE_CURVE('',#3317,#7043,#7045,.T.);
#7043 = VERTEX_POINT('',#7044);
#7044 = CARTESIAN_POINT('',(-6.054460664267,4.890000000001,-1.49));
#7045 = LINE('',#7046,#7047);
#7046 = CARTESIAN_POINT('',(-6.054460664267,4.890000000001,-1.24));
#7047 = VECTOR('',#7048,1.);
#7048 = DIRECTION('',(0.,0.,-1.));
#7049 = ORIENTED_EDGE('',*,*,#7050,.T.);
#7050 = EDGE_CURVE('',#7043,#7012,#7051,.T.);
#7051 = LINE('',#7052,#7053);
#7052 = CARTESIAN_POINT('',(-6.054460664267,4.890000000001,-1.49));
#7053 = VECTOR('',#7054,1.);
#7054 = DIRECTION('',(-1.,0.,0.));
#7055 = ORIENTED_EDGE('',*,*,#7011,.F.);
#7056 = ORIENTED_EDGE('',*,*,#3316,.F.);
#7057 = PLANE('',#7058);
#7058 = AXIS2_PLACEMENT_3D('',#7059,#7060,#7061);
#7059 = CARTESIAN_POINT('',(-6.054460664267,4.890000000001,-1.24));
#7060 = DIRECTION('',(0.,1.,0.));
#7061 = DIRECTION('',(-1.,0.,0.));
#7062 = ADVANCED_FACE('',(#7063),#7081,.F.);
#7063 = FACE_BOUND('',#7064,.F.);
#7064 = EDGE_LOOP('',(#7065,#7066,#7074,#7080));
#7065 = ORIENTED_EDGE('',*,*,#7027,.T.);
#7066 = ORIENTED_EDGE('',*,*,#7067,.T.);
#7067 = EDGE_CURVE('',#7020,#7068,#7070,.T.);
#7068 = VERTEX_POINT('',#7069);
#7069 = CARTESIAN_POINT('',(-6.054460664267,5.49,-1.49));
#7070 = LINE('',#7071,#7072);
#7071 = CARTESIAN_POINT('',(-6.354460664266,5.49,-1.49));
#7072 = VECTOR('',#7073,1.);
#7073 = DIRECTION('',(1.,0.,0.));
#7074 = ORIENTED_EDGE('',*,*,#7075,.F.);
#7075 = EDGE_CURVE('',#3325,#7068,#7076,.T.);
#7076 = LINE('',#7077,#7078);
#7077 = CARTESIAN_POINT('',(-6.054460664267,5.49,-1.24));
#7078 = VECTOR('',#7079,1.);
#7079 = DIRECTION('',(0.,0.,-1.));
#7080 = ORIENTED_EDGE('',*,*,#3332,.F.);
#7081 = PLANE('',#7082);
#7082 = AXIS2_PLACEMENT_3D('',#7083,#7084,#7085);
#7083 = CARTESIAN_POINT('',(-6.354460664266,5.49,-1.24));
#7084 = DIRECTION('',(0.,-1.,0.));
#7085 = DIRECTION('',(1.,0.,0.));
#7086 = ADVANCED_FACE('',(#7087),#7098,.F.);
#7087 = FACE_BOUND('',#7088,.F.);
#7088 = EDGE_LOOP('',(#7089,#7090,#7096,#7097));
#7089 = ORIENTED_EDGE('',*,*,#7075,.T.);
#7090 = ORIENTED_EDGE('',*,*,#7091,.T.);
#7091 = EDGE_CURVE('',#7068,#7043,#7092,.T.);
#7092 = LINE('',#7093,#7094);
#7093 = CARTESIAN_POINT('',(-6.054460664267,5.49,-1.49));
#7094 = VECTOR('',#7095,1.);
#7095 = DIRECTION('',(0.,-1.,0.));
#7096 = ORIENTED_EDGE('',*,*,#7042,.F.);
#7097 = ORIENTED_EDGE('',*,*,#3324,.F.);
#7098 = PLANE('',#7099);
#7099 = AXIS2_PLACEMENT_3D('',#7100,#7101,#7102);
#7100 = CARTESIAN_POINT('',(-6.054460664267,5.49,-1.24));
#7101 = DIRECTION('',(-1.,-0.,-0.));
#7102 = DIRECTION('',(0.,-1.,0.));
#7103 = ADVANCED_FACE('',(#7104),#7129,.F.);
#7104 = FACE_BOUND('',#7105,.F.);
#7105 = EDGE_LOOP('',(#7106,#7114,#7122,#7128));
#7106 = ORIENTED_EDGE('',*,*,#7107,.T.);
#7107 = EDGE_CURVE('',#3341,#7108,#7110,.T.);
#7108 = VERTEX_POINT('',#7109);
#7109 = CARTESIAN_POINT('',(-6.354460664267,6.210000000001,-1.49));
#7110 = LINE('',#7111,#7112);
#7111 = CARTESIAN_POINT('',(-6.354460664267,6.210000000001,-1.24));
#7112 = VECTOR('',#7113,1.);
#7113 = DIRECTION('',(0.,0.,-1.));
#7114 = ORIENTED_EDGE('',*,*,#7115,.T.);
#7115 = EDGE_CURVE('',#7108,#7116,#7118,.T.);
#7116 = VERTEX_POINT('',#7117);
#7117 = CARTESIAN_POINT('',(-6.354460664267,6.81,-1.49));
#7118 = LINE('',#7119,#7120);
#7119 = CARTESIAN_POINT('',(-6.354460664267,6.210000000001,-1.49));
#7120 = VECTOR('',#7121,1.);
#7121 = DIRECTION('',(0.,1.,0.));
#7122 = ORIENTED_EDGE('',*,*,#7123,.F.);
#7123 = EDGE_CURVE('',#3343,#7116,#7124,.T.);
#7124 = LINE('',#7125,#7126);
#7125 = CARTESIAN_POINT('',(-6.354460664267,6.81,-1.24));
#7126 = VECTOR('',#7127,1.);
#7127 = DIRECTION('',(0.,0.,-1.));
#7128 = ORIENTED_EDGE('',*,*,#3340,.F.);
#7129 = PLANE('',#7130);
#7130 = AXIS2_PLACEMENT_3D('',#7131,#7132,#7133);
#7131 = CARTESIAN_POINT('',(-6.354460664267,6.210000000001,-1.24));
#7132 = DIRECTION('',(1.,0.,0.));
#7133 = DIRECTION('',(0.,1.,0.));
#7134 = ADVANCED_FACE('',(#7135),#7153,.F.);
#7135 = FACE_BOUND('',#7136,.F.);
#7136 = EDGE_LOOP('',(#7137,#7145,#7151,#7152));
#7137 = ORIENTED_EDGE('',*,*,#7138,.T.);
#7138 = EDGE_CURVE('',#3351,#7139,#7141,.T.);
#7139 = VERTEX_POINT('',#7140);
#7140 = CARTESIAN_POINT('',(-6.054460664267,6.210000000001,-1.49));
#7141 = LINE('',#7142,#7143);
#7142 = CARTESIAN_POINT('',(-6.054460664267,6.210000000001,-1.24));
#7143 = VECTOR('',#7144,1.);
#7144 = DIRECTION('',(0.,0.,-1.));
#7145 = ORIENTED_EDGE('',*,*,#7146,.T.);
#7146 = EDGE_CURVE('',#7139,#7108,#7147,.T.);
#7147 = LINE('',#7148,#7149);
#7148 = CARTESIAN_POINT('',(-6.054460664267,6.210000000001,-1.49));
#7149 = VECTOR('',#7150,1.);
#7150 = DIRECTION('',(-1.,0.,0.));
#7151 = ORIENTED_EDGE('',*,*,#7107,.F.);
#7152 = ORIENTED_EDGE('',*,*,#3350,.F.);
#7153 = PLANE('',#7154);
#7154 = AXIS2_PLACEMENT_3D('',#7155,#7156,#7157);
#7155 = CARTESIAN_POINT('',(-6.054460664267,6.210000000001,-1.24));
#7156 = DIRECTION('',(0.,1.,0.));
#7157 = DIRECTION('',(-1.,0.,0.));
#7158 = ADVANCED_FACE('',(#7159),#7177,.F.);
#7159 = FACE_BOUND('',#7160,.F.);
#7160 = EDGE_LOOP('',(#7161,#7162,#7170,#7176));
#7161 = ORIENTED_EDGE('',*,*,#7123,.T.);
#7162 = ORIENTED_EDGE('',*,*,#7163,.T.);
#7163 = EDGE_CURVE('',#7116,#7164,#7166,.T.);
#7164 = VERTEX_POINT('',#7165);
#7165 = CARTESIAN_POINT('',(-6.054460664267,6.81,-1.49));
#7166 = LINE('',#7167,#7168);
#7167 = CARTESIAN_POINT('',(-6.354460664267,6.81,-1.49));
#7168 = VECTOR('',#7169,1.);
#7169 = DIRECTION('',(1.,0.,0.));
#7170 = ORIENTED_EDGE('',*,*,#7171,.F.);
#7171 = EDGE_CURVE('',#3359,#7164,#7172,.T.);
#7172 = LINE('',#7173,#7174);
#7173 = CARTESIAN_POINT('',(-6.054460664267,6.81,-1.24));
#7174 = VECTOR('',#7175,1.);
#7175 = DIRECTION('',(0.,0.,-1.));
#7176 = ORIENTED_EDGE('',*,*,#3366,.F.);
#7177 = PLANE('',#7178);
#7178 = AXIS2_PLACEMENT_3D('',#7179,#7180,#7181);
#7179 = CARTESIAN_POINT('',(-6.354460664267,6.81,-1.24));
#7180 = DIRECTION('',(0.,-1.,0.));
#7181 = DIRECTION('',(1.,0.,0.));
#7182 = ADVANCED_FACE('',(#7183),#7194,.F.);
#7183 = FACE_BOUND('',#7184,.F.);
#7184 = EDGE_LOOP('',(#7185,#7186,#7192,#7193));
#7185 = ORIENTED_EDGE('',*,*,#7171,.T.);
#7186 = ORIENTED_EDGE('',*,*,#7187,.T.);
#7187 = EDGE_CURVE('',#7164,#7139,#7188,.T.);
#7188 = LINE('',#7189,#7190);
#7189 = CARTESIAN_POINT('',(-6.054460664267,6.81,-1.49));
#7190 = VECTOR('',#7191,1.);
#7191 = DIRECTION('',(0.,-1.,0.));
#7192 = ORIENTED_EDGE('',*,*,#7138,.F.);
#7193 = ORIENTED_EDGE('',*,*,#3358,.F.);
#7194 = PLANE('',#7195);
#7195 = AXIS2_PLACEMENT_3D('',#7196,#7197,#7198);
#7196 = CARTESIAN_POINT('',(-6.054460664267,6.81,-1.24));
#7197 = DIRECTION('',(-1.,-0.,-0.));
#7198 = DIRECTION('',(0.,-1.,0.));
#7199 = ADVANCED_FACE('',(#7200),#7225,.F.);
#7200 = FACE_BOUND('',#7201,.F.);
#7201 = EDGE_LOOP('',(#7202,#7210,#7218,#7224));
#7202 = ORIENTED_EDGE('',*,*,#7203,.T.);
#7203 = EDGE_CURVE('',#3375,#7204,#7206,.T.);
#7204 = VERTEX_POINT('',#7205);
#7205 = CARTESIAN_POINT('',(-9.174460664267,4.6,-1.59));
#7206 = LINE('',#7207,#7208);
#7207 = CARTESIAN_POINT('',(-9.174460664267,4.6,-1.24));
#7208 = VECTOR('',#7209,1.);
#7209 = DIRECTION('',(0.,0.,-1.));
#7210 = ORIENTED_EDGE('',*,*,#7211,.T.);
#7211 = EDGE_CURVE('',#7204,#7212,#7214,.T.);
#7212 = VERTEX_POINT('',#7213);
#7213 = CARTESIAN_POINT('',(-9.174460664267,5.1,-1.59));
#7214 = LINE('',#7215,#7216);
#7215 = CARTESIAN_POINT('',(-9.174460664267,4.6,-1.59));
#7216 = VECTOR('',#7217,1.);
#7217 = DIRECTION('',(0.,1.,0.));
#7218 = ORIENTED_EDGE('',*,*,#7219,.F.);
#7219 = EDGE_CURVE('',#3377,#7212,#7220,.T.);
#7220 = LINE('',#7221,#7222);
#7221 = CARTESIAN_POINT('',(-9.174460664267,5.1,-1.24));
#7222 = VECTOR('',#7223,1.);
#7223 = DIRECTION('',(0.,0.,-1.));
#7224 = ORIENTED_EDGE('',*,*,#3374,.F.);
#7225 = PLANE('',#7226);
#7226 = AXIS2_PLACEMENT_3D('',#7227,#7228,#7229);
#7227 = CARTESIAN_POINT('',(-9.174460664267,4.6,-1.24));
#7228 = DIRECTION('',(1.,0.,0.));
#7229 = DIRECTION('',(0.,1.,0.));
#7230 = ADVANCED_FACE('',(#7231),#7249,.F.);
#7231 = FACE_BOUND('',#7232,.F.);
#7232 = EDGE_LOOP('',(#7233,#7241,#7247,#7248));
#7233 = ORIENTED_EDGE('',*,*,#7234,.T.);
#7234 = EDGE_CURVE('',#3385,#7235,#7237,.T.);
#7235 = VERTEX_POINT('',#7236);
#7236 = CARTESIAN_POINT('',(-8.174460664267,4.6,-1.59));
#7237 = LINE('',#7238,#7239);
#7238 = CARTESIAN_POINT('',(-8.174460664267,4.6,-1.24));
#7239 = VECTOR('',#7240,1.);
#7240 = DIRECTION('',(0.,0.,-1.));
#7241 = ORIENTED_EDGE('',*,*,#7242,.T.);
#7242 = EDGE_CURVE('',#7235,#7204,#7243,.T.);
#7243 = LINE('',#7244,#7245);
#7244 = CARTESIAN_POINT('',(-8.174460664267,4.6,-1.59));
#7245 = VECTOR('',#7246,1.);
#7246 = DIRECTION('',(-1.,0.,0.));
#7247 = ORIENTED_EDGE('',*,*,#7203,.F.);
#7248 = ORIENTED_EDGE('',*,*,#3384,.F.);
#7249 = PLANE('',#7250);
#7250 = AXIS2_PLACEMENT_3D('',#7251,#7252,#7253);
#7251 = CARTESIAN_POINT('',(-8.174460664267,4.6,-1.24));
#7252 = DIRECTION('',(0.,1.,0.));
#7253 = DIRECTION('',(-1.,0.,0.));
#7254 = ADVANCED_FACE('',(#7255),#7273,.F.);
#7255 = FACE_BOUND('',#7256,.F.);
#7256 = EDGE_LOOP('',(#7257,#7258,#7266,#7272));
#7257 = ORIENTED_EDGE('',*,*,#7219,.T.);
#7258 = ORIENTED_EDGE('',*,*,#7259,.T.);
#7259 = EDGE_CURVE('',#7212,#7260,#7262,.T.);
#7260 = VERTEX_POINT('',#7261);
#7261 = CARTESIAN_POINT('',(-8.174460664267,5.1,-1.59));
#7262 = LINE('',#7263,#7264);
#7263 = CARTESIAN_POINT('',(-9.174460664267,5.1,-1.59));
#7264 = VECTOR('',#7265,1.);
#7265 = DIRECTION('',(1.,0.,0.));
#7266 = ORIENTED_EDGE('',*,*,#7267,.F.);
#7267 = EDGE_CURVE('',#3393,#7260,#7268,.T.);
#7268 = LINE('',#7269,#7270);
#7269 = CARTESIAN_POINT('',(-8.174460664267,5.1,-1.24));
#7270 = VECTOR('',#7271,1.);
#7271 = DIRECTION('',(0.,0.,-1.));
#7272 = ORIENTED_EDGE('',*,*,#3400,.F.);
#7273 = PLANE('',#7274);
#7274 = AXIS2_PLACEMENT_3D('',#7275,#7276,#7277);
#7275 = CARTESIAN_POINT('',(-9.174460664267,5.1,-1.24));
#7276 = DIRECTION('',(0.,-1.,0.));
#7277 = DIRECTION('',(1.,0.,0.));
#7278 = ADVANCED_FACE('',(#7279),#7290,.F.);
#7279 = FACE_BOUND('',#7280,.F.);
#7280 = EDGE_LOOP('',(#7281,#7282,#7288,#7289));
#7281 = ORIENTED_EDGE('',*,*,#7267,.T.);
#7282 = ORIENTED_EDGE('',*,*,#7283,.T.);
#7283 = EDGE_CURVE('',#7260,#7235,#7284,.T.);
#7284 = LINE('',#7285,#7286);
#7285 = CARTESIAN_POINT('',(-8.174460664267,5.1,-1.59));
#7286 = VECTOR('',#7287,1.);
#7287 = DIRECTION('',(0.,-1.,0.));
#7288 = ORIENTED_EDGE('',*,*,#7234,.F.);
#7289 = ORIENTED_EDGE('',*,*,#3392,.F.);
#7290 = PLANE('',#7291);
#7291 = AXIS2_PLACEMENT_3D('',#7292,#7293,#7294);
#7292 = CARTESIAN_POINT('',(-8.174460664267,5.1,-1.24));
#7293 = DIRECTION('',(-1.,-0.,-0.));
#7294 = DIRECTION('',(0.,-1.,0.));
#7295 = ADVANCED_FACE('',(#7296),#7321,.F.);
#7296 = FACE_BOUND('',#7297,.F.);
#7297 = EDGE_LOOP('',(#7298,#7306,#7314,#7320));
#7298 = ORIENTED_EDGE('',*,*,#7299,.T.);
#7299 = EDGE_CURVE('',#3409,#7300,#7302,.T.);
#7300 = VERTEX_POINT('',#7301);
#7301 = CARTESIAN_POINT('',(-7.429460664267,5.81,-1.59));
#7302 = LINE('',#7303,#7304);
#7303 = CARTESIAN_POINT('',(-7.429460664267,5.81,-1.24));
#7304 = VECTOR('',#7305,1.);
#7305 = DIRECTION('',(0.,0.,-1.));
#7306 = ORIENTED_EDGE('',*,*,#7307,.T.);
#7307 = EDGE_CURVE('',#7300,#7308,#7310,.T.);
#7308 = VERTEX_POINT('',#7309);
#7309 = CARTESIAN_POINT('',(-7.429460664267,6.81,-1.59));
#7310 = LINE('',#7311,#7312);
#7311 = CARTESIAN_POINT('',(-7.429460664267,5.81,-1.59));
#7312 = VECTOR('',#7313,1.);
#7313 = DIRECTION('',(0.,1.,0.));
#7314 = ORIENTED_EDGE('',*,*,#7315,.F.);
#7315 = EDGE_CURVE('',#3411,#7308,#7316,.T.);
#7316 = LINE('',#7317,#7318);
#7317 = CARTESIAN_POINT('',(-7.429460664267,6.81,-1.24));
#7318 = VECTOR('',#7319,1.);
#7319 = DIRECTION('',(0.,0.,-1.));
#7320 = ORIENTED_EDGE('',*,*,#3408,.F.);
#7321 = PLANE('',#7322);
#7322 = AXIS2_PLACEMENT_3D('',#7323,#7324,#7325);
#7323 = CARTESIAN_POINT('',(-7.429460664267,5.81,-1.24));
#7324 = DIRECTION('',(1.,0.,0.));
#7325 = DIRECTION('',(0.,1.,0.));
#7326 = ADVANCED_FACE('',(#7327),#7345,.F.);
#7327 = FACE_BOUND('',#7328,.F.);
#7328 = EDGE_LOOP('',(#7329,#7337,#7343,#7344));
#7329 = ORIENTED_EDGE('',*,*,#7330,.T.);
#7330 = EDGE_CURVE('',#3419,#7331,#7333,.T.);
#7331 = VERTEX_POINT('',#7332);
#7332 = CARTESIAN_POINT('',(-6.929460664267,5.81,-1.59));
#7333 = LINE('',#7334,#7335);
#7334 = CARTESIAN_POINT('',(-6.929460664267,5.81,-1.24));
#7335 = VECTOR('',#7336,1.);
#7336 = DIRECTION('',(0.,0.,-1.));
#7337 = ORIENTED_EDGE('',*,*,#7338,.T.);
#7338 = EDGE_CURVE('',#7331,#7300,#7339,.T.);
#7339 = LINE('',#7340,#7341);
#7340 = CARTESIAN_POINT('',(-6.929460664267,5.81,-1.59));
#7341 = VECTOR('',#7342,1.);
#7342 = DIRECTION('',(-1.,0.,0.));
#7343 = ORIENTED_EDGE('',*,*,#7299,.F.);
#7344 = ORIENTED_EDGE('',*,*,#3418,.F.);
#7345 = PLANE('',#7346);
#7346 = AXIS2_PLACEMENT_3D('',#7347,#7348,#7349);
#7347 = CARTESIAN_POINT('',(-6.929460664267,5.81,-1.24));
#7348 = DIRECTION('',(0.,1.,0.));
#7349 = DIRECTION('',(-1.,0.,0.));
#7350 = ADVANCED_FACE('',(#7351),#7369,.F.);
#7351 = FACE_BOUND('',#7352,.F.);
#7352 = EDGE_LOOP('',(#7353,#7354,#7362,#7368));
#7353 = ORIENTED_EDGE('',*,*,#7315,.T.);
#7354 = ORIENTED_EDGE('',*,*,#7355,.T.);
#7355 = EDGE_CURVE('',#7308,#7356,#7358,.T.);
#7356 = VERTEX_POINT('',#7357);
#7357 = CARTESIAN_POINT('',(-6.929460664267,6.81,-1.59));
#7358 = LINE('',#7359,#7360);
#7359 = CARTESIAN_POINT('',(-7.429460664267,6.81,-1.59));
#7360 = VECTOR('',#7361,1.);
#7361 = DIRECTION('',(1.,0.,0.));
#7362 = ORIENTED_EDGE('',*,*,#7363,.F.);
#7363 = EDGE_CURVE('',#3427,#7356,#7364,.T.);
#7364 = LINE('',#7365,#7366);
#7365 = CARTESIAN_POINT('',(-6.929460664267,6.81,-1.24));
#7366 = VECTOR('',#7367,1.);
#7367 = DIRECTION('',(0.,0.,-1.));
#7368 = ORIENTED_EDGE('',*,*,#3434,.F.);
#7369 = PLANE('',#7370);
#7370 = AXIS2_PLACEMENT_3D('',#7371,#7372,#7373);
#7371 = CARTESIAN_POINT('',(-7.429460664267,6.81,-1.24));
#7372 = DIRECTION('',(0.,-1.,0.));
#7373 = DIRECTION('',(1.,0.,0.));
#7374 = ADVANCED_FACE('',(#7375),#7386,.F.);
#7375 = FACE_BOUND('',#7376,.F.);
#7376 = EDGE_LOOP('',(#7377,#7378,#7384,#7385));
#7377 = ORIENTED_EDGE('',*,*,#7363,.T.);
#7378 = ORIENTED_EDGE('',*,*,#7379,.T.);
#7379 = EDGE_CURVE('',#7356,#7331,#7380,.T.);
#7380 = LINE('',#7381,#7382);
#7381 = CARTESIAN_POINT('',(-6.929460664267,6.81,-1.59));
#7382 = VECTOR('',#7383,1.);
#7383 = DIRECTION('',(0.,-1.,0.));
#7384 = ORIENTED_EDGE('',*,*,#7330,.F.);
#7385 = ORIENTED_EDGE('',*,*,#3426,.F.);
#7386 = PLANE('',#7387);
#7387 = AXIS2_PLACEMENT_3D('',#7388,#7389,#7390);
#7388 = CARTESIAN_POINT('',(-6.929460664267,6.81,-1.24));
#7389 = DIRECTION('',(-1.,-0.,-0.));
#7390 = DIRECTION('',(0.,-1.,0.));
#7391 = ADVANCED_FACE('',(#7392),#7417,.F.);
#7392 = FACE_BOUND('',#7393,.F.);
#7393 = EDGE_LOOP('',(#7394,#7402,#7410,#7416));
#7394 = ORIENTED_EDGE('',*,*,#7395,.T.);
#7395 = EDGE_CURVE('',#3443,#7396,#7398,.T.);
#7396 = VERTEX_POINT('',#7397);
#7397 = CARTESIAN_POINT('',(-8.309460664267,5.81,-1.59));
#7398 = LINE('',#7399,#7400);
#7399 = CARTESIAN_POINT('',(-8.309460664267,5.81,-1.24));
#7400 = VECTOR('',#7401,1.);
#7401 = DIRECTION('',(0.,0.,-1.));
#7402 = ORIENTED_EDGE('',*,*,#7403,.T.);
#7403 = EDGE_CURVE('',#7396,#7404,#7406,.T.);
#7404 = VERTEX_POINT('',#7405);
#7405 = CARTESIAN_POINT('',(-8.309460664267,6.81,-1.59));
#7406 = LINE('',#7407,#7408);
#7407 = CARTESIAN_POINT('',(-8.309460664267,5.81,-1.59));
#7408 = VECTOR('',#7409,1.);
#7409 = DIRECTION('',(0.,1.,0.));
#7410 = ORIENTED_EDGE('',*,*,#7411,.F.);
#7411 = EDGE_CURVE('',#3445,#7404,#7412,.T.);
#7412 = LINE('',#7413,#7414);
#7413 = CARTESIAN_POINT('',(-8.309460664267,6.81,-1.24));
#7414 = VECTOR('',#7415,1.);
#7415 = DIRECTION('',(0.,0.,-1.));
#7416 = ORIENTED_EDGE('',*,*,#3442,.F.);
#7417 = PLANE('',#7418);
#7418 = AXIS2_PLACEMENT_3D('',#7419,#7420,#7421);
#7419 = CARTESIAN_POINT('',(-8.309460664267,5.81,-1.24));
#7420 = DIRECTION('',(1.,0.,0.));
#7421 = DIRECTION('',(0.,1.,0.));
#7422 = ADVANCED_FACE('',(#7423),#7441,.F.);
#7423 = FACE_BOUND('',#7424,.F.);
#7424 = EDGE_LOOP('',(#7425,#7433,#7439,#7440));
#7425 = ORIENTED_EDGE('',*,*,#7426,.T.);
#7426 = EDGE_CURVE('',#3453,#7427,#7429,.T.);
#7427 = VERTEX_POINT('',#7428);
#7428 = CARTESIAN_POINT('',(-7.809460664267,5.81,-1.59));
#7429 = LINE('',#7430,#7431);
#7430 = CARTESIAN_POINT('',(-7.809460664267,5.81,-1.24));
#7431 = VECTOR('',#7432,1.);
#7432 = DIRECTION('',(0.,0.,-1.));
#7433 = ORIENTED_EDGE('',*,*,#7434,.T.);
#7434 = EDGE_CURVE('',#7427,#7396,#7435,.T.);
#7435 = LINE('',#7436,#7437);
#7436 = CARTESIAN_POINT('',(-7.809460664267,5.81,-1.59));
#7437 = VECTOR('',#7438,1.);
#7438 = DIRECTION('',(-1.,0.,0.));
#7439 = ORIENTED_EDGE('',*,*,#7395,.F.);
#7440 = ORIENTED_EDGE('',*,*,#3452,.F.);
#7441 = PLANE('',#7442);
#7442 = AXIS2_PLACEMENT_3D('',#7443,#7444,#7445);
#7443 = CARTESIAN_POINT('',(-7.809460664267,5.81,-1.24));
#7444 = DIRECTION('',(0.,1.,0.));
#7445 = DIRECTION('',(-1.,0.,0.));
#7446 = ADVANCED_FACE('',(#7447),#7465,.F.);
#7447 = FACE_BOUND('',#7448,.F.);
#7448 = EDGE_LOOP('',(#7449,#7450,#7458,#7464));
#7449 = ORIENTED_EDGE('',*,*,#7411,.T.);
#7450 = ORIENTED_EDGE('',*,*,#7451,.T.);
#7451 = EDGE_CURVE('',#7404,#7452,#7454,.T.);
#7452 = VERTEX_POINT('',#7453);
#7453 = CARTESIAN_POINT('',(-7.809460664267,6.81,-1.59));
#7454 = LINE('',#7455,#7456);
#7455 = CARTESIAN_POINT('',(-8.309460664267,6.81,-1.59));
#7456 = VECTOR('',#7457,1.);
#7457 = DIRECTION('',(1.,0.,0.));
#7458 = ORIENTED_EDGE('',*,*,#7459,.F.);
#7459 = EDGE_CURVE('',#3461,#7452,#7460,.T.);
#7460 = LINE('',#7461,#7462);
#7461 = CARTESIAN_POINT('',(-7.809460664267,6.81,-1.24));
#7462 = VECTOR('',#7463,1.);
#7463 = DIRECTION('',(0.,0.,-1.));
#7464 = ORIENTED_EDGE('',*,*,#3468,.F.);
#7465 = PLANE('',#7466);
#7466 = AXIS2_PLACEMENT_3D('',#7467,#7468,#7469);
#7467 = CARTESIAN_POINT('',(-8.309460664267,6.81,-1.24));
#7468 = DIRECTION('',(0.,-1.,0.));
#7469 = DIRECTION('',(1.,0.,0.));
#7470 = ADVANCED_FACE('',(#7471),#7482,.F.);
#7471 = FACE_BOUND('',#7472,.F.);
#7472 = EDGE_LOOP('',(#7473,#7474,#7480,#7481));
#7473 = ORIENTED_EDGE('',*,*,#7459,.T.);
#7474 = ORIENTED_EDGE('',*,*,#7475,.T.);
#7475 = EDGE_CURVE('',#7452,#7427,#7476,.T.);
#7476 = LINE('',#7477,#7478);
#7477 = CARTESIAN_POINT('',(-7.809460664267,6.81,-1.59));
#7478 = VECTOR('',#7479,1.);
#7479 = DIRECTION('',(0.,-1.,0.));
#7480 = ORIENTED_EDGE('',*,*,#7426,.F.);
#7481 = ORIENTED_EDGE('',*,*,#3460,.F.);
#7482 = PLANE('',#7483);
#7483 = AXIS2_PLACEMENT_3D('',#7484,#7485,#7486);
#7484 = CARTESIAN_POINT('',(-7.809460664267,6.81,-1.24));
#7485 = DIRECTION('',(-1.,-0.,-0.));
#7486 = DIRECTION('',(0.,-1.,0.));
#7487 = ADVANCED_FACE('',(#7488),#7513,.F.);
#7488 = FACE_BOUND('',#7489,.F.);
#7489 = EDGE_LOOP('',(#7490,#7498,#7506,#7512));
#7490 = ORIENTED_EDGE('',*,*,#7491,.T.);
#7491 = EDGE_CURVE('',#3477,#7492,#7494,.T.);
#7492 = VERTEX_POINT('',#7493);
#7493 = CARTESIAN_POINT('',(-9.209460664267,5.81,-1.59));
#7494 = LINE('',#7495,#7496);
#7495 = CARTESIAN_POINT('',(-9.209460664267,5.81,-1.24));
#7496 = VECTOR('',#7497,1.);
#7497 = DIRECTION('',(0.,0.,-1.));
#7498 = ORIENTED_EDGE('',*,*,#7499,.T.);
#7499 = EDGE_CURVE('',#7492,#7500,#7502,.T.);
#7500 = VERTEX_POINT('',#7501);
#7501 = CARTESIAN_POINT('',(-9.209460664267,6.81,-1.59));
#7502 = LINE('',#7503,#7504);
#7503 = CARTESIAN_POINT('',(-9.209460664267,5.81,-1.59));
#7504 = VECTOR('',#7505,1.);
#7505 = DIRECTION('',(0.,1.,0.));
#7506 = ORIENTED_EDGE('',*,*,#7507,.F.);
#7507 = EDGE_CURVE('',#3479,#7500,#7508,.T.);
#7508 = LINE('',#7509,#7510);
#7509 = CARTESIAN_POINT('',(-9.209460664267,6.81,-1.24));
#7510 = VECTOR('',#7511,1.);
#7511 = DIRECTION('',(0.,0.,-1.));
#7512 = ORIENTED_EDGE('',*,*,#3476,.F.);
#7513 = PLANE('',#7514);
#7514 = AXIS2_PLACEMENT_3D('',#7515,#7516,#7517);
#7515 = CARTESIAN_POINT('',(-9.209460664267,5.81,-1.24));
#7516 = DIRECTION('',(1.,0.,0.));
#7517 = DIRECTION('',(0.,1.,0.));
#7518 = ADVANCED_FACE('',(#7519),#7537,.F.);
#7519 = FACE_BOUND('',#7520,.F.);
#7520 = EDGE_LOOP('',(#7521,#7529,#7535,#7536));
#7521 = ORIENTED_EDGE('',*,*,#7522,.T.);
#7522 = EDGE_CURVE('',#3487,#7523,#7525,.T.);
#7523 = VERTEX_POINT('',#7524);
#7524 = CARTESIAN_POINT('',(-8.709460664267,5.81,-1.59));
#7525 = LINE('',#7526,#7527);
#7526 = CARTESIAN_POINT('',(-8.709460664267,5.81,-1.24));
#7527 = VECTOR('',#7528,1.);
#7528 = DIRECTION('',(0.,0.,-1.));
#7529 = ORIENTED_EDGE('',*,*,#7530,.T.);
#7530 = EDGE_CURVE('',#7523,#7492,#7531,.T.);
#7531 = LINE('',#7532,#7533);
#7532 = CARTESIAN_POINT('',(-8.709460664267,5.81,-1.59));
#7533 = VECTOR('',#7534,1.);
#7534 = DIRECTION('',(-1.,0.,0.));
#7535 = ORIENTED_EDGE('',*,*,#7491,.F.);
#7536 = ORIENTED_EDGE('',*,*,#3486,.F.);
#7537 = PLANE('',#7538);
#7538 = AXIS2_PLACEMENT_3D('',#7539,#7540,#7541);
#7539 = CARTESIAN_POINT('',(-8.709460664267,5.81,-1.24));
#7540 = DIRECTION('',(0.,1.,0.));
#7541 = DIRECTION('',(-1.,0.,0.));
#7542 = ADVANCED_FACE('',(#7543),#7561,.F.);
#7543 = FACE_BOUND('',#7544,.F.);
#7544 = EDGE_LOOP('',(#7545,#7546,#7554,#7560));
#7545 = ORIENTED_EDGE('',*,*,#7507,.T.);
#7546 = ORIENTED_EDGE('',*,*,#7547,.T.);
#7547 = EDGE_CURVE('',#7500,#7548,#7550,.T.);
#7548 = VERTEX_POINT('',#7549);
#7549 = CARTESIAN_POINT('',(-8.709460664267,6.81,-1.59));
#7550 = LINE('',#7551,#7552);
#7551 = CARTESIAN_POINT('',(-9.209460664267,6.81,-1.59));
#7552 = VECTOR('',#7553,1.);
#7553 = DIRECTION('',(1.,0.,0.));
#7554 = ORIENTED_EDGE('',*,*,#7555,.F.);
#7555 = EDGE_CURVE('',#3495,#7548,#7556,.T.);
#7556 = LINE('',#7557,#7558);
#7557 = CARTESIAN_POINT('',(-8.709460664267,6.81,-1.24));
#7558 = VECTOR('',#7559,1.);
#7559 = DIRECTION('',(0.,0.,-1.));
#7560 = ORIENTED_EDGE('',*,*,#3502,.F.);
#7561 = PLANE('',#7562);
#7562 = AXIS2_PLACEMENT_3D('',#7563,#7564,#7565);
#7563 = CARTESIAN_POINT('',(-9.209460664267,6.81,-1.24));
#7564 = DIRECTION('',(0.,-1.,0.));
#7565 = DIRECTION('',(1.,0.,0.));
#7566 = ADVANCED_FACE('',(#7567),#7578,.F.);
#7567 = FACE_BOUND('',#7568,.F.);
#7568 = EDGE_LOOP('',(#7569,#7570,#7576,#7577));
#7569 = ORIENTED_EDGE('',*,*,#7555,.T.);
#7570 = ORIENTED_EDGE('',*,*,#7571,.T.);
#7571 = EDGE_CURVE('',#7548,#7523,#7572,.T.);
#7572 = LINE('',#7573,#7574);
#7573 = CARTESIAN_POINT('',(-8.709460664267,6.81,-1.59));
#7574 = VECTOR('',#7575,1.);
#7575 = DIRECTION('',(0.,-1.,0.));
#7576 = ORIENTED_EDGE('',*,*,#7522,.F.);
#7577 = ORIENTED_EDGE('',*,*,#3494,.F.);
#7578 = PLANE('',#7579);
#7579 = AXIS2_PLACEMENT_3D('',#7580,#7581,#7582);
#7580 = CARTESIAN_POINT('',(-8.709460664267,6.81,-1.24));
#7581 = DIRECTION('',(-1.,-0.,-0.));
#7582 = DIRECTION('',(0.,-1.,0.));
#7583 = ADVANCED_FACE('',(#7584),#7609,.F.);
#7584 = FACE_BOUND('',#7585,.F.);
#7585 = EDGE_LOOP('',(#7586,#7594,#7602,#7608));
#7586 = ORIENTED_EDGE('',*,*,#7587,.T.);
#7587 = EDGE_CURVE('',#3511,#7588,#7590,.T.);
#7588 = VERTEX_POINT('',#7589);
#7589 = CARTESIAN_POINT('',(-10.09946066426,5.81,-1.59));
#7590 = LINE('',#7591,#7592);
#7591 = CARTESIAN_POINT('',(-10.09946066426,5.81,-1.24));
#7592 = VECTOR('',#7593,1.);
#7593 = DIRECTION('',(0.,0.,-1.));
#7594 = ORIENTED_EDGE('',*,*,#7595,.T.);
#7595 = EDGE_CURVE('',#7588,#7596,#7598,.T.);
#7596 = VERTEX_POINT('',#7597);
#7597 = CARTESIAN_POINT('',(-10.09946066426,6.81,-1.59));
#7598 = LINE('',#7599,#7600);
#7599 = CARTESIAN_POINT('',(-10.09946066426,5.81,-1.59));
#7600 = VECTOR('',#7601,1.);
#7601 = DIRECTION('',(0.,1.,0.));
#7602 = ORIENTED_EDGE('',*,*,#7603,.F.);
#7603 = EDGE_CURVE('',#3513,#7596,#7604,.T.);
#7604 = LINE('',#7605,#7606);
#7605 = CARTESIAN_POINT('',(-10.09946066426,6.81,-1.24));
#7606 = VECTOR('',#7607,1.);
#7607 = DIRECTION('',(0.,0.,-1.));
#7608 = ORIENTED_EDGE('',*,*,#3510,.F.);
#7609 = PLANE('',#7610);
#7610 = AXIS2_PLACEMENT_3D('',#7611,#7612,#7613);
#7611 = CARTESIAN_POINT('',(-10.09946066426,5.81,-1.24));
#7612 = DIRECTION('',(1.,0.,0.));
#7613 = DIRECTION('',(0.,1.,0.));
#7614 = ADVANCED_FACE('',(#7615),#7633,.F.);
#7615 = FACE_BOUND('',#7616,.F.);
#7616 = EDGE_LOOP('',(#7617,#7625,#7631,#7632));
#7617 = ORIENTED_EDGE('',*,*,#7618,.T.);
#7618 = EDGE_CURVE('',#3521,#7619,#7621,.T.);
#7619 = VERTEX_POINT('',#7620);
#7620 = CARTESIAN_POINT('',(-9.599460664267,5.81,-1.59));
#7621 = LINE('',#7622,#7623);
#7622 = CARTESIAN_POINT('',(-9.599460664267,5.81,-1.24));
#7623 = VECTOR('',#7624,1.);
#7624 = DIRECTION('',(0.,0.,-1.));
#7625 = ORIENTED_EDGE('',*,*,#7626,.T.);
#7626 = EDGE_CURVE('',#7619,#7588,#7627,.T.);
#7627 = LINE('',#7628,#7629);
#7628 = CARTESIAN_POINT('',(-9.599460664267,5.81,-1.59));
#7629 = VECTOR('',#7630,1.);
#7630 = DIRECTION('',(-1.,0.,0.));
#7631 = ORIENTED_EDGE('',*,*,#7587,.F.);
#7632 = ORIENTED_EDGE('',*,*,#3520,.F.);
#7633 = PLANE('',#7634);
#7634 = AXIS2_PLACEMENT_3D('',#7635,#7636,#7637);
#7635 = CARTESIAN_POINT('',(-9.599460664267,5.81,-1.24));
#7636 = DIRECTION('',(0.,1.,0.));
#7637 = DIRECTION('',(-1.,0.,0.));
#7638 = ADVANCED_FACE('',(#7639),#7657,.F.);
#7639 = FACE_BOUND('',#7640,.F.);
#7640 = EDGE_LOOP('',(#7641,#7642,#7650,#7656));
#7641 = ORIENTED_EDGE('',*,*,#7603,.T.);
#7642 = ORIENTED_EDGE('',*,*,#7643,.T.);
#7643 = EDGE_CURVE('',#7596,#7644,#7646,.T.);
#7644 = VERTEX_POINT('',#7645);
#7645 = CARTESIAN_POINT('',(-9.599460664267,6.81,-1.59));
#7646 = LINE('',#7647,#7648);
#7647 = CARTESIAN_POINT('',(-10.09946066426,6.81,-1.59));
#7648 = VECTOR('',#7649,1.);
#7649 = DIRECTION('',(1.,0.,0.));
#7650 = ORIENTED_EDGE('',*,*,#7651,.F.);
#7651 = EDGE_CURVE('',#3529,#7644,#7652,.T.);
#7652 = LINE('',#7653,#7654);
#7653 = CARTESIAN_POINT('',(-9.599460664267,6.81,-1.24));
#7654 = VECTOR('',#7655,1.);
#7655 = DIRECTION('',(0.,0.,-1.));
#7656 = ORIENTED_EDGE('',*,*,#3536,.F.);
#7657 = PLANE('',#7658);
#7658 = AXIS2_PLACEMENT_3D('',#7659,#7660,#7661);
#7659 = CARTESIAN_POINT('',(-10.09946066426,6.81,-1.24));
#7660 = DIRECTION('',(0.,-1.,0.));
#7661 = DIRECTION('',(1.,0.,0.));
#7662 = ADVANCED_FACE('',(#7663),#7674,.F.);
#7663 = FACE_BOUND('',#7664,.F.);
#7664 = EDGE_LOOP('',(#7665,#7666,#7672,#7673));
#7665 = ORIENTED_EDGE('',*,*,#7651,.T.);
#7666 = ORIENTED_EDGE('',*,*,#7667,.T.);
#7667 = EDGE_CURVE('',#7644,#7619,#7668,.T.);
#7668 = LINE('',#7669,#7670);
#7669 = CARTESIAN_POINT('',(-9.599460664267,6.81,-1.59));
#7670 = VECTOR('',#7671,1.);
#7671 = DIRECTION('',(0.,-1.,0.));
#7672 = ORIENTED_EDGE('',*,*,#7618,.F.);
#7673 = ORIENTED_EDGE('',*,*,#3528,.F.);
#7674 = PLANE('',#7675);
#7675 = AXIS2_PLACEMENT_3D('',#7676,#7677,#7678);
#7676 = CARTESIAN_POINT('',(-9.599460664267,6.81,-1.24));
#7677 = DIRECTION('',(-1.,-0.,-0.));
#7678 = DIRECTION('',(0.,-1.,0.));
#7679 = ADVANCED_FACE('',(#7680),#7705,.F.);
#7680 = FACE_BOUND('',#7681,.F.);
#7681 = EDGE_LOOP('',(#7682,#7690,#7698,#7704));
#7682 = ORIENTED_EDGE('',*,*,#7683,.T.);
#7683 = EDGE_CURVE('',#3545,#7684,#7686,.T.);
#7684 = VERTEX_POINT('',#7685);
#7685 = CARTESIAN_POINT('',(-10.97946066426,5.81,-1.59));
#7686 = LINE('',#7687,#7688);
#7687 = CARTESIAN_POINT('',(-10.97946066426,5.81,-1.24));
#7688 = VECTOR('',#7689,1.);
#7689 = DIRECTION('',(0.,0.,-1.));
#7690 = ORIENTED_EDGE('',*,*,#7691,.T.);
#7691 = EDGE_CURVE('',#7684,#7692,#7694,.T.);
#7692 = VERTEX_POINT('',#7693);
#7693 = CARTESIAN_POINT('',(-10.97946066426,6.81,-1.59));
#7694 = LINE('',#7695,#7696);
#7695 = CARTESIAN_POINT('',(-10.97946066426,5.81,-1.59));
#7696 = VECTOR('',#7697,1.);
#7697 = DIRECTION('',(0.,1.,0.));
#7698 = ORIENTED_EDGE('',*,*,#7699,.F.);
#7699 = EDGE_CURVE('',#3547,#7692,#7700,.T.);
#7700 = LINE('',#7701,#7702);
#7701 = CARTESIAN_POINT('',(-10.97946066426,6.81,-1.24));
#7702 = VECTOR('',#7703,1.);
#7703 = DIRECTION('',(0.,0.,-1.));
#7704 = ORIENTED_EDGE('',*,*,#3544,.F.);
#7705 = PLANE('',#7706);
#7706 = AXIS2_PLACEMENT_3D('',#7707,#7708,#7709);
#7707 = CARTESIAN_POINT('',(-10.97946066426,5.81,-1.24));
#7708 = DIRECTION('',(1.,0.,0.));
#7709 = DIRECTION('',(0.,1.,0.));
#7710 = ADVANCED_FACE('',(#7711),#7729,.F.);
#7711 = FACE_BOUND('',#7712,.F.);
#7712 = EDGE_LOOP('',(#7713,#7721,#7727,#7728));
#7713 = ORIENTED_EDGE('',*,*,#7714,.T.);
#7714 = EDGE_CURVE('',#3555,#7715,#7717,.T.);
#7715 = VERTEX_POINT('',#7716);
#7716 = CARTESIAN_POINT('',(-10.47946066426,5.81,-1.59));
#7717 = LINE('',#7718,#7719);
#7718 = CARTESIAN_POINT('',(-10.47946066426,5.81,-1.24));
#7719 = VECTOR('',#7720,1.);
#7720 = DIRECTION('',(0.,0.,-1.));
#7721 = ORIENTED_EDGE('',*,*,#7722,.T.);
#7722 = EDGE_CURVE('',#7715,#7684,#7723,.T.);
#7723 = LINE('',#7724,#7725);
#7724 = CARTESIAN_POINT('',(-10.47946066426,5.81,-1.59));
#7725 = VECTOR('',#7726,1.);
#7726 = DIRECTION('',(-1.,0.,0.));
#7727 = ORIENTED_EDGE('',*,*,#7683,.F.);
#7728 = ORIENTED_EDGE('',*,*,#3554,.F.);
#7729 = PLANE('',#7730);
#7730 = AXIS2_PLACEMENT_3D('',#7731,#7732,#7733);
#7731 = CARTESIAN_POINT('',(-10.47946066426,5.81,-1.24));
#7732 = DIRECTION('',(0.,1.,0.));
#7733 = DIRECTION('',(-1.,0.,0.));
#7734 = ADVANCED_FACE('',(#7735),#7753,.F.);
#7735 = FACE_BOUND('',#7736,.F.);
#7736 = EDGE_LOOP('',(#7737,#7738,#7746,#7752));
#7737 = ORIENTED_EDGE('',*,*,#7699,.T.);
#7738 = ORIENTED_EDGE('',*,*,#7739,.T.);
#7739 = EDGE_CURVE('',#7692,#7740,#7742,.T.);
#7740 = VERTEX_POINT('',#7741);
#7741 = CARTESIAN_POINT('',(-10.47946066426,6.81,-1.59));
#7742 = LINE('',#7743,#7744);
#7743 = CARTESIAN_POINT('',(-10.97946066426,6.81,-1.59));
#7744 = VECTOR('',#7745,1.);
#7745 = DIRECTION('',(1.,0.,0.));
#7746 = ORIENTED_EDGE('',*,*,#7747,.F.);
#7747 = EDGE_CURVE('',#3563,#7740,#7748,.T.);
#7748 = LINE('',#7749,#7750);
#7749 = CARTESIAN_POINT('',(-10.47946066426,6.81,-1.24));
#7750 = VECTOR('',#7751,1.);
#7751 = DIRECTION('',(0.,0.,-1.));
#7752 = ORIENTED_EDGE('',*,*,#3570,.F.);
#7753 = PLANE('',#7754);
#7754 = AXIS2_PLACEMENT_3D('',#7755,#7756,#7757);
#7755 = CARTESIAN_POINT('',(-10.97946066426,6.81,-1.24));
#7756 = DIRECTION('',(0.,-1.,0.));
#7757 = DIRECTION('',(1.,0.,0.));
#7758 = ADVANCED_FACE('',(#7759),#7770,.F.);
#7759 = FACE_BOUND('',#7760,.F.);
#7760 = EDGE_LOOP('',(#7761,#7762,#7768,#7769));
#7761 = ORIENTED_EDGE('',*,*,#7747,.T.);
#7762 = ORIENTED_EDGE('',*,*,#7763,.T.);
#7763 = EDGE_CURVE('',#7740,#7715,#7764,.T.);
#7764 = LINE('',#7765,#7766);
#7765 = CARTESIAN_POINT('',(-10.47946066426,6.81,-1.59));
#7766 = VECTOR('',#7767,1.);
#7767 = DIRECTION('',(0.,-1.,0.));
#7768 = ORIENTED_EDGE('',*,*,#7714,.F.);
#7769 = ORIENTED_EDGE('',*,*,#3562,.F.);
#7770 = PLANE('',#7771);
#7771 = AXIS2_PLACEMENT_3D('',#7772,#7773,#7774);
#7772 = CARTESIAN_POINT('',(-10.47946066426,6.81,-1.24));
#7773 = DIRECTION('',(-1.,-0.,-0.));
#7774 = DIRECTION('',(0.,-1.,0.));
#7775 = ADVANCED_FACE('',(#7776),#7801,.F.);
#7776 = FACE_BOUND('',#7777,.F.);
#7777 = EDGE_LOOP('',(#7778,#7786,#7794,#7800));
#7778 = ORIENTED_EDGE('',*,*,#7779,.T.);
#7779 = EDGE_CURVE('',#3579,#7780,#7782,.T.);
#7780 = VERTEX_POINT('',#7781);
#7781 = CARTESIAN_POINT('',(-11.93446066426,5.81,-1.59));
#7782 = LINE('',#7783,#7784);
#7783 = CARTESIAN_POINT('',(-11.93446066426,5.81,-1.24));
#7784 = VECTOR('',#7785,1.);
#7785 = DIRECTION('',(0.,0.,-1.));
#7786 = ORIENTED_EDGE('',*,*,#7787,.T.);
#7787 = EDGE_CURVE('',#7780,#7788,#7790,.T.);
#7788 = VERTEX_POINT('',#7789);
#7789 = CARTESIAN_POINT('',(-11.93446066426,6.81,-1.59));
#7790 = LINE('',#7791,#7792);
#7791 = CARTESIAN_POINT('',(-11.93446066426,5.81,-1.59));
#7792 = VECTOR('',#7793,1.);
#7793 = DIRECTION('',(0.,1.,0.));
#7794 = ORIENTED_EDGE('',*,*,#7795,.F.);
#7795 = EDGE_CURVE('',#3581,#7788,#7796,.T.);
#7796 = LINE('',#7797,#7798);
#7797 = CARTESIAN_POINT('',(-11.93446066426,6.81,-1.24));
#7798 = VECTOR('',#7799,1.);
#7799 = DIRECTION('',(0.,0.,-1.));
#7800 = ORIENTED_EDGE('',*,*,#3578,.F.);
#7801 = PLANE('',#7802);
#7802 = AXIS2_PLACEMENT_3D('',#7803,#7804,#7805);
#7803 = CARTESIAN_POINT('',(-11.93446066426,5.81,-1.24));
#7804 = DIRECTION('',(1.,0.,0.));
#7805 = DIRECTION('',(0.,1.,0.));
#7806 = ADVANCED_FACE('',(#7807),#7825,.F.);
#7807 = FACE_BOUND('',#7808,.F.);
#7808 = EDGE_LOOP('',(#7809,#7817,#7823,#7824));
#7809 = ORIENTED_EDGE('',*,*,#7810,.T.);
#7810 = EDGE_CURVE('',#3589,#7811,#7813,.T.);
#7811 = VERTEX_POINT('',#7812);
#7812 = CARTESIAN_POINT('',(-11.43446066426,5.81,-1.59));
#7813 = LINE('',#7814,#7815);
#7814 = CARTESIAN_POINT('',(-11.43446066426,5.81,-1.24));
#7815 = VECTOR('',#7816,1.);
#7816 = DIRECTION('',(0.,0.,-1.));
#7817 = ORIENTED_EDGE('',*,*,#7818,.T.);
#7818 = EDGE_CURVE('',#7811,#7780,#7819,.T.);
#7819 = LINE('',#7820,#7821);
#7820 = CARTESIAN_POINT('',(-11.43446066426,5.81,-1.59));
#7821 = VECTOR('',#7822,1.);
#7822 = DIRECTION('',(-1.,0.,0.));
#7823 = ORIENTED_EDGE('',*,*,#7779,.F.);
#7824 = ORIENTED_EDGE('',*,*,#3588,.F.);
#7825 = PLANE('',#7826);
#7826 = AXIS2_PLACEMENT_3D('',#7827,#7828,#7829);
#7827 = CARTESIAN_POINT('',(-11.43446066426,5.81,-1.24));
#7828 = DIRECTION('',(0.,1.,0.));
#7829 = DIRECTION('',(-1.,0.,0.));
#7830 = ADVANCED_FACE('',(#7831),#7849,.F.);
#7831 = FACE_BOUND('',#7832,.F.);
#7832 = EDGE_LOOP('',(#7833,#7834,#7842,#7848));
#7833 = ORIENTED_EDGE('',*,*,#7795,.T.);
#7834 = ORIENTED_EDGE('',*,*,#7835,.T.);
#7835 = EDGE_CURVE('',#7788,#7836,#7838,.T.);
#7836 = VERTEX_POINT('',#7837);
#7837 = CARTESIAN_POINT('',(-11.43446066426,6.81,-1.59));
#7838 = LINE('',#7839,#7840);
#7839 = CARTESIAN_POINT('',(-11.93446066426,6.81,-1.59));
#7840 = VECTOR('',#7841,1.);
#7841 = DIRECTION('',(1.,0.,0.));
#7842 = ORIENTED_EDGE('',*,*,#7843,.F.);
#7843 = EDGE_CURVE('',#3597,#7836,#7844,.T.);
#7844 = LINE('',#7845,#7846);
#7845 = CARTESIAN_POINT('',(-11.43446066426,6.81,-1.24));
#7846 = VECTOR('',#7847,1.);
#7847 = DIRECTION('',(0.,0.,-1.));
#7848 = ORIENTED_EDGE('',*,*,#3604,.F.);
#7849 = PLANE('',#7850);
#7850 = AXIS2_PLACEMENT_3D('',#7851,#7852,#7853);
#7851 = CARTESIAN_POINT('',(-11.93446066426,6.81,-1.24));
#7852 = DIRECTION('',(0.,-1.,0.));
#7853 = DIRECTION('',(1.,0.,0.));
#7854 = ADVANCED_FACE('',(#7855),#7866,.F.);
#7855 = FACE_BOUND('',#7856,.F.);
#7856 = EDGE_LOOP('',(#7857,#7858,#7864,#7865));
#7857 = ORIENTED_EDGE('',*,*,#7843,.T.);
#7858 = ORIENTED_EDGE('',*,*,#7859,.T.);
#7859 = EDGE_CURVE('',#7836,#7811,#7860,.T.);
#7860 = LINE('',#7861,#7862);
#7861 = CARTESIAN_POINT('',(-11.43446066426,6.81,-1.59));
#7862 = VECTOR('',#7863,1.);
#7863 = DIRECTION('',(0.,-1.,0.));
#7864 = ORIENTED_EDGE('',*,*,#7810,.F.);
#7865 = ORIENTED_EDGE('',*,*,#3596,.F.);
#7866 = PLANE('',#7867);
#7867 = AXIS2_PLACEMENT_3D('',#7868,#7869,#7870);
#7868 = CARTESIAN_POINT('',(-11.43446066426,6.81,-1.24));
#7869 = DIRECTION('',(-1.,-0.,-0.));
#7870 = DIRECTION('',(0.,-1.,0.));
#7871 = ADVANCED_FACE('',(#7872,#7890),#7924,.F.);
#7872 = FACE_BOUND('',#7873,.F.);
#7873 = EDGE_LOOP('',(#7874,#7875,#7883,#7889));
#7874 = ORIENTED_EDGE('',*,*,#3652,.F.);
#7875 = ORIENTED_EDGE('',*,*,#7876,.T.);
#7876 = EDGE_CURVE('',#3645,#7877,#7879,.T.);
#7877 = VERTEX_POINT('',#7878);
#7878 = CARTESIAN_POINT('',(-9.93,-1.141858,-1.84));
#7879 = LINE('',#7880,#7881);
#7880 = CARTESIAN_POINT('',(-9.93,-1.141858,-2.24));
#7881 = VECTOR('',#7882,1.);
#7882 = DIRECTION('',(0.,0.,1.));
#7883 = ORIENTED_EDGE('',*,*,#7884,.T.);
#7884 = EDGE_CURVE('',#7877,#4816,#7885,.T.);
#7885 = LINE('',#7886,#7887);
#7886 = CARTESIAN_POINT('',(-9.93,-1.141858,-1.84));
#7887 = VECTOR('',#7888,1.);
#7888 = DIRECTION('',(0.,1.,0.));
#7889 = ORIENTED_EDGE('',*,*,#4815,.T.);
#7890 = FACE_BOUND('',#7891,.F.);
#7891 = EDGE_LOOP('',(#7892,#7902,#7910,#7918));
#7892 = ORIENTED_EDGE('',*,*,#7893,.F.);
#7893 = EDGE_CURVE('',#7894,#7896,#7898,.T.);
#7894 = VERTEX_POINT('',#7895);
#7895 = CARTESIAN_POINT('',(-9.93,-1.091858,-2.14));
#7896 = VERTEX_POINT('',#7897);
#7897 = CARTESIAN_POINT('',(-9.93,-1.091858,-1.94));
#7898 = LINE('',#7899,#7900);
#7899 = CARTESIAN_POINT('',(-9.93,-1.091858,-2.09));
#7900 = VECTOR('',#7901,1.);
#7901 = DIRECTION('',(0.,0.,1.));
#7902 = ORIENTED_EDGE('',*,*,#7903,.T.);
#7903 = EDGE_CURVE('',#7894,#7904,#7906,.T.);
#7904 = VERTEX_POINT('',#7905);
#7905 = CARTESIAN_POINT('',(-9.93,-0.891858,-2.14));
#7906 = LINE('',#7907,#7908);
#7907 = CARTESIAN_POINT('',(-9.93,-0.838225521368,-2.14));
#7908 = VECTOR('',#7909,1.);
#7909 = DIRECTION('',(0.,1.,0.));
#7910 = ORIENTED_EDGE('',*,*,#7911,.F.);
#7911 = EDGE_CURVE('',#7912,#7904,#7914,.T.);
#7912 = VERTEX_POINT('',#7913);
#7913 = CARTESIAN_POINT('',(-9.93,-0.891858,-1.94));
#7914 = LINE('',#7915,#7916);
#7915 = CARTESIAN_POINT('',(-9.93,-0.891858,-2.09));
#7916 = VECTOR('',#7917,1.);
#7917 = DIRECTION('',(0.,0.,-1.));
#7918 = ORIENTED_EDGE('',*,*,#7919,.F.);
#7919 = EDGE_CURVE('',#7896,#7912,#7920,.T.);
#7920 = LINE('',#7921,#7922);
#7921 = CARTESIAN_POINT('',(-9.93,-0.838225521368,-1.94));
#7922 = VECTOR('',#7923,1.);
#7923 = DIRECTION('',(0.,1.,0.));
#7924 = PLANE('',#7925);
#7925 = AXIS2_PLACEMENT_3D('',#7926,#7927,#7928);
#7926 = CARTESIAN_POINT('',(-9.93,-1.141858,-2.24));
#7927 = DIRECTION('',(-1.,0.,0.));
#7928 = DIRECTION('',(0.,1.,0.));
#7929 = ADVANCED_FACE('',(#7930),#7948,.F.);
#7930 = FACE_BOUND('',#7931,.F.);
#7931 = EDGE_LOOP('',(#7932,#7940,#7946,#7947));
#7932 = ORIENTED_EDGE('',*,*,#7933,.T.);
#7933 = EDGE_CURVE('',#3637,#7934,#7936,.T.);
#7934 = VERTEX_POINT('',#7935);
#7935 = CARTESIAN_POINT('',(-6.61,-1.141858,-1.84));
#7936 = LINE('',#7937,#7938);
#7937 = CARTESIAN_POINT('',(-6.61,-1.141858,-2.24));
#7938 = VECTOR('',#7939,1.);
#7939 = DIRECTION('',(0.,0.,1.));
#7940 = ORIENTED_EDGE('',*,*,#7941,.T.);
#7941 = EDGE_CURVE('',#7934,#7877,#7942,.T.);
#7942 = LINE('',#7943,#7944);
#7943 = CARTESIAN_POINT('',(-6.61,-1.141858,-1.84));
#7944 = VECTOR('',#7945,1.);
#7945 = DIRECTION('',(-1.,0.,0.));
#7946 = ORIENTED_EDGE('',*,*,#7876,.F.);
#7947 = ORIENTED_EDGE('',*,*,#3644,.F.);
#7948 = PLANE('',#7949);
#7949 = AXIS2_PLACEMENT_3D('',#7950,#7951,#7952);
#7950 = CARTESIAN_POINT('',(-6.61,-1.141858,-2.24));
#7951 = DIRECTION('',(0.,-1.,0.));
#7952 = DIRECTION('',(-1.,0.,0.));
#7953 = ADVANCED_FACE('',(#7954,#7965),#7999,.F.);
#7954 = FACE_BOUND('',#7955,.F.);
#7955 = EDGE_LOOP('',(#7956,#7957,#7958,#7964));
#7956 = ORIENTED_EDGE('',*,*,#3636,.F.);
#7957 = ORIENTED_EDGE('',*,*,#4831,.T.);
#7958 = ORIENTED_EDGE('',*,*,#7959,.T.);
#7959 = EDGE_CURVE('',#4824,#7934,#7960,.T.);
#7960 = LINE('',#7961,#7962);
#7961 = CARTESIAN_POINT('',(-6.61,0.178142,-1.84));
#7962 = VECTOR('',#7963,1.);
#7963 = DIRECTION('',(0.,-1.,0.));
#7964 = ORIENTED_EDGE('',*,*,#7933,.F.);
#7965 = FACE_BOUND('',#7966,.F.);
#7966 = EDGE_LOOP('',(#7967,#7977,#7985,#7993));
#7967 = ORIENTED_EDGE('',*,*,#7968,.F.);
#7968 = EDGE_CURVE('',#7969,#7971,#7973,.T.);
#7969 = VERTEX_POINT('',#7970);
#7970 = CARTESIAN_POINT('',(-6.61,-1.091858,-1.94));
#7971 = VERTEX_POINT('',#7972);
#7972 = CARTESIAN_POINT('',(-6.61,-1.091858,-2.14));
#7973 = LINE('',#7974,#7975);
#7974 = CARTESIAN_POINT('',(-6.61,-1.091858,-2.09));
#7975 = VECTOR('',#7976,1.);
#7976 = DIRECTION('',(0.,0.,-1.));
#7977 = ORIENTED_EDGE('',*,*,#7978,.F.);
#7978 = EDGE_CURVE('',#7979,#7969,#7981,.T.);
#7979 = VERTEX_POINT('',#7980);
#7980 = CARTESIAN_POINT('',(-6.61,-0.891858,-1.94));
#7981 = LINE('',#7982,#7983);
#7982 = CARTESIAN_POINT('',(-6.61,-0.178225521368,-1.94));
#7983 = VECTOR('',#7984,1.);
#7984 = DIRECTION('',(0.,-1.,0.));
#7985 = ORIENTED_EDGE('',*,*,#7986,.F.);
#7986 = EDGE_CURVE('',#7987,#7979,#7989,.T.);
#7987 = VERTEX_POINT('',#7988);
#7988 = CARTESIAN_POINT('',(-6.61,-0.891858,-2.14));
#7989 = LINE('',#7990,#7991);
#7990 = CARTESIAN_POINT('',(-6.61,-0.891858,-2.09));
#7991 = VECTOR('',#7992,1.);
#7992 = DIRECTION('',(0.,0.,1.));
#7993 = ORIENTED_EDGE('',*,*,#7994,.T.);
#7994 = EDGE_CURVE('',#7987,#7971,#7995,.T.);
#7995 = LINE('',#7996,#7997);
#7996 = CARTESIAN_POINT('',(-6.61,-0.178225521368,-2.14));
#7997 = VECTOR('',#7998,1.);
#7998 = DIRECTION('',(0.,-1.,0.));
#7999 = PLANE('',#8000);
#8000 = AXIS2_PLACEMENT_3D('',#8001,#8002,#8003);
#8001 = CARTESIAN_POINT('',(-6.61,0.178142,-2.24));
#8002 = DIRECTION('',(1.,0.,0.));
#8003 = DIRECTION('',(0.,-1.,0.));
#8004 = ADVANCED_FACE('',(#8005),#8039,.T.);
#8005 = FACE_BOUND('',#8006,.F.);
#8006 = EDGE_LOOP('',(#8007,#8008,#8016,#8025,#8032,#8033,#8034,#8035,
    #8036,#8037,#8038));
#8007 = ORIENTED_EDGE('',*,*,#3711,.F.);
#8008 = ORIENTED_EDGE('',*,*,#8009,.T.);
#8009 = EDGE_CURVE('',#3712,#8010,#8012,.T.);
#8010 = VERTEX_POINT('',#8011);
#8011 = CARTESIAN_POINT('',(20.175,0.,0.4));
#8012 = LINE('',#8013,#8014);
#8013 = CARTESIAN_POINT('',(20.175,0.,0.));
#8014 = VECTOR('',#8015,1.);
#8015 = DIRECTION('',(0.,0.,1.));
#8016 = ORIENTED_EDGE('',*,*,#8017,.T.);
#8017 = EDGE_CURVE('',#8010,#8018,#8020,.T.);
#8018 = VERTEX_POINT('',#8019);
#8019 = CARTESIAN_POINT('',(-20.175,0.,0.4));
#8020 = CIRCLE('',#8021,20.175);
#8021 = AXIS2_PLACEMENT_3D('',#8022,#8023,#8024);
#8022 = CARTESIAN_POINT('',(0.,9.E-17,0.4));
#8023 = DIRECTION('',(0.,2.2E-16,1.));
#8024 = DIRECTION('',(-1.,0.,0.));
#8025 = ORIENTED_EDGE('',*,*,#8026,.T.);
#8026 = EDGE_CURVE('',#8018,#8010,#8027,.T.);
#8027 = CIRCLE('',#8028,20.175);
#8028 = AXIS2_PLACEMENT_3D('',#8029,#8030,#8031);
#8029 = CARTESIAN_POINT('',(0.,9.E-17,0.4));
#8030 = DIRECTION('',(0.,2.2E-16,1.));
#8031 = DIRECTION('',(-1.,0.,0.));
#8032 = ORIENTED_EDGE('',*,*,#8009,.F.);
#8033 = ORIENTED_EDGE('',*,*,#3720,.F.);
#8034 = ORIENTED_EDGE('',*,*,#3729,.F.);
#8035 = ORIENTED_EDGE('',*,*,#3738,.F.);
#8036 = ORIENTED_EDGE('',*,*,#3747,.F.);
#8037 = ORIENTED_EDGE('',*,*,#3691,.F.);
#8038 = ORIENTED_EDGE('',*,*,#3702,.F.);
#8039 = CYLINDRICAL_SURFACE('',#8040,20.175);
#8040 = AXIS2_PLACEMENT_3D('',#8041,#8042,#8043);
#8041 = CARTESIAN_POINT('',(0.,0.,0.));
#8042 = DIRECTION('',(-0.,-0.,-1.));
#8043 = DIRECTION('',(1.,0.,0.));
#8044 = ADVANCED_FACE('',(#8045),#8056,.T.);
#8045 = FACE_BOUND('',#8046,.T.);
#8046 = EDGE_LOOP('',(#8047,#8048,#8054,#8055));
#8047 = ORIENTED_EDGE('',*,*,#3863,.F.);
#8048 = ORIENTED_EDGE('',*,*,#8049,.T.);
#8049 = EDGE_CURVE('',#3855,#4144,#8050,.T.);
#8050 = LINE('',#8051,#8052);
#8051 = CARTESIAN_POINT('',(5.5,18.355,-0.5));
#8052 = VECTOR('',#8053,1.);
#8053 = DIRECTION('',(-1.,-0.,-0.));
#8054 = ORIENTED_EDGE('',*,*,#4226,.F.);
#8055 = ORIENTED_EDGE('',*,*,#3878,.F.);
#8056 = PLANE('',#8057);
#8057 = AXIS2_PLACEMENT_3D('',#8058,#8059,#8060);
#8058 = CARTESIAN_POINT('',(5.5,18.355,-0.5));
#8059 = DIRECTION('',(0.,0.,1.));
#8060 = DIRECTION('',(0.,-1.,0.));
#8061 = ADVANCED_FACE('',(#8062),#8073,.T.);
#8062 = FACE_BOUND('',#8063,.T.);
#8063 = EDGE_LOOP('',(#8064,#8065,#8071,#8072));
#8064 = ORIENTED_EDGE('',*,*,#3854,.F.);
#8065 = ORIENTED_EDGE('',*,*,#8066,.T.);
#8066 = EDGE_CURVE('',#3847,#4142,#8067,.T.);
#8067 = LINE('',#8068,#8069);
#8068 = CARTESIAN_POINT('',(5.5,18.725,-0.87));
#8069 = VECTOR('',#8070,1.);
#8070 = DIRECTION('',(-1.,-0.,-0.));
#8071 = ORIENTED_EDGE('',*,*,#4141,.T.);
#8072 = ORIENTED_EDGE('',*,*,#8049,.F.);
#8073 = CYLINDRICAL_SURFACE('',#8074,0.37);
#8074 = AXIS2_PLACEMENT_3D('',#8075,#8076,#8077);
#8075 = CARTESIAN_POINT('',(5.5,18.355,-0.87));
#8076 = DIRECTION('',(1.,0.,0.));
#8077 = DIRECTION('',(0.,1.,0.));
#8078 = ADVANCED_FACE('',(#8079),#8090,.T.);
#8079 = FACE_BOUND('',#8080,.T.);
#8080 = EDGE_LOOP('',(#8081,#8082,#8083,#8084));
#8081 = ORIENTED_EDGE('',*,*,#4152,.F.);
#8082 = ORIENTED_EDGE('',*,*,#8066,.F.);
#8083 = ORIENTED_EDGE('',*,*,#3846,.T.);
#8084 = ORIENTED_EDGE('',*,*,#8085,.T.);
#8085 = EDGE_CURVE('',#3838,#4153,#8086,.T.);
#8086 = LINE('',#8087,#8088);
#8087 = CARTESIAN_POINT('',(5.5,18.725,-1.15));
#8088 = VECTOR('',#8089,1.);
#8089 = DIRECTION('',(-1.,-0.,-0.));
#8090 = PLANE('',#8091);
#8091 = AXIS2_PLACEMENT_3D('',#8092,#8093,#8094);
#8092 = CARTESIAN_POINT('',(0.,18.725,-0.76));
#8093 = DIRECTION('',(0.,1.,0.));
#8094 = DIRECTION('',(0.,0.,1.));
#8095 = ADVANCED_FACE('',(#8096),#8107,.T.);
#8096 = FACE_BOUND('',#8097,.T.);
#8097 = EDGE_LOOP('',(#8098,#8099,#8105,#8106));
#8098 = ORIENTED_EDGE('',*,*,#3837,.F.);
#8099 = ORIENTED_EDGE('',*,*,#8100,.T.);
#8100 = EDGE_CURVE('',#3830,#4161,#8101,.T.);
#8101 = LINE('',#8102,#8103);
#8102 = CARTESIAN_POINT('',(5.5,18.355,-1.52));
#8103 = VECTOR('',#8104,1.);
#8104 = DIRECTION('',(-1.,-0.,-0.));
#8105 = ORIENTED_EDGE('',*,*,#4160,.T.);
#8106 = ORIENTED_EDGE('',*,*,#8085,.F.);
#8107 = CYLINDRICAL_SURFACE('',#8108,0.37);
#8108 = AXIS2_PLACEMENT_3D('',#8109,#8110,#8111);
#8109 = CARTESIAN_POINT('',(5.5,18.355,-1.15));
#8110 = DIRECTION('',(1.,0.,0.));
#8111 = DIRECTION('',(0.,1.,0.));
#8112 = ADVANCED_FACE('',(#8113),#8240,.T.);
#8113 = FACE_BOUND('',#8114,.T.);
#8114 = EDGE_LOOP('',(#8115,#8124,#8130,#8139,#8147,#8156,#8164,#8173,
    #8181,#8188,#8189,#8190,#8191,#8200,#8208,#8217,#8225,#8234));
#8115 = ORIENTED_EDGE('',*,*,#8116,.T.);
#8116 = EDGE_CURVE('',#8117,#6942,#8119,.T.);
#8117 = VERTEX_POINT('',#8118);
#8118 = CARTESIAN_POINT('',(5.417432910461,12.675020999597,
    -1.413229283574));
#8119 = ELLIPSE('',#8120,0.220038865582,0.22);
#8120 = AXIS2_PLACEMENT_3D('',#8121,#8122,#8123);
#8121 = CARTESIAN_POINT('',(5.28,12.503229861519,-1.41));
#8122 = DIRECTION('',(-0.,-1.879441058664E-02,-0.999823369466));
#8123 = DIRECTION('',(0.,-0.999823369466,1.879441058664E-02));
#8124 = ORIENTED_EDGE('',*,*,#8125,.T.);
#8125 = EDGE_CURVE('',#6942,#6973,#8126,.T.);
#8126 = LINE('',#8127,#8128);
#8127 = CARTESIAN_POINT('',(5.5,12.503229861519,-1.41));
#8128 = VECTOR('',#8129,1.);
#8129 = DIRECTION('',(-1.,-0.,-0.));
#8130 = ORIENTED_EDGE('',*,*,#8131,.T.);
#8131 = EDGE_CURVE('',#6973,#8132,#8134,.T.);
#8132 = VERTEX_POINT('',#8133);
#8133 = CARTESIAN_POINT('',(-5.417432910461,12.675020999597,
    -1.413229283574));
#8134 = ELLIPSE('',#8135,0.220038865582,0.22);
#8135 = AXIS2_PLACEMENT_3D('',#8136,#8137,#8138);
#8136 = CARTESIAN_POINT('',(-5.28,12.503229861519,-1.41));
#8137 = DIRECTION('',(-0.,-1.879441058664E-02,-0.999823369466));
#8138 = DIRECTION('',(0.,-0.999823369466,1.879441058664E-02));
#8139 = ORIENTED_EDGE('',*,*,#8140,.F.);
#8140 = EDGE_CURVE('',#8141,#8132,#8143,.T.);
#8141 = VERTEX_POINT('',#8142);
#8142 = CARTESIAN_POINT('',(-5.082567089539,12.942913656335,
    -1.41826505763));
#8143 = LINE('',#8144,#8145);
#8144 = CARTESIAN_POINT('',(-1.966166714206,15.436033956601,
    -1.465130061985));
#8145 = VECTOR('',#8146,1.);
#8146 = DIRECTION('',(-0.780814976249,-0.624651980999,1.174203980742E-02
    ));
#8147 = ORIENTED_EDGE('',*,*,#8148,.F.);
#8148 = EDGE_CURVE('',#8149,#8141,#8151,.T.);
#8149 = VERTEX_POINT('',#8150);
#8150 = CARTESIAN_POINT('',(-5.,13.114704794414,-1.421494341204));
#8151 = ELLIPSE('',#8152,0.220038865582,0.22);
#8152 = AXIS2_PLACEMENT_3D('',#8153,#8154,#8155);
#8153 = CARTESIAN_POINT('',(-5.22,13.114704794414,-1.421494341204));
#8154 = DIRECTION('',(-0.,-1.879441058664E-02,-0.999823369466));
#8155 = DIRECTION('',(0.,-0.999823369466,1.879441058664E-02));
#8156 = ORIENTED_EDGE('',*,*,#8157,.F.);
#8157 = EDGE_CURVE('',#8158,#8149,#8160,.T.);
#8158 = VERTEX_POINT('',#8159);
#8159 = CARTESIAN_POINT('',(-5.,16.649377424354,-1.487938165909));
#8160 = LINE('',#8161,#8162);
#8161 = CARTESIAN_POINT('',(-5.,14.57096755408,-1.448868776592));
#8162 = VECTOR('',#8163,1.);
#8163 = DIRECTION('',(0.,-0.999823369466,1.879441058664E-02));
#8164 = ORIENTED_EDGE('',*,*,#8165,.T.);
#8165 = EDGE_CURVE('',#8158,#8166,#8168,.T.);
#8166 = VERTEX_POINT('',#8167);
#8167 = CARTESIAN_POINT('',(-4.886658116454,16.841793759924,
    -1.491555156394));
#8168 = ELLIPSE('',#8169,0.220038865582,0.22);
#8169 = AXIS2_PLACEMENT_3D('',#8170,#8171,#8172);
#8170 = CARTESIAN_POINT('',(-4.78,16.649377424354,-1.487938165909));
#8171 = DIRECTION('',(-0.,-1.879441058664E-02,-0.999823369466));
#8172 = DIRECTION('',(0.,-0.999823369466,1.879441058664E-02));
#8173 = ORIENTED_EDGE('',*,*,#8174,.F.);
#8174 = EDGE_CURVE('',#8175,#8166,#8177,.T.);
#8175 = VERTEX_POINT('',#8176);
#8176 = CARTESIAN_POINT('',(-3.713341883546,17.492173568042,
    -1.503780820971));
#8177 = LINE('',#8178,#8179);
#8178 = CARTESIAN_POINT('',(-1.250045527763,18.857601034463,
    -1.529447758966));
#8179 = VECTOR('',#8180,1.);
#8180 = DIRECTION('',(-0.874583389675,-0.484789489147,9.112942330985E-03
    ));
#8181 = ORIENTED_EDGE('',*,*,#8182,.F.);
#8182 = EDGE_CURVE('',#4170,#8175,#8183,.T.);
#8183 = ELLIPSE('',#8184,0.220038865582,0.22);
#8184 = AXIS2_PLACEMENT_3D('',#8185,#8186,#8187);
#8185 = CARTESIAN_POINT('',(-3.82,17.684589903613,-1.507397811456));
#8186 = DIRECTION('',(-0.,-1.879441058664E-02,-0.999823369466));
#8187 = DIRECTION('',(0.,-0.999823369466,1.879441058664E-02));
#8188 = ORIENTED_EDGE('',*,*,#4169,.F.);
#8189 = ORIENTED_EDGE('',*,*,#8100,.F.);
#8190 = ORIENTED_EDGE('',*,*,#3829,.F.);
#8191 = ORIENTED_EDGE('',*,*,#8192,.F.);
#8192 = EDGE_CURVE('',#8193,#3822,#8195,.T.);
#8193 = VERTEX_POINT('',#8194);
#8194 = CARTESIAN_POINT('',(3.713341883546,17.492173568042,
    -1.503780820971));
#8195 = ELLIPSE('',#8196,0.220038865582,0.22);
#8196 = AXIS2_PLACEMENT_3D('',#8197,#8198,#8199);
#8197 = CARTESIAN_POINT('',(3.82,17.684589903613,-1.507397811456));
#8198 = DIRECTION('',(-0.,-1.879441058664E-02,-0.999823369466));
#8199 = DIRECTION('',(0.,-0.999823369466,1.879441058664E-02));
#8200 = ORIENTED_EDGE('',*,*,#8201,.T.);
#8201 = EDGE_CURVE('',#8193,#8202,#8204,.T.);
#8202 = VERTEX_POINT('',#8203);
#8203 = CARTESIAN_POINT('',(4.886658116454,16.841793759924,
    -1.491555156394));
#8204 = LINE('',#8205,#8206);
#8205 = CARTESIAN_POINT('',(5.456974107984,16.525662443631,-1.485612605)
  );
#8206 = VECTOR('',#8207,1.);
#8207 = DIRECTION('',(0.874583389675,-0.484789489147,9.112942330985E-03)
  );
#8208 = ORIENTED_EDGE('',*,*,#8209,.T.);
#8209 = EDGE_CURVE('',#8202,#8210,#8212,.T.);
#8210 = VERTEX_POINT('',#8211);
#8211 = CARTESIAN_POINT('',(5.,16.649377424354,-1.487938165909));
#8212 = ELLIPSE('',#8213,0.220038865582,0.22);
#8213 = AXIS2_PLACEMENT_3D('',#8214,#8215,#8216);
#8214 = CARTESIAN_POINT('',(4.78,16.649377424354,-1.487938165909));
#8215 = DIRECTION('',(-0.,-1.879441058664E-02,-0.999823369466));
#8216 = DIRECTION('',(0.,-0.999823369466,1.879441058664E-02));
#8217 = ORIENTED_EDGE('',*,*,#8218,.T.);
#8218 = EDGE_CURVE('',#8210,#8219,#8221,.T.);
#8219 = VERTEX_POINT('',#8220);
#8220 = CARTESIAN_POINT('',(5.,13.114704794414,-1.421494341204));
#8221 = LINE('',#8222,#8223);
#8222 = CARTESIAN_POINT('',(5.,14.57096755408,-1.448868776592));
#8223 = VECTOR('',#8224,1.);
#8224 = DIRECTION('',(0.,-0.999823369466,1.879441058664E-02));
#8225 = ORIENTED_EDGE('',*,*,#8226,.F.);
#8226 = EDGE_CURVE('',#8227,#8219,#8229,.T.);
#8227 = VERTEX_POINT('',#8228);
#8228 = CARTESIAN_POINT('',(5.082567089539,12.942913656335,
    -1.41826505763));
#8229 = ELLIPSE('',#8230,0.220038865582,0.22);
#8230 = AXIS2_PLACEMENT_3D('',#8231,#8232,#8233);
#8231 = CARTESIAN_POINT('',(5.22,13.114704794414,-1.421494341204));
#8232 = DIRECTION('',(-0.,-1.879441058664E-02,-0.999823369466));
#8233 = DIRECTION('',(0.,-0.999823369466,1.879441058664E-02));
#8234 = ORIENTED_EDGE('',*,*,#8235,.T.);
#8235 = EDGE_CURVE('',#8227,#8117,#8236,.T.);
#8236 = LINE('',#8237,#8238);
#8237 = CARTESIAN_POINT('',(5.319362863448,12.753477037208,
    -1.414704079052));
#8238 = VECTOR('',#8239,1.);
#8239 = DIRECTION('',(0.780814976249,-0.624651980999,1.174203980742E-02)
  );
#8240 = PLANE('',#8241);
#8241 = AXIS2_PLACEMENT_3D('',#8242,#8243,#8244);
#8242 = CARTESIAN_POINT('',(1.74178111942E-16,15.129918370883,
    -1.459375783599));
#8243 = DIRECTION('',(-0.,-1.879441058664E-02,-0.999823369466));
#8244 = DIRECTION('',(0.,-0.999823369466,1.879441058664E-02));
#8245 = ADVANCED_FACE('',(#8246),#8257,.F.);
#8246 = FACE_BOUND('',#8247,.F.);
#8247 = EDGE_LOOP('',(#8248,#8249,#8250,#8251));
#8248 = ORIENTED_EDGE('',*,*,#6805,.T.);
#8249 = ORIENTED_EDGE('',*,*,#3821,.T.);
#8250 = ORIENTED_EDGE('',*,*,#8192,.F.);
#8251 = ORIENTED_EDGE('',*,*,#8252,.F.);
#8252 = EDGE_CURVE('',#6806,#8193,#8253,.T.);
#8253 = LINE('',#8254,#8255);
#8254 = CARTESIAN_POINT('',(3.713341883546,17.492173568042,-0.92));
#8255 = VECTOR('',#8256,1.);
#8256 = DIRECTION('',(-0.,-0.,-1.));
#8257 = CYLINDRICAL_SURFACE('',#8258,0.22);
#8258 = AXIS2_PLACEMENT_3D('',#8259,#8260,#8261);
#8259 = CARTESIAN_POINT('',(3.82,17.684589903613,-0.92));
#8260 = DIRECTION('',(0.,0.,1.));
#8261 = DIRECTION('',(-1.,-0.,-0.));
#8262 = ADVANCED_FACE('',(#8263),#8274,.F.);
#8263 = FACE_BOUND('',#8264,.F.);
#8264 = EDGE_LOOP('',(#8265,#8266,#8267,#8268));
#8265 = ORIENTED_EDGE('',*,*,#3804,.F.);
#8266 = ORIENTED_EDGE('',*,*,#6798,.T.);
#8267 = ORIENTED_EDGE('',*,*,#4193,.T.);
#8268 = ORIENTED_EDGE('',*,*,#8269,.F.);
#8269 = EDGE_CURVE('',#3797,#4194,#8270,.T.);
#8270 = LINE('',#8271,#8272);
#8271 = CARTESIAN_POINT('',(5.5,18.554964673893,-1.15));
#8272 = VECTOR('',#8273,1.);
#8273 = DIRECTION('',(-1.,-0.,-0.));
#8274 = CYLINDRICAL_SURFACE('',#8275,0.199964673893);
#8275 = AXIS2_PLACEMENT_3D('',#8276,#8277,#8278);
#8276 = CARTESIAN_POINT('',(5.5,18.355,-1.15));
#8277 = DIRECTION('',(1.,0.,0.));
#8278 = DIRECTION('',(0.,1.,0.));
#8279 = ADVANCED_FACE('',(#8280),#8291,.F.);
#8280 = FACE_BOUND('',#8281,.F.);
#8281 = EDGE_LOOP('',(#8282,#8283,#8284,#8285));
#8282 = ORIENTED_EDGE('',*,*,#3796,.F.);
#8283 = ORIENTED_EDGE('',*,*,#8269,.T.);
#8284 = ORIENTED_EDGE('',*,*,#4202,.F.);
#8285 = ORIENTED_EDGE('',*,*,#8286,.F.);
#8286 = EDGE_CURVE('',#3788,#4203,#8287,.T.);
#8287 = LINE('',#8288,#8289);
#8288 = CARTESIAN_POINT('',(5.5,18.554964673893,-0.87));
#8289 = VECTOR('',#8290,1.);
#8290 = DIRECTION('',(-1.,-0.,-0.));
#8291 = PLANE('',#8292);
#8292 = AXIS2_PLACEMENT_3D('',#8293,#8294,#8295);
#8293 = CARTESIAN_POINT('',(5.5,18.554964673893,-1.15));
#8294 = DIRECTION('',(0.,1.,0.));
#8295 = DIRECTION('',(0.,0.,1.));
#8296 = ADVANCED_FACE('',(#8297),#8303,.F.);
#8297 = FACE_BOUND('',#8298,.F.);
#8298 = EDGE_LOOP('',(#8299,#8300,#8301,#8302));
#8299 = ORIENTED_EDGE('',*,*,#3787,.F.);
#8300 = ORIENTED_EDGE('',*,*,#8286,.T.);
#8301 = ORIENTED_EDGE('',*,*,#4210,.T.);
#8302 = ORIENTED_EDGE('',*,*,#4241,.F.);
#8303 = CYLINDRICAL_SURFACE('',#8304,0.199964673893);
#8304 = AXIS2_PLACEMENT_3D('',#8305,#8306,#8307);
#8305 = CARTESIAN_POINT('',(5.5,18.355,-0.87));
#8306 = DIRECTION('',(1.,0.,0.));
#8307 = DIRECTION('',(0.,1.,0.));
#8308 = ADVANCED_FACE('',(#8309),#8324,.F.);
#8309 = FACE_BOUND('',#8310,.F.);
#8310 = EDGE_LOOP('',(#8311,#8321,#8322,#8323));
#8311 = ORIENTED_EDGE('',*,*,#8312,.T.);
#8312 = EDGE_CURVE('',#4013,#3904,#8313,.T.);
#8313 = ( BOUNDED_CURVE() B_SPLINE_CURVE(6,(#8314,#8315,#8316,#8317,
#8318,#8319,#8320),.UNSPECIFIED.,.F.,.F.) B_SPLINE_CURVE_WITH_KNOTS((7,7
),(0.,0.116227516159),.PIECEWISE_BEZIER_KNOTS.) CURVE() 
GEOMETRIC_REPRESENTATION_ITEM() RATIONAL_B_SPLINE_CURVE((1.031393471788,
    1.010025407661,0.997924642725,0.993958444137,0.997924642725,
1.010025407661,1.031393471788)) REPRESENTATION_ITEM('') );
#8314 = CARTESIAN_POINT('',(-2.990287487912,-18.67366528717,
    -0.648233498461));
#8315 = CARTESIAN_POINT('',(-3.000506267987,-18.66571734712,
    -0.671623589074));
#8316 = CARTESIAN_POINT('',(-3.005240053248,-18.65126663951,
    -0.694404291662));
#8317 = CARTESIAN_POINT('',(-3.003798468859,-18.63172838261,
    -0.714021173991));
#8318 = CARTESIAN_POINT('',(-2.996266731157,-18.60918197809,
    -0.728289190374));
#8319 = CARTESIAN_POINT('',(-2.983530687281,-18.58610228825,
    -0.73572647394));
#8320 = CARTESIAN_POINT('',(-2.967117796414,-18.565,-0.73572647394));
#8321 = ORIENTED_EDGE('',*,*,#3903,.T.);
#8322 = ORIENTED_EDGE('',*,*,#3947,.F.);
#8323 = ORIENTED_EDGE('',*,*,#4012,.F.);
#8324 = ( BOUNDED_SURFACE() B_SPLINE_SURFACE(2,5,(
    (#8325,#8326,#8327,#8328,#8329,#8330)
    ,(#8331,#8332,#8333,#8334,#8335,#8336)
    ,(#8337,#8338,#8339,#8340,#8341,#8342
)),.UNSPECIFIED.,.F.,.F.,.F.) B_SPLINE_SURFACE_WITH_KNOTS((3,3),(6,6),(
    0.,0.105459364784),(9.259420303421E-02,0.198053567818),
.PIECEWISE_BEZIER_KNOTS.) GEOMETRIC_REPRESENTATION_ITEM() 
RATIONAL_B_SPLINE_SURFACE((
    (1.,1.,1.,1.,1.,1.)
    ,(0.707106781187,0.707106781187,0.707106781186,0.707106781187
      ,0.707106781187,0.707106781187)
,(1.,1.,1.,1.,1.,1.))) REPRESENTATION_ITEM('') SURFACE() );
#8325 = CARTESIAN_POINT('',(-2.990287487912,-18.67366528717,
    -0.648233498461));
#8326 = CARTESIAN_POINT('',(-3.021464760255,-18.64941629758,
    -0.642180225522));
#8327 = CARTESIAN_POINT('',(-3.049156106265,-18.62787858401,
    -0.638787990981));
#8328 = CARTESIAN_POINT('',(-3.076473647077,-18.60663160782,
    -0.636735809697));
#8329 = CARTESIAN_POINT('',(-3.103217867244,-18.58583054769,
    -0.63572647394));
#8330 = CARTESIAN_POINT('',(-3.13,-18.565,-0.63572647394));
#8331 = CARTESIAN_POINT('',(-3.028511857766,-18.64393522173,
    -0.73572647394));
#8332 = CARTESIAN_POINT('',(-3.0510560698,-18.6264008346,-0.73572647394)
  );
#8333 = CARTESIAN_POINT('',(-3.070742077063,-18.61108949561,
    -0.73572647394));
#8334 = CARTESIAN_POINT('',(-3.090703390518,-18.59556402959,
    -0.73572647394));
#8335 = CARTESIAN_POINT('',(-3.110328594958,-18.58029998169,
    -0.73572647394));
#8336 = CARTESIAN_POINT('',(-3.13,-18.565,-0.73572647394));
#8337 = CARTESIAN_POINT('',(-2.967117796414,-18.565,-0.73572647394));
#8338 = CARTESIAN_POINT('',(-2.989662008449,-18.54746561286,
    -0.73572647394));
#8339 = CARTESIAN_POINT('',(-3.00934801571,-18.53215427388,
    -0.73572647394));
#8340 = CARTESIAN_POINT('',(-3.029309329168,-18.51662880785,
    -0.73572647394));
#8341 = CARTESIAN_POINT('',(-3.048934533605,-18.50136475996,
    -0.73572647394));
#8342 = CARTESIAN_POINT('',(-3.068605938649,-18.48606477826,
    -0.73572647394));
#8343 = ADVANCED_FACE('',(#8344),#8359,.T.);
#8344 = FACE_BOUND('',#8345,.T.);
#8345 = EDGE_LOOP('',(#8346,#8356,#8357,#8358));
#8346 = ORIENTED_EDGE('',*,*,#8347,.T.);
#8347 = EDGE_CURVE('',#4080,#3915,#8348,.T.);
#8348 = ( BOUNDED_CURVE() B_SPLINE_CURVE(6,(#8349,#8350,#8351,#8352,
#8353,#8354,#8355),.UNSPECIFIED.,.F.,.F.) B_SPLINE_CURVE_WITH_KNOTS((7,7
),(0.,0.11622751616),.PIECEWISE_BEZIER_KNOTS.) CURVE() 
GEOMETRIC_REPRESENTATION_ITEM() RATIONAL_B_SPLINE_CURVE((1.031393471788,
    1.010025407661,0.997924642725,0.993958444137,0.997924642725,
1.010025407661,1.031393471788)) REPRESENTATION_ITEM('') );
#8349 = CARTESIAN_POINT('',(2.990287487912,-18.67366528717,
    -0.648233498461));
#8350 = CARTESIAN_POINT('',(3.000506267987,-18.66571734712,
    -0.671623589074));
#8351 = CARTESIAN_POINT('',(3.005240053248,-18.65126663951,
    -0.694404291662));
#8352 = CARTESIAN_POINT('',(3.003798468859,-18.63172838261,
    -0.714021173991));
#8353 = CARTESIAN_POINT('',(2.996266731157,-18.60918197809,
    -0.728289190374));
#8354 = CARTESIAN_POINT('',(2.983530687281,-18.58610228825,
    -0.73572647394));
#8355 = CARTESIAN_POINT('',(2.967117796414,-18.565,-0.73572647394));
#8356 = ORIENTED_EDGE('',*,*,#3922,.T.);
#8357 = ORIENTED_EDGE('',*,*,#3971,.F.);
#8358 = ORIENTED_EDGE('',*,*,#4079,.F.);
#8359 = ( BOUNDED_SURFACE() B_SPLINE_SURFACE(2,5,(
    (#8360,#8361,#8362,#8363,#8364,#8365)
    ,(#8366,#8367,#8368,#8369,#8370,#8371)
    ,(#8372,#8373,#8374,#8375,#8376,#8377
)),.UNSPECIFIED.,.F.,.F.,.F.) B_SPLINE_SURFACE_WITH_KNOTS((3,3),(6,6),(
    0.,0.105459364784),(9.259420303443E-02,0.198053567818),
.PIECEWISE_BEZIER_KNOTS.) GEOMETRIC_REPRESENTATION_ITEM() 
RATIONAL_B_SPLINE_SURFACE((
    (1.,1.,1.,1.,1.,1.)
    ,(0.707106781187,0.707106781187,0.707106781187,0.707106781187
      ,0.707106781186,0.707106781187)
,(1.,1.,1.,1.,1.,1.))) REPRESENTATION_ITEM('') SURFACE() );
#8360 = CARTESIAN_POINT('',(2.990287487912,-18.67366528717,
    -0.648233498461));
#8361 = CARTESIAN_POINT('',(3.021464760255,-18.64941629758,
    -0.642180225522));
#8362 = CARTESIAN_POINT('',(3.049156106265,-18.62787858401,
    -0.638787990981));
#8363 = CARTESIAN_POINT('',(3.076473647077,-18.60663160782,
    -0.636735809697));
#8364 = CARTESIAN_POINT('',(3.103217867243,-18.5858305477,-0.63572647394
    ));
#8365 = CARTESIAN_POINT('',(3.13,-18.565,-0.63572647394));
#8366 = CARTESIAN_POINT('',(3.028511857766,-18.64393522173,
    -0.73572647394));
#8367 = CARTESIAN_POINT('',(3.0510560698,-18.6264008346,-0.73572647394)
  );
#8368 = CARTESIAN_POINT('',(3.070742077062,-18.61108949561,
    -0.73572647394));
#8369 = CARTESIAN_POINT('',(3.090703390518,-18.59556402959,
    -0.73572647394));
#8370 = CARTESIAN_POINT('',(3.110328594958,-18.5802999817,-0.73572647394
    ));
#8371 = CARTESIAN_POINT('',(3.13,-18.565,-0.73572647394));
#8372 = CARTESIAN_POINT('',(2.967117796414,-18.565,-0.73572647394));
#8373 = CARTESIAN_POINT('',(2.989662008449,-18.54746561286,
    -0.73572647394));
#8374 = CARTESIAN_POINT('',(3.009348015712,-18.53215427388,
    -0.73572647394));
#8375 = CARTESIAN_POINT('',(3.029309329165,-18.51662880786,
    -0.73572647394));
#8376 = CARTESIAN_POINT('',(3.048934533607,-18.50136475996,
    -0.73572647394));
#8377 = CARTESIAN_POINT('',(3.068605938649,-18.48606477826,
    -0.73572647394));
#8378 = ADVANCED_FACE('',(#8379),#8385,.F.);
#8379 = FACE_BOUND('',#8380,.F.);
#8380 = EDGE_LOOP('',(#8381,#8382,#8383,#8384));
#8381 = ORIENTED_EDGE('',*,*,#4685,.T.);
#8382 = ORIENTED_EDGE('',*,*,#4595,.T.);
#8383 = ORIENTED_EDGE('',*,*,#8312,.F.);
#8384 = ORIENTED_EDGE('',*,*,#4023,.F.);
#8385 = ( BOUNDED_SURFACE() B_SPLINE_SURFACE(6,14,(
    (#8386,#8387,#8388,#8389,#8390,#8391,#8392,#8393,#8394,#8395,#8396
      ,#8397,#8398,#8399,#8400,#8401,#8402,#8403,#8404,#8405,#8406,#8407
      ,#8408,#8409,#8410,#8411,#8412,#8413)
    ,(#8414,#8415,#8416,#8417,#8418,#8419,#8420,#8421,#8422,#8423,#8424
      ,#8425,#8426,#8427,#8428,#8429,#8430,#8431,#8432,#8433,#8434,#8435
      ,#8436,#8437,#8438,#8439,#8440,#8441)
    ,(#8442,#8443,#8444,#8445,#8446,#8447,#8448,#8449,#8450,#8451,#8452
      ,#8453,#8454,#8455,#8456,#8457,#8458,#8459,#8460,#8461,#8462,#8463
      ,#8464,#8465,#8466,#8467,#8468,#8469)
    ,(#8470,#8471,#8472,#8473,#8474,#8475,#8476,#8477,#8478,#8479,#8480
      ,#8481,#8482,#8483,#8484,#8485,#8486,#8487,#8488,#8489,#8490,#8491
      ,#8492,#8493,#8494,#8495,#8496,#8497)
    ,(#8498,#8499,#8500,#8501,#8502,#8503,#8504,#8505,#8506,#8507,#8508
      ,#8509,#8510,#8511,#8512,#8513,#8514,#8515,#8516,#8517,#8518,#8519
      ,#8520,#8521,#8522,#8523,#8524,#8525)
    ,(#8526,#8527,#8528,#8529,#8530,#8531,#8532,#8533,#8534,#8535,#8536
      ,#8537,#8538,#8539,#8540,#8541,#8542,#8543,#8544,#8545,#8546,#8547
      ,#8548,#8549,#8550,#8551,#8552,#8553)
    ,(#8554,#8555,#8556,#8557,#8558,#8559,#8560,#8561,#8562,#8563,#8564
      ,#8565,#8566,#8567,#8568,#8569,#8570,#8571,#8572,#8573,#8574,#8575
      ,#8576,#8577,#8578,#8579,#8580,#8581
)),.UNSPECIFIED.,.F.,.F.,.F.) B_SPLINE_SURFACE_WITH_KNOTS((7,7),(15,13,
    15),(0.,0.116227516159),(-2.641246728036E-02,-2.363331312525E-02,
9.259420303421E-02),.UNSPECIFIED.) GEOMETRIC_REPRESENTATION_ITEM() 
RATIONAL_B_SPLINE_SURFACE((
    (1.079968737106,1.079998084267,1.08002291648,1.080043233745
      ,1.080059036063,1.080070323432,1.080077095854,1.080079353328
      ,1.080077095854,1.080070323432,1.080059036063,1.080043233745
      ,1.08002291648,1.079998084267,1.078741404101,1.075498017306
      ,1.069302611697,1.061043068773,1.050393181693,1.052558718851
      ,1.043545134919,1.043461014925,1.03997631303,1.037985096808
      ,1.036117458489,1.034391535549,1.032836960033,1.031393471788)
    ,(1.023802187066,1.023809873542,1.023816377484,1.023821698892
      ,1.023825837764,1.023828794101,1.023830567903,1.023831159171
      ,1.023830567903,1.023828794101,1.023825837764,1.023821698892
      ,1.023816377484,1.023809873542,1.023480729505,1.022631407806
      ,1.020983989376,1.018832251359,1.015754200091,1.016146046003
      ,1.013894203775,1.013498871631,1.01270472765,1.011992482853
      ,1.011468727417,1.010937896107,1.01046615406,1.010025407661)
    ,(0.994940083098,0.994938414685,0.99493700295,0.994935847895
      ,0.994934949518,0.994934307821,0.994933922802,0.994933794463
      ,0.994933922802,0.994934307821,0.994934949518,0.994935847895
      ,0.99493700295,0.994938414685,0.995009858125,0.995194168085
      ,0.995553166462,0.996016751419,0.996707140375,0.996593977489
      ,0.997106281917,0.997174916902,0.997353799706,0.997503906572
      ,0.997616755937,0.997730144943,0.997830794548,0.997924642725)
    ,(0.985311689403,0.985306645421,0.985302377436,0.985298885449
      ,0.985296169458,0.985294229465,0.985293065469,0.985292677471
      ,0.985293065469,0.985294229465,0.985296169458,0.985298885449
      ,0.985302377436,0.985306645421,0.9855226347,0.986080101457
      ,0.987149595514,0.988571215173,0.990447451224,0.990165534264
      ,0.991649541389,0.991792200154,0.992348832566,0.992750140738
      ,0.993081883801,0.993402891365,0.993690419739,0.993958444137)
    ,(0.994940083098,0.994938414685,0.99493700295,0.994935847895
      ,0.994934949518,0.994934307821,0.994933922802,0.994933794463
      ,0.994933922802,0.994934307821,0.994934949518,0.994935847895
      ,0.99493700295,0.994938414685,0.995009858125,0.995194168085
      ,0.995553166463,0.996016751418,0.996707140377,0.996593977486
      ,0.997106281919,0.9971749169,0.997353799707,0.997503906571
      ,0.997616755937,0.997730144942,0.997830794548,0.997924642725)
    ,(1.023802187066,1.023809873542,1.023816377484,1.023821698892
      ,1.023825837764,1.023828794101,1.023830567903,1.023831159171
      ,1.023830567903,1.023828794101,1.023825837764,1.023821698892
      ,1.023816377484,1.023809873542,1.023480729505,1.022631407806
      ,1.020983989376,1.018832251359,1.015754200091,1.016146046003
      ,1.013894203775,1.013498871631,1.01270472765,1.011992482853
      ,1.011468727417,1.010937896107,1.01046615406,1.010025407661)
    ,(1.079968737106,1.079998084267,1.08002291648,1.080043233745
      ,1.080059036063,1.080070323432,1.080077095854,1.080079353328
      ,1.080077095854,1.080070323432,1.080059036063,1.080043233745
      ,1.08002291648,1.079998084267,1.078741404101,1.075498017306
      ,1.069302611697,1.061043068773,1.050393181693,1.052558718851
      ,1.043545134919,1.043461014925,1.03997631303,1.037985096808
      ,1.036117458489,1.034391535549,1.032836960033,1.031393471788
))) REPRESENTATION_ITEM('') SURFACE() );
#8386 = CARTESIAN_POINT('',(-2.765933595684,-18.84816275891,
    -0.829489014558));
#8387 = CARTESIAN_POINT('',(-2.766054006884,-18.84806910575,
    -0.828810218122));
#8388 = CARTESIAN_POINT('',(-2.76617438449,-18.84797547873,
    -0.828131611066));
#8389 = CARTESIAN_POINT('',(-2.766294730013,-18.84788187665,
    -0.827453184866));
#8390 = CARTESIAN_POINT('',(-2.766415044966,-18.84778829836,
    -0.826774931003));
#8391 = CARTESIAN_POINT('',(-2.766535330858,-18.84769474266,
    -0.826096840966));
#8392 = CARTESIAN_POINT('',(-2.766655589199,-18.8476012084,
    -0.825418906244));
#8393 = CARTESIAN_POINT('',(-2.766775821497,-18.84750769439,
    -0.824741118334));
#8394 = CARTESIAN_POINT('',(-2.76689602926,-18.84741419946,
    -0.824063468734));
#8395 = CARTESIAN_POINT('',(-2.767016213996,-18.84732072244,
    -0.823385948947));
#8396 = CARTESIAN_POINT('',(-2.767136377211,-18.84722726217,
    -0.822708550479));
#8397 = CARTESIAN_POINT('',(-2.767256520411,-18.84713381745,
    -0.822031264838));
#8398 = CARTESIAN_POINT('',(-2.767376645103,-18.84704038714,
    -0.821354083536));
#8399 = CARTESIAN_POINT('',(-2.767496752793,-18.84694697005,
    -0.820676998085));
#8400 = CARTESIAN_POINT('',(-2.772645093412,-18.84294270512,
    -0.791654155716));
#8401 = CARTESIAN_POINT('',(-2.786194458442,-18.8324043101,
    -0.760208545924));
#8402 = CARTESIAN_POINT('',(-2.809135503554,-18.81456127501,
    -0.730989041384));
#8403 = CARTESIAN_POINT('',(-2.846418805918,-18.78556315095,
    -0.712676942027));
#8404 = CARTESIAN_POINT('',(-2.844399180275,-18.78713397089,
    -0.713958210591));
#8405 = CARTESIAN_POINT('',(-2.891857653869,-18.75022182476,
    -0.673698342244));
#8406 = CARTESIAN_POINT('',(-2.880387730598,-18.7591428762,
    -0.699821121953));
#8407 = CARTESIAN_POINT('',(-2.918983729123,-18.72912376623,
    -0.660483264475));
#8408 = CARTESIAN_POINT('',(-2.920019413911,-18.72831823362,
    -0.674768159877));
#8409 = CARTESIAN_POINT('',(-2.940632763041,-18.71228562874,
    -0.65908449442));
#8410 = CARTESIAN_POINT('',(-2.951993110495,-18.70344980294,
    -0.658095946609));
#8411 = CARTESIAN_POINT('',(-2.965485544691,-18.69295568746,
    -0.653546135722));
#8412 = CARTESIAN_POINT('',(-2.978032962451,-18.68319658476,
    -0.650612795358));
#8413 = CARTESIAN_POINT('',(-2.990287487912,-18.67366528717,
    -0.648233498461));
#8414 = CARTESIAN_POINT('',(-2.800148720438,-18.82155099521,
    -0.832053743553));
#8415 = CARTESIAN_POINT('',(-2.800287467837,-18.82144308057,
    -0.831297789749));
#8416 = CARTESIAN_POINT('',(-2.800423973782,-18.82133690928,
    -0.830554048322));
#8417 = CARTESIAN_POINT('',(-2.800558238789,-18.82123248094,
    -0.829822516463));
#8418 = CARTESIAN_POINT('',(-2.800690263358,-18.82112979516,
    -0.829103191448));
#8419 = CARTESIAN_POINT('',(-2.800820047973,-18.82102885157,
    -0.828396070635));
#8420 = CARTESIAN_POINT('',(-2.800947593104,-18.8209296498,
    -0.827701151468));
#8421 = CARTESIAN_POINT('',(-2.801072899204,-18.8208321895,
    -0.827018431476));
#8422 = CARTESIAN_POINT('',(-2.801195966712,-18.82073647033,
    -0.826347908273));
#8423 = CARTESIAN_POINT('',(-2.801316796049,-18.82064249196,
    -0.825689579556));
#8424 = CARTESIAN_POINT('',(-2.801435387623,-18.82055025407,
    -0.825043443107));
#8425 = CARTESIAN_POINT('',(-2.801551741826,-18.82045975635,
    -0.824409496794));
#8426 = CARTESIAN_POINT('',(-2.801665859033,-18.82037099853,
    -0.823787738566));
#8427 = CARTESIAN_POINT('',(-2.801777739605,-18.8202839803,
    -0.823178166461));
#8428 = CARTESIAN_POINT('',(-2.806474312198,-18.81663109051,
    -0.797589276568));
#8429 = CARTESIAN_POINT('',(-2.818822671,-18.80702681144,-0.770183544656
    ));
#8430 = CARTESIAN_POINT('',(-2.839473892976,-18.7909647499,
    -0.744909994972));
#8431 = CARTESIAN_POINT('',(-2.872836075181,-18.76501638597,
    -0.729997082457));
#8432 = CARTESIAN_POINT('',(-2.868989355267,-18.76800827923,
    -0.729275338543));
#8433 = CARTESIAN_POINT('',(-2.913964566726,-18.73302755921,
    -0.695771930993));
#8434 = CARTESIAN_POINT('',(-2.900930577192,-18.74316510662,
    -0.717237705452));
#8435 = CARTESIAN_POINT('',(-2.937140790356,-18.7150016075,
    -0.683637109947));
#8436 = CARTESIAN_POINT('',(-2.937041763981,-18.71507862801,
    -0.695573680474));
#8437 = CARTESIAN_POINT('',(-2.955821791864,-18.70047193966,
    -0.681922508444));
#8438 = CARTESIAN_POINT('',(-2.96590138362,-18.69263225718,
    -0.680834582688));
#8439 = CARTESIAN_POINT('',(-2.978054769836,-18.68317962346,
    -0.676686927027));
#8440 = CARTESIAN_POINT('',(-2.989388531273,-18.67436447567,
    -0.673919110987));
#8441 = CARTESIAN_POINT('',(-3.000506267987,-18.66571734712,
    -0.671623589074));
#8442 = CARTESIAN_POINT('',(-2.818245797009,-18.77923088964,
    -0.834427377282));
#8443 = CARTESIAN_POINT('',(-2.818413252363,-18.77911747725,
    -0.833601130446));
#8444 = CARTESIAN_POINT('',(-2.818575985183,-18.77900726328,
    -0.832798185218));
#8445 = CARTESIAN_POINT('',(-2.818733995322,-18.77890024784,
    -0.832018542321));
#8446 = CARTESIAN_POINT('',(-2.818887282642,-18.77879643102,
    -0.831262202439));
#8447 = CARTESIAN_POINT('',(-2.819035847011,-18.77869581291,
    -0.830529166219));
#8448 = CARTESIAN_POINT('',(-2.819179688305,-18.7785983936,
    -0.829819434275));
#8449 = CARTESIAN_POINT('',(-2.819318806407,-18.77850417316,
    -0.829133007182));
#8450 = CARTESIAN_POINT('',(-2.819453201208,-18.77841315167,
    -0.828469885482));
#8451 = CARTESIAN_POINT('',(-2.819582872606,-18.77832532919,
    -0.827830069678));
#8452 = CARTESIAN_POINT('',(-2.819707820505,-18.7782407058,
    -0.827213560238));
#8453 = CARTESIAN_POINT('',(-2.819828044819,-18.77815928154,
    -0.826620357595));
#8454 = CARTESIAN_POINT('',(-2.819943545466,-18.77808105648,
    -0.826050462144));
#8455 = CARTESIAN_POINT('',(-2.820054322375,-18.77800603067,
    -0.825503874246));
#8456 = CARTESIAN_POINT('',(-2.824595323343,-18.77493054945,
    -0.803097975668));
#8457 = CARTESIAN_POINT('',(-2.836528739559,-18.76682669544,
    -0.779404068517));
#8458 = CARTESIAN_POINT('',(-2.856395654988,-18.75361598437,
    -0.757738053502));
#8459 = CARTESIAN_POINT('',(-2.888173179901,-18.73189775776,
    -0.746038359967));
#8460 = CARTESIAN_POINT('',(-2.884062378711,-18.73887196746,
    -0.744246609051));
#8461 = CARTESIAN_POINT('',(-2.926292320731,-18.70518596844,
    -0.716372553659));
#8462 = CARTESIAN_POINT('',(-2.913715169047,-18.7182662177,
    -0.734421226037));
#8463 = CARTESIAN_POINT('',(-2.947259125188,-18.69209416999,
    -0.705615090566));
#8464 = CARTESIAN_POINT('',(-2.946967498206,-18.69361708291,
    -0.715835338959));
#8465 = CARTESIAN_POINT('',(-2.964196139053,-18.68087996133,
    -0.703955990724));
#8466 = CARTESIAN_POINT('',(-2.973407149212,-18.67438050691,
    -0.702898830133));
#8467 = CARTESIAN_POINT('',(-2.984554022338,-18.66631084825,
    -0.699159392649));
#8468 = CARTESIAN_POINT('',(-2.994979408623,-18.65874451798,
    -0.69658812273));
#8469 = CARTESIAN_POINT('',(-3.005240053248,-18.65126663951,
    -0.694404291662));
#8470 = CARTESIAN_POINT('',(-2.814044787051,-18.73181470795,
    -0.83591629138));
#8471 = CARTESIAN_POINT('',(-2.814250590367,-18.73170514572,
    -0.835049962255));
#8472 = CARTESIAN_POINT('',(-2.814449250307,-18.73159938638,
    -0.834213703172));
#8473 = CARTESIAN_POINT('',(-2.814640766311,-18.7314974302,
    -0.833407516496));
#8474 = CARTESIAN_POINT('',(-2.814825137848,-18.73139927748,
    -0.832631404451));
#8475 = CARTESIAN_POINT('',(-2.815002364424,-18.73130492848,
    -0.831885369121));
#8476 = CARTESIAN_POINT('',(-2.815172445579,-18.73121438344,
    -0.831169412446));
#8477 = CARTESIAN_POINT('',(-2.815335380885,-18.73112764259,
    -0.830483536224));
#8478 = CARTESIAN_POINT('',(-2.815491169949,-18.73104470614,
    -0.82982774211));
#8479 = CARTESIAN_POINT('',(-2.815639812411,-18.73096557429,
    -0.82920203162));
#8480 = CARTESIAN_POINT('',(-2.815781307945,-18.73089024719,
    -0.828606406125));
#8481 = CARTESIAN_POINT('',(-2.815915656259,-18.73081872502,
    -0.828040866853));
#8482 = CARTESIAN_POINT('',(-2.816042857095,-18.73075100791,
    -0.827505414894));
#8483 = CARTESIAN_POINT('',(-2.816162910228,-18.73068709598,
    -0.827000051191));
#8484 = CARTESIAN_POINT('',(-2.820996611383,-18.72811380877,
    -0.806652584649));
#8485 = CARTESIAN_POINT('',(-2.833678794853,-18.72130886443,
    -0.785402737341));
#8486 = CARTESIAN_POINT('',(-2.854952945603,-18.71063189091,
    -0.766291754891));
#8487 = CARTESIAN_POINT('',(-2.888290916562,-18.69244309534,
    -0.757169154915));
#8488 = CARTESIAN_POINT('',(-2.886808980746,-18.70398048613,
    -0.75623922343));
#8489 = CARTESIAN_POINT('',(-2.925877155171,-18.67180874897,
    -0.73156777501));
#8490 = CARTESIAN_POINT('',(-2.916608118764,-18.68728635178,
    -0.748726438072));
#8491 = CARTESIAN_POINT('',(-2.947436585901,-18.66390669451,
    -0.722967944974));
#8492 = CARTESIAN_POINT('',(-2.948142464723,-18.666438617,
    -0.732676519089));
#8493 = CARTESIAN_POINT('',(-2.964399781854,-18.65591314065,
    -0.722186863203));
#8494 = CARTESIAN_POINT('',(-2.97333628017,-18.65074728372,
    -0.721446021437));
#8495 = CARTESIAN_POINT('',(-2.983998230996,-18.64416820538,
    -0.718203910111));
#8496 = CARTESIAN_POINT('',(-2.993977320856,-18.63794019248,
    -0.715961886378));
#8497 = CARTESIAN_POINT('',(-3.003798468859,-18.63172838261,
    -0.714021173991));
#8498 = CARTESIAN_POINT('',(-2.787940468354,-18.69188294344,
    -0.836081958723));
#8499 = CARTESIAN_POINT('',(-2.788178388874,-18.69177654844,
    -0.8352188424));
#8500 = CARTESIAN_POINT('',(-2.788407909779,-18.69167390963,
    -0.834386197785));
#8501 = CARTESIAN_POINT('',(-2.788629030856,-18.69157502712,
    -0.833584025652));
#8502 = CARTESIAN_POINT('',(-2.788841751904,-18.691479901,
    -0.832812326728));
#8503 = CARTESIAN_POINT('',(-2.789046072736,-18.69138853134,
    -0.832071101694));
#8504 = CARTESIAN_POINT('',(-2.789241993178,-18.69130091823,
    -0.831360351181));
#8505 = CARTESIAN_POINT('',(-2.789429513068,-18.69121706174,
    -0.830680075776));
#8506 = CARTESIAN_POINT('',(-2.789608632258,-18.69113696194,
    -0.830030276016));
#8507 = CARTESIAN_POINT('',(-2.789779350613,-18.69106061888,
    -0.829410952393));
#8508 = CARTESIAN_POINT('',(-2.789941668009,-18.69098803262,
    -0.828822105351));
#8509 = CARTESIAN_POINT('',(-2.790095584338,-18.69091920321,
    -0.828263735286));
#8510 = CARTESIAN_POINT('',(-2.790241099504,-18.6908541307,
    -0.827735842548));
#8511 = CARTESIAN_POINT('',(-2.790378213422,-18.69079281511,
    -0.827238427439));
#8512 = CARTESIAN_POINT('',(-2.795889452843,-18.68832825952,
    -0.807245024986));
#8513 = CARTESIAN_POINT('',(-2.81032170475,-18.68180324371,
    -0.786519284868));
#8514 = CARTESIAN_POINT('',(-2.834928494447,-18.67182336189,
    -0.768346623936));
#8515 = CARTESIAN_POINT('',(-2.872609026574,-18.65440520074,
    -0.76074142058));
#8516 = CARTESIAN_POINT('',(-2.876451064879,-18.6689120899,
    -0.763123425632));
#8517 = CARTESIAN_POINT('',(-2.912725553918,-18.6391358346,
    -0.738464003887));
#8518 = CARTESIAN_POINT('',(-2.908720543114,-18.65425204449,
    -0.757913107267));
#8519 = CARTESIAN_POINT('',(-2.93771073048,-18.63485841507,
    -0.733010933458));
#8520 = CARTESIAN_POINT('',(-2.940148741285,-18.63701917774,
    -0.743697911003));
#8521 = CARTESIAN_POINT('',(-2.95634229042,-18.62881485768,
    -0.734150152458));
#8522 = CARTESIAN_POINT('',(-2.965585774359,-18.62459368629,
    -0.734097327504));
#8523 = CARTESIAN_POINT('',(-2.976366626871,-18.61932333513,
    -0.731495276124));
#8524 = CARTESIAN_POINT('',(-2.986416841385,-18.61426221831,
    -0.729782997917));
#8525 = CARTESIAN_POINT('',(-2.996266731157,-18.60918197809,
    -0.728289190374));
#8526 = CARTESIAN_POINT('',(-2.747516651399,-18.66956583503,
    -0.834953449255));
#8527 = CARTESIAN_POINT('',(-2.747758354487,-18.66945404781,
    -0.834130606378));
#8528 = CARTESIAN_POINT('',(-2.747992737734,-18.669345646,
    -0.833332682828));
#8529 = CARTESIAN_POINT('',(-2.748219802093,-18.66924062916,
    -0.832559675367));
#8530 = CARTESIAN_POINT('',(-2.748439548463,-18.66913899687,
    -0.831811580927));
#8531 = CARTESIAN_POINT('',(-2.748651977696,-18.66904074875,
    -0.831088396614));
#8532 = CARTESIAN_POINT('',(-2.748857090591,-18.66894588443,
    -0.830390119707));
#8533 = CARTESIAN_POINT('',(-2.749054887896,-18.66885440354,
    -0.829716747656));
#8534 = CARTESIAN_POINT('',(-2.74924537031,-18.66876630579,
    -0.829068278085));
#8535 = CARTESIAN_POINT('',(-2.74942853848,-18.66868159085,
    -0.82844470879));
#8536 = CARTESIAN_POINT('',(-2.749604393002,-18.66860025847,
    -0.82784603774));
#8537 = CARTESIAN_POINT('',(-2.749772934423,-18.66852230838,
    -0.827272263076));
#8538 = CARTESIAN_POINT('',(-2.749934163238,-18.66844774035,
    -0.826723383112));
#8539 = CARTESIAN_POINT('',(-2.750088079891,-18.66837655419,
    -0.826199396334));
#8540 = CARTESIAN_POINT('',(-2.756367846379,-18.66547217401,
    -0.804820848056));
#8541 = CARTESIAN_POINT('',(-2.772796758478,-18.65780818217,
    -0.782625965014));
#8542 = CARTESIAN_POINT('',(-2.801321919125,-18.64585997282,
    -0.763600317321));
#8543 = CARTESIAN_POINT('',(-2.844238261732,-18.62549494656,
    -0.756108474575));
#8544 = CARTESIAN_POINT('',(-2.854863659804,-18.63917981205,
    -0.763490711817));
#8545 = CARTESIAN_POINT('',(-2.889768481006,-18.61324764964,
    -0.736387190877));
#8546 = CARTESIAN_POINT('',(-2.890809516103,-18.62374093136,
    -0.76024294006));
#8547 = CARTESIAN_POINT('',(-2.920114766363,-18.60936740656,
    -0.734649238574));
#8548 = CARTESIAN_POINT('',(-2.923960226834,-18.60931631487,
    -0.74732253607));
#8549 = CARTESIAN_POINT('',(-2.941280873114,-18.60312580561,
    -0.738421887309));
#8550 = CARTESIAN_POINT('',(-2.951194124927,-18.59917368075,
    -0.739348135364));
#8551 = CARTESIAN_POINT('',(-2.962654131923,-18.59473550002,
    -0.73753511696));
#8552 = CARTESIAN_POINT('',(-2.973232306721,-18.59041631372,
    -0.736556036101));
#8553 = CARTESIAN_POINT('',(-2.983530687281,-18.58610228825,
    -0.73572647394));
#8554 = CARTESIAN_POINT('',(-2.704181520757,-18.66945442149,
    -0.832927218141));
#8555 = CARTESIAN_POINT('',(-2.704396143254,-18.66933374221,
    -0.832165971242));
#8556 = CARTESIAN_POINT('',(-2.704606405965,-18.66921551438,
    -0.831420188118));
#8557 = CARTESIAN_POINT('',(-2.704812311826,-18.66909973635,
    -0.83068985835));
#8558 = CARTESIAN_POINT('',(-2.705013863667,-18.66898640652,
    -0.829974971906));
#8559 = CARTESIAN_POINT('',(-2.705211064205,-18.66887552337,
    -0.829275519144));
#8560 = CARTESIAN_POINT('',(-2.705403916051,-18.66876708543,
    -0.828591490808));
#8561 = CARTESIAN_POINT('',(-2.705592421704,-18.6686610913,
    -0.82792287803));
#8562 = CARTESIAN_POINT('',(-2.705776583556,-18.66855753962,
    -0.827269672328));
#8563 = CARTESIAN_POINT('',(-2.70595640389,-18.66845642912,
    -0.826631865608));
#8564 = CARTESIAN_POINT('',(-2.706131884877,-18.66835775858,
    -0.82600945016));
#8565 = CARTESIAN_POINT('',(-2.706303028584,-18.66826152682,
    -0.825402418662));
#8566 = CARTESIAN_POINT('',(-2.706469836966,-18.66816773277,
    -0.824810764174));
#8567 = CARTESIAN_POINT('',(-2.70663231187,-18.66807637536,
    -0.824234480146));
#8568 = CARTESIAN_POINT('',(-2.713411894077,-18.66426430955,
    -0.800187905348));
#8569 = CARTESIAN_POINT('',(-2.731172567999,-18.65423620973,
    -0.774970992849));
#8570 = CARTESIAN_POINT('',(-2.762530488292,-18.6378635553,
    -0.753470110572));
#8571 = CARTESIAN_POINT('',(-2.809508498251,-18.61120884817,
    -0.744585133555));
#8572 = CARTESIAN_POINT('',(-2.825606783453,-18.61949065421,
    -0.757186907531));
#8573 = CARTESIAN_POINT('',(-2.862223906638,-18.59826466383,
    -0.726474529704));
#8574 = CARTESIAN_POINT('',(-2.865103237825,-18.60038069107,
    -0.755221649743));
#8575 = CARTESIAN_POINT('',(-2.898053065038,-18.59080457935,
    -0.728189972314));
#8576 = CARTESIAN_POINT('',(-2.901807409245,-18.58715994275,
    -0.743187313761));
#8577 = CARTESIAN_POINT('',(-2.921497603789,-18.58205371301,
    -0.734737725536));
#8578 = CARTESIAN_POINT('',(-2.93213578035,-18.5776092803,
    -0.736774746402));
#8579 = CARTESIAN_POINT('',(-2.944671513204,-18.57328743794,
    -0.73583432213));
#8580 = CARTESIAN_POINT('',(-2.956081246354,-18.56909520383,
    -0.73572647394));
#8581 = CARTESIAN_POINT('',(-2.967117796414,-18.565,-0.73572647394));
#8582 = ADVANCED_FACE('',(#8583),#8589,.T.);
#8583 = FACE_BOUND('',#8584,.T.);
#8584 = EDGE_LOOP('',(#8585,#8586,#8587,#8588));
#8585 = ORIENTED_EDGE('',*,*,#4638,.T.);
#8586 = ORIENTED_EDGE('',*,*,#4563,.T.);
#8587 = ORIENTED_EDGE('',*,*,#8347,.F.);
#8588 = ORIENTED_EDGE('',*,*,#4090,.F.);
#8589 = ( BOUNDED_SURFACE() B_SPLINE_SURFACE(6,14,(
    (#8590,#8591,#8592,#8593,#8594,#8595,#8596,#8597,#8598,#8599,#8600
      ,#8601,#8602,#8603,#8604,#8605,#8606,#8607,#8608,#8609,#8610,#8611
      ,#8612,#8613,#8614,#8615,#8616,#8617)
    ,(#8618,#8619,#8620,#8621,#8622,#8623,#8624,#8625,#8626,#8627,#8628
      ,#8629,#8630,#8631,#8632,#8633,#8634,#8635,#8636,#8637,#8638,#8639
      ,#8640,#8641,#8642,#8643,#8644,#8645)
    ,(#8646,#8647,#8648,#8649,#8650,#8651,#8652,#8653,#8654,#8655,#8656
      ,#8657,#8658,#8659,#8660,#8661,#8662,#8663,#8664,#8665,#8666,#8667
      ,#8668,#8669,#8670,#8671,#8672,#8673)
    ,(#8674,#8675,#8676,#8677,#8678,#8679,#8680,#8681,#8682,#8683,#8684
      ,#8685,#8686,#8687,#8688,#8689,#8690,#8691,#8692,#8693,#8694,#8695
      ,#8696,#8697,#8698,#8699,#8700,#8701)
    ,(#8702,#8703,#8704,#8705,#8706,#8707,#8708,#8709,#8710,#8711,#8712
      ,#8713,#8714,#8715,#8716,#8717,#8718,#8719,#8720,#8721,#8722,#8723
      ,#8724,#8725,#8726,#8727,#8728,#8729)
    ,(#8730,#8731,#8732,#8733,#8734,#8735,#8736,#8737,#8738,#8739,#8740
      ,#8741,#8742,#8743,#8744,#8745,#8746,#8747,#8748,#8749,#8750,#8751
      ,#8752,#8753,#8754,#8755,#8756,#8757)
    ,(#8758,#8759,#8760,#8761,#8762,#8763,#8764,#8765,#8766,#8767,#8768
      ,#8769,#8770,#8771,#8772,#8773,#8774,#8775,#8776,#8777,#8778,#8779
      ,#8780,#8781,#8782,#8783,#8784,#8785
)),.UNSPECIFIED.,.F.,.F.,.F.) B_SPLINE_SURFACE_WITH_KNOTS((7,7),(15,13,
    15),(0.,0.11622751616),(-2.64124672804E-02,-2.36333131253E-02,
9.259420303443E-02),.UNSPECIFIED.) GEOMETRIC_REPRESENTATION_ITEM() 
RATIONAL_B_SPLINE_SURFACE((
    (1.079968737106,1.079998084267,1.08002291648,1.080043233745
      ,1.080059036063,1.080070323432,1.080077095854,1.080079353328
      ,1.080077095854,1.080070323432,1.080059036063,1.080043233745
      ,1.08002291648,1.079998084267,1.078741404101,1.075498017309
      ,1.069302611678,1.061043068844,1.050393181543,1.052558719056
      ,1.043545134721,1.043461015068,1.039976312954,1.037985096838
      ,1.03611745848,1.03439153555,1.032836960033,1.031393471788)
    ,(1.023802187066,1.023809873542,1.023816377484,1.023821698892
      ,1.023825837764,1.023828794101,1.023830567903,1.023831159171
      ,1.023830567903,1.023828794101,1.023825837764,1.023821698892
      ,1.023816377484,1.023809873542,1.023480729504,1.022631407808
      ,1.020983989367,1.018832251384,1.01575420004,1.016146046072
      ,1.013894203706,1.013498871683,1.012704727619,1.011992482867
      ,1.011468727412,1.010937896108,1.01046615406,1.010025407661)
    ,(0.994940083098,0.994938414685,0.99493700295,0.994935847895
      ,0.994934949518,0.994934307821,0.994933922802,0.994933794463
      ,0.994933922802,0.994934307821,0.994934949518,0.994935847895
      ,0.99493700295,0.994938414685,0.995009858125,0.995194168085
      ,0.995553166463,0.996016751416,0.996707140382,0.99659397748
      ,0.997106281923,0.997174916899,0.997353799706,0.997503906573
      ,0.997616755936,0.997730144943,0.997830794548,0.997924642725)
    ,(0.985311689403,0.985306645421,0.985302377436,0.985298885449
      ,0.985296169458,0.985294229465,0.985293065469,0.985292677471
      ,0.985293065469,0.985294229465,0.985296169458,0.985298885449
      ,0.985302377436,0.985306645421,0.9855226347,0.986080101457
      ,0.987149595516,0.988571215165,0.990447451243,0.99016553424
      ,0.991649541409,0.991792200143,0.992348832569,0.992750140739
      ,0.9930818838,0.993402891366,0.993690419739,0.993958444137)
    ,(0.994940083098,0.994938414685,0.99493700295,0.994935847895
      ,0.994934949518,0.994934307821,0.994933922802,0.994933794463
      ,0.994933922802,0.994934307821,0.994934949518,0.994935847895
      ,0.99493700295,0.994938414685,0.995009858125,0.995194168085
      ,0.995553166464,0.996016751414,0.996707140385,0.996593977476
      ,0.997106281928,0.997174916895,0.99735379971,0.997503906571
      ,0.997616755937,0.997730144942,0.997830794548,0.997924642725)
    ,(1.023802187066,1.023809873542,1.023816377484,1.023821698892
      ,1.023825837764,1.023828794101,1.023830567903,1.023831159171
      ,1.023830567903,1.023828794101,1.023825837764,1.023821698892
      ,1.023816377484,1.023809873542,1.023480729504,1.022631407808
      ,1.020983989368,1.018832251383,1.015754200042,1.01614604607
      ,1.013894203709,1.013498871681,1.01270472762,1.011992482866
      ,1.011468727412,1.010937896108,1.01046615406,1.010025407661)
    ,(1.079968737106,1.079998084267,1.08002291648,1.080043233745
      ,1.080059036063,1.080070323432,1.080077095854,1.080079353328
      ,1.080077095854,1.080070323432,1.080059036063,1.080043233745
      ,1.08002291648,1.079998084267,1.078741404101,1.075498017309
      ,1.069302611678,1.061043068844,1.050393181543,1.052558719056
      ,1.043545134721,1.043461015068,1.039976312954,1.037985096838
      ,1.03611745848,1.03439153555,1.032836960033,1.031393471788
))) REPRESENTATION_ITEM('') SURFACE() );
#8590 = CARTESIAN_POINT('',(2.765933595684,-18.84816275891,
    -0.829489014558));
#8591 = CARTESIAN_POINT('',(2.766054006884,-18.84806910575,
    -0.828810218122));
#8592 = CARTESIAN_POINT('',(2.76617438449,-18.84797547873,
    -0.828131611066));
#8593 = CARTESIAN_POINT('',(2.766294730013,-18.84788187665,
    -0.827453184866));
#8594 = CARTESIAN_POINT('',(2.766415044966,-18.84778829836,
    -0.826774931003));
#8595 = CARTESIAN_POINT('',(2.766535330858,-18.84769474266,
    -0.826096840966));
#8596 = CARTESIAN_POINT('',(2.766655589199,-18.8476012084,
    -0.825418906244));
#8597 = CARTESIAN_POINT('',(2.766775821497,-18.84750769439,
    -0.824741118334));
#8598 = CARTESIAN_POINT('',(2.76689602926,-18.84741419946,
    -0.824063468734));
#8599 = CARTESIAN_POINT('',(2.767016213996,-18.84732072244,
    -0.823385948947));
#8600 = CARTESIAN_POINT('',(2.767136377211,-18.84722726217,
    -0.822708550479));
#8601 = CARTESIAN_POINT('',(2.767256520411,-18.84713381745,
    -0.822031264838));
#8602 = CARTESIAN_POINT('',(2.767376645103,-18.84704038714,
    -0.821354083536));
#8603 = CARTESIAN_POINT('',(2.767496752793,-18.84694697005,
    -0.820676998085));
#8604 = CARTESIAN_POINT('',(2.772645093412,-18.84294270512,
    -0.791654155716));
#8605 = CARTESIAN_POINT('',(2.786194458441,-18.8324043101,
    -0.760208545917));
#8606 = CARTESIAN_POINT('',(2.809135503566,-18.814561275,-0.73098904144)
  );
#8607 = CARTESIAN_POINT('',(2.846418805863,-18.78556315099,
    -0.712676941793));
#8608 = CARTESIAN_POINT('',(2.8443991804,-18.7871339708,-0.713958211128)
  );
#8609 = CARTESIAN_POINT('',(2.891857653681,-18.75022182491,
    -0.673698341482));
#8610 = CARTESIAN_POINT('',(2.880387730785,-18.75914287605,
    -0.699821122733));
#8611 = CARTESIAN_POINT('',(2.918983728982,-18.72912376634,
    -0.660483263905));
#8612 = CARTESIAN_POINT('',(2.920019413987,-18.72831823356,
    -0.674768160185));
#8613 = CARTESIAN_POINT('',(2.940632763012,-18.71228562876,
    -0.659084494303));
#8614 = CARTESIAN_POINT('',(2.951993110503,-18.70344980294,
    -0.658095946638));
#8615 = CARTESIAN_POINT('',(2.96548554469,-18.69295568746,
    -0.653546135718));
#8616 = CARTESIAN_POINT('',(2.978032962451,-18.68319658476,
    -0.650612795358));
#8617 = CARTESIAN_POINT('',(2.990287487912,-18.67366528717,
    -0.648233498461));
#8618 = CARTESIAN_POINT('',(2.800148720438,-18.82155099521,
    -0.832053743553));
#8619 = CARTESIAN_POINT('',(2.800287467837,-18.82144308057,
    -0.831297789749));
#8620 = CARTESIAN_POINT('',(2.800423973782,-18.82133690928,
    -0.830554048322));
#8621 = CARTESIAN_POINT('',(2.800558238789,-18.82123248094,
    -0.829822516463));
#8622 = CARTESIAN_POINT('',(2.800690263358,-18.82112979516,
    -0.829103191448));
#8623 = CARTESIAN_POINT('',(2.800820047973,-18.82102885157,
    -0.828396070635));
#8624 = CARTESIAN_POINT('',(2.800947593104,-18.8209296498,
    -0.827701151468));
#8625 = CARTESIAN_POINT('',(2.801072899204,-18.8208321895,
    -0.827018431476));
#8626 = CARTESIAN_POINT('',(2.801195966712,-18.82073647033,
    -0.826347908273));
#8627 = CARTESIAN_POINT('',(2.801316796049,-18.82064249196,
    -0.825689579556));
#8628 = CARTESIAN_POINT('',(2.801435387623,-18.82055025407,
    -0.825043443107));
#8629 = CARTESIAN_POINT('',(2.801551741826,-18.82045975635,
    -0.824409496794));
#8630 = CARTESIAN_POINT('',(2.801665859033,-18.82037099853,
    -0.823787738566));
#8631 = CARTESIAN_POINT('',(2.801777739605,-18.8202839803,
    -0.823178166461));
#8632 = CARTESIAN_POINT('',(2.806474312198,-18.81663109051,
    -0.797589276568));
#8633 = CARTESIAN_POINT('',(2.818822670998,-18.80702681144,
    -0.770183544649));
#8634 = CARTESIAN_POINT('',(2.839473892986,-18.79096474989,
    -0.744909995019));
#8635 = CARTESIAN_POINT('',(2.872836075135,-18.765016386,-0.72999708226)
  );
#8636 = CARTESIAN_POINT('',(2.868989355372,-18.76800827915,
    -0.729275338993));
#8637 = CARTESIAN_POINT('',(2.913964566571,-18.73302755933,
    -0.695771930348));
#8638 = CARTESIAN_POINT('',(2.900930577347,-18.7431651065,
    -0.717237706106));
#8639 = CARTESIAN_POINT('',(2.937140790241,-18.71500160759,
    -0.683637109466));
#8640 = CARTESIAN_POINT('',(2.937041764043,-18.71507862796,
    -0.695573680733));
#8641 = CARTESIAN_POINT('',(2.95582179184,-18.70047193968,
    -0.681922508346));
#8642 = CARTESIAN_POINT('',(2.965901383626,-18.69263225717,
    -0.680834582713));
#8643 = CARTESIAN_POINT('',(2.978054769835,-18.68317962346,
    -0.676686927024));
#8644 = CARTESIAN_POINT('',(2.989388531273,-18.67436447567,
    -0.673919110987));
#8645 = CARTESIAN_POINT('',(3.000506267987,-18.66571734712,
    -0.671623589074));
#8646 = CARTESIAN_POINT('',(2.818245797009,-18.77923088964,
    -0.834427377282));
#8647 = CARTESIAN_POINT('',(2.818413252363,-18.77911747725,
    -0.833601130446));
#8648 = CARTESIAN_POINT('',(2.818575985183,-18.77900726328,
    -0.832798185218));
#8649 = CARTESIAN_POINT('',(2.818733995322,-18.77890024784,
    -0.832018542321));
#8650 = CARTESIAN_POINT('',(2.818887282642,-18.77879643102,
    -0.831262202439));
#8651 = CARTESIAN_POINT('',(2.819035847011,-18.77869581291,
    -0.830529166219));
#8652 = CARTESIAN_POINT('',(2.819179688305,-18.7785983936,
    -0.829819434275));
#8653 = CARTESIAN_POINT('',(2.819318806407,-18.77850417316,
    -0.829133007182));
#8654 = CARTESIAN_POINT('',(2.819453201208,-18.77841315167,
    -0.828469885482));
#8655 = CARTESIAN_POINT('',(2.819582872606,-18.77832532919,
    -0.827830069678));
#8656 = CARTESIAN_POINT('',(2.819707820505,-18.7782407058,
    -0.827213560238));
#8657 = CARTESIAN_POINT('',(2.819828044819,-18.77815928154,
    -0.826620357595));
#8658 = CARTESIAN_POINT('',(2.819943545466,-18.77808105648,
    -0.826050462144));
#8659 = CARTESIAN_POINT('',(2.820054322375,-18.77800603067,
    -0.825503874246));
#8660 = CARTESIAN_POINT('',(2.824595323343,-18.77493054945,
    -0.803097975667));
#8661 = CARTESIAN_POINT('',(2.836528739557,-18.76682669544,
    -0.779404068513));
#8662 = CARTESIAN_POINT('',(2.856395655002,-18.75361598436,
    -0.757738053534));
#8663 = CARTESIAN_POINT('',(2.88817317984,-18.73189775778,
    -0.746038359834));
#8664 = CARTESIAN_POINT('',(2.884062378849,-18.73887196741,
    -0.744246609353));
#8665 = CARTESIAN_POINT('',(2.926292320534,-18.70518596853,
    -0.716372553226));
#8666 = CARTESIAN_POINT('',(2.913715169245,-18.71826621762,
    -0.734421226473));
#8667 = CARTESIAN_POINT('',(2.947259125044,-18.69209417006,
    -0.705615090245));
#8668 = CARTESIAN_POINT('',(2.946967498283,-18.69361708288,
    -0.715835339131));
#8669 = CARTESIAN_POINT('',(2.964196139024,-18.68087996134,
    -0.703955990659));
#8670 = CARTESIAN_POINT('',(2.97340714922,-18.67438050691,
    -0.702898830149));
#8671 = CARTESIAN_POINT('',(2.984554022337,-18.66631084825,
    -0.699159392647));
#8672 = CARTESIAN_POINT('',(2.994979408623,-18.65874451798,
    -0.69658812273));
#8673 = CARTESIAN_POINT('',(3.005240053248,-18.65126663951,
    -0.694404291662));
#8674 = CARTESIAN_POINT('',(2.814044787051,-18.73181470795,
    -0.83591629138));
#8675 = CARTESIAN_POINT('',(2.814250590367,-18.73170514572,
    -0.835049962256));
#8676 = CARTESIAN_POINT('',(2.814449250307,-18.73159938638,
    -0.834213703172));
#8677 = CARTESIAN_POINT('',(2.814640766311,-18.7314974302,
    -0.833407516496));
#8678 = CARTESIAN_POINT('',(2.814825137848,-18.73139927748,
    -0.832631404451));
#8679 = CARTESIAN_POINT('',(2.815002364424,-18.73130492848,
    -0.831885369121));
#8680 = CARTESIAN_POINT('',(2.815172445579,-18.73121438344,
    -0.831169412446));
#8681 = CARTESIAN_POINT('',(2.815335380885,-18.73112764259,
    -0.830483536224));
#8682 = CARTESIAN_POINT('',(2.815491169949,-18.73104470614,
    -0.829827742111));
#8683 = CARTESIAN_POINT('',(2.815639812411,-18.73096557429,
    -0.82920203162));
#8684 = CARTESIAN_POINT('',(2.815781307945,-18.73089024719,
    -0.828606406125));
#8685 = CARTESIAN_POINT('',(2.815915656259,-18.73081872502,
    -0.828040866853));
#8686 = CARTESIAN_POINT('',(2.816042857095,-18.73075100791,
    -0.827505414894));
#8687 = CARTESIAN_POINT('',(2.816162910228,-18.73068709598,
    -0.827000051191));
#8688 = CARTESIAN_POINT('',(2.820996611383,-18.72811380877,
    -0.806652584649));
#8689 = CARTESIAN_POINT('',(2.83367879485,-18.72130886443,
    -0.785402737339));
#8690 = CARTESIAN_POINT('',(2.854952945628,-18.7106318909,
    -0.766291754905));
#8691 = CARTESIAN_POINT('',(2.888290916462,-18.69244309535,
    -0.757169154857));
#8692 = CARTESIAN_POINT('',(2.88680898097,-18.70398048609,
    -0.756239223558));
#8693 = CARTESIAN_POINT('',(2.925877154857,-18.67180874904,
    -0.73156777483));
#8694 = CARTESIAN_POINT('',(2.916608119075,-18.68728635171,
    -0.748726438249));
#8695 = CARTESIAN_POINT('',(2.947436585677,-18.66390669456,
    -0.722967944845));
#8696 = CARTESIAN_POINT('',(2.948142464842,-18.66643861697,
    -0.732676519157));
#8697 = CARTESIAN_POINT('',(2.96439978181,-18.65591314066,
    -0.722186863177));
#8698 = CARTESIAN_POINT('',(2.973336280181,-18.65074728372,
    -0.721446021443));
#8699 = CARTESIAN_POINT('',(2.983998230994,-18.64416820538,
    -0.718203910111));
#8700 = CARTESIAN_POINT('',(2.993977320856,-18.63794019248,
    -0.715961886378));
#8701 = CARTESIAN_POINT('',(3.003798468859,-18.63172838261,
    -0.714021173991));
#8702 = CARTESIAN_POINT('',(2.787940468354,-18.69188294344,
    -0.836081958724));
#8703 = CARTESIAN_POINT('',(2.788178388874,-18.69177654844,-0.8352188424
    ));
#8704 = CARTESIAN_POINT('',(2.788407909779,-18.69167390963,
    -0.834386197785));
#8705 = CARTESIAN_POINT('',(2.788629030856,-18.69157502712,
    -0.833584025652));
#8706 = CARTESIAN_POINT('',(2.788841751904,-18.691479901,-0.832812326728
    ));
#8707 = CARTESIAN_POINT('',(2.789046072736,-18.69138853134,
    -0.832071101694));
#8708 = CARTESIAN_POINT('',(2.789241993178,-18.69130091823,
    -0.831360351181));
#8709 = CARTESIAN_POINT('',(2.789429513068,-18.69121706174,
    -0.830680075776));
#8710 = CARTESIAN_POINT('',(2.789608632258,-18.69113696194,
    -0.830030276016));
#8711 = CARTESIAN_POINT('',(2.789779350613,-18.69106061888,
    -0.829410952393));
#8712 = CARTESIAN_POINT('',(2.789941668009,-18.69098803262,
    -0.828822105351));
#8713 = CARTESIAN_POINT('',(2.790095584338,-18.69091920321,
    -0.828263735286));
#8714 = CARTESIAN_POINT('',(2.790241099504,-18.6908541307,
    -0.827735842548));
#8715 = CARTESIAN_POINT('',(2.790378213422,-18.69079281511,
    -0.827238427439));
#8716 = CARTESIAN_POINT('',(2.795889452843,-18.68832825952,
    -0.807245024986));
#8717 = CARTESIAN_POINT('',(2.810321704745,-18.68180324371,
    -0.786519284868));
#8718 = CARTESIAN_POINT('',(2.834928494486,-18.67182336189,
    -0.768346623934));
#8719 = CARTESIAN_POINT('',(2.872609026418,-18.65440520076,
    -0.760741420592));
#8720 = CARTESIAN_POINT('',(2.876451065225,-18.66891208984,-0.7631234256
    ));
#8721 = CARTESIAN_POINT('',(2.912725553434,-18.63913583469,
    -0.738464003942));
#8722 = CARTESIAN_POINT('',(2.908720543589,-18.6542520444,
    -0.757913107203));
#8723 = CARTESIAN_POINT('',(2.937710730138,-18.63485841514,
    -0.733010933509));
#8724 = CARTESIAN_POINT('',(2.940148741465,-18.6370191777,
    -0.743697910974));
#8725 = CARTESIAN_POINT('',(2.956342290353,-18.6288148577,-0.73415015247
    ));
#8726 = CARTESIAN_POINT('',(2.965585774376,-18.62459368629,
    -0.734097327501));
#8727 = CARTESIAN_POINT('',(2.976366626869,-18.61932333513,
    -0.731495276124));
#8728 = CARTESIAN_POINT('',(2.986416841385,-18.61426221831,
    -0.729782997917));
#8729 = CARTESIAN_POINT('',(2.996266731157,-18.60918197809,
    -0.728289190374));
#8730 = CARTESIAN_POINT('',(2.747516651399,-18.66956583503,
    -0.834953449256));
#8731 = CARTESIAN_POINT('',(2.747758354487,-18.66945404781,
    -0.834130606378));
#8732 = CARTESIAN_POINT('',(2.747992737734,-18.669345646,-0.833332682828
    ));
#8733 = CARTESIAN_POINT('',(2.748219802092,-18.66924062916,
    -0.832559675367));
#8734 = CARTESIAN_POINT('',(2.748439548463,-18.66913899687,
    -0.831811580927));
#8735 = CARTESIAN_POINT('',(2.748651977696,-18.66904074875,
    -0.831088396614));
#8736 = CARTESIAN_POINT('',(2.748857090591,-18.66894588443,
    -0.830390119707));
#8737 = CARTESIAN_POINT('',(2.749054887896,-18.66885440354,
    -0.829716747656));
#8738 = CARTESIAN_POINT('',(2.74924537031,-18.66876630579,
    -0.829068278085));
#8739 = CARTESIAN_POINT('',(2.74942853848,-18.66868159085,-0.82844470879
    ));
#8740 = CARTESIAN_POINT('',(2.749604393002,-18.66860025847,
    -0.82784603774));
#8741 = CARTESIAN_POINT('',(2.749772934423,-18.66852230838,
    -0.827272263076));
#8742 = CARTESIAN_POINT('',(2.749934163238,-18.66844774035,
    -0.826723383112));
#8743 = CARTESIAN_POINT('',(2.750088079891,-18.66837655419,
    -0.826199396334));
#8744 = CARTESIAN_POINT('',(2.756367846379,-18.66547217402,
    -0.804820848057));
#8745 = CARTESIAN_POINT('',(2.772796758471,-18.65780818217,
    -0.782625965016));
#8746 = CARTESIAN_POINT('',(2.801321919178,-18.64585997281,
    -0.763600317309));
#8747 = CARTESIAN_POINT('',(2.844238261519,-18.62549494661,
    -0.756108474633));
#8748 = CARTESIAN_POINT('',(2.854863660275,-18.63917981194,
    -0.763490711673));
#8749 = CARTESIAN_POINT('',(2.889768480351,-18.61324764981,
    -0.736387191099));
#8750 = CARTESIAN_POINT('',(2.890809516744,-18.62374093118,
    -0.760242939826));
#8751 = CARTESIAN_POINT('',(2.920114765902,-18.6093674067,
    -0.734649238754));
#8752 = CARTESIAN_POINT('',(2.923960227076,-18.60931631479,
    -0.74732253597));
#8753 = CARTESIAN_POINT('',(2.941280873023,-18.60312580564,
    -0.738421887348));
#8754 = CARTESIAN_POINT('',(2.95119412495,-18.59917368074,
    -0.739348135354));
#8755 = CARTESIAN_POINT('',(2.96265413192,-18.59473550002,
    -0.737535116961));
#8756 = CARTESIAN_POINT('',(2.973232306721,-18.59041631372,
    -0.736556036101));
#8757 = CARTESIAN_POINT('',(2.983530687281,-18.58610228825,
    -0.73572647394));
#8758 = CARTESIAN_POINT('',(2.704181520757,-18.66945442149,
    -0.832927218141));
#8759 = CARTESIAN_POINT('',(2.704396143254,-18.66933374221,
    -0.832165971242));
#8760 = CARTESIAN_POINT('',(2.704606405965,-18.66921551438,
    -0.831420188118));
#8761 = CARTESIAN_POINT('',(2.704812311826,-18.66909973635,
    -0.83068985835));
#8762 = CARTESIAN_POINT('',(2.705013863667,-18.66898640652,
    -0.829974971906));
#8763 = CARTESIAN_POINT('',(2.705211064205,-18.66887552337,
    -0.829275519144));
#8764 = CARTESIAN_POINT('',(2.705403916051,-18.66876708543,
    -0.828591490808));
#8765 = CARTESIAN_POINT('',(2.705592421704,-18.6686610913,-0.82792287803
    ));
#8766 = CARTESIAN_POINT('',(2.705776583556,-18.66855753962,
    -0.827269672329));
#8767 = CARTESIAN_POINT('',(2.70595640389,-18.66845642912,
    -0.826631865608));
#8768 = CARTESIAN_POINT('',(2.706131884877,-18.66835775858,
    -0.826009450161));
#8769 = CARTESIAN_POINT('',(2.706303028584,-18.66826152682,
    -0.825402418662));
#8770 = CARTESIAN_POINT('',(2.706469836966,-18.66816773277,
    -0.824810764175));
#8771 = CARTESIAN_POINT('',(2.70663231187,-18.66807637536,
    -0.824234480147));
#8772 = CARTESIAN_POINT('',(2.713411894076,-18.66426430955,
    -0.800187905348));
#8773 = CARTESIAN_POINT('',(2.731172567991,-18.65423620973,
    -0.774970992852));
#8774 = CARTESIAN_POINT('',(2.762530488354,-18.63786355527,
    -0.753470110555));
#8775 = CARTESIAN_POINT('',(2.809508497999,-18.61120884826,
    -0.744585133631));
#8776 = CARTESIAN_POINT('',(2.825606784011,-18.619490654,-0.757186907344
    ));
#8777 = CARTESIAN_POINT('',(2.862223905865,-18.59826466414,
    -0.726474529995));
#8778 = CARTESIAN_POINT('',(2.865103238584,-18.60038069075,
    -0.755221649438));
#8779 = CARTESIAN_POINT('',(2.898053064492,-18.59080457959,
    -0.728189972551));
#8780 = CARTESIAN_POINT('',(2.901807409531,-18.58715994262,
    -0.743187313631));
#8781 = CARTESIAN_POINT('',(2.921497603682,-18.58205371306,
    -0.734737725587));
#8782 = CARTESIAN_POINT('',(2.932135780376,-18.57760928029,
    -0.736774746389));
#8783 = CARTESIAN_POINT('',(2.944671513201,-18.57328743794,
    -0.735834322132));
#8784 = CARTESIAN_POINT('',(2.956081246354,-18.56909520383,
    -0.73572647394));
#8785 = CARTESIAN_POINT('',(2.967117796414,-18.565,-0.73572647394));
#8786 = ADVANCED_FACE('',(#8787),#8798,.F.);
#8787 = FACE_BOUND('',#8788,.T.);
#8788 = EDGE_LOOP('',(#8789,#8790,#8791,#8792));
#8789 = ORIENTED_EDGE('',*,*,#6790,.F.);
#8790 = ORIENTED_EDGE('',*,*,#4177,.T.);
#8791 = ORIENTED_EDGE('',*,*,#8182,.T.);
#8792 = ORIENTED_EDGE('',*,*,#8793,.F.);
#8793 = EDGE_CURVE('',#6783,#8175,#8794,.T.);
#8794 = LINE('',#8795,#8796);
#8795 = CARTESIAN_POINT('',(-3.713341883546,17.492173568042,-0.92));
#8796 = VECTOR('',#8797,1.);
#8797 = DIRECTION('',(0.,0.,-1.));
#8798 = CYLINDRICAL_SURFACE('',#8799,0.22);
#8799 = AXIS2_PLACEMENT_3D('',#8800,#8801,#8802);
#8800 = CARTESIAN_POINT('',(-3.82,17.684589903613,-0.92));
#8801 = DIRECTION('',(0.,0.,1.));
#8802 = DIRECTION('',(1.,0.,0.));
#8803 = ADVANCED_FACE('',(#8804),#8815,.T.);
#8804 = FACE_BOUND('',#8805,.F.);
#8805 = EDGE_LOOP('',(#8806,#8807,#8808,#8814));
#8806 = ORIENTED_EDGE('',*,*,#4384,.T.);
#8807 = ORIENTED_EDGE('',*,*,#4267,.T.);
#8808 = ORIENTED_EDGE('',*,*,#8809,.F.);
#8809 = EDGE_CURVE('',#4492,#4268,#8810,.T.);
#8810 = LINE('',#8811,#8812);
#8811 = CARTESIAN_POINT('',(10.16,-4.5025,-1.24));
#8812 = VECTOR('',#8813,1.);
#8813 = DIRECTION('',(0.,0.,-1.));
#8814 = ORIENTED_EDGE('',*,*,#4499,.F.);
#8815 = CYLINDRICAL_SURFACE('',#8816,0.1);
#8816 = AXIS2_PLACEMENT_3D('',#8817,#8818,#8819);
#8817 = CARTESIAN_POINT('',(10.16,-4.4025,-1.24));
#8818 = DIRECTION('',(0.,0.,1.));
#8819 = DIRECTION('',(1.,0.,0.));
#8820 = ADVANCED_FACE('',(#8821),#8827,.T.);
#8821 = FACE_BOUND('',#8822,.F.);
#8822 = EDGE_LOOP('',(#8823,#8824,#8825,#8826));
#8823 = ORIENTED_EDGE('',*,*,#4889,.T.);
#8824 = ORIENTED_EDGE('',*,*,#4318,.T.);
#8825 = ORIENTED_EDGE('',*,*,#4400,.F.);
#8826 = ORIENTED_EDGE('',*,*,#4518,.F.);
#8827 = CYLINDRICAL_SURFACE('',#8828,0.1);
#8828 = AXIS2_PLACEMENT_3D('',#8829,#8830,#8831);
#8829 = CARTESIAN_POINT('',(10.16,3.7975,-1.24));
#8830 = DIRECTION('',(0.,0.,1.));
#8831 = DIRECTION('',(1.,0.,0.));
#8832 = ADVANCED_FACE('',(#8833),#8844,.F.);
#8833 = FACE_BOUND('',#8834,.F.);
#8834 = EDGE_LOOP('',(#8835,#8836,#8837,#8843));
#8835 = ORIENTED_EDGE('',*,*,#8809,.T.);
#8836 = ORIENTED_EDGE('',*,*,#4276,.T.);
#8837 = ORIENTED_EDGE('',*,*,#8838,.F.);
#8838 = EDGE_CURVE('',#4483,#4277,#8839,.T.);
#8839 = LINE('',#8840,#8841);
#8840 = CARTESIAN_POINT('',(6.78,-4.5025,-1.24));
#8841 = VECTOR('',#8842,1.);
#8842 = DIRECTION('',(0.,0.,-1.));
#8843 = ORIENTED_EDGE('',*,*,#4491,.F.);
#8844 = PLANE('',#8845);
#8845 = AXIS2_PLACEMENT_3D('',#8846,#8847,#8848);
#8846 = CARTESIAN_POINT('',(10.16,-4.5025,-1.24));
#8847 = DIRECTION('',(0.,1.,0.));
#8848 = DIRECTION('',(-1.,0.,0.));
#8849 = ADVANCED_FACE('',(#8850),#8856,.T.);
#8850 = FACE_BOUND('',#8851,.F.);
#8851 = EDGE_LOOP('',(#8852,#8853,#8854,#8855));
#8852 = ORIENTED_EDGE('',*,*,#8838,.T.);
#8853 = ORIENTED_EDGE('',*,*,#4284,.T.);
#8854 = ORIENTED_EDGE('',*,*,#4847,.F.);
#8855 = ORIENTED_EDGE('',*,*,#4482,.F.);
#8856 = CYLINDRICAL_SURFACE('',#8857,0.1);
#8857 = AXIS2_PLACEMENT_3D('',#8858,#8859,#8860);
#8858 = CARTESIAN_POINT('',(6.78,-4.4025,-1.24));
#8859 = DIRECTION('',(0.,0.,1.));
#8860 = DIRECTION('',(1.,0.,0.));
#8861 = ADVANCED_FACE('',(#8862),#8887,.F.);
#8862 = FACE_BOUND('',#8863,.F.);
#8863 = EDGE_LOOP('',(#8864,#8872,#8880,#8886));
#8864 = ORIENTED_EDGE('',*,*,#8865,.T.);
#8865 = EDGE_CURVE('',#4337,#8866,#8868,.T.);
#8866 = VERTEX_POINT('',#8867);
#8867 = CARTESIAN_POINT('',(7.77,-4.2025,-2.16));
#8868 = LINE('',#8869,#8870);
#8869 = CARTESIAN_POINT('',(7.77,-4.2025,-1.76));
#8870 = VECTOR('',#8871,1.);
#8871 = DIRECTION('',(0.,0.,-1.));
#8872 = ORIENTED_EDGE('',*,*,#8873,.T.);
#8873 = EDGE_CURVE('',#8866,#8874,#8876,.T.);
#8874 = VERTEX_POINT('',#8875);
#8875 = CARTESIAN_POINT('',(7.77,3.5975,-2.16));
#8876 = LINE('',#8877,#8878);
#8877 = CARTESIAN_POINT('',(7.77,-4.2025,-2.16));
#8878 = VECTOR('',#8879,1.);
#8879 = DIRECTION('',(0.,1.,0.));
#8880 = ORIENTED_EDGE('',*,*,#8881,.F.);
#8881 = EDGE_CURVE('',#4339,#8874,#8882,.T.);
#8882 = LINE('',#8883,#8884);
#8883 = CARTESIAN_POINT('',(7.77,3.5975,-1.76));
#8884 = VECTOR('',#8885,1.);
#8885 = DIRECTION('',(0.,0.,-1.));
#8886 = ORIENTED_EDGE('',*,*,#4336,.F.);
#8887 = PLANE('',#8888);
#8888 = AXIS2_PLACEMENT_3D('',#8889,#8890,#8891);
#8889 = CARTESIAN_POINT('',(7.77,-4.2025,-1.76));
#8890 = DIRECTION('',(1.,0.,0.));
#8891 = DIRECTION('',(0.,1.,0.));
#8892 = ADVANCED_FACE('',(#8893),#8911,.F.);
#8893 = FACE_BOUND('',#8894,.F.);
#8894 = EDGE_LOOP('',(#8895,#8896,#8904,#8910));
#8895 = ORIENTED_EDGE('',*,*,#8881,.T.);
#8896 = ORIENTED_EDGE('',*,*,#8897,.T.);
#8897 = EDGE_CURVE('',#8874,#8898,#8900,.T.);
#8898 = VERTEX_POINT('',#8899);
#8899 = CARTESIAN_POINT('',(9.17,3.5975,-2.16));
#8900 = LINE('',#8901,#8902);
#8901 = CARTESIAN_POINT('',(7.77,3.5975,-2.16));
#8902 = VECTOR('',#8903,1.);
#8903 = DIRECTION('',(1.,0.,0.));
#8904 = ORIENTED_EDGE('',*,*,#8905,.F.);
#8905 = EDGE_CURVE('',#4355,#8898,#8906,.T.);
#8906 = LINE('',#8907,#8908);
#8907 = CARTESIAN_POINT('',(9.17,3.5975,-1.76));
#8908 = VECTOR('',#8909,1.);
#8909 = DIRECTION('',(0.,0.,-1.));
#8910 = ORIENTED_EDGE('',*,*,#4362,.F.);
#8911 = PLANE('',#8912);
#8912 = AXIS2_PLACEMENT_3D('',#8913,#8914,#8915);
#8913 = CARTESIAN_POINT('',(7.77,3.5975,-1.76));
#8914 = DIRECTION('',(0.,-1.,0.));
#8915 = DIRECTION('',(1.,0.,0.));
#8916 = ADVANCED_FACE('',(#8917),#8935,.F.);
#8917 = FACE_BOUND('',#8918,.F.);
#8918 = EDGE_LOOP('',(#8919,#8920,#8928,#8934));
#8919 = ORIENTED_EDGE('',*,*,#8905,.T.);
#8920 = ORIENTED_EDGE('',*,*,#8921,.T.);
#8921 = EDGE_CURVE('',#8898,#8922,#8924,.T.);
#8922 = VERTEX_POINT('',#8923);
#8923 = CARTESIAN_POINT('',(9.17,-4.2025,-2.16));
#8924 = LINE('',#8925,#8926);
#8925 = CARTESIAN_POINT('',(9.17,3.5975,-2.16));
#8926 = VECTOR('',#8927,1.);
#8927 = DIRECTION('',(0.,-1.,0.));
#8928 = ORIENTED_EDGE('',*,*,#8929,.F.);
#8929 = EDGE_CURVE('',#4347,#8922,#8930,.T.);
#8930 = LINE('',#8931,#8932);
#8931 = CARTESIAN_POINT('',(9.17,-4.2025,-1.76));
#8932 = VECTOR('',#8933,1.);
#8933 = DIRECTION('',(0.,0.,-1.));
#8934 = ORIENTED_EDGE('',*,*,#4354,.F.);
#8935 = PLANE('',#8936);
#8936 = AXIS2_PLACEMENT_3D('',#8937,#8938,#8939);
#8937 = CARTESIAN_POINT('',(9.17,3.5975,-1.76));
#8938 = DIRECTION('',(-1.,-0.,-0.));
#8939 = DIRECTION('',(0.,-1.,0.));
#8940 = ADVANCED_FACE('',(#8941),#8952,.F.);
#8941 = FACE_BOUND('',#8942,.F.);
#8942 = EDGE_LOOP('',(#8943,#8944,#8950,#8951));
#8943 = ORIENTED_EDGE('',*,*,#8929,.T.);
#8944 = ORIENTED_EDGE('',*,*,#8945,.T.);
#8945 = EDGE_CURVE('',#8922,#8866,#8946,.T.);
#8946 = LINE('',#8947,#8948);
#8947 = CARTESIAN_POINT('',(9.17,-4.2025,-2.16));
#8948 = VECTOR('',#8949,1.);
#8949 = DIRECTION('',(-1.,0.,0.));
#8950 = ORIENTED_EDGE('',*,*,#8865,.F.);
#8951 = ORIENTED_EDGE('',*,*,#4346,.F.);
#8952 = PLANE('',#8953);
#8953 = AXIS2_PLACEMENT_3D('',#8954,#8955,#8956);
#8954 = CARTESIAN_POINT('',(9.17,-4.2025,-1.76));
#8955 = DIRECTION('',(0.,1.,0.));
#8956 = DIRECTION('',(-1.,0.,0.));
#8957 = ADVANCED_FACE('',(#8958),#8964,.F.);
#8958 = FACE_BOUND('',#8959,.F.);
#8959 = EDGE_LOOP('',(#8960,#8961,#8962,#8963));
#8960 = ORIENTED_EDGE('',*,*,#7884,.F.);
#8961 = ORIENTED_EDGE('',*,*,#7941,.F.);
#8962 = ORIENTED_EDGE('',*,*,#7959,.F.);
#8963 = ORIENTED_EDGE('',*,*,#4823,.T.);
#8964 = PLANE('',#8965);
#8965 = AXIS2_PLACEMENT_3D('',#8966,#8967,#8968);
#8966 = CARTESIAN_POINT('',(-8.27,-0.481858,-1.84));
#8967 = DIRECTION('',(0.,0.,1.));
#8968 = DIRECTION('',(1.,0.,0.));
#8969 = ADVANCED_FACE('',(#8970),#8976,.F.);
#8970 = FACE_BOUND('',#8971,.T.);
#8971 = EDGE_LOOP('',(#8972,#8973,#8974,#8975));
#8972 = ORIENTED_EDGE('',*,*,#4913,.T.);
#8973 = ORIENTED_EDGE('',*,*,#4961,.T.);
#8974 = ORIENTED_EDGE('',*,*,#4985,.T.);
#8975 = ORIENTED_EDGE('',*,*,#4944,.T.);
#8976 = PLANE('',#8977);
#8977 = AXIS2_PLACEMENT_3D('',#8978,#8979,#8980);
#8978 = CARTESIAN_POINT('',(-7.711127330934,3.231666666666,-1.49));
#8979 = DIRECTION('',(0.,0.,1.));
#8980 = DIRECTION('',(1.,0.,0.));
#8981 = ADVANCED_FACE('',(#8982),#8988,.F.);
#8982 = FACE_BOUND('',#8983,.T.);
#8983 = EDGE_LOOP('',(#8984,#8985,#8986,#8987));
#8984 = ORIENTED_EDGE('',*,*,#5009,.T.);
#8985 = ORIENTED_EDGE('',*,*,#5057,.T.);
#8986 = ORIENTED_EDGE('',*,*,#5081,.T.);
#8987 = ORIENTED_EDGE('',*,*,#5040,.T.);
#8988 = PLANE('',#8989);
#8989 = AXIS2_PLACEMENT_3D('',#8990,#8991,#8992);
#8990 = CARTESIAN_POINT('',(-7.711127330934,3.231666666666,-1.49));
#8991 = DIRECTION('',(0.,0.,1.));
#8992 = DIRECTION('',(1.,0.,0.));
#8993 = ADVANCED_FACE('',(#8994),#9000,.F.);
#8994 = FACE_BOUND('',#8995,.T.);
#8995 = EDGE_LOOP('',(#8996,#8997,#8998,#8999));
#8996 = ORIENTED_EDGE('',*,*,#5105,.T.);
#8997 = ORIENTED_EDGE('',*,*,#5153,.T.);
#8998 = ORIENTED_EDGE('',*,*,#5177,.T.);
#8999 = ORIENTED_EDGE('',*,*,#5136,.T.);
#9000 = PLANE('',#9001);
#9001 = AXIS2_PLACEMENT_3D('',#9002,#9003,#9004);
#9002 = CARTESIAN_POINT('',(-7.711127330934,3.231666666666,-1.49));
#9003 = DIRECTION('',(0.,0.,1.));
#9004 = DIRECTION('',(1.,0.,0.));
#9005 = ADVANCED_FACE('',(#9006),#9012,.F.);
#9006 = FACE_BOUND('',#9007,.T.);
#9007 = EDGE_LOOP('',(#9008,#9009,#9010,#9011));
#9008 = ORIENTED_EDGE('',*,*,#5201,.T.);
#9009 = ORIENTED_EDGE('',*,*,#5249,.T.);
#9010 = ORIENTED_EDGE('',*,*,#5273,.T.);
#9011 = ORIENTED_EDGE('',*,*,#5232,.T.);
#9012 = PLANE('',#9013);
#9013 = AXIS2_PLACEMENT_3D('',#9014,#9015,#9016);
#9014 = CARTESIAN_POINT('',(-9.497187936994,4.5825,-1.59));
#9015 = DIRECTION('',(0.,0.,1.));
#9016 = DIRECTION('',(1.,0.,0.));
#9017 = ADVANCED_FACE('',(#9018),#9024,.F.);
#9018 = FACE_BOUND('',#9019,.T.);
#9019 = EDGE_LOOP('',(#9020,#9021,#9022,#9023));
#9020 = ORIENTED_EDGE('',*,*,#5297,.T.);
#9021 = ORIENTED_EDGE('',*,*,#5345,.T.);
#9022 = ORIENTED_EDGE('',*,*,#5369,.T.);
#9023 = ORIENTED_EDGE('',*,*,#5328,.T.);
#9024 = PLANE('',#9025);
#9025 = AXIS2_PLACEMENT_3D('',#9026,#9027,#9028);
#9026 = CARTESIAN_POINT('',(-9.497187936994,4.5825,-1.59));
#9027 = DIRECTION('',(0.,0.,1.));
#9028 = DIRECTION('',(1.,0.,0.));
#9029 = ADVANCED_FACE('',(#9030),#9036,.F.);
#9030 = FACE_BOUND('',#9031,.T.);
#9031 = EDGE_LOOP('',(#9032,#9033,#9034,#9035));
#9032 = ORIENTED_EDGE('',*,*,#5393,.T.);
#9033 = ORIENTED_EDGE('',*,*,#5441,.T.);
#9034 = ORIENTED_EDGE('',*,*,#5465,.T.);
#9035 = ORIENTED_EDGE('',*,*,#5424,.T.);
#9036 = PLANE('',#9037);
#9037 = AXIS2_PLACEMENT_3D('',#9038,#9039,#9040);
#9038 = CARTESIAN_POINT('',(-9.497187936994,4.5825,-1.59));
#9039 = DIRECTION('',(0.,0.,1.));
#9040 = DIRECTION('',(1.,0.,0.));
#9041 = ADVANCED_FACE('',(#9042),#9048,.F.);
#9042 = FACE_BOUND('',#9043,.T.);
#9043 = EDGE_LOOP('',(#9044,#9045,#9046,#9047));
#9044 = ORIENTED_EDGE('',*,*,#5489,.T.);
#9045 = ORIENTED_EDGE('',*,*,#5537,.T.);
#9046 = ORIENTED_EDGE('',*,*,#5561,.T.);
#9047 = ORIENTED_EDGE('',*,*,#5520,.T.);
#9048 = PLANE('',#9049);
#9049 = AXIS2_PLACEMENT_3D('',#9050,#9051,#9052);
#9050 = CARTESIAN_POINT('',(-9.497187936994,4.5825,-1.59));
#9051 = DIRECTION('',(0.,0.,1.));
#9052 = DIRECTION('',(1.,0.,0.));
#9053 = ADVANCED_FACE('',(#9054),#9060,.F.);
#9054 = FACE_BOUND('',#9055,.T.);
#9055 = EDGE_LOOP('',(#9056,#9057,#9058,#9059));
#9056 = ORIENTED_EDGE('',*,*,#5585,.T.);
#9057 = ORIENTED_EDGE('',*,*,#5633,.T.);
#9058 = ORIENTED_EDGE('',*,*,#5657,.T.);
#9059 = ORIENTED_EDGE('',*,*,#5616,.T.);
#9060 = PLANE('',#9061);
#9061 = AXIS2_PLACEMENT_3D('',#9062,#9063,#9064);
#9062 = CARTESIAN_POINT('',(-7.711127330934,3.231666666666,-1.49));
#9063 = DIRECTION('',(0.,0.,1.));
#9064 = DIRECTION('',(1.,0.,0.));
#9065 = ADVANCED_FACE('',(#9066),#9072,.F.);
#9066 = FACE_BOUND('',#9067,.T.);
#9067 = EDGE_LOOP('',(#9068,#9069,#9070,#9071));
#9068 = ORIENTED_EDGE('',*,*,#5681,.T.);
#9069 = ORIENTED_EDGE('',*,*,#5729,.T.);
#9070 = ORIENTED_EDGE('',*,*,#5753,.T.);
#9071 = ORIENTED_EDGE('',*,*,#5712,.T.);
#9072 = PLANE('',#9073);
#9073 = AXIS2_PLACEMENT_3D('',#9074,#9075,#9076);
#9074 = CARTESIAN_POINT('',(-9.497187936994,4.5825,-1.59));
#9075 = DIRECTION('',(0.,0.,1.));
#9076 = DIRECTION('',(1.,0.,0.));
#9077 = ADVANCED_FACE('',(#9078),#9084,.F.);
#9078 = FACE_BOUND('',#9079,.T.);
#9079 = EDGE_LOOP('',(#9080,#9081,#9082,#9083));
#9080 = ORIENTED_EDGE('',*,*,#5777,.T.);
#9081 = ORIENTED_EDGE('',*,*,#5825,.T.);
#9082 = ORIENTED_EDGE('',*,*,#5849,.T.);
#9083 = ORIENTED_EDGE('',*,*,#5808,.T.);
#9084 = PLANE('',#9085);
#9085 = AXIS2_PLACEMENT_3D('',#9086,#9087,#9088);
#9086 = CARTESIAN_POINT('',(-9.497187936994,4.5825,-1.59));
#9087 = DIRECTION('',(0.,0.,1.));
#9088 = DIRECTION('',(1.,0.,0.));
#9089 = ADVANCED_FACE('',(#9090),#9096,.F.);
#9090 = FACE_BOUND('',#9091,.T.);
#9091 = EDGE_LOOP('',(#9092,#9093,#9094,#9095));
#9092 = ORIENTED_EDGE('',*,*,#5873,.T.);
#9093 = ORIENTED_EDGE('',*,*,#5921,.T.);
#9094 = ORIENTED_EDGE('',*,*,#5945,.T.);
#9095 = ORIENTED_EDGE('',*,*,#5904,.T.);
#9096 = PLANE('',#9097);
#9097 = AXIS2_PLACEMENT_3D('',#9098,#9099,#9100);
#9098 = CARTESIAN_POINT('',(-13.21446066426,4.13,-2.14));
#9099 = DIRECTION('',(0.,0.,1.));
#9100 = DIRECTION('',(1.,0.,0.));
#9101 = ADVANCED_FACE('',(#9102),#9108,.F.);
#9102 = FACE_BOUND('',#9103,.T.);
#9103 = EDGE_LOOP('',(#9104,#9105,#9106,#9107));
#9104 = ORIENTED_EDGE('',*,*,#5969,.T.);
#9105 = ORIENTED_EDGE('',*,*,#6017,.T.);
#9106 = ORIENTED_EDGE('',*,*,#6041,.T.);
#9107 = ORIENTED_EDGE('',*,*,#6000,.T.);
#9108 = PLANE('',#9109);
#9109 = AXIS2_PLACEMENT_3D('',#9110,#9111,#9112);
#9110 = CARTESIAN_POINT('',(4.88375,6.71375,-1.49));
#9111 = DIRECTION('',(0.,0.,1.));
#9112 = DIRECTION('',(1.,0.,0.));
#9113 = ADVANCED_FACE('',(#9114),#9120,.F.);
#9114 = FACE_BOUND('',#9115,.T.);
#9115 = EDGE_LOOP('',(#9116,#9117,#9118,#9119));
#9116 = ORIENTED_EDGE('',*,*,#6065,.T.);
#9117 = ORIENTED_EDGE('',*,*,#6113,.T.);
#9118 = ORIENTED_EDGE('',*,*,#6137,.T.);
#9119 = ORIENTED_EDGE('',*,*,#6096,.T.);
#9120 = PLANE('',#9121);
#9121 = AXIS2_PLACEMENT_3D('',#9122,#9123,#9124);
#9122 = CARTESIAN_POINT('',(4.88375,6.71375,-1.49));
#9123 = DIRECTION('',(0.,0.,1.));
#9124 = DIRECTION('',(1.,0.,0.));
#9125 = ADVANCED_FACE('',(#9126),#9132,.F.);
#9126 = FACE_BOUND('',#9127,.T.);
#9127 = EDGE_LOOP('',(#9128,#9129,#9130,#9131));
#9128 = ORIENTED_EDGE('',*,*,#6161,.T.);
#9129 = ORIENTED_EDGE('',*,*,#6209,.T.);
#9130 = ORIENTED_EDGE('',*,*,#6233,.T.);
#9131 = ORIENTED_EDGE('',*,*,#6192,.T.);
#9132 = PLANE('',#9133);
#9133 = AXIS2_PLACEMENT_3D('',#9134,#9135,#9136);
#9134 = CARTESIAN_POINT('',(4.88375,6.71375,-1.49));
#9135 = DIRECTION('',(0.,0.,1.));
#9136 = DIRECTION('',(1.,0.,0.));
#9137 = ADVANCED_FACE('',(#9138),#9144,.F.);
#9138 = FACE_BOUND('',#9139,.T.);
#9139 = EDGE_LOOP('',(#9140,#9141,#9142,#9143));
#9140 = ORIENTED_EDGE('',*,*,#6257,.T.);
#9141 = ORIENTED_EDGE('',*,*,#6305,.T.);
#9142 = ORIENTED_EDGE('',*,*,#6329,.T.);
#9143 = ORIENTED_EDGE('',*,*,#6288,.T.);
#9144 = PLANE('',#9145);
#9145 = AXIS2_PLACEMENT_3D('',#9146,#9147,#9148);
#9146 = CARTESIAN_POINT('',(4.88375,6.71375,-1.49));
#9147 = DIRECTION('',(0.,0.,1.));
#9148 = DIRECTION('',(1.,0.,0.));
#9149 = ADVANCED_FACE('',(#9150),#9156,.F.);
#9150 = FACE_BOUND('',#9151,.T.);
#9151 = EDGE_LOOP('',(#9152,#9153,#9154,#9155));
#9152 = ORIENTED_EDGE('',*,*,#6353,.T.);
#9153 = ORIENTED_EDGE('',*,*,#6401,.T.);
#9154 = ORIENTED_EDGE('',*,*,#6425,.T.);
#9155 = ORIENTED_EDGE('',*,*,#6384,.T.);
#9156 = PLANE('',#9157);
#9157 = AXIS2_PLACEMENT_3D('',#9158,#9159,#9160);
#9158 = CARTESIAN_POINT('',(4.88375,6.71375,-1.49));
#9159 = DIRECTION('',(0.,0.,1.));
#9160 = DIRECTION('',(1.,0.,0.));
#9161 = ADVANCED_FACE('',(#9162),#9168,.F.);
#9162 = FACE_BOUND('',#9163,.T.);
#9163 = EDGE_LOOP('',(#9164,#9165,#9166,#9167));
#9164 = ORIENTED_EDGE('',*,*,#6449,.T.);
#9165 = ORIENTED_EDGE('',*,*,#6497,.T.);
#9166 = ORIENTED_EDGE('',*,*,#6521,.T.);
#9167 = ORIENTED_EDGE('',*,*,#6480,.T.);
#9168 = PLANE('',#9169);
#9169 = AXIS2_PLACEMENT_3D('',#9170,#9171,#9172);
#9170 = CARTESIAN_POINT('',(4.88375,6.71375,-1.49));
#9171 = DIRECTION('',(0.,0.,1.));
#9172 = DIRECTION('',(1.,0.,0.));
#9173 = ADVANCED_FACE('',(#9174),#9180,.F.);
#9174 = FACE_BOUND('',#9175,.T.);
#9175 = EDGE_LOOP('',(#9176,#9177,#9178,#9179));
#9176 = ORIENTED_EDGE('',*,*,#6545,.T.);
#9177 = ORIENTED_EDGE('',*,*,#6593,.T.);
#9178 = ORIENTED_EDGE('',*,*,#6617,.T.);
#9179 = ORIENTED_EDGE('',*,*,#6576,.T.);
#9180 = PLANE('',#9181);
#9181 = AXIS2_PLACEMENT_3D('',#9182,#9183,#9184);
#9182 = CARTESIAN_POINT('',(4.88375,6.71375,-1.49));
#9183 = DIRECTION('',(0.,0.,1.));
#9184 = DIRECTION('',(1.,0.,0.));
#9185 = ADVANCED_FACE('',(#9186),#9192,.F.);
#9186 = FACE_BOUND('',#9187,.T.);
#9187 = EDGE_LOOP('',(#9188,#9189,#9190,#9191));
#9188 = ORIENTED_EDGE('',*,*,#6641,.T.);
#9189 = ORIENTED_EDGE('',*,*,#6689,.T.);
#9190 = ORIENTED_EDGE('',*,*,#6713,.T.);
#9191 = ORIENTED_EDGE('',*,*,#6672,.T.);
#9192 = PLANE('',#9193);
#9193 = AXIS2_PLACEMENT_3D('',#9194,#9195,#9196);
#9194 = CARTESIAN_POINT('',(4.88375,6.71375,-1.49));
#9195 = DIRECTION('',(0.,0.,1.));
#9196 = DIRECTION('',(1.,0.,0.));
#9197 = ADVANCED_FACE('',(#9198),#9209,.T.);
#9198 = FACE_BOUND('',#9199,.T.);
#9199 = EDGE_LOOP('',(#9200,#9201,#9202,#9203));
#9200 = ORIENTED_EDGE('',*,*,#6729,.T.);
#9201 = ORIENTED_EDGE('',*,*,#6941,.T.);
#9202 = ORIENTED_EDGE('',*,*,#8116,.F.);
#9203 = ORIENTED_EDGE('',*,*,#9204,.F.);
#9204 = EDGE_CURVE('',#6730,#8117,#9205,.T.);
#9205 = LINE('',#9206,#9207);
#9206 = CARTESIAN_POINT('',(5.417432910461,12.675020999597,-0.92));
#9207 = VECTOR('',#9208,1.);
#9208 = DIRECTION('',(-0.,-0.,-1.));
#9209 = CYLINDRICAL_SURFACE('',#9210,0.22);
#9210 = AXIS2_PLACEMENT_3D('',#9211,#9212,#9213);
#9211 = CARTESIAN_POINT('',(5.28,12.503229861519,-0.92));
#9212 = DIRECTION('',(0.,0.,1.));
#9213 = DIRECTION('',(-1.,-0.,-0.));
#9214 = ADVANCED_FACE('',(#9215),#9226,.T.);
#9215 = FACE_BOUND('',#9216,.F.);
#9216 = EDGE_LOOP('',(#9217,#9218,#9224,#9225));
#9217 = ORIENTED_EDGE('',*,*,#6848,.F.);
#9218 = ORIENTED_EDGE('',*,*,#9219,.T.);
#9219 = EDGE_CURVE('',#6840,#8227,#9220,.T.);
#9220 = LINE('',#9221,#9222);
#9221 = CARTESIAN_POINT('',(5.082567089539,12.942913656335,-0.92));
#9222 = VECTOR('',#9223,1.);
#9223 = DIRECTION('',(-0.,-0.,-1.));
#9224 = ORIENTED_EDGE('',*,*,#8235,.T.);
#9225 = ORIENTED_EDGE('',*,*,#9204,.F.);
#9226 = PLANE('',#9227);
#9227 = AXIS2_PLACEMENT_3D('',#9228,#9229,#9230);
#9228 = CARTESIAN_POINT('',(5.082567089539,12.942913656335,-0.92));
#9229 = DIRECTION('',(0.624695047554,0.780868809443,0.));
#9230 = DIRECTION('',(-0.780868809443,0.624695047554,0.));
#9231 = ADVANCED_FACE('',(#9232),#9243,.F.);
#9232 = FACE_BOUND('',#9233,.F.);
#9233 = EDGE_LOOP('',(#9234,#9235,#9241,#9242));
#9234 = ORIENTED_EDGE('',*,*,#6839,.T.);
#9235 = ORIENTED_EDGE('',*,*,#9236,.T.);
#9236 = EDGE_CURVE('',#6832,#8219,#9237,.T.);
#9237 = LINE('',#9238,#9239);
#9238 = CARTESIAN_POINT('',(5.,13.114704794414,-0.92));
#9239 = VECTOR('',#9240,1.);
#9240 = DIRECTION('',(-0.,-0.,-1.));
#9241 = ORIENTED_EDGE('',*,*,#8226,.F.);
#9242 = ORIENTED_EDGE('',*,*,#9219,.F.);
#9243 = CYLINDRICAL_SURFACE('',#9244,0.22);
#9244 = AXIS2_PLACEMENT_3D('',#9245,#9246,#9247);
#9245 = CARTESIAN_POINT('',(5.22,13.114704794414,-0.92));
#9246 = DIRECTION('',(0.,0.,1.));
#9247 = DIRECTION('',(-1.,-0.,-0.));
#9248 = ADVANCED_FACE('',(#9249),#9260,.T.);
#9249 = FACE_BOUND('',#9250,.F.);
#9250 = EDGE_LOOP('',(#9251,#9252,#9253,#9254));
#9251 = ORIENTED_EDGE('',*,*,#6739,.F.);
#9252 = ORIENTED_EDGE('',*,*,#6972,.T.);
#9253 = ORIENTED_EDGE('',*,*,#8131,.T.);
#9254 = ORIENTED_EDGE('',*,*,#9255,.F.);
#9255 = EDGE_CURVE('',#6740,#8132,#9256,.T.);
#9256 = LINE('',#9257,#9258);
#9257 = CARTESIAN_POINT('',(-5.417432910461,12.675020999597,-0.92));
#9258 = VECTOR('',#9259,1.);
#9259 = DIRECTION('',(0.,0.,-1.));
#9260 = CYLINDRICAL_SURFACE('',#9261,0.22);
#9261 = AXIS2_PLACEMENT_3D('',#9262,#9263,#9264);
#9262 = CARTESIAN_POINT('',(-5.28,12.503229861519,-0.92));
#9263 = DIRECTION('',(0.,0.,1.));
#9264 = DIRECTION('',(1.,0.,0.));
#9265 = ADVANCED_FACE('',(#9266),#9277,.T.);
#9266 = FACE_BOUND('',#9267,.F.);
#9267 = EDGE_LOOP('',(#9268,#9269,#9275,#9276));
#9268 = ORIENTED_EDGE('',*,*,#6831,.F.);
#9269 = ORIENTED_EDGE('',*,*,#9270,.T.);
#9270 = EDGE_CURVE('',#6823,#8210,#9271,.T.);
#9271 = LINE('',#9272,#9273);
#9272 = CARTESIAN_POINT('',(5.,16.649377424354,-0.92));
#9273 = VECTOR('',#9274,1.);
#9274 = DIRECTION('',(-0.,-0.,-1.));
#9275 = ORIENTED_EDGE('',*,*,#8218,.T.);
#9276 = ORIENTED_EDGE('',*,*,#9236,.F.);
#9277 = PLANE('',#9278);
#9278 = AXIS2_PLACEMENT_3D('',#9279,#9280,#9281);
#9279 = CARTESIAN_POINT('',(5.,16.649377424354,-0.92));
#9280 = DIRECTION('',(1.,0.,0.));
#9281 = DIRECTION('',(0.,1.,0.));
#9282 = ADVANCED_FACE('',(#9283),#9294,.T.);
#9283 = FACE_BOUND('',#9284,.T.);
#9284 = EDGE_LOOP('',(#9285,#9286,#9292,#9293));
#9285 = ORIENTED_EDGE('',*,*,#6748,.F.);
#9286 = ORIENTED_EDGE('',*,*,#9287,.T.);
#9287 = EDGE_CURVE('',#6749,#8141,#9288,.T.);
#9288 = LINE('',#9289,#9290);
#9289 = CARTESIAN_POINT('',(-5.082567089539,12.942913656335,-0.92));
#9290 = VECTOR('',#9291,1.);
#9291 = DIRECTION('',(0.,0.,-1.));
#9292 = ORIENTED_EDGE('',*,*,#8140,.T.);
#9293 = ORIENTED_EDGE('',*,*,#9255,.F.);
#9294 = PLANE('',#9295);
#9295 = AXIS2_PLACEMENT_3D('',#9296,#9297,#9298);
#9296 = CARTESIAN_POINT('',(-5.082567089539,12.942913656335,-0.92));
#9297 = DIRECTION('',(-0.624695047554,0.780868809443,0.));
#9298 = DIRECTION('',(-0.780868809443,-0.624695047554,0.));
#9299 = ADVANCED_FACE('',(#9300),#9311,.T.);
#9300 = FACE_BOUND('',#9301,.T.);
#9301 = EDGE_LOOP('',(#9302,#9303,#9304,#9305));
#9302 = ORIENTED_EDGE('',*,*,#6822,.T.);
#9303 = ORIENTED_EDGE('',*,*,#9270,.T.);
#9304 = ORIENTED_EDGE('',*,*,#8209,.F.);
#9305 = ORIENTED_EDGE('',*,*,#9306,.F.);
#9306 = EDGE_CURVE('',#6815,#8202,#9307,.T.);
#9307 = LINE('',#9308,#9309);
#9308 = CARTESIAN_POINT('',(4.886658116454,16.841793759924,-0.92));
#9309 = VECTOR('',#9310,1.);
#9310 = DIRECTION('',(-0.,-0.,-1.));
#9311 = CYLINDRICAL_SURFACE('',#9312,0.22);
#9312 = AXIS2_PLACEMENT_3D('',#9313,#9314,#9315);
#9313 = CARTESIAN_POINT('',(4.78,16.649377424354,-0.92));
#9314 = DIRECTION('',(0.,0.,1.));
#9315 = DIRECTION('',(-1.,-0.,-0.));
#9316 = ADVANCED_FACE('',(#9317),#9328,.F.);
#9317 = FACE_BOUND('',#9318,.T.);
#9318 = EDGE_LOOP('',(#9319,#9320,#9326,#9327));
#9319 = ORIENTED_EDGE('',*,*,#6756,.F.);
#9320 = ORIENTED_EDGE('',*,*,#9321,.T.);
#9321 = EDGE_CURVE('',#6757,#8149,#9322,.T.);
#9322 = LINE('',#9323,#9324);
#9323 = CARTESIAN_POINT('',(-5.,13.114704794414,-0.92));
#9324 = VECTOR('',#9325,1.);
#9325 = DIRECTION('',(0.,0.,-1.));
#9326 = ORIENTED_EDGE('',*,*,#8148,.T.);
#9327 = ORIENTED_EDGE('',*,*,#9287,.F.);
#9328 = CYLINDRICAL_SURFACE('',#9329,0.22);
#9329 = AXIS2_PLACEMENT_3D('',#9330,#9331,#9332);
#9330 = CARTESIAN_POINT('',(-5.22,13.114704794414,-0.92));
#9331 = DIRECTION('',(0.,0.,1.));
#9332 = DIRECTION('',(1.,0.,0.));
#9333 = ADVANCED_FACE('',(#9334),#9340,.T.);
#9334 = FACE_BOUND('',#9335,.F.);
#9335 = EDGE_LOOP('',(#9336,#9337,#9338,#9339));
#9336 = ORIENTED_EDGE('',*,*,#6814,.F.);
#9337 = ORIENTED_EDGE('',*,*,#8252,.T.);
#9338 = ORIENTED_EDGE('',*,*,#8201,.T.);
#9339 = ORIENTED_EDGE('',*,*,#9306,.F.);
#9340 = PLANE('',#9341);
#9341 = AXIS2_PLACEMENT_3D('',#9342,#9343,#9344);
#9342 = CARTESIAN_POINT('',(3.713341883546,17.492173568042,-0.92));
#9343 = DIRECTION('',(0.484809620246,0.874619707139,0.));
#9344 = DIRECTION('',(-0.874619707139,0.484809620246,0.));
#9345 = ADVANCED_FACE('',(#9346),#9357,.T.);
#9346 = FACE_BOUND('',#9347,.T.);
#9347 = EDGE_LOOP('',(#9348,#9349,#9355,#9356));
#9348 = ORIENTED_EDGE('',*,*,#6765,.F.);
#9349 = ORIENTED_EDGE('',*,*,#9350,.T.);
#9350 = EDGE_CURVE('',#6766,#8158,#9351,.T.);
#9351 = LINE('',#9352,#9353);
#9352 = CARTESIAN_POINT('',(-5.,16.649377424354,-0.92));
#9353 = VECTOR('',#9354,1.);
#9354 = DIRECTION('',(0.,0.,-1.));
#9355 = ORIENTED_EDGE('',*,*,#8157,.T.);
#9356 = ORIENTED_EDGE('',*,*,#9321,.F.);
#9357 = PLANE('',#9358);
#9358 = AXIS2_PLACEMENT_3D('',#9359,#9360,#9361);
#9359 = CARTESIAN_POINT('',(-5.,16.649377424354,-0.92));
#9360 = DIRECTION('',(-1.,-0.,-0.));
#9361 = DIRECTION('',(0.,-1.,0.));
#9362 = ADVANCED_FACE('',(#9363),#9374,.T.);
#9363 = FACE_BOUND('',#9364,.F.);
#9364 = EDGE_LOOP('',(#9365,#9366,#9367,#9368));
#9365 = ORIENTED_EDGE('',*,*,#6773,.F.);
#9366 = ORIENTED_EDGE('',*,*,#9350,.T.);
#9367 = ORIENTED_EDGE('',*,*,#8165,.T.);
#9368 = ORIENTED_EDGE('',*,*,#9369,.F.);
#9369 = EDGE_CURVE('',#6774,#8166,#9370,.T.);
#9370 = LINE('',#9371,#9372);
#9371 = CARTESIAN_POINT('',(-4.886658116454,16.841793759924,-0.92));
#9372 = VECTOR('',#9373,1.);
#9373 = DIRECTION('',(0.,0.,-1.));
#9374 = CYLINDRICAL_SURFACE('',#9375,0.22);
#9375 = AXIS2_PLACEMENT_3D('',#9376,#9377,#9378);
#9376 = CARTESIAN_POINT('',(-4.78,16.649377424354,-0.92));
#9377 = DIRECTION('',(0.,0.,1.));
#9378 = DIRECTION('',(1.,0.,0.));
#9379 = ADVANCED_FACE('',(#9380),#9386,.T.);
#9380 = FACE_BOUND('',#9381,.T.);
#9381 = EDGE_LOOP('',(#9382,#9383,#9384,#9385));
#9382 = ORIENTED_EDGE('',*,*,#6782,.F.);
#9383 = ORIENTED_EDGE('',*,*,#8793,.T.);
#9384 = ORIENTED_EDGE('',*,*,#8174,.T.);
#9385 = ORIENTED_EDGE('',*,*,#9369,.F.);
#9386 = PLANE('',#9387);
#9387 = AXIS2_PLACEMENT_3D('',#9388,#9389,#9390);
#9388 = CARTESIAN_POINT('',(-3.713341883546,17.492173568042,-0.92));
#9389 = DIRECTION('',(-0.484809620246,0.874619707139,0.));
#9390 = DIRECTION('',(-0.874619707139,-0.484809620246,0.));
#9391 = ADVANCED_FACE('',(#9392),#9417,.T.);
#9392 = FACE_BOUND('',#9393,.T.);
#9393 = EDGE_LOOP('',(#9394,#9395,#9403,#9411));
#9394 = ORIENTED_EDGE('',*,*,#6856,.F.);
#9395 = ORIENTED_EDGE('',*,*,#9396,.T.);
#9396 = EDGE_CURVE('',#6857,#9397,#9399,.T.);
#9397 = VERTEX_POINT('',#9398);
#9398 = CARTESIAN_POINT('',(-4.,14.19336422662,-1.001692959714));
#9399 = LINE('',#9400,#9401);
#9400 = CARTESIAN_POINT('',(-4.,14.185094685962,-1.441615242279));
#9401 = VECTOR('',#9402,1.);
#9402 = DIRECTION('',(0.,1.879441058664E-02,0.999823369466));
#9403 = ORIENTED_EDGE('',*,*,#9404,.T.);
#9404 = EDGE_CURVE('',#9397,#9405,#9407,.T.);
#9405 = VERTEX_POINT('',#9406);
#9406 = CARTESIAN_POINT('',(-4.,15.793081617766,-1.031764016652));
#9407 = LINE('',#9408,#9409);
#9408 = CARTESIAN_POINT('',(-4.,14.19336422662,-1.001692959714));
#9409 = VECTOR('',#9410,1.);
#9410 = DIRECTION('',(0.,0.999823369466,-1.879441058664E-02));
#9411 = ORIENTED_EDGE('',*,*,#9412,.F.);
#9412 = EDGE_CURVE('',#6859,#9405,#9413,.T.);
#9413 = LINE('',#9414,#9415);
#9414 = CARTESIAN_POINT('',(-4.,15.784812077108,-1.471686299218));
#9415 = VECTOR('',#9416,1.);
#9416 = DIRECTION('',(0.,1.879441058664E-02,0.999823369466));
#9417 = PLANE('',#9418);
#9418 = AXIS2_PLACEMENT_3D('',#9419,#9420,#9421);
#9419 = CARTESIAN_POINT('',(-4.,14.185094685962,-1.441615242279));
#9420 = DIRECTION('',(-1.,0.,0.));
#9421 = DIRECTION('',(0.,0.999823369466,-1.879441058664E-02));
#9422 = ADVANCED_FACE('',(#9423),#9442,.T.);
#9423 = FACE_BOUND('',#9424,.T.);
#9424 = EDGE_LOOP('',(#9425,#9426,#9427,#9436));
#9425 = ORIENTED_EDGE('',*,*,#6917,.F.);
#9426 = ORIENTED_EDGE('',*,*,#9412,.T.);
#9427 = ORIENTED_EDGE('',*,*,#9428,.T.);
#9428 = EDGE_CURVE('',#9405,#9429,#9431,.T.);
#9429 = VERTEX_POINT('',#9430);
#9430 = CARTESIAN_POINT('',(-3.8,15.993046291659,-1.03552289877));
#9431 = CIRCLE('',#9432,0.2);
#9432 = AXIS2_PLACEMENT_3D('',#9433,#9434,#9435);
#9433 = CARTESIAN_POINT('',(-3.8,15.793081617766,-1.031764016652));
#9434 = DIRECTION('',(0.,-1.879441058664E-02,-0.999823369466));
#9435 = DIRECTION('',(1.,0.,0.));
#9436 = ORIENTED_EDGE('',*,*,#9437,.F.);
#9437 = EDGE_CURVE('',#6910,#9429,#9438,.T.);
#9438 = LINE('',#9439,#9440);
#9439 = CARTESIAN_POINT('',(-3.8,15.984776751001,-1.475445181335));
#9440 = VECTOR('',#9441,1.);
#9441 = DIRECTION('',(0.,1.879441058664E-02,0.999823369466));
#9442 = CYLINDRICAL_SURFACE('',#9443,0.2);
#9443 = AXIS2_PLACEMENT_3D('',#9444,#9445,#9446);
#9444 = CARTESIAN_POINT('',(-3.8,15.784812077108,-1.471686299218));
#9445 = DIRECTION('',(0.,-1.879441058664E-02,-0.999823369466));
#9446 = DIRECTION('',(1.,0.,0.));
#9447 = ADVANCED_FACE('',(#9448),#9466,.T.);
#9448 = FACE_BOUND('',#9449,.T.);
#9449 = EDGE_LOOP('',(#9450,#9451,#9452,#9460));
#9450 = ORIENTED_EDGE('',*,*,#6909,.F.);
#9451 = ORIENTED_EDGE('',*,*,#9437,.T.);
#9452 = ORIENTED_EDGE('',*,*,#9453,.T.);
#9453 = EDGE_CURVE('',#9429,#9454,#9456,.T.);
#9454 = VERTEX_POINT('',#9455);
#9455 = CARTESIAN_POINT('',(3.8,15.993046291659,-1.03552289877));
#9456 = LINE('',#9457,#9458);
#9457 = CARTESIAN_POINT('',(-3.8,15.993046291659,-1.03552289877));
#9458 = VECTOR('',#9459,1.);
#9459 = DIRECTION('',(1.,0.,0.));
#9460 = ORIENTED_EDGE('',*,*,#9461,.F.);
#9461 = EDGE_CURVE('',#6901,#9454,#9462,.T.);
#9462 = LINE('',#9463,#9464);
#9463 = CARTESIAN_POINT('',(3.8,15.984776751001,-1.475445181335));
#9464 = VECTOR('',#9465,1.);
#9465 = DIRECTION('',(0.,1.879441058664E-02,0.999823369466));
#9466 = PLANE('',#9467);
#9467 = AXIS2_PLACEMENT_3D('',#9468,#9469,#9470);
#9468 = CARTESIAN_POINT('',(-3.8,15.984776751001,-1.475445181335));
#9469 = DIRECTION('',(0.,0.999823369466,-1.879441058664E-02));
#9470 = DIRECTION('',(1.,0.,0.));
#9471 = ADVANCED_FACE('',(#9472),#9491,.T.);
#9472 = FACE_BOUND('',#9473,.T.);
#9473 = EDGE_LOOP('',(#9474,#9475,#9476,#9485));
#9474 = ORIENTED_EDGE('',*,*,#6900,.F.);
#9475 = ORIENTED_EDGE('',*,*,#9461,.T.);
#9476 = ORIENTED_EDGE('',*,*,#9477,.T.);
#9477 = EDGE_CURVE('',#9454,#9478,#9480,.T.);
#9478 = VERTEX_POINT('',#9479);
#9479 = CARTESIAN_POINT('',(4.,15.793081617766,-1.031764016652));
#9480 = CIRCLE('',#9481,0.2);
#9481 = AXIS2_PLACEMENT_3D('',#9482,#9483,#9484);
#9482 = CARTESIAN_POINT('',(3.8,15.793081617766,-1.031764016652));
#9483 = DIRECTION('',(0.,-1.879441058664E-02,-0.999823369466));
#9484 = DIRECTION('',(1.,0.,0.));
#9485 = ORIENTED_EDGE('',*,*,#9486,.F.);
#9486 = EDGE_CURVE('',#6893,#9478,#9487,.T.);
#9487 = LINE('',#9488,#9489);
#9488 = CARTESIAN_POINT('',(4.,15.784812077108,-1.471686299218));
#9489 = VECTOR('',#9490,1.);
#9490 = DIRECTION('',(0.,1.879441058664E-02,0.999823369466));
#9491 = CYLINDRICAL_SURFACE('',#9492,0.2);
#9492 = AXIS2_PLACEMENT_3D('',#9493,#9494,#9495);
#9493 = CARTESIAN_POINT('',(3.8,15.784812077108,-1.471686299218));
#9494 = DIRECTION('',(0.,-1.879441058664E-02,-0.999823369466));
#9495 = DIRECTION('',(1.,0.,0.));
#9496 = ADVANCED_FACE('',(#9497),#9515,.T.);
#9497 = FACE_BOUND('',#9498,.T.);
#9498 = EDGE_LOOP('',(#9499,#9500,#9501,#9509));
#9499 = ORIENTED_EDGE('',*,*,#6892,.F.);
#9500 = ORIENTED_EDGE('',*,*,#9486,.T.);
#9501 = ORIENTED_EDGE('',*,*,#9502,.T.);
#9502 = EDGE_CURVE('',#9478,#9503,#9505,.T.);
#9503 = VERTEX_POINT('',#9504);
#9504 = CARTESIAN_POINT('',(4.,14.19336422662,-1.001692959714));
#9505 = LINE('',#9506,#9507);
#9506 = CARTESIAN_POINT('',(4.,15.793081617766,-1.031764016652));
#9507 = VECTOR('',#9508,1.);
#9508 = DIRECTION('',(0.,-0.999823369466,1.879441058664E-02));
#9509 = ORIENTED_EDGE('',*,*,#9510,.F.);
#9510 = EDGE_CURVE('',#6884,#9503,#9511,.T.);
#9511 = LINE('',#9512,#9513);
#9512 = CARTESIAN_POINT('',(4.,14.185094685962,-1.441615242279));
#9513 = VECTOR('',#9514,1.);
#9514 = DIRECTION('',(0.,1.879441058664E-02,0.999823369466));
#9515 = PLANE('',#9516);
#9516 = AXIS2_PLACEMENT_3D('',#9517,#9518,#9519);
#9517 = CARTESIAN_POINT('',(4.,15.784812077108,-1.471686299218));
#9518 = DIRECTION('',(1.,0.,0.));
#9519 = DIRECTION('',(0.,-0.999823369466,1.879441058664E-02));
#9520 = ADVANCED_FACE('',(#9521),#9540,.T.);
#9521 = FACE_BOUND('',#9522,.T.);
#9522 = EDGE_LOOP('',(#9523,#9524,#9525,#9534));
#9523 = ORIENTED_EDGE('',*,*,#6883,.F.);
#9524 = ORIENTED_EDGE('',*,*,#9510,.T.);
#9525 = ORIENTED_EDGE('',*,*,#9526,.T.);
#9526 = EDGE_CURVE('',#9503,#9527,#9529,.T.);
#9527 = VERTEX_POINT('',#9528);
#9528 = CARTESIAN_POINT('',(3.8,13.993399552727,-0.997934077596));
#9529 = CIRCLE('',#9530,0.2);
#9530 = AXIS2_PLACEMENT_3D('',#9531,#9532,#9533);
#9531 = CARTESIAN_POINT('',(3.8,14.19336422662,-1.001692959714));
#9532 = DIRECTION('',(0.,-1.879441058664E-02,-0.999823369466));
#9533 = DIRECTION('',(1.,0.,0.));
#9534 = ORIENTED_EDGE('',*,*,#9535,.F.);
#9535 = EDGE_CURVE('',#6876,#9527,#9536,.T.);
#9536 = LINE('',#9537,#9538);
#9537 = CARTESIAN_POINT('',(3.8,13.985130012069,-1.437856360162));
#9538 = VECTOR('',#9539,1.);
#9539 = DIRECTION('',(0.,1.879441058664E-02,0.999823369466));
#9540 = CYLINDRICAL_SURFACE('',#9541,0.2);
#9541 = AXIS2_PLACEMENT_3D('',#9542,#9543,#9544);
#9542 = CARTESIAN_POINT('',(3.8,14.185094685962,-1.441615242279));
#9543 = DIRECTION('',(0.,-1.879441058664E-02,-0.999823369466));
#9544 = DIRECTION('',(1.,0.,0.));
#9545 = ADVANCED_FACE('',(#9546),#9564,.T.);
#9546 = FACE_BOUND('',#9547,.T.);
#9547 = EDGE_LOOP('',(#9548,#9549,#9550,#9558));
#9548 = ORIENTED_EDGE('',*,*,#6875,.F.);
#9549 = ORIENTED_EDGE('',*,*,#9535,.T.);
#9550 = ORIENTED_EDGE('',*,*,#9551,.T.);
#9551 = EDGE_CURVE('',#9527,#9552,#9554,.T.);
#9552 = VERTEX_POINT('',#9553);
#9553 = CARTESIAN_POINT('',(-3.8,13.993399552727,-0.997934077596));
#9554 = LINE('',#9555,#9556);
#9555 = CARTESIAN_POINT('',(3.8,13.993399552727,-0.997934077596));
#9556 = VECTOR('',#9557,1.);
#9557 = DIRECTION('',(-1.,-0.,0.));
#9558 = ORIENTED_EDGE('',*,*,#9559,.F.);
#9559 = EDGE_CURVE('',#6867,#9552,#9560,.T.);
#9560 = LINE('',#9561,#9562);
#9561 = CARTESIAN_POINT('',(-3.8,13.985130012069,-1.437856360162));
#9562 = VECTOR('',#9563,1.);
#9563 = DIRECTION('',(0.,1.879441058664E-02,0.999823369466));
#9564 = PLANE('',#9565);
#9565 = AXIS2_PLACEMENT_3D('',#9566,#9567,#9568);
#9566 = CARTESIAN_POINT('',(3.8,13.985130012069,-1.437856360162));
#9567 = DIRECTION('',(0.,-0.999823369466,1.879441058664E-02));
#9568 = DIRECTION('',(-1.,0.,0.));
#9569 = ADVANCED_FACE('',(#9570),#9582,.T.);
#9570 = FACE_BOUND('',#9571,.T.);
#9571 = EDGE_LOOP('',(#9572,#9573,#9574,#9581));
#9572 = ORIENTED_EDGE('',*,*,#6866,.F.);
#9573 = ORIENTED_EDGE('',*,*,#9559,.T.);
#9574 = ORIENTED_EDGE('',*,*,#9575,.T.);
#9575 = EDGE_CURVE('',#9552,#9397,#9576,.T.);
#9576 = CIRCLE('',#9577,0.2);
#9577 = AXIS2_PLACEMENT_3D('',#9578,#9579,#9580);
#9578 = CARTESIAN_POINT('',(-3.8,14.19336422662,-1.001692959714));
#9579 = DIRECTION('',(0.,-1.879441058664E-02,-0.999823369466));
#9580 = DIRECTION('',(1.,0.,0.));
#9581 = ORIENTED_EDGE('',*,*,#9396,.F.);
#9582 = CYLINDRICAL_SURFACE('',#9583,0.2);
#9583 = AXIS2_PLACEMENT_3D('',#9584,#9585,#9586);
#9584 = CARTESIAN_POINT('',(-3.8,14.185094685962,-1.441615242279));
#9585 = DIRECTION('',(0.,-1.879441058664E-02,-0.999823369466));
#9586 = DIRECTION('',(1.,0.,0.));
#9587 = ADVANCED_FACE('',(#9588),#9594,.F.);
#9588 = FACE_BOUND('',#9589,.F.);
#9589 = EDGE_LOOP('',(#9590,#9591,#9592,#9593));
#9590 = ORIENTED_EDGE('',*,*,#6949,.F.);
#9591 = ORIENTED_EDGE('',*,*,#8125,.T.);
#9592 = ORIENTED_EDGE('',*,*,#6980,.F.);
#9593 = ORIENTED_EDGE('',*,*,#6997,.F.);
#9594 = PLANE('',#9595);
#9595 = AXIS2_PLACEMENT_3D('',#9596,#9597,#9598);
#9596 = CARTESIAN_POINT('',(5.5,12.503229861519,-1.41));
#9597 = DIRECTION('',(0.,0.,1.));
#9598 = DIRECTION('',(0.,-1.,0.));
#9599 = ADVANCED_FACE('',(#9600),#9606,.F.);
#9600 = FACE_BOUND('',#9601,.T.);
#9601 = EDGE_LOOP('',(#9602,#9603,#9604,#9605));
#9602 = ORIENTED_EDGE('',*,*,#7019,.T.);
#9603 = ORIENTED_EDGE('',*,*,#7067,.T.);
#9604 = ORIENTED_EDGE('',*,*,#7091,.T.);
#9605 = ORIENTED_EDGE('',*,*,#7050,.T.);
#9606 = PLANE('',#9607);
#9607 = AXIS2_PLACEMENT_3D('',#9608,#9609,#9610);
#9608 = CARTESIAN_POINT('',(-7.711127330934,3.231666666666,-1.49));
#9609 = DIRECTION('',(0.,0.,1.));
#9610 = DIRECTION('',(1.,0.,0.));
#9611 = ADVANCED_FACE('',(#9612),#9618,.F.);
#9612 = FACE_BOUND('',#9613,.T.);
#9613 = EDGE_LOOP('',(#9614,#9615,#9616,#9617));
#9614 = ORIENTED_EDGE('',*,*,#7115,.T.);
#9615 = ORIENTED_EDGE('',*,*,#7163,.T.);
#9616 = ORIENTED_EDGE('',*,*,#7187,.T.);
#9617 = ORIENTED_EDGE('',*,*,#7146,.T.);
#9618 = PLANE('',#9619);
#9619 = AXIS2_PLACEMENT_3D('',#9620,#9621,#9622);
#9620 = CARTESIAN_POINT('',(-7.711127330934,3.231666666666,-1.49));
#9621 = DIRECTION('',(0.,0.,1.));
#9622 = DIRECTION('',(1.,0.,0.));
#9623 = ADVANCED_FACE('',(#9624),#9630,.F.);
#9624 = FACE_BOUND('',#9625,.T.);
#9625 = EDGE_LOOP('',(#9626,#9627,#9628,#9629));
#9626 = ORIENTED_EDGE('',*,*,#7211,.T.);
#9627 = ORIENTED_EDGE('',*,*,#7259,.T.);
#9628 = ORIENTED_EDGE('',*,*,#7283,.T.);
#9629 = ORIENTED_EDGE('',*,*,#7242,.T.);
#9630 = PLANE('',#9631);
#9631 = AXIS2_PLACEMENT_3D('',#9632,#9633,#9634);
#9632 = CARTESIAN_POINT('',(-9.497187936994,4.5825,-1.59));
#9633 = DIRECTION('',(0.,0.,1.));
#9634 = DIRECTION('',(1.,0.,0.));
#9635 = ADVANCED_FACE('',(#9636),#9642,.F.);
#9636 = FACE_BOUND('',#9637,.T.);
#9637 = EDGE_LOOP('',(#9638,#9639,#9640,#9641));
#9638 = ORIENTED_EDGE('',*,*,#7307,.T.);
#9639 = ORIENTED_EDGE('',*,*,#7355,.T.);
#9640 = ORIENTED_EDGE('',*,*,#7379,.T.);
#9641 = ORIENTED_EDGE('',*,*,#7338,.T.);
#9642 = PLANE('',#9643);
#9643 = AXIS2_PLACEMENT_3D('',#9644,#9645,#9646);
#9644 = CARTESIAN_POINT('',(-9.497187936994,4.5825,-1.59));
#9645 = DIRECTION('',(0.,0.,1.));
#9646 = DIRECTION('',(1.,0.,0.));
#9647 = ADVANCED_FACE('',(#9648),#9654,.F.);
#9648 = FACE_BOUND('',#9649,.T.);
#9649 = EDGE_LOOP('',(#9650,#9651,#9652,#9653));
#9650 = ORIENTED_EDGE('',*,*,#7403,.T.);
#9651 = ORIENTED_EDGE('',*,*,#7451,.T.);
#9652 = ORIENTED_EDGE('',*,*,#7475,.T.);
#9653 = ORIENTED_EDGE('',*,*,#7434,.T.);
#9654 = PLANE('',#9655);
#9655 = AXIS2_PLACEMENT_3D('',#9656,#9657,#9658);
#9656 = CARTESIAN_POINT('',(-9.497187936994,4.5825,-1.59));
#9657 = DIRECTION('',(0.,0.,1.));
#9658 = DIRECTION('',(1.,0.,0.));
#9659 = ADVANCED_FACE('',(#9660),#9666,.F.);
#9660 = FACE_BOUND('',#9661,.T.);
#9661 = EDGE_LOOP('',(#9662,#9663,#9664,#9665));
#9662 = ORIENTED_EDGE('',*,*,#7499,.T.);
#9663 = ORIENTED_EDGE('',*,*,#7547,.T.);
#9664 = ORIENTED_EDGE('',*,*,#7571,.T.);
#9665 = ORIENTED_EDGE('',*,*,#7530,.T.);
#9666 = PLANE('',#9667);
#9667 = AXIS2_PLACEMENT_3D('',#9668,#9669,#9670);
#9668 = CARTESIAN_POINT('',(-9.497187936994,4.5825,-1.59));
#9669 = DIRECTION('',(0.,0.,1.));
#9670 = DIRECTION('',(1.,0.,0.));
#9671 = ADVANCED_FACE('',(#9672),#9678,.F.);
#9672 = FACE_BOUND('',#9673,.T.);
#9673 = EDGE_LOOP('',(#9674,#9675,#9676,#9677));
#9674 = ORIENTED_EDGE('',*,*,#7595,.T.);
#9675 = ORIENTED_EDGE('',*,*,#7643,.T.);
#9676 = ORIENTED_EDGE('',*,*,#7667,.T.);
#9677 = ORIENTED_EDGE('',*,*,#7626,.T.);
#9678 = PLANE('',#9679);
#9679 = AXIS2_PLACEMENT_3D('',#9680,#9681,#9682);
#9680 = CARTESIAN_POINT('',(-9.497187936994,4.5825,-1.59));
#9681 = DIRECTION('',(0.,0.,1.));
#9682 = DIRECTION('',(1.,0.,0.));
#9683 = ADVANCED_FACE('',(#9684),#9690,.F.);
#9684 = FACE_BOUND('',#9685,.T.);
#9685 = EDGE_LOOP('',(#9686,#9687,#9688,#9689));
#9686 = ORIENTED_EDGE('',*,*,#7691,.T.);
#9687 = ORIENTED_EDGE('',*,*,#7739,.T.);
#9688 = ORIENTED_EDGE('',*,*,#7763,.T.);
#9689 = ORIENTED_EDGE('',*,*,#7722,.T.);
#9690 = PLANE('',#9691);
#9691 = AXIS2_PLACEMENT_3D('',#9692,#9693,#9694);
#9692 = CARTESIAN_POINT('',(-9.497187936994,4.5825,-1.59));
#9693 = DIRECTION('',(0.,0.,1.));
#9694 = DIRECTION('',(1.,0.,0.));
#9695 = ADVANCED_FACE('',(#9696),#9702,.F.);
#9696 = FACE_BOUND('',#9697,.T.);
#9697 = EDGE_LOOP('',(#9698,#9699,#9700,#9701));
#9698 = ORIENTED_EDGE('',*,*,#7787,.T.);
#9699 = ORIENTED_EDGE('',*,*,#7835,.T.);
#9700 = ORIENTED_EDGE('',*,*,#7859,.T.);
#9701 = ORIENTED_EDGE('',*,*,#7818,.T.);
#9702 = PLANE('',#9703);
#9703 = AXIS2_PLACEMENT_3D('',#9704,#9705,#9706);
#9704 = CARTESIAN_POINT('',(-9.497187936994,4.5825,-1.59));
#9705 = DIRECTION('',(0.,0.,1.));
#9706 = DIRECTION('',(1.,0.,0.));
#9707 = ADVANCED_FACE('',(#9708),#9724,.T.);
#9708 = FACE_BOUND('',#9709,.T.);
#9709 = EDGE_LOOP('',(#9710,#9716,#9717,#9723));
#9710 = ORIENTED_EDGE('',*,*,#9711,.F.);
#9711 = EDGE_CURVE('',#7896,#7969,#9712,.T.);
#9712 = LINE('',#9713,#9714);
#9713 = CARTESIAN_POINT('',(-10.01,-1.091858,-1.94));
#9714 = VECTOR('',#9715,1.);
#9715 = DIRECTION('',(1.,0.,0.));
#9716 = ORIENTED_EDGE('',*,*,#7893,.F.);
#9717 = ORIENTED_EDGE('',*,*,#9718,.T.);
#9718 = EDGE_CURVE('',#7894,#7971,#9719,.T.);
#9719 = LINE('',#9720,#9721);
#9720 = CARTESIAN_POINT('',(-10.01,-1.091858,-2.14));
#9721 = VECTOR('',#9722,1.);
#9722 = DIRECTION('',(1.,0.,0.));
#9723 = ORIENTED_EDGE('',*,*,#7968,.F.);
#9724 = PLANE('',#9725);
#9725 = AXIS2_PLACEMENT_3D('',#9726,#9727,#9728);
#9726 = CARTESIAN_POINT('',(-10.01,-1.091858,-1.94));
#9727 = DIRECTION('',(0.,-1.,0.));
#9728 = DIRECTION('',(1.,0.,0.));
#9729 = ADVANCED_FACE('',(#9730),#9773,.T.);
#9730 = FACE_BOUND('',#9731,.T.);
#9731 = EDGE_LOOP('',(#9732,#9733,#9734,#9735,#9743,#9751,#9759,#9767));
#9732 = ORIENTED_EDGE('',*,*,#7919,.F.);
#9733 = ORIENTED_EDGE('',*,*,#9711,.T.);
#9734 = ORIENTED_EDGE('',*,*,#7978,.F.);
#9735 = ORIENTED_EDGE('',*,*,#9736,.T.);
#9736 = EDGE_CURVE('',#7979,#9737,#9739,.T.);
#9737 = VERTEX_POINT('',#9738);
#9738 = CARTESIAN_POINT('',(-6.73,-0.891858,-1.94));
#9739 = LINE('',#9740,#9741);
#9740 = CARTESIAN_POINT('',(-6.53,-0.891858,-1.94));
#9741 = VECTOR('',#9742,1.);
#9742 = DIRECTION('',(-1.,0.,0.));
#9743 = ORIENTED_EDGE('',*,*,#9744,.T.);
#9744 = EDGE_CURVE('',#9737,#9745,#9747,.T.);
#9745 = VERTEX_POINT('',#9746);
#9746 = CARTESIAN_POINT('',(-6.73,0.108142,-1.94));
#9747 = LINE('',#9748,#9749);
#9748 = CARTESIAN_POINT('',(-6.73,-0.891858,-1.94));
#9749 = VECTOR('',#9750,1.);
#9750 = DIRECTION('',(0.,1.,0.));
#9751 = ORIENTED_EDGE('',*,*,#9752,.T.);
#9752 = EDGE_CURVE('',#9745,#9753,#9755,.T.);
#9753 = VERTEX_POINT('',#9754);
#9754 = CARTESIAN_POINT('',(-9.81,0.108142,-1.94));
#9755 = LINE('',#9756,#9757);
#9756 = CARTESIAN_POINT('',(-6.73,0.108142,-1.94));
#9757 = VECTOR('',#9758,1.);
#9758 = DIRECTION('',(-1.,0.,0.));
#9759 = ORIENTED_EDGE('',*,*,#9760,.T.);
#9760 = EDGE_CURVE('',#9753,#9761,#9763,.T.);
#9761 = VERTEX_POINT('',#9762);
#9762 = CARTESIAN_POINT('',(-9.81,-0.891858,-1.94));
#9763 = LINE('',#9764,#9765);
#9764 = CARTESIAN_POINT('',(-9.81,0.108142,-1.94));
#9765 = VECTOR('',#9766,1.);
#9766 = DIRECTION('',(0.,-1.,0.));
#9767 = ORIENTED_EDGE('',*,*,#9768,.T.);
#9768 = EDGE_CURVE('',#9761,#7912,#9769,.T.);
#9769 = LINE('',#9770,#9771);
#9770 = CARTESIAN_POINT('',(-9.81,-0.891858,-1.94));
#9771 = VECTOR('',#9772,1.);
#9772 = DIRECTION('',(-1.,0.,0.));
#9773 = PLANE('',#9774);
#9774 = AXIS2_PLACEMENT_3D('',#9775,#9776,#9777);
#9775 = CARTESIAN_POINT('',(-8.27,-0.534593042735,-1.94));
#9776 = DIRECTION('',(0.,0.,1.));
#9777 = DIRECTION('',(1.,0.,0.));
#9778 = ADVANCED_FACE('',(#9779),#9797,.T.);
#9779 = FACE_BOUND('',#9780,.T.);
#9780 = EDGE_LOOP('',(#9781,#9782,#9790,#9796));
#9781 = ORIENTED_EDGE('',*,*,#9768,.F.);
#9782 = ORIENTED_EDGE('',*,*,#9783,.T.);
#9783 = EDGE_CURVE('',#9761,#9784,#9786,.T.);
#9784 = VERTEX_POINT('',#9785);
#9785 = CARTESIAN_POINT('',(-9.81,-0.891858,-2.14));
#9786 = LINE('',#9787,#9788);
#9787 = CARTESIAN_POINT('',(-9.81,-0.891858,-1.94));
#9788 = VECTOR('',#9789,1.);
#9789 = DIRECTION('',(0.,0.,-1.));
#9790 = ORIENTED_EDGE('',*,*,#9791,.T.);
#9791 = EDGE_CURVE('',#9784,#7904,#9792,.T.);
#9792 = LINE('',#9793,#9794);
#9793 = CARTESIAN_POINT('',(-9.81,-0.891858,-2.14));
#9794 = VECTOR('',#9795,1.);
#9795 = DIRECTION('',(-1.,0.,0.));
#9796 = ORIENTED_EDGE('',*,*,#7911,.F.);
#9797 = PLANE('',#9798);
#9798 = AXIS2_PLACEMENT_3D('',#9799,#9800,#9801);
#9799 = CARTESIAN_POINT('',(-9.81,-0.891858,-1.94));
#9800 = DIRECTION('',(0.,1.,0.));
#9801 = DIRECTION('',(-1.,0.,0.));
#9802 = ADVANCED_FACE('',(#9803),#9839,.F.);
#9803 = FACE_BOUND('',#9804,.F.);
#9804 = EDGE_LOOP('',(#9805,#9806,#9807,#9808,#9816,#9824,#9832,#9838));
#9805 = ORIENTED_EDGE('',*,*,#7903,.F.);
#9806 = ORIENTED_EDGE('',*,*,#9718,.T.);
#9807 = ORIENTED_EDGE('',*,*,#7994,.F.);
#9808 = ORIENTED_EDGE('',*,*,#9809,.T.);
#9809 = EDGE_CURVE('',#7987,#9810,#9812,.T.);
#9810 = VERTEX_POINT('',#9811);
#9811 = CARTESIAN_POINT('',(-6.73,-0.891858,-2.14));
#9812 = LINE('',#9813,#9814);
#9813 = CARTESIAN_POINT('',(-6.53,-0.891858,-2.14));
#9814 = VECTOR('',#9815,1.);
#9815 = DIRECTION('',(-1.,0.,0.));
#9816 = ORIENTED_EDGE('',*,*,#9817,.T.);
#9817 = EDGE_CURVE('',#9810,#9818,#9820,.T.);
#9818 = VERTEX_POINT('',#9819);
#9819 = CARTESIAN_POINT('',(-6.73,0.108142,-2.14));
#9820 = LINE('',#9821,#9822);
#9821 = CARTESIAN_POINT('',(-6.73,-0.891858,-2.14));
#9822 = VECTOR('',#9823,1.);
#9823 = DIRECTION('',(0.,1.,0.));
#9824 = ORIENTED_EDGE('',*,*,#9825,.T.);
#9825 = EDGE_CURVE('',#9818,#9826,#9828,.T.);
#9826 = VERTEX_POINT('',#9827);
#9827 = CARTESIAN_POINT('',(-9.81,0.108142,-2.14));
#9828 = LINE('',#9829,#9830);
#9829 = CARTESIAN_POINT('',(-6.73,0.108142,-2.14));
#9830 = VECTOR('',#9831,1.);
#9831 = DIRECTION('',(-1.,0.,0.));
#9832 = ORIENTED_EDGE('',*,*,#9833,.T.);
#9833 = EDGE_CURVE('',#9826,#9784,#9834,.T.);
#9834 = LINE('',#9835,#9836);
#9835 = CARTESIAN_POINT('',(-9.81,0.108142,-2.14));
#9836 = VECTOR('',#9837,1.);
#9837 = DIRECTION('',(0.,-1.,0.));
#9838 = ORIENTED_EDGE('',*,*,#9791,.T.);
#9839 = PLANE('',#9840);
#9840 = AXIS2_PLACEMENT_3D('',#9841,#9842,#9843);
#9841 = CARTESIAN_POINT('',(-8.27,-0.534593042735,-2.14));
#9842 = DIRECTION('',(0.,0.,1.));
#9843 = DIRECTION('',(1.,0.,0.));
#9844 = ADVANCED_FACE('',(#9845),#9856,.T.);
#9845 = FACE_BOUND('',#9846,.T.);
#9846 = EDGE_LOOP('',(#9847,#9848,#9849,#9850));
#9847 = ORIENTED_EDGE('',*,*,#9736,.F.);
#9848 = ORIENTED_EDGE('',*,*,#7986,.F.);
#9849 = ORIENTED_EDGE('',*,*,#9809,.T.);
#9850 = ORIENTED_EDGE('',*,*,#9851,.F.);
#9851 = EDGE_CURVE('',#9737,#9810,#9852,.T.);
#9852 = LINE('',#9853,#9854);
#9853 = CARTESIAN_POINT('',(-6.73,-0.891858,-1.94));
#9854 = VECTOR('',#9855,1.);
#9855 = DIRECTION('',(0.,0.,-1.));
#9856 = PLANE('',#9857);
#9857 = AXIS2_PLACEMENT_3D('',#9858,#9859,#9860);
#9858 = CARTESIAN_POINT('',(-6.53,-0.891858,-1.94));
#9859 = DIRECTION('',(0.,1.,0.));
#9860 = DIRECTION('',(-1.,0.,0.));
#9861 = ADVANCED_FACE('',(#9862),#9882,.F.);
#9862 = FACE_BOUND('',#9863,.F.);
#9863 = EDGE_LOOP('',(#9864,#9872,#9879,#9880,#9881));
#9864 = ORIENTED_EDGE('',*,*,#9865,.F.);
#9865 = EDGE_CURVE('',#9866,#8018,#9868,.T.);
#9866 = VERTEX_POINT('',#9867);
#9867 = CARTESIAN_POINT('',(-17.175,0.,1.1));
#9868 = B_SPLINE_CURVE_WITH_KNOTS('',2,(#9869,#9870,#9871),
  .UNSPECIFIED.,.F.,.F.,(3,3),(0.,1.),.PIECEWISE_BEZIER_KNOTS.);
#9869 = CARTESIAN_POINT('',(-17.175,0.,1.1));
#9870 = CARTESIAN_POINT('',(-20.175,0.,1.1));
#9871 = CARTESIAN_POINT('',(-20.175,0.,0.4));
#9872 = ORIENTED_EDGE('',*,*,#9873,.T.);
#9873 = EDGE_CURVE('',#9866,#9866,#9874,.T.);
#9874 = CIRCLE('',#9875,17.175);
#9875 = AXIS2_PLACEMENT_3D('',#9876,#9877,#9878);
#9876 = CARTESIAN_POINT('',(0.,2.4E-16,1.1));
#9877 = DIRECTION('',(0.,2.2E-16,1.));
#9878 = DIRECTION('',(-1.,0.,0.));
#9879 = ORIENTED_EDGE('',*,*,#9865,.T.);
#9880 = ORIENTED_EDGE('',*,*,#8017,.F.);
#9881 = ORIENTED_EDGE('',*,*,#8026,.F.);
#9882 = SURFACE_OF_REVOLUTION('',#9883,#9887);
#9883 = B_SPLINE_CURVE_WITH_KNOTS('',2,(#9884,#9885,#9886),
  .UNSPECIFIED.,.F.,.F.,(3,3),(0.,1.),.PIECEWISE_BEZIER_KNOTS.);
#9884 = CARTESIAN_POINT('',(-17.175,2.4E-16,1.1));
#9885 = CARTESIAN_POINT('',(-20.175,2.4E-16,1.1));
#9886 = CARTESIAN_POINT('',(-20.175,9.E-17,0.4));
#9887 = AXIS1_PLACEMENT('',#9888,#9889);
#9888 = CARTESIAN_POINT('',(0.,0.,0.));
#9889 = DIRECTION('',(0.,2.2E-16,1.));
#9890 = ADVANCED_FACE('',(#9891,#9897),#9931,.F.);
#9891 = FACE_BOUND('',#9892,.F.);
#9892 = EDGE_LOOP('',(#9893,#9894,#9895,#9896));
#9893 = ORIENTED_EDGE('',*,*,#8873,.F.);
#9894 = ORIENTED_EDGE('',*,*,#8945,.F.);
#9895 = ORIENTED_EDGE('',*,*,#8921,.F.);
#9896 = ORIENTED_EDGE('',*,*,#8897,.F.);
#9897 = FACE_BOUND('',#9898,.F.);
#9898 = EDGE_LOOP('',(#9899,#9909,#9917,#9925));
#9899 = ORIENTED_EDGE('',*,*,#9900,.T.);
#9900 = EDGE_CURVE('',#9901,#9903,#9905,.T.);
#9901 = VERTEX_POINT('',#9902);
#9902 = CARTESIAN_POINT('',(8.85,-3.5025,-2.16));
#9903 = VERTEX_POINT('',#9904);
#9904 = CARTESIAN_POINT('',(8.09,-3.5025,-2.16));
#9905 = LINE('',#9906,#9907);
#9906 = CARTESIAN_POINT('',(8.85,-3.5025,-2.16));
#9907 = VECTOR('',#9908,1.);
#9908 = DIRECTION('',(-1.,0.,0.));
#9909 = ORIENTED_EDGE('',*,*,#9910,.T.);
#9910 = EDGE_CURVE('',#9903,#9911,#9913,.T.);
#9911 = VERTEX_POINT('',#9912);
#9912 = CARTESIAN_POINT('',(8.09,2.8975,-2.16));
#9913 = LINE('',#9914,#9915);
#9914 = CARTESIAN_POINT('',(8.09,-3.5025,-2.16));
#9915 = VECTOR('',#9916,1.);
#9916 = DIRECTION('',(0.,1.,0.));
#9917 = ORIENTED_EDGE('',*,*,#9918,.T.);
#9918 = EDGE_CURVE('',#9911,#9919,#9921,.T.);
#9919 = VERTEX_POINT('',#9920);
#9920 = CARTESIAN_POINT('',(8.85,2.8975,-2.16));
#9921 = LINE('',#9922,#9923);
#9922 = CARTESIAN_POINT('',(8.09,2.8975,-2.16));
#9923 = VECTOR('',#9924,1.);
#9924 = DIRECTION('',(1.,0.,0.));
#9925 = ORIENTED_EDGE('',*,*,#9926,.T.);
#9926 = EDGE_CURVE('',#9919,#9901,#9927,.T.);
#9927 = LINE('',#9928,#9929);
#9928 = CARTESIAN_POINT('',(8.85,2.8975,-2.16));
#9929 = VECTOR('',#9930,1.);
#9930 = DIRECTION('',(0.,-1.,0.));
#9931 = PLANE('',#9932);
#9932 = AXIS2_PLACEMENT_3D('',#9933,#9934,#9935);
#9933 = CARTESIAN_POINT('',(8.47,-0.3025,-2.16));
#9934 = DIRECTION('',(0.,0.,1.));
#9935 = DIRECTION('',(1.,0.,0.));
#9936 = ADVANCED_FACE('',(#9937),#9947,.T.);
#9937 = FACE_BOUND('',#9938,.F.);
#9938 = EDGE_LOOP('',(#9939,#9940,#9941,#9942,#9943,#9944,#9945,#9946));
#9939 = ORIENTED_EDGE('',*,*,#9404,.T.);
#9940 = ORIENTED_EDGE('',*,*,#9428,.T.);
#9941 = ORIENTED_EDGE('',*,*,#9453,.T.);
#9942 = ORIENTED_EDGE('',*,*,#9477,.T.);
#9943 = ORIENTED_EDGE('',*,*,#9502,.T.);
#9944 = ORIENTED_EDGE('',*,*,#9526,.T.);
#9945 = ORIENTED_EDGE('',*,*,#9551,.T.);
#9946 = ORIENTED_EDGE('',*,*,#9575,.T.);
#9947 = PLANE('',#9948);
#9948 = AXIS2_PLACEMENT_3D('',#9949,#9950,#9951);
#9949 = CARTESIAN_POINT('',(5.934805554078E-17,14.993222922193,
    -1.016728488183));
#9950 = DIRECTION('',(0.,1.879441058664E-02,0.999823369466));
#9951 = DIRECTION('',(0.,0.999823369466,-1.879441058664E-02));
#9952 = ADVANCED_FACE('',(#9953),#9964,.T.);
#9953 = FACE_BOUND('',#9954,.T.);
#9954 = EDGE_LOOP('',(#9955,#9961,#9962,#9963));
#9955 = ORIENTED_EDGE('',*,*,#9956,.T.);
#9956 = EDGE_CURVE('',#9753,#9826,#9957,.T.);
#9957 = LINE('',#9958,#9959);
#9958 = CARTESIAN_POINT('',(-9.81,0.108142,-1.94));
#9959 = VECTOR('',#9960,1.);
#9960 = DIRECTION('',(0.,0.,-1.));
#9961 = ORIENTED_EDGE('',*,*,#9833,.T.);
#9962 = ORIENTED_EDGE('',*,*,#9783,.F.);
#9963 = ORIENTED_EDGE('',*,*,#9760,.F.);
#9964 = PLANE('',#9965);
#9965 = AXIS2_PLACEMENT_3D('',#9966,#9967,#9968);
#9966 = CARTESIAN_POINT('',(-9.81,0.108142,-1.94));
#9967 = DIRECTION('',(-1.,-0.,-0.));
#9968 = DIRECTION('',(0.,-1.,0.));
#9969 = ADVANCED_FACE('',(#9970),#9981,.T.);
#9970 = FACE_BOUND('',#9971,.T.);
#9971 = EDGE_LOOP('',(#9972,#9978,#9979,#9980));
#9972 = ORIENTED_EDGE('',*,*,#9973,.T.);
#9973 = EDGE_CURVE('',#9745,#9818,#9974,.T.);
#9974 = LINE('',#9975,#9976);
#9975 = CARTESIAN_POINT('',(-6.73,0.108142,-1.94));
#9976 = VECTOR('',#9977,1.);
#9977 = DIRECTION('',(0.,0.,-1.));
#9978 = ORIENTED_EDGE('',*,*,#9825,.T.);
#9979 = ORIENTED_EDGE('',*,*,#9956,.F.);
#9980 = ORIENTED_EDGE('',*,*,#9752,.F.);
#9981 = PLANE('',#9982);
#9982 = AXIS2_PLACEMENT_3D('',#9983,#9984,#9985);
#9983 = CARTESIAN_POINT('',(-6.73,0.108142,-1.94));
#9984 = DIRECTION('',(0.,1.,0.));
#9985 = DIRECTION('',(-1.,0.,0.));
#9986 = ADVANCED_FACE('',(#9987),#9993,.T.);
#9987 = FACE_BOUND('',#9988,.T.);
#9988 = EDGE_LOOP('',(#9989,#9990,#9991,#9992));
#9989 = ORIENTED_EDGE('',*,*,#9851,.T.);
#9990 = ORIENTED_EDGE('',*,*,#9817,.T.);
#9991 = ORIENTED_EDGE('',*,*,#9973,.F.);
#9992 = ORIENTED_EDGE('',*,*,#9744,.F.);
#9993 = PLANE('',#9994);
#9994 = AXIS2_PLACEMENT_3D('',#9995,#9996,#9997);
#9995 = CARTESIAN_POINT('',(-6.73,-0.891858,-1.94));
#9996 = DIRECTION('',(1.,0.,0.));
#9997 = DIRECTION('',(0.,1.,0.));
#9998 = ADVANCED_FACE('',(#9999),#10002,.T.);
#9999 = FACE_BOUND('',#10000,.F.);
#10000 = EDGE_LOOP('',(#10001));
#10001 = ORIENTED_EDGE('',*,*,#9873,.F.);
#10002 = PLANE('',#10003);
#10003 = AXIS2_PLACEMENT_3D('',#10004,#10005,#10006);
#10004 = CARTESIAN_POINT('',(0.,2.4E-16,1.1));
#10005 = DIRECTION('',(0.,2.2E-16,1.));
#10006 = DIRECTION('',(-1.,-0.,-0.));
#10007 = ADVANCED_FACE('',(#10008),#10033,.F.);
#10008 = FACE_BOUND('',#10009,.F.);
#10009 = EDGE_LOOP('',(#10010,#10018,#10026,#10032));
#10010 = ORIENTED_EDGE('',*,*,#10011,.T.);
#10011 = EDGE_CURVE('',#9901,#10012,#10014,.T.);
#10012 = VERTEX_POINT('',#10013);
#10013 = CARTESIAN_POINT('',(8.85,-3.5025,-1.86));
#10014 = LINE('',#10015,#10016);
#10015 = CARTESIAN_POINT('',(8.85,-3.5025,-2.16));
#10016 = VECTOR('',#10017,1.);
#10017 = DIRECTION('',(0.,0.,1.));
#10018 = ORIENTED_EDGE('',*,*,#10019,.T.);
#10019 = EDGE_CURVE('',#10012,#10020,#10022,.T.);
#10020 = VERTEX_POINT('',#10021);
#10021 = CARTESIAN_POINT('',(8.09,-3.5025,-1.86));
#10022 = LINE('',#10023,#10024);
#10023 = CARTESIAN_POINT('',(8.85,-3.5025,-1.86));
#10024 = VECTOR('',#10025,1.);
#10025 = DIRECTION('',(-1.,0.,0.));
#10026 = ORIENTED_EDGE('',*,*,#10027,.F.);
#10027 = EDGE_CURVE('',#9903,#10020,#10028,.T.);
#10028 = LINE('',#10029,#10030);
#10029 = CARTESIAN_POINT('',(8.09,-3.5025,-2.16));
#10030 = VECTOR('',#10031,1.);
#10031 = DIRECTION('',(0.,0.,1.));
#10032 = ORIENTED_EDGE('',*,*,#9900,.F.);
#10033 = PLANE('',#10034);
#10034 = AXIS2_PLACEMENT_3D('',#10035,#10036,#10037);
#10035 = CARTESIAN_POINT('',(8.85,-3.5025,-2.16));
#10036 = DIRECTION('',(0.,-1.,0.));
#10037 = DIRECTION('',(-1.,0.,0.));
#10038 = ADVANCED_FACE('',(#10039),#10057,.F.);
#10039 = FACE_BOUND('',#10040,.F.);
#10040 = EDGE_LOOP('',(#10041,#10049,#10055,#10056));
#10041 = ORIENTED_EDGE('',*,*,#10042,.T.);
#10042 = EDGE_CURVE('',#9919,#10043,#10045,.T.);
#10043 = VERTEX_POINT('',#10044);
#10044 = CARTESIAN_POINT('',(8.85,2.8975,-1.86));
#10045 = LINE('',#10046,#10047);
#10046 = CARTESIAN_POINT('',(8.85,2.8975,-2.16));
#10047 = VECTOR('',#10048,1.);
#10048 = DIRECTION('',(0.,0.,1.));
#10049 = ORIENTED_EDGE('',*,*,#10050,.T.);
#10050 = EDGE_CURVE('',#10043,#10012,#10051,.T.);
#10051 = LINE('',#10052,#10053);
#10052 = CARTESIAN_POINT('',(8.85,2.8975,-1.86));
#10053 = VECTOR('',#10054,1.);
#10054 = DIRECTION('',(0.,-1.,0.));
#10055 = ORIENTED_EDGE('',*,*,#10011,.F.);
#10056 = ORIENTED_EDGE('',*,*,#9926,.F.);
#10057 = PLANE('',#10058);
#10058 = AXIS2_PLACEMENT_3D('',#10059,#10060,#10061);
#10059 = CARTESIAN_POINT('',(8.85,2.8975,-2.16));
#10060 = DIRECTION('',(1.,0.,0.));
#10061 = DIRECTION('',(0.,-1.,0.));
#10062 = ADVANCED_FACE('',(#10063),#10081,.F.);
#10063 = FACE_BOUND('',#10064,.F.);
#10064 = EDGE_LOOP('',(#10065,#10073,#10079,#10080));
#10065 = ORIENTED_EDGE('',*,*,#10066,.T.);
#10066 = EDGE_CURVE('',#9911,#10067,#10069,.T.);
#10067 = VERTEX_POINT('',#10068);
#10068 = CARTESIAN_POINT('',(8.09,2.8975,-1.86));
#10069 = LINE('',#10070,#10071);
#10070 = CARTESIAN_POINT('',(8.09,2.8975,-2.16));
#10071 = VECTOR('',#10072,1.);
#10072 = DIRECTION('',(0.,0.,1.));
#10073 = ORIENTED_EDGE('',*,*,#10074,.T.);
#10074 = EDGE_CURVE('',#10067,#10043,#10075,.T.);
#10075 = LINE('',#10076,#10077);
#10076 = CARTESIAN_POINT('',(8.09,2.8975,-1.86));
#10077 = VECTOR('',#10078,1.);
#10078 = DIRECTION('',(1.,0.,0.));
#10079 = ORIENTED_EDGE('',*,*,#10042,.F.);
#10080 = ORIENTED_EDGE('',*,*,#9918,.F.);
#10081 = PLANE('',#10082);
#10082 = AXIS2_PLACEMENT_3D('',#10083,#10084,#10085);
#10083 = CARTESIAN_POINT('',(8.09,2.8975,-2.16));
#10084 = DIRECTION('',(0.,1.,0.));
#10085 = DIRECTION('',(1.,0.,0.));
#10086 = ADVANCED_FACE('',(#10087),#10098,.F.);
#10087 = FACE_BOUND('',#10088,.F.);
#10088 = EDGE_LOOP('',(#10089,#10090,#10096,#10097));
#10089 = ORIENTED_EDGE('',*,*,#10027,.T.);
#10090 = ORIENTED_EDGE('',*,*,#10091,.T.);
#10091 = EDGE_CURVE('',#10020,#10067,#10092,.T.);
#10092 = LINE('',#10093,#10094);
#10093 = CARTESIAN_POINT('',(8.09,-3.5025,-1.86));
#10094 = VECTOR('',#10095,1.);
#10095 = DIRECTION('',(0.,1.,0.));
#10096 = ORIENTED_EDGE('',*,*,#10066,.F.);
#10097 = ORIENTED_EDGE('',*,*,#9910,.F.);
#10098 = PLANE('',#10099);
#10099 = AXIS2_PLACEMENT_3D('',#10100,#10101,#10102);
#10100 = CARTESIAN_POINT('',(8.09,-3.5025,-2.16));
#10101 = DIRECTION('',(-1.,0.,0.));
#10102 = DIRECTION('',(0.,1.,0.));
#10103 = ADVANCED_FACE('',(#10104),#10110,.F.);
#10104 = FACE_BOUND('',#10105,.T.);
#10105 = EDGE_LOOP('',(#10106,#10107,#10108,#10109));
#10106 = ORIENTED_EDGE('',*,*,#10091,.T.);
#10107 = ORIENTED_EDGE('',*,*,#10074,.T.);
#10108 = ORIENTED_EDGE('',*,*,#10050,.T.);
#10109 = ORIENTED_EDGE('',*,*,#10019,.T.);
#10110 = PLANE('',#10111);
#10111 = AXIS2_PLACEMENT_3D('',#10112,#10113,#10114);
#10112 = CARTESIAN_POINT('',(8.47,-0.3025,-1.86));
#10113 = DIRECTION('',(0.,0.,1.));
#10114 = DIRECTION('',(1.,0.,0.));
#10115 = ( GEOMETRIC_REPRESENTATION_CONTEXT(3) 
GLOBAL_UNCERTAINTY_ASSIGNED_CONTEXT((#10119)) 
GLOBAL_UNIT_ASSIGNED_CONTEXT((#10116,#10117,#10118)) 
REPRESENTATION_CONTEXT('Context #1',
  '3D Context with UNIT and UNCERTAINTY') );
#10116 = ( LENGTH_UNIT() NAMED_UNIT(*) SI_UNIT(.MILLI.,.METRE.) );
#10117 = ( NAMED_UNIT(*) PLANE_ANGLE_UNIT() SI_UNIT($,.RADIAN.) );
#10118 = ( NAMED_UNIT(*) SI_UNIT($,.STERADIAN.) SOLID_ANGLE_UNIT() );
#10119 = UNCERTAINTY_MEASURE_WITH_UNIT(LENGTH_MEASURE(1.E-05),#10116,
  'distance_accuracy_value','confusion accuracy');
#10120 = PRODUCT_RELATED_PRODUCT_CATEGORY('part',$,(#7));
#10121 = MECHANICAL_DESIGN_GEOMETRIC_PRESENTATION_REPRESENTATION('',(
    #10122),#10115);
#10122 = STYLED_ITEM('color',(#10123),#15);
#10123 = PRESENTATION_STYLE_ASSIGNMENT((#10124,#10132));
#10124 = SURFACE_STYLE_USAGE(.BOTH.,#10125);
#10125 = SURFACE_SIDE_STYLE('',(#10126,#10130));
#10126 = SURFACE_STYLE_FILL_AREA(#10127);
#10127 = FILL_AREA_STYLE('',(#10128));
#10128 = FILL_AREA_STYLE_COLOUR('',#10129);
#10129 = COLOUR_RGB('',0.447058818107,0.474509808674,0.501960817233);
#10130 = SURFACE_STYLE_RENDERING_WITH_PROPERTIES(.NORMAL_SHADING.,#10129
  ,(#10131));
#10131 = SURFACE_STYLE_TRANSPARENT(0.699999988079);
#10132 = CURVE_STYLE('',#10133,POSITIVE_LENGTH_MEASURE(0.1),#10134);
#10133 = DRAUGHTING_PRE_DEFINED_CURVE_FONT('continuous');
#10134 = COLOUR_RGB('',9.803921802644E-02,9.803921802644E-02,
  9.803921802644E-02);
ENDSEC;
END-ISO-10303-21;
