ISO-10303-21;
HEADER;
FILE_DESCRIPTION(('STEP AP242'),'1');
FILE_NAME('5050701222.stp','2025-02-10T06:39:11',('TraceParts'),('TraceParts S.A.'),'Spatial InterOp 3D',' ',' ');
FILE_SCHEMA(('AP242_MANAGED_MODEL_BASED_3D_ENGINEERING_MIM_LF  {1 0 10303 442 1 1 4}'));
ENDSEC;
DATA;
#1=MECHANICAL_DESIGN_GEOMETRIC_PRESENTATION_REPRESENTATION(' ',(#10),#6);
#2=PRODUCT_DEFINITION_CONTEXT('',#11,'design');
#3=APPLICATION_PROTOCOL_DEFINITION('INTERNATIONAL STANDARD','ap242_managed_model_based_3d_engineering',2014,#11);
#4=PRODUCT_CATEGORY_RELATIONSHIP('NONE','NONE',#12,#13);
#5=SHAPE_DEFINITION_REPRESENTATION(#14,#15);
#6= (GEOMETRIC_REPRESENTATION_CONTEXT(3)GLOBAL_UNCERTAINTY_ASSIGNED_CONTEXT((#18))GLOBAL_UNIT_ASSIGNED_CONTEXT((#20,#21,#22))REPRESENTATION_CONTEXT('NONE','WORKSPACE'));
#10=STYLED_ITEM('',(#24),#25);
#11=APPLICATION_CONTEXT('managed model based 3d engineering');
#12=PRODUCT_CATEGORY('part','NONE');
#13=PRODUCT_RELATED_PRODUCT_CATEGORY('detail',' ',(#26));
#14=PRODUCT_DEFINITION_SHAPE('NONE','NONE',#27);
#15=ADVANCED_BREP_SHAPE_REPRESENTATION('5050701222',(#25,#28),#6);
#18=UNCERTAINTY_MEASURE_WITH_UNIT(LENGTH_MEASURE(1.0E-06),#20,'','');
#20= (CONVERSION_BASED_UNIT('MILLIMETRE',#31)LENGTH_UNIT()NAMED_UNIT(#34));
#21= (NAMED_UNIT(#36)PLANE_ANGLE_UNIT()SI_UNIT($,.RADIAN.));
#22= (NAMED_UNIT(#36)SOLID_ANGLE_UNIT()SI_UNIT($,.STERADIAN.));
#24=PRESENTATION_STYLE_ASSIGNMENT((#42));
#25=MANIFOLD_SOLID_BREP('5050701222',#43);
#26=PRODUCT('5050701222','','PART--DESC',(#44));
#27=PRODUCT_DEFINITION('','NONE',#45,#2);
#28=AXIS2_PLACEMENT_3D('',#46,#47,#48);
#31=LENGTH_MEASURE_WITH_UNIT(LENGTH_MEASURE(1.0),#49);
#34=DIMENSIONAL_EXPONENTS(1.0,0.0,0.0,0.0,0.0,0.0,0.0);
#36=DIMENSIONAL_EXPONENTS(0.0,0.0,0.0,0.0,0.0,0.0,0.0);
#42=SURFACE_STYLE_USAGE(.BOTH.,#50);
#43=CLOSED_SHELL('',(#51,#52,#53,#54,#55,#56,#57,#58,#59,#60,#61,#62,#63,#64,#65,#66,#67,#68,#69,#70,#71,#72,#73,#74,#75,#76,#77,#78,#79,#80,#81,#82,#83,#84,#85,#86,#87,#88,#89,#90,#91,#92,#93,#94,#95,#96,#97,#98,#99,#100,#101,#102,#103,#104,#105,#106,#107,#108,#109,#110,#111,#112,#113,#114,#115,#116,#117,#118,#119,#120,#121,#122,#123,#124,#125,#126,#127,#128,#129,#130,#131,#132,#133,#134,#135,#136,#137,#138,#139,#140,#141,#142,#143,#144,#145,#146,#147,#148,#149,#150,#151,#152,#153,#154,#155,#156,#157,#158,#159,#160,#161,#162,#163,#164,#165,#166,#167,#168,#169,#170,#171,#172,#173,#174,#175,#176,#177,#178,#179,#180,#181,#182,#183,#184,#185,#186,#187,#188,#189,#190,#191,#192,#193,#194,#195,#196,#197,#198,#199,#200,#201,#202,#203,#204,#205,#206,#207,#208,#209,#210,#211,#212,#213,#214,#215,#216,#217,#218,#219,#220,#221,#222,#223,#224,#225,#226,#227,#228,#229,#230,#231,#232,#233,#234,#235,#236,#237,#238,#239,#240,#241,#242,#243,#244,#245,#246,#247,#248,#249,#250,#251,#252,#253,#254,#255,#256,#257,#258,#259,#260,#261,#262,#263,#264,#265,#266,#267,#268,#269,#270,#271,#272,#273,#274,#275,#276,#277,#278,#279,#280,#281,#282,#283,#284,#285,#286,#287,#288,#289,#290,#291,#292,#293,#294,#295,#296,#297,#298,#299,#300,#301,#302,#303,#304,#305,#306,#307,#308,#309,#310,#311,#312,#313,#314,#315,#316,#317,#318,#319,#320,#321,#322,#323,#324,#325,#326,#327,#328,#329,#330,#331,#332,#333,#334,#335,#336,#337,#338,#339,#340,#341,#342,#343,#344,#345,#346,#347,#348,#349,#350,#351,#352,#353,#354,#355,#356,#357,#358,#359,#360,#361,#362,#363,#364,#365,#366,#367,#368,#369,#370,#371,#372,#373,#374,#375,#376,#377,#378,#379,#380,#381,#382,#383,#384,#385,#386,#387,#388,#389,#390,#391,#392,#393,#394,#395,#396,#397,#398,#399,#400,#401,#402,#403,#404,#405,#406,#407,#408,#409,#410,#411,#412,#413,#414,#415,#416,#417,#418,#419,#420,#421,#422,#423,#424,#425,#426,#427,#428,#429,#430,#431,#432,#433,#434,#435,#436,#437,#438,#439,#440,#441,#442,#443,#444,#445,#446,#447,#448,#449,#450,#451,#452,#453,#454,#455,#456,#457,#458,#459,#460,#461,#462,#463,#464,#465,#466,#467,#468,#469,#470,#471,#472,#473,#474,#475,#476,#477,#478,#479,#480,#481,#482,#483,#484,#485,#486,#487,#488,#489,#490,#491,#492,#493,#494,#495,#496,#497,#498,#499,#500,#501,#502,#503,#504,#505,#506,#507,#508,#509,#510,#511,#512,#513,#514,#515,#516,#517,#518,#519,#520,#521,#522,#523,#524,#525,#526,#527,#528,#529,#530,#531,#532,#533,#534,#535,#536,#537,#538,#539,#540,#541,#542,#543,#544,#545,#546,#547,#548,#549,#550,#551,#552,#553,#554,#555,#556,#557,#558,#559,#560));
#44=PRODUCT_CONTEXT('',#11,'mechanical');
#45=PRODUCT_DEFINITION_FORMATION_WITH_SPECIFIED_SOURCE(' ','NONE',#26,.NOT_KNOWN.);
#46=CARTESIAN_POINT('',(0.0,0.0,0.0));
#47=DIRECTION('',(0.0,0.0,1.0));
#48=DIRECTION('',(1.0,0.0,0.0));
#49= (NAMED_UNIT(#34)LENGTH_UNIT()SI_UNIT(.MILLI.,.METRE.));
#50=SURFACE_SIDE_STYLE('',(#562));
#51=ADVANCED_FACE('',(#563),#564,.F.);
#52=ADVANCED_FACE('',(#565),#566,.F.);
#53=ADVANCED_FACE('',(#567),#568,.F.);
#54=ADVANCED_FACE('',(#569),#570,.F.);
#55=ADVANCED_FACE('',(#571),#572,.F.);
#56=ADVANCED_FACE('',(#573),#574,.F.);
#57=ADVANCED_FACE('',(#575),#576,.F.);
#58=ADVANCED_FACE('',(#577),#578,.F.);
#59=ADVANCED_FACE('',(#579),#580,.F.);
#60=ADVANCED_FACE('',(#581),#582,.F.);
#61=ADVANCED_FACE('',(#583),#584,.F.);
#62=ADVANCED_FACE('',(#585),#586,.F.);
#63=ADVANCED_FACE('',(#587),#588,.F.);
#64=ADVANCED_FACE('',(#589),#590,.F.);
#65=ADVANCED_FACE('',(#591),#592,.F.);
#66=ADVANCED_FACE('',(#593),#594,.F.);
#67=ADVANCED_FACE('',(#595),#596,.F.);
#68=ADVANCED_FACE('',(#597),#598,.F.);
#69=ADVANCED_FACE('',(#599),#600,.F.);
#70=ADVANCED_FACE('',(#601),#602,.F.);
#71=ADVANCED_FACE('',(#603),#604,.F.);
#72=ADVANCED_FACE('',(#605),#606,.F.);
#73=ADVANCED_FACE('',(#607),#608,.F.);
#74=ADVANCED_FACE('',(#609),#610,.F.);
#75=ADVANCED_FACE('',(#611),#612,.F.);
#76=ADVANCED_FACE('',(#613),#614,.F.);
#77=ADVANCED_FACE('',(#615),#616,.F.);
#78=ADVANCED_FACE('',(#617),#618,.F.);
#79=ADVANCED_FACE('',(#619),#620,.F.);
#80=ADVANCED_FACE('',(#621),#622,.F.);
#81=ADVANCED_FACE('',(#623),#624,.F.);
#82=ADVANCED_FACE('',(#625),#626,.F.);
#83=ADVANCED_FACE('',(#627),#628,.F.);
#84=ADVANCED_FACE('',(#629),#630,.F.);
#85=ADVANCED_FACE('',(#631),#632,.F.);
#86=ADVANCED_FACE('',(#633),#634,.T.);
#87=ADVANCED_FACE('',(#635),#636,.T.);
#88=ADVANCED_FACE('',(#637),#638,.F.);
#89=ADVANCED_FACE('',(#639),#640,.F.);
#90=ADVANCED_FACE('',(#641),#642,.F.);
#91=ADVANCED_FACE('',(#643),#644,.F.);
#92=ADVANCED_FACE('',(#645),#646,.F.);
#93=ADVANCED_FACE('',(#647),#648,.F.);
#94=ADVANCED_FACE('',(#649),#650,.F.);
#95=ADVANCED_FACE('',(#651),#652,.F.);
#96=ADVANCED_FACE('',(#653),#654,.F.);
#97=ADVANCED_FACE('',(#655),#656,.F.);
#98=ADVANCED_FACE('',(#657),#658,.F.);
#99=ADVANCED_FACE('',(#659),#660,.T.);
#100=ADVANCED_FACE('',(#661),#662,.T.);
#101=ADVANCED_FACE('',(#663),#664,.F.);
#102=ADVANCED_FACE('',(#665),#666,.F.);
#103=ADVANCED_FACE('',(#667),#668,.F.);
#104=ADVANCED_FACE('',(#669),#670,.F.);
#105=ADVANCED_FACE('',(#671),#672,.F.);
#106=ADVANCED_FACE('',(#673),#674,.F.);
#107=ADVANCED_FACE('',(#675),#676,.F.);
#108=ADVANCED_FACE('',(#677),#678,.T.);
#109=ADVANCED_FACE('',(#679),#680,.F.);
#110=ADVANCED_FACE('',(#681),#682,.F.);
#111=ADVANCED_FACE('',(#683),#684,.T.);
#112=ADVANCED_FACE('',(#685),#686,.T.);
#113=ADVANCED_FACE('',(#687),#688,.T.);
#114=ADVANCED_FACE('',(#689),#690,.T.);
#115=ADVANCED_FACE('',(#691),#692,.T.);
#116=ADVANCED_FACE('',(#693),#694,.T.);
#117=ADVANCED_FACE('',(#695),#696,.T.);
#118=ADVANCED_FACE('',(#697),#698,.T.);
#119=ADVANCED_FACE('',(#699),#700,.T.);
#120=ADVANCED_FACE('',(#701),#702,.T.);
#121=ADVANCED_FACE('',(#703),#704,.T.);
#122=ADVANCED_FACE('',(#705),#706,.T.);
#123=ADVANCED_FACE('',(#707),#708,.T.);
#124=ADVANCED_FACE('',(#709),#710,.T.);
#125=ADVANCED_FACE('',(#711),#712,.T.);
#126=ADVANCED_FACE('',(#713),#714,.T.);
#127=ADVANCED_FACE('',(#715),#716,.T.);
#128=ADVANCED_FACE('',(#717),#718,.T.);
#129=ADVANCED_FACE('',(#719),#720,.T.);
#130=ADVANCED_FACE('',(#721),#722,.T.);
#131=ADVANCED_FACE('',(#723),#724,.F.);
#132=ADVANCED_FACE('',(#725),#726,.F.);
#133=ADVANCED_FACE('',(#727),#728,.T.);
#134=ADVANCED_FACE('',(#729),#730,.T.);
#135=ADVANCED_FACE('',(#731),#732,.T.);
#136=ADVANCED_FACE('',(#733),#734,.T.);
#137=ADVANCED_FACE('',(#735),#736,.F.);
#138=ADVANCED_FACE('',(#737),#738,.F.);
#139=ADVANCED_FACE('',(#739),#740,.F.);
#140=ADVANCED_FACE('',(#741),#742,.F.);
#141=ADVANCED_FACE('',(#743),#744,.T.);
#142=ADVANCED_FACE('',(#745),#746,.F.);
#143=ADVANCED_FACE('',(#747),#748,.T.);
#144=ADVANCED_FACE('',(#749),#750,.T.);
#145=ADVANCED_FACE('',(#751),#752,.F.);
#146=ADVANCED_FACE('',(#753),#754,.F.);
#147=ADVANCED_FACE('',(#755),#756,.F.);
#148=ADVANCED_FACE('',(#757),#758,.F.);
#149=ADVANCED_FACE('',(#759),#760,.T.);
#150=ADVANCED_FACE('',(#761),#762,.F.);
#151=ADVANCED_FACE('',(#763),#764,.F.);
#152=ADVANCED_FACE('',(#765),#766,.F.);
#153=ADVANCED_FACE('',(#767),#768,.F.);
#154=ADVANCED_FACE('',(#769),#770,.F.);
#155=ADVANCED_FACE('',(#771),#772,.F.);
#156=ADVANCED_FACE('',(#773),#774,.F.);
#157=ADVANCED_FACE('',(#775),#776,.F.);
#158=ADVANCED_FACE('',(#777),#778,.F.);
#159=ADVANCED_FACE('',(#779),#780,.F.);
#160=ADVANCED_FACE('',(#781),#782,.F.);
#161=ADVANCED_FACE('',(#783),#784,.F.);
#162=ADVANCED_FACE('',(#785),#786,.F.);
#163=ADVANCED_FACE('',(#787),#788,.T.);
#164=ADVANCED_FACE('',(#789),#790,.F.);
#165=ADVANCED_FACE('',(#791),#792,.F.);
#166=ADVANCED_FACE('',(#793),#794,.F.);
#167=ADVANCED_FACE('',(#795),#796,.F.);
#168=ADVANCED_FACE('',(#797),#798,.F.);
#169=ADVANCED_FACE('',(#799),#800,.F.);
#170=ADVANCED_FACE('',(#801),#802,.T.);
#171=ADVANCED_FACE('',(#803),#804,.F.);
#172=ADVANCED_FACE('',(#805),#806,.F.);
#173=ADVANCED_FACE('',(#807),#808,.T.);
#174=ADVANCED_FACE('',(#809),#810,.T.);
#175=ADVANCED_FACE('',(#811),#812,.F.);
#176=ADVANCED_FACE('',(#813),#814,.F.);
#177=ADVANCED_FACE('',(#815),#816,.T.);
#178=ADVANCED_FACE('',(#817),#818,.F.);
#179=ADVANCED_FACE('',(#819),#820,.F.);
#180=ADVANCED_FACE('',(#821),#822,.T.);
#181=ADVANCED_FACE('',(#823),#824,.F.);
#182=ADVANCED_FACE('',(#825),#826,.F.);
#183=ADVANCED_FACE('',(#827),#828,.F.);
#184=ADVANCED_FACE('',(#829),#830,.F.);
#185=ADVANCED_FACE('',(#831),#832,.F.);
#186=ADVANCED_FACE('',(#833),#834,.F.);
#187=ADVANCED_FACE('',(#835),#836,.F.);
#188=ADVANCED_FACE('',(#837),#838,.F.);
#189=ADVANCED_FACE('',(#839),#840,.F.);
#190=ADVANCED_FACE('',(#841),#842,.F.);
#191=ADVANCED_FACE('',(#843),#844,.F.);
#192=ADVANCED_FACE('',(#845),#846,.T.);
#193=ADVANCED_FACE('',(#847),#848,.T.);
#194=ADVANCED_FACE('',(#849),#850,.T.);
#195=ADVANCED_FACE('',(#851),#852,.T.);
#196=ADVANCED_FACE('',(#853),#854,.T.);
#197=ADVANCED_FACE('',(#855),#856,.T.);
#198=ADVANCED_FACE('',(#857),#858,.T.);
#199=ADVANCED_FACE('',(#859),#860,.T.);
#200=ADVANCED_FACE('',(#861),#862,.T.);
#201=ADVANCED_FACE('',(#863),#864,.F.);
#202=ADVANCED_FACE('',(#865),#866,.F.);
#203=ADVANCED_FACE('',(#867),#868,.T.);
#204=ADVANCED_FACE('',(#869),#870,.F.);
#205=ADVANCED_FACE('',(#871),#872,.T.);
#206=ADVANCED_FACE('',(#873),#874,.F.);
#207=ADVANCED_FACE('',(#875),#876,.F.);
#208=ADVANCED_FACE('',(#877),#878,.F.);
#209=ADVANCED_FACE('',(#879),#880,.F.);
#210=ADVANCED_FACE('',(#881),#882,.F.);
#211=ADVANCED_FACE('',(#883),#884,.F.);
#212=ADVANCED_FACE('',(#885),#886,.F.);
#213=ADVANCED_FACE('',(#887),#888,.F.);
#214=ADVANCED_FACE('',(#889),#890,.F.);
#215=ADVANCED_FACE('',(#891),#892,.F.);
#216=ADVANCED_FACE('',(#893),#894,.F.);
#217=ADVANCED_FACE('',(#895),#896,.F.);
#218=ADVANCED_FACE('',(#897),#898,.F.);
#219=ADVANCED_FACE('',(#899),#900,.F.);
#220=ADVANCED_FACE('',(#901),#902,.F.);
#221=ADVANCED_FACE('',(#903),#904,.F.);
#222=ADVANCED_FACE('',(#905),#906,.F.);
#223=ADVANCED_FACE('',(#907),#908,.F.);
#224=ADVANCED_FACE('',(#909),#910,.F.);
#225=ADVANCED_FACE('',(#911),#912,.F.);
#226=ADVANCED_FACE('',(#913),#914,.F.);
#227=ADVANCED_FACE('',(#915),#916,.F.);
#228=ADVANCED_FACE('',(#917),#918,.F.);
#229=ADVANCED_FACE('',(#919),#920,.F.);
#230=ADVANCED_FACE('',(#921),#922,.F.);
#231=ADVANCED_FACE('',(#923),#924,.F.);
#232=ADVANCED_FACE('',(#925),#926,.T.);
#233=ADVANCED_FACE('',(#927),#928,.T.);
#234=ADVANCED_FACE('',(#929),#930,.T.);
#235=ADVANCED_FACE('',(#931),#932,.T.);
#236=ADVANCED_FACE('',(#933),#934,.F.);
#237=ADVANCED_FACE('',(#935),#936,.F.);
#238=ADVANCED_FACE('',(#937),#938,.F.);
#239=ADVANCED_FACE('',(#939),#940,.F.);
#240=ADVANCED_FACE('',(#941),#942,.T.);
#241=ADVANCED_FACE('',(#943),#944,.T.);
#242=ADVANCED_FACE('',(#945),#946,.T.);
#243=ADVANCED_FACE('',(#947),#948,.F.);
#244=ADVANCED_FACE('',(#949),#950,.T.);
#245=ADVANCED_FACE('',(#951),#952,.T.);
#246=ADVANCED_FACE('',(#953),#954,.F.);
#247=ADVANCED_FACE('',(#955),#956,.T.);
#248=ADVANCED_FACE('',(#957),#958,.T.);
#249=ADVANCED_FACE('',(#959),#960,.T.);
#250=ADVANCED_FACE('',(#961),#962,.T.);
#251=ADVANCED_FACE('',(#963),#964,.T.);
#252=ADVANCED_FACE('',(#965),#966,.T.);
#253=ADVANCED_FACE('',(#967),#968,.T.);
#254=ADVANCED_FACE('',(#969),#970,.T.);
#255=ADVANCED_FACE('',(#971),#972,.T.);
#256=ADVANCED_FACE('',(#973),#974,.T.);
#257=ADVANCED_FACE('',(#975),#976,.T.);
#258=ADVANCED_FACE('',(#977),#978,.T.);
#259=ADVANCED_FACE('',(#979),#980,.T.);
#260=ADVANCED_FACE('',(#981),#982,.T.);
#261=ADVANCED_FACE('',(#983),#984,.T.);
#262=ADVANCED_FACE('',(#985),#986,.F.);
#263=ADVANCED_FACE('',(#987),#988,.T.);
#264=ADVANCED_FACE('',(#989),#990,.F.);
#265=ADVANCED_FACE('',(#991),#992,.T.);
#266=ADVANCED_FACE('',(#993),#994,.T.);
#267=ADVANCED_FACE('',(#995),#996,.F.);
#268=ADVANCED_FACE('',(#997),#998,.F.);
#269=ADVANCED_FACE('',(#999),#1000,.T.);
#270=ADVANCED_FACE('',(#1001),#1002,.T.);
#271=ADVANCED_FACE('',(#1003),#1004,.F.);
#272=ADVANCED_FACE('',(#1005),#1006,.T.);
#273=ADVANCED_FACE('',(#1007),#1008,.T.);
#274=ADVANCED_FACE('',(#1009),#1010,.T.);
#275=ADVANCED_FACE('',(#1011),#1012,.F.);
#276=ADVANCED_FACE('',(#1013),#1014,.T.);
#277=ADVANCED_FACE('',(#1015),#1016,.T.);
#278=ADVANCED_FACE('',(#1017),#1018,.T.);
#279=ADVANCED_FACE('',(#1019),#1020,.T.);
#280=ADVANCED_FACE('',(#1021),#1022,.F.);
#281=ADVANCED_FACE('',(#1023),#1024,.F.);
#282=ADVANCED_FACE('',(#1025),#1026,.F.);
#283=ADVANCED_FACE('',(#1027),#1028,.T.);
#284=ADVANCED_FACE('',(#1029),#1030,.F.);
#285=ADVANCED_FACE('',(#1031),#1032,.T.);
#286=ADVANCED_FACE('',(#1033),#1034,.F.);
#287=ADVANCED_FACE('',(#1035),#1036,.T.);
#288=ADVANCED_FACE('',(#1037),#1038,.F.);
#289=ADVANCED_FACE('',(#1039),#1040,.T.);
#290=ADVANCED_FACE('',(#1041),#1042,.T.);
#291=ADVANCED_FACE('',(#1043),#1044,.T.);
#292=ADVANCED_FACE('',(#1045),#1046,.T.);
#293=ADVANCED_FACE('',(#1047),#1048,.T.);
#294=ADVANCED_FACE('',(#1049),#1050,.T.);
#295=ADVANCED_FACE('',(#1051),#1052,.T.);
#296=ADVANCED_FACE('',(#1053),#1054,.T.);
#297=ADVANCED_FACE('',(#1055),#1056,.T.);
#298=ADVANCED_FACE('',(#1057),#1058,.T.);
#299=ADVANCED_FACE('',(#1059),#1060,.T.);
#300=ADVANCED_FACE('',(#1061),#1062,.T.);
#301=ADVANCED_FACE('',(#1063),#1064,.T.);
#302=ADVANCED_FACE('',(#1065),#1066,.F.);
#303=ADVANCED_FACE('',(#1067),#1068,.F.);
#304=ADVANCED_FACE('',(#1069),#1070,.F.);
#305=ADVANCED_FACE('',(#1071),#1072,.F.);
#306=ADVANCED_FACE('',(#1073),#1074,.T.);
#307=ADVANCED_FACE('',(#1075),#1076,.T.);
#308=ADVANCED_FACE('',(#1077),#1078,.T.);
#309=ADVANCED_FACE('',(#1079),#1080,.T.);
#310=ADVANCED_FACE('',(#1081),#1082,.T.);
#311=ADVANCED_FACE('',(#1083),#1084,.F.);
#312=ADVANCED_FACE('',(#1085),#1086,.F.);
#313=ADVANCED_FACE('',(#1087),#1088,.F.);
#314=ADVANCED_FACE('',(#1089),#1090,.F.);
#315=ADVANCED_FACE('',(#1091),#1092,.T.);
#316=ADVANCED_FACE('',(#1093),#1094,.F.);
#317=ADVANCED_FACE('',(#1095),#1096,.F.);
#318=ADVANCED_FACE('',(#1097),#1098,.F.);
#319=ADVANCED_FACE('',(#1099),#1100,.F.);
#320=ADVANCED_FACE('',(#1101),#1102,.F.);
#321=ADVANCED_FACE('',(#1103),#1104,.F.);
#322=ADVANCED_FACE('',(#1105),#1106,.F.);
#323=ADVANCED_FACE('',(#1107),#1108,.F.);
#324=ADVANCED_FACE('',(#1109),#1110,.F.);
#325=ADVANCED_FACE('',(#1111),#1112,.T.);
#326=ADVANCED_FACE('',(#1113),#1114,.T.);
#327=ADVANCED_FACE('',(#1115),#1116,.T.);
#328=ADVANCED_FACE('',(#1117),#1118,.T.);
#329=ADVANCED_FACE('',(#1119),#1120,.T.);
#330=ADVANCED_FACE('',(#1121),#1122,.T.);
#331=ADVANCED_FACE('',(#1123),#1124,.T.);
#332=ADVANCED_FACE('',(#1125),#1126,.T.);
#333=ADVANCED_FACE('',(#1127),#1128,.F.);
#334=ADVANCED_FACE('',(#1129),#1130,.F.);
#335=ADVANCED_FACE('',(#1131),#1132,.T.);
#336=ADVANCED_FACE('',(#1133),#1134,.F.);
#337=ADVANCED_FACE('',(#1135),#1136,.T.);
#338=ADVANCED_FACE('',(#1137),#1138,.T.);
#339=ADVANCED_FACE('',(#1139),#1140,.T.);
#340=ADVANCED_FACE('',(#1141),#1142,.T.);
#341=ADVANCED_FACE('',(#1143),#1144,.T.);
#342=ADVANCED_FACE('',(#1145),#1146,.T.);
#343=ADVANCED_FACE('',(#1147),#1148,.F.);
#344=ADVANCED_FACE('',(#1149),#1150,.F.);
#345=ADVANCED_FACE('',(#1151),#1152,.T.);
#346=ADVANCED_FACE('',(#1153),#1154,.F.);
#347=ADVANCED_FACE('',(#1155),#1156,.T.);
#348=ADVANCED_FACE('',(#1157),#1158,.F.);
#349=ADVANCED_FACE('',(#1159),#1160,.F.);
#350=ADVANCED_FACE('',(#1161),#1162,.F.);
#351=ADVANCED_FACE('',(#1163),#1164,.T.);
#352=ADVANCED_FACE('',(#1165),#1166,.F.);
#353=ADVANCED_FACE('',(#1167),#1168,.F.);
#354=ADVANCED_FACE('',(#1169),#1170,.T.);
#355=ADVANCED_FACE('',(#1171),#1172,.F.);
#356=ADVANCED_FACE('',(#1173),#1174,.F.);
#357=ADVANCED_FACE('',(#1175),#1176,.T.);
#358=ADVANCED_FACE('',(#1177),#1178,.F.);
#359=ADVANCED_FACE('',(#1179),#1180,.F.);
#360=ADVANCED_FACE('',(#1181),#1182,.T.);
#361=ADVANCED_FACE('',(#1183),#1184,.F.);
#362=ADVANCED_FACE('',(#1185),#1186,.F.);
#363=ADVANCED_FACE('',(#1187),#1188,.T.);
#364=ADVANCED_FACE('',(#1189),#1190,.F.);
#365=ADVANCED_FACE('',(#1191),#1192,.F.);
#366=ADVANCED_FACE('',(#1193),#1194,.T.);
#367=ADVANCED_FACE('',(#1195),#1196,.F.);
#368=ADVANCED_FACE('',(#1197),#1198,.T.);
#369=ADVANCED_FACE('',(#1199),#1200,.F.);
#370=ADVANCED_FACE('',(#1201),#1202,.F.);
#371=ADVANCED_FACE('',(#1203),#1204,.T.);
#372=ADVANCED_FACE('',(#1205),#1206,.F.);
#373=ADVANCED_FACE('',(#1207),#1208,.F.);
#374=ADVANCED_FACE('',(#1209),#1210,.T.);
#375=ADVANCED_FACE('',(#1211),#1212,.F.);
#376=ADVANCED_FACE('',(#1213),#1214,.F.);
#377=ADVANCED_FACE('',(#1215),#1216,.T.);
#378=ADVANCED_FACE('',(#1217),#1218,.F.);
#379=ADVANCED_FACE('',(#1219),#1220,.F.);
#380=ADVANCED_FACE('',(#1221),#1222,.T.);
#381=ADVANCED_FACE('',(#1223),#1224,.F.);
#382=ADVANCED_FACE('',(#1225),#1226,.F.);
#383=ADVANCED_FACE('',(#1227),#1228,.T.);
#384=ADVANCED_FACE('',(#1229),#1230,.F.);
#385=ADVANCED_FACE('',(#1231),#1232,.T.);
#386=ADVANCED_FACE('',(#1233),#1234,.T.);
#387=ADVANCED_FACE('',(#1235),#1236,.T.);
#388=ADVANCED_FACE('',(#1237),#1238,.F.);
#389=ADVANCED_FACE('',(#1239),#1240,.F.);
#390=ADVANCED_FACE('',(#1241),#1242,.F.);
#391=ADVANCED_FACE('',(#1243),#1244,.F.);
#392=ADVANCED_FACE('',(#1245),#1246,.T.);
#393=ADVANCED_FACE('',(#1247),#1248,.F.);
#394=ADVANCED_FACE('',(#1249),#1250,.F.);
#395=ADVANCED_FACE('',(#1251),#1252,.F.);
#396=ADVANCED_FACE('',(#1253),#1254,.F.);
#397=ADVANCED_FACE('',(#1255),#1256,.T.);
#398=ADVANCED_FACE('',(#1257),#1258,.F.);
#399=ADVANCED_FACE('',(#1259),#1260,.T.);
#400=ADVANCED_FACE('',(#1261),#1262,.F.);
#401=ADVANCED_FACE('',(#1263),#1264,.F.);
#402=ADVANCED_FACE('',(#1265),#1266,.F.);
#403=ADVANCED_FACE('',(#1267),#1268,.T.);
#404=ADVANCED_FACE('',(#1269),#1270,.F.);
#405=ADVANCED_FACE('',(#1271),#1272,.T.);
#406=ADVANCED_FACE('',(#1273),#1274,.F.);
#407=ADVANCED_FACE('',(#1275),#1276,.F.);
#408=ADVANCED_FACE('',(#1277),#1278,.F.);
#409=ADVANCED_FACE('',(#1279),#1280,.T.);
#410=ADVANCED_FACE('',(#1281),#1282,.T.);
#411=ADVANCED_FACE('',(#1283),#1284,.F.);
#412=ADVANCED_FACE('',(#1285),#1286,.T.);
#413=ADVANCED_FACE('',(#1287),#1288,.T.);
#414=ADVANCED_FACE('',(#1289),#1290,.T.);
#415=ADVANCED_FACE('',(#1291),#1292,.T.);
#416=ADVANCED_FACE('',(#1293),#1294,.T.);
#417=ADVANCED_FACE('',(#1295),#1296,.F.);
#418=ADVANCED_FACE('',(#1297),#1298,.F.);
#419=ADVANCED_FACE('',(#1299),#1300,.F.);
#420=ADVANCED_FACE('',(#1301),#1302,.F.);
#421=ADVANCED_FACE('',(#1303),#1304,.T.);
#422=ADVANCED_FACE('',(#1305),#1306,.F.);
#423=ADVANCED_FACE('',(#1307),#1308,.F.);
#424=ADVANCED_FACE('',(#1309),#1310,.F.);
#425=ADVANCED_FACE('',(#1311),#1312,.F.);
#426=ADVANCED_FACE('',(#1313),#1314,.T.);
#427=ADVANCED_FACE('',(#1315),#1316,.F.);
#428=ADVANCED_FACE('',(#1317),#1318,.F.);
#429=ADVANCED_FACE('',(#1319),#1320,.F.);
#430=ADVANCED_FACE('',(#1321),#1322,.F.);
#431=ADVANCED_FACE('',(#1323),#1324,.T.);
#432=ADVANCED_FACE('',(#1325),#1326,.F.);
#433=ADVANCED_FACE('',(#1327),#1328,.F.);
#434=ADVANCED_FACE('',(#1329),#1330,.F.);
#435=ADVANCED_FACE('',(#1331),#1332,.F.);
#436=ADVANCED_FACE('',(#1333),#1334,.T.);
#437=ADVANCED_FACE('',(#1335),#1336,.F.);
#438=ADVANCED_FACE('',(#1337),#1338,.F.);
#439=ADVANCED_FACE('',(#1339),#1340,.F.);
#440=ADVANCED_FACE('',(#1341),#1342,.F.);
#441=ADVANCED_FACE('',(#1343),#1344,.T.);
#442=ADVANCED_FACE('',(#1345),#1346,.F.);
#443=ADVANCED_FACE('',(#1347),#1348,.F.);
#444=ADVANCED_FACE('',(#1349),#1350,.F.);
#445=ADVANCED_FACE('',(#1351),#1352,.F.);
#446=ADVANCED_FACE('',(#1353),#1354,.T.);
#447=ADVANCED_FACE('',(#1355),#1356,.F.);
#448=ADVANCED_FACE('',(#1357),#1358,.F.);
#449=ADVANCED_FACE('',(#1359),#1360,.F.);
#450=ADVANCED_FACE('',(#1361),#1362,.F.);
#451=ADVANCED_FACE('',(#1363),#1364,.T.);
#452=ADVANCED_FACE('',(#1365),#1366,.F.);
#453=ADVANCED_FACE('',(#1367),#1368,.F.);
#454=ADVANCED_FACE('',(#1369),#1370,.F.);
#455=ADVANCED_FACE('',(#1371),#1372,.F.);
#456=ADVANCED_FACE('',(#1373),#1374,.T.);
#457=ADVANCED_FACE('',(#1375),#1376,.F.);
#458=ADVANCED_FACE('',(#1377),#1378,.F.);
#459=ADVANCED_FACE('',(#1379),#1380,.F.);
#460=ADVANCED_FACE('',(#1381),#1382,.F.);
#461=ADVANCED_FACE('',(#1383),#1384,.T.);
#462=ADVANCED_FACE('',(#1385),#1386,.F.);
#463=ADVANCED_FACE('',(#1387),#1388,.F.);
#464=ADVANCED_FACE('',(#1389),#1390,.F.);
#465=ADVANCED_FACE('',(#1391),#1392,.F.);
#466=ADVANCED_FACE('',(#1393),#1394,.T.);
#467=ADVANCED_FACE('',(#1395),#1396,.F.);
#468=ADVANCED_FACE('',(#1397),#1398,.T.);
#469=ADVANCED_FACE('',(#1399),#1400,.F.);
#470=ADVANCED_FACE('',(#1401),#1402,.F.);
#471=ADVANCED_FACE('',(#1403),#1404,.F.);
#472=ADVANCED_FACE('',(#1405),#1406,.T.);
#473=ADVANCED_FACE('',(#1407),#1408,.T.);
#474=ADVANCED_FACE('',(#1409),#1410,.F.);
#475=ADVANCED_FACE('',(#1411),#1412,.T.);
#476=ADVANCED_FACE('',(#1413),#1414,.F.);
#477=ADVANCED_FACE('',(#1415),#1416,.F.);
#478=ADVANCED_FACE('',(#1417),#1418,.F.);
#479=ADVANCED_FACE('',(#1419),#1420,.T.);
#480=ADVANCED_FACE('',(#1421),#1422,.T.);
#481=ADVANCED_FACE('',(#1423),#1424,.F.);
#482=ADVANCED_FACE('',(#1425),#1426,.T.);
#483=ADVANCED_FACE('',(#1427),#1428,.F.);
#484=ADVANCED_FACE('',(#1429),#1430,.F.);
#485=ADVANCED_FACE('',(#1431),#1432,.F.);
#486=ADVANCED_FACE('',(#1433),#1434,.T.);
#487=ADVANCED_FACE('',(#1435),#1436,.T.);
#488=ADVANCED_FACE('',(#1437),#1438,.F.);
#489=ADVANCED_FACE('',(#1439),#1440,.T.);
#490=ADVANCED_FACE('',(#1441),#1442,.F.);
#491=ADVANCED_FACE('',(#1443),#1444,.F.);
#492=ADVANCED_FACE('',(#1445),#1446,.F.);
#493=ADVANCED_FACE('',(#1447),#1448,.T.);
#494=ADVANCED_FACE('',(#1449),#1450,.T.);
#495=ADVANCED_FACE('',(#1451),#1452,.F.);
#496=ADVANCED_FACE('',(#1453),#1454,.T.);
#497=ADVANCED_FACE('',(#1455),#1456,.F.);
#498=ADVANCED_FACE('',(#1457),#1458,.F.);
#499=ADVANCED_FACE('',(#1459),#1460,.F.);
#500=ADVANCED_FACE('',(#1461),#1462,.T.);
#501=ADVANCED_FACE('',(#1463),#1464,.F.);
#502=ADVANCED_FACE('',(#1465),#1466,.T.);
#503=ADVANCED_FACE('',(#1467),#1468,.F.);
#504=ADVANCED_FACE('',(#1469),#1470,.F.);
#505=ADVANCED_FACE('',(#1471),#1472,.F.);
#506=ADVANCED_FACE('',(#1473),#1474,.T.);
#507=ADVANCED_FACE('',(#1475),#1476,.T.);
#508=ADVANCED_FACE('',(#1477),#1478,.F.);
#509=ADVANCED_FACE('',(#1479),#1480,.F.);
#510=ADVANCED_FACE('',(#1481),#1482,.T.);
#511=ADVANCED_FACE('',(#1483),#1484,.F.);
#512=ADVANCED_FACE('',(#1485),#1486,.F.);
#513=ADVANCED_FACE('',(#1487),#1488,.F.);
#514=ADVANCED_FACE('',(#1489),#1490,.T.);
#515=ADVANCED_FACE('',(#1491),#1492,.T.);
#516=ADVANCED_FACE('',(#1493),#1494,.F.);
#517=ADVANCED_FACE('',(#1495),#1496,.F.);
#518=ADVANCED_FACE('',(#1497),#1498,.T.);
#519=ADVANCED_FACE('',(#1499),#1500,.F.);
#520=ADVANCED_FACE('',(#1501),#1502,.F.);
#521=ADVANCED_FACE('',(#1503),#1504,.F.);
#522=ADVANCED_FACE('',(#1505),#1506,.T.);
#523=ADVANCED_FACE('',(#1507),#1508,.T.);
#524=ADVANCED_FACE('',(#1509),#1510,.F.);
#525=ADVANCED_FACE('',(#1511),#1512,.F.);
#526=ADVANCED_FACE('',(#1513),#1514,.T.);
#527=ADVANCED_FACE('',(#1515),#1516,.F.);
#528=ADVANCED_FACE('',(#1517),#1518,.F.);
#529=ADVANCED_FACE('',(#1519),#1520,.F.);
#530=ADVANCED_FACE('',(#1521),#1522,.T.);
#531=ADVANCED_FACE('',(#1523),#1524,.T.);
#532=ADVANCED_FACE('',(#1525),#1526,.F.);
#533=ADVANCED_FACE('',(#1527),#1528,.F.);
#534=ADVANCED_FACE('',(#1529),#1530,.T.);
#535=ADVANCED_FACE('',(#1531),#1532,.F.);
#536=ADVANCED_FACE('',(#1533),#1534,.F.);
#537=ADVANCED_FACE('',(#1535),#1536,.F.);
#538=ADVANCED_FACE('',(#1537),#1538,.T.);
#539=ADVANCED_FACE('',(#1539),#1540,.T.);
#540=ADVANCED_FACE('',(#1541),#1542,.F.);
#541=ADVANCED_FACE('',(#1543),#1544,.T.);
#542=ADVANCED_FACE('',(#1545),#1546,.T.);
#543=ADVANCED_FACE('',(#1547),#1548,.T.);
#544=ADVANCED_FACE('',(#1549),#1550,.T.);
#545=ADVANCED_FACE('',(#1551),#1552,.T.);
#546=ADVANCED_FACE('',(#1553),#1554,.T.);
#547=ADVANCED_FACE('',(#1555),#1556,.T.);
#548=ADVANCED_FACE('',(#1557),#1558,.T.);
#549=ADVANCED_FACE('',(#1559),#1560,.T.);
#550=ADVANCED_FACE('',(#1561),#1562,.T.);
#551=ADVANCED_FACE('',(#1563),#1564,.T.);
#552=ADVANCED_FACE('',(#1565),#1566,.T.);
#553=ADVANCED_FACE('',(#1567),#1568,.T.);
#554=ADVANCED_FACE('',(#1569),#1570,.T.);
#555=ADVANCED_FACE('',(#1571),#1572,.T.);
#556=ADVANCED_FACE('',(#1573),#1574,.T.);
#557=ADVANCED_FACE('',(#1575),#1576,.T.);
#558=ADVANCED_FACE('',(#1577),#1578,.T.);
#559=ADVANCED_FACE('',(#1579),#1580,.T.);
#560=ADVANCED_FACE('',(#1581),#1582,.T.);
#562=SURFACE_STYLE_FILL_AREA(#1583);
#563=FACE_OUTER_BOUND('',#1584,.T.);
#564=PLANE('',#1585);
#565=FACE_OUTER_BOUND('',#1586,.T.);
#566=PLANE('',#1587);
#567=FACE_OUTER_BOUND('',#1588,.T.);
#568=PLANE('',#1589);
#569=FACE_OUTER_BOUND('',#1590,.T.);
#570=PLANE('',#1591);
#571=FACE_OUTER_BOUND('',#1592,.T.);
#572=PLANE('',#1593);
#573=FACE_OUTER_BOUND('',#1594,.T.);
#574=PLANE('',#1595);
#575=FACE_OUTER_BOUND('',#1596,.T.);
#576=PLANE('',#1597);
#577=FACE_OUTER_BOUND('',#1598,.T.);
#578=PLANE('',#1599);
#579=FACE_OUTER_BOUND('',#1600,.T.);
#580=PLANE('',#1601);
#581=FACE_OUTER_BOUND('',#1602,.T.);
#582=PLANE('',#1603);
#583=FACE_OUTER_BOUND('',#1604,.T.);
#584=PLANE('',#1605);
#585=FACE_OUTER_BOUND('',#1606,.T.);
#586=PLANE('',#1607);
#587=FACE_OUTER_BOUND('',#1608,.T.);
#588=PLANE('',#1609);
#589=FACE_OUTER_BOUND('',#1610,.T.);
#590=PLANE('',#1611);
#591=FACE_OUTER_BOUND('',#1612,.T.);
#592=PLANE('',#1613);
#593=FACE_OUTER_BOUND('',#1614,.T.);
#594=PLANE('',#1615);
#595=FACE_OUTER_BOUND('',#1616,.T.);
#596=PLANE('',#1617);
#597=FACE_OUTER_BOUND('',#1618,.T.);
#598=PLANE('',#1619);
#599=FACE_OUTER_BOUND('',#1620,.T.);
#600=PLANE('',#1621);
#601=FACE_OUTER_BOUND('',#1622,.T.);
#602=PLANE('',#1623);
#603=FACE_OUTER_BOUND('',#1624,.T.);
#604=PLANE('',#1625);
#605=FACE_OUTER_BOUND('',#1626,.T.);
#606=PLANE('',#1627);
#607=FACE_OUTER_BOUND('',#1628,.T.);
#608=PLANE('',#1629);
#609=FACE_OUTER_BOUND('',#1630,.T.);
#610=PLANE('',#1631);
#611=FACE_OUTER_BOUND('',#1632,.T.);
#612=PLANE('',#1633);
#613=FACE_OUTER_BOUND('',#1634,.T.);
#614=PLANE('',#1635);
#615=FACE_OUTER_BOUND('',#1636,.T.);
#616=PLANE('',#1637);
#617=FACE_OUTER_BOUND('',#1638,.T.);
#618=PLANE('',#1639);
#619=FACE_OUTER_BOUND('',#1640,.T.);
#620=PLANE('',#1641);
#621=FACE_OUTER_BOUND('',#1642,.T.);
#622=PLANE('',#1643);
#623=FACE_OUTER_BOUND('',#1644,.T.);
#624=PLANE('',#1645);
#625=FACE_OUTER_BOUND('',#1646,.T.);
#626=PLANE('',#1647);
#627=FACE_OUTER_BOUND('',#1648,.T.);
#628=PLANE('',#1649);
#629=FACE_OUTER_BOUND('',#1650,.T.);
#630=PLANE('',#1651);
#631=FACE_OUTER_BOUND('',#1652,.T.);
#632=PLANE('',#1653);
#633=FACE_OUTER_BOUND('',#1654,.T.);
#634=PLANE('',#1655);
#635=FACE_OUTER_BOUND('',#1656,.T.);
#636=PLANE('',#1657);
#637=FACE_OUTER_BOUND('',#1658,.T.);
#638=PLANE('',#1659);
#639=FACE_OUTER_BOUND('',#1660,.T.);
#640=PLANE('',#1661);
#641=FACE_OUTER_BOUND('',#1662,.T.);
#642=PLANE('',#1663);
#643=FACE_OUTER_BOUND('',#1664,.T.);
#644=PLANE('',#1665);
#645=FACE_OUTER_BOUND('',#1666,.T.);
#646=PLANE('',#1667);
#647=FACE_OUTER_BOUND('',#1668,.T.);
#648=PLANE('',#1669);
#649=FACE_OUTER_BOUND('',#1670,.T.);
#650=PLANE('',#1671);
#651=FACE_OUTER_BOUND('',#1672,.T.);
#652=PLANE('',#1673);
#653=FACE_OUTER_BOUND('',#1674,.T.);
#654=PLANE('',#1675);
#655=FACE_OUTER_BOUND('',#1676,.T.);
#656=PLANE('',#1677);
#657=FACE_OUTER_BOUND('',#1678,.T.);
#658=PLANE('',#1679);
#659=FACE_OUTER_BOUND('',#1680,.T.);
#660=PLANE('',#1681);
#661=FACE_OUTER_BOUND('',#1682,.T.);
#662=PLANE('',#1683);
#663=FACE_OUTER_BOUND('',#1684,.T.);
#664=PLANE('',#1685);
#665=FACE_OUTER_BOUND('',#1686,.T.);
#666=PLANE('',#1687);
#667=FACE_OUTER_BOUND('',#1688,.T.);
#668=PLANE('',#1689);
#669=FACE_OUTER_BOUND('',#1690,.T.);
#670=PLANE('',#1691);
#671=FACE_OUTER_BOUND('',#1692,.T.);
#672=PLANE('',#1693);
#673=FACE_OUTER_BOUND('',#1694,.T.);
#674=PLANE('',#1695);
#675=FACE_OUTER_BOUND('',#1696,.T.);
#676=PLANE('',#1697);
#677=FACE_OUTER_BOUND('',#1698,.T.);
#678=PLANE('',#1699);
#679=FACE_OUTER_BOUND('',#1700,.T.);
#680=PLANE('',#1701);
#681=FACE_OUTER_BOUND('',#1702,.T.);
#682=PLANE('',#1703);
#683=FACE_OUTER_BOUND('',#1704,.T.);
#684=CYLINDRICAL_SURFACE('',#1705,0.045);
#685=FACE_OUTER_BOUND('',#1706,.T.);
#686=CYLINDRICAL_SURFACE('',#1707,0.045);
#687=FACE_OUTER_BOUND('',#1708,.T.);
#688=CYLINDRICAL_SURFACE('',#1709,0.045);
#689=FACE_OUTER_BOUND('',#1710,.T.);
#690=CYLINDRICAL_SURFACE('',#1711,0.045);
#691=FACE_OUTER_BOUND('',#1712,.T.);
#692=CYLINDRICAL_SURFACE('',#1713,0.09);
#693=FACE_OUTER_BOUND('',#1714,.T.);
#694=CYLINDRICAL_SURFACE('',#1715,0.09);
#695=FACE_OUTER_BOUND('',#1716,.T.);
#696=CYLINDRICAL_SURFACE('',#1717,0.09);
#697=FACE_OUTER_BOUND('',#1718,.T.);
#698=CYLINDRICAL_SURFACE('',#1719,0.09);
#699=FACE_OUTER_BOUND('',#1720,.T.);
#700=CYLINDRICAL_SURFACE('',#1721,0.09);
#701=FACE_OUTER_BOUND('',#1722,.T.);
#702=CYLINDRICAL_SURFACE('',#1723,0.09);
#703=FACE_OUTER_BOUND('',#1724,.T.);
#704=CYLINDRICAL_SURFACE('',#1725,0.09);
#705=FACE_OUTER_BOUND('',#1726,.T.);
#706=CYLINDRICAL_SURFACE('',#1727,0.09);
#707=FACE_OUTER_BOUND('',#1728,.T.);
#708=CYLINDRICAL_SURFACE('',#1729,0.09);
#709=FACE_OUTER_BOUND('',#1730,.T.);
#710=CYLINDRICAL_SURFACE('',#1731,0.09);
#711=FACE_OUTER_BOUND('',#1732,.T.);
#712=CYLINDRICAL_SURFACE('',#1733,0.09);
#713=FACE_OUTER_BOUND('',#1734,.T.);
#714=CYLINDRICAL_SURFACE('',#1735,0.09);
#715=FACE_OUTER_BOUND('',#1736,.T.);
#716=CYLINDRICAL_SURFACE('',#1737,0.09);
#717=FACE_OUTER_BOUND('',#1738,.T.);
#718=CYLINDRICAL_SURFACE('',#1739,0.09);
#719=FACE_OUTER_BOUND('',#1740,.T.);
#720=CYLINDRICAL_SURFACE('',#1741,0.045);
#721=FACE_OUTER_BOUND('',#1742,.T.);
#722=CYLINDRICAL_SURFACE('',#1743,0.045);
#723=FACE_OUTER_BOUND('',#1744,.T.);
#724=PLANE('',#1745);
#725=FACE_OUTER_BOUND('',#1746,.T.);
#726=PLANE('',#1747);
#727=FACE_OUTER_BOUND('',#1748,.T.);
#728=PLANE('',#1749);
#729=FACE_OUTER_BOUND('',#1750,.T.);
#730=PLANE('',#1751);
#731=FACE_OUTER_BOUND('',#1752,.T.);
#732=PLANE('',#1753);
#733=FACE_OUTER_BOUND('',#1754,.T.);
#734=PLANE('',#1755);
#735=FACE_OUTER_BOUND('',#1756,.T.);
#736=PLANE('',#1757);
#737=FACE_OUTER_BOUND('',#1758,.T.);
#738=PLANE('',#1759);
#739=FACE_OUTER_BOUND('',#1760,.T.);
#740=PLANE('',#1761);
#741=FACE_OUTER_BOUND('',#1762,.T.);
#742=PLANE('',#1763);
#743=FACE_OUTER_BOUND('',#1764,.T.);
#744=PLANE('',#1765);
#745=FACE_OUTER_BOUND('',#1766,.T.);
#746=PLANE('',#1767);
#747=FACE_OUTER_BOUND('',#1768,.T.);
#748=PLANE('',#1769);
#749=FACE_OUTER_BOUND('',#1770,.T.);
#750=PLANE('',#1771);
#751=FACE_OUTER_BOUND('',#1772,.T.);
#752=PLANE('',#1773);
#753=FACE_OUTER_BOUND('',#1774,.T.);
#754=PLANE('',#1775);
#755=FACE_OUTER_BOUND('',#1776,.T.);
#756=PLANE('',#1777);
#757=FACE_OUTER_BOUND('',#1778,.T.);
#758=PLANE('',#1779);
#759=FACE_OUTER_BOUND('',#1780,.T.);
#760=PLANE('',#1781);
#761=FACE_OUTER_BOUND('',#1782,.T.);
#762=PLANE('',#1783);
#763=FACE_OUTER_BOUND('',#1784,.T.);
#764=PLANE('',#1785);
#765=FACE_OUTER_BOUND('',#1786,.T.);
#766=PLANE('',#1787);
#767=FACE_OUTER_BOUND('',#1788,.T.);
#768=PLANE('',#1789);
#769=FACE_OUTER_BOUND('',#1790,.T.);
#770=PLANE('',#1791);
#771=FACE_OUTER_BOUND('',#1792,.T.);
#772=PLANE('',#1793);
#773=FACE_OUTER_BOUND('',#1794,.T.);
#774=PLANE('',#1795);
#775=FACE_OUTER_BOUND('',#1796,.T.);
#776=PLANE('',#1797);
#777=FACE_OUTER_BOUND('',#1798,.T.);
#778=PLANE('',#1799);
#779=FACE_OUTER_BOUND('',#1800,.T.);
#780=PLANE('',#1801);
#781=FACE_OUTER_BOUND('',#1802,.T.);
#782=PLANE('',#1803);
#783=FACE_OUTER_BOUND('',#1804,.T.);
#784=PLANE('',#1805);
#785=FACE_OUTER_BOUND('',#1806,.T.);
#786=PLANE('',#1807);
#787=FACE_OUTER_BOUND('',#1808,.T.);
#788=PLANE('',#1809);
#789=FACE_OUTER_BOUND('',#1810,.T.);
#790=PLANE('',#1811);
#791=FACE_OUTER_BOUND('',#1812,.T.);
#792=PLANE('',#1813);
#793=FACE_OUTER_BOUND('',#1814,.T.);
#794=PLANE('',#1815);
#795=FACE_OUTER_BOUND('',#1816,.T.);
#796=PLANE('',#1817);
#797=FACE_OUTER_BOUND('',#1818,.T.);
#798=PLANE('',#1819);
#799=FACE_OUTER_BOUND('',#1820,.T.);
#800=PLANE('',#1821);
#801=FACE_OUTER_BOUND('',#1822,.T.);
#802=CYLINDRICAL_SURFACE('',#1823,0.045);
#803=FACE_OUTER_BOUND('',#1824,.T.);
#804=PLANE('',#1825);
#805=FACE_OUTER_BOUND('',#1826,.T.);
#806=PLANE('',#1827);
#807=FACE_OUTER_BOUND('',#1828,.T.);
#808=CYLINDRICAL_SURFACE('',#1829,0.09);
#809=FACE_OUTER_BOUND('',#1830,.T.);
#810=CYLINDRICAL_SURFACE('',#1831,0.09);
#811=FACE_OUTER_BOUND('',#1832,.T.);
#812=PLANE('',#1833);
#813=FACE_OUTER_BOUND('',#1834,.T.);
#814=PLANE('',#1835);
#815=FACE_OUTER_BOUND('',#1836,.T.);
#816=CYLINDRICAL_SURFACE('',#1837,0.045);
#817=FACE_OUTER_BOUND('',#1838,.T.);
#818=PLANE('',#1839);
#819=FACE_OUTER_BOUND('',#1840,.T.);
#820=PLANE('',#1841);
#821=FACE_OUTER_BOUND('',#1842,.T.);
#822=PLANE('',#1843);
#823=FACE_OUTER_BOUND('',#1844,.T.);
#824=PLANE('',#1845);
#825=FACE_OUTER_BOUND('',#1846,.T.);
#826=PLANE('',#1847);
#827=FACE_OUTER_BOUND('',#1848,.T.);
#828=CYLINDRICAL_SURFACE('',#1849,0.25);
#829=FACE_OUTER_BOUND('',#1850,.T.);
#830=PLANE('',#1851);
#831=FACE_OUTER_BOUND('',#1852,.T.);
#832=CYLINDRICAL_SURFACE('',#1853,0.25);
#833=FACE_OUTER_BOUND('',#1854,.T.);
#834=PLANE('',#1855);
#835=FACE_OUTER_BOUND('',#1856,.T.);
#836=CYLINDRICAL_SURFACE('',#1857,0.25);
#837=FACE_OUTER_BOUND('',#1858,.T.);
#838=PLANE('',#1859);
#839=FACE_OUTER_BOUND('',#1860,.T.);
#840=PLANE('',#1861);
#841=FACE_OUTER_BOUND('',#1862,.T.);
#842=CYLINDRICAL_SURFACE('',#1863,0.25);
#843=FACE_OUTER_BOUND('',#1864,.T.);
#844=PLANE('',#1865);
#845=FACE_OUTER_BOUND('',#1866,.T.);
#846=PLANE('',#1867);
#847=FACE_OUTER_BOUND('',#1868,.T.);
#848=PLANE('',#1869);
#849=FACE_OUTER_BOUND('',#1870,.T.);
#850=PLANE('',#1871);
#851=FACE_OUTER_BOUND('',#1872,.T.);
#852=PLANE('',#1873);
#853=FACE_OUTER_BOUND('',#1874,.T.);
#854=PLANE('',#1875);
#855=FACE_OUTER_BOUND('',#1876,.T.);
#856=PLANE('',#1877);
#857=FACE_OUTER_BOUND('',#1878,.T.);
#858=PLANE('',#1879);
#859=FACE_OUTER_BOUND('',#1880,.T.);
#860=PLANE('',#1881);
#861=FACE_OUTER_BOUND('',#1882,.T.);
#862=PLANE('',#1883);
#863=FACE_OUTER_BOUND('',#1884,.T.);
#864=PLANE('',#1885);
#865=FACE_OUTER_BOUND('',#1886,.T.);
#866=PLANE('',#1887);
#867=FACE_OUTER_BOUND('',#1888,.T.);
#868=PLANE('',#1889);
#869=FACE_OUTER_BOUND('',#1890,.T.);
#870=PLANE('',#1891);
#871=FACE_OUTER_BOUND('',#1892,.T.);
#872=PLANE('',#1893);
#873=FACE_OUTER_BOUND('',#1894,.T.);
#874=PLANE('',#1895);
#875=FACE_OUTER_BOUND('',#1896,.T.);
#876=PLANE('',#1897);
#877=FACE_OUTER_BOUND('',#1898,.T.);
#878=PLANE('',#1899);
#879=FACE_OUTER_BOUND('',#1900,.T.);
#880=PLANE('',#1901);
#881=FACE_OUTER_BOUND('',#1902,.T.);
#882=CYLINDRICAL_SURFACE('',#1903,0.0299999999999998);
#883=FACE_OUTER_BOUND('',#1904,.T.);
#884=CYLINDRICAL_SURFACE('',#1905,0.0299999999999998);
#885=FACE_OUTER_BOUND('',#1906,.T.);
#886=CYLINDRICAL_SURFACE('',#1907,0.03);
#887=FACE_OUTER_BOUND('',#1908,.T.);
#888=PLANE('',#1909);
#889=FACE_OUTER_BOUND('',#1910,.T.);
#890=CYLINDRICAL_SURFACE('',#1911,0.0300000000000002);
#891=FACE_OUTER_BOUND('',#1912,.T.);
#892=PLANE('',#1913);
#893=FACE_OUTER_BOUND('',#1914,.T.);
#894=CYLINDRICAL_SURFACE('',#1915,0.0300000000000002);
#895=FACE_OUTER_BOUND('',#1916,.T.);
#896=PLANE('',#1917);
#897=FACE_OUTER_BOUND('',#1918,.T.);
#898=CYLINDRICAL_SURFACE('',#1919,0.0299999999999999);
#899=FACE_OUTER_BOUND('',#1920,.T.);
#900=PLANE('',#1921);
#901=FACE_OUTER_BOUND('',#1922,.T.);
#902=PLANE('',#1923);
#903=FACE_OUTER_BOUND('',#1924,.T.);
#904=PLANE('',#1925);
#905=FACE_OUTER_BOUND('',#1926,.T.);
#906=PLANE('',#1927);
#907=FACE_OUTER_BOUND('',#1928,.T.);
#908=PLANE('',#1929);
#909=FACE_OUTER_BOUND('',#1930,.T.);
#910=PLANE('',#1931);
#911=FACE_OUTER_BOUND('',#1932,.T.);
#912=PLANE('',#1933);
#913=FACE_OUTER_BOUND('',#1934,.T.);
#914=PLANE('',#1935);
#915=FACE_OUTER_BOUND('',#1936,.T.);
#916=PLANE('',#1937);
#917=FACE_OUTER_BOUND('',#1938,.T.);
#918=PLANE('',#1939);
#919=FACE_OUTER_BOUND('',#1940,.T.);
#920=PLANE('',#1941);
#921=FACE_OUTER_BOUND('',#1942,.T.);
#922=PLANE('',#1943);
#923=FACE_OUTER_BOUND('',#1944,.T.);
#924=PLANE('',#1945);
#925=FACE_OUTER_BOUND('',#1946,.T.);
#926=PLANE('',#1947);
#927=FACE_OUTER_BOUND('',#1948,.T.);
#928=PLANE('',#1949);
#929=FACE_OUTER_BOUND('',#1950,.T.);
#930=PLANE('',#1951);
#931=FACE_OUTER_BOUND('',#1952,.T.);
#932=PLANE('',#1953);
#933=FACE_OUTER_BOUND('',#1954,.T.);
#934=PLANE('',#1955);
#935=FACE_OUTER_BOUND('',#1956,.T.);
#936=PLANE('',#1957);
#937=FACE_OUTER_BOUND('',#1958,.T.);
#938=PLANE('',#1959);
#939=FACE_OUTER_BOUND('',#1960,.T.);
#940=PLANE('',#1961);
#941=FACE_OUTER_BOUND('',#1962,.T.);
#942=CYLINDRICAL_SURFACE('',#1963,0.09);
#943=FACE_OUTER_BOUND('',#1964,.T.);
#944=PLANE('',#1965);
#945=FACE_OUTER_BOUND('',#1966,.T.);
#946=PLANE('',#1967);
#947=FACE_OUTER_BOUND('',#1968,.T.);
#948=CYLINDRICAL_SURFACE('',#1969,0.0299999999999999);
#949=FACE_OUTER_BOUND('',#1970,.T.);
#950=PLANE('',#1971);
#951=FACE_OUTER_BOUND('',#1972,.T.);
#952=CYLINDRICAL_SURFACE('',#1973,0.09);
#953=FACE_OUTER_BOUND('',#1974,.T.);
#954=CYLINDRICAL_SURFACE('',#1975,0.0299999999999999);
#955=FACE_OUTER_BOUND('',#1976,.T.);
#956=PLANE('',#1977);
#957=FACE_OUTER_BOUND('',#1978,.T.);
#958=PLANE('',#1979);
#959=FACE_OUTER_BOUND('',#1980,.T.);
#960=PLANE('',#1981);
#961=FACE_OUTER_BOUND('',#1982,.T.);
#962=PLANE('',#1983);
#963=FACE_OUTER_BOUND('',#1984,.T.);
#964=PLANE('',#1985);
#965=FACE_OUTER_BOUND('',#1986,.T.);
#966=PLANE('',#1987);
#967=FACE_OUTER_BOUND('',#1988,.T.);
#968=PLANE('',#1989);
#969=FACE_OUTER_BOUND('',#1990,.T.);
#970=PLANE('',#1991);
#971=FACE_OUTER_BOUND('',#1992,.T.);
#972=CYLINDRICAL_SURFACE('',#1993,0.05);
#973=FACE_OUTER_BOUND('',#1994,.T.);
#974=CYLINDRICAL_SURFACE('',#1995,0.05);
#975=FACE_OUTER_BOUND('',#1996,.T.);
#976=CYLINDRICAL_SURFACE('',#1997,0.09);
#977=FACE_OUTER_BOUND('',#1998,.T.);
#978=CYLINDRICAL_SURFACE('',#1999,0.09);
#979=FACE_OUTER_BOUND('',#2000,.T.);
#980=CYLINDRICAL_SURFACE('',#2001,0.09);
#981=FACE_OUTER_BOUND('',#2002,.T.);
#982=CYLINDRICAL_SURFACE('',#2003,0.09);
#983=FACE_OUTER_BOUND('',#2004,.T.);
#984=CYLINDRICAL_SURFACE('',#2005,0.09);
#985=FACE_OUTER_BOUND('',#2006,.T.);
#986=PLANE('',#2007);
#987=FACE_OUTER_BOUND('',#2008,.T.);
#988=PLANE('',#2009);
#989=FACE_OUTER_BOUND('',#2010,.T.);
#990=PLANE('',#2011);
#991=FACE_OUTER_BOUND('',#2012,.T.);
#992=PLANE('',#2013);
#993=FACE_OUTER_BOUND('',#2014,.T.);
#994=PLANE('',#2015);
#995=FACE_OUTER_BOUND('',#2016,.T.);
#996=PLANE('',#2017);
#997=FACE_OUTER_BOUND('',#2018,.T.);
#998=PLANE('',#2019);
#999=FACE_OUTER_BOUND('',#2020,.T.);
#1000=PLANE('',#2021);
#1001=FACE_OUTER_BOUND('',#2022,.T.);
#1002=PLANE('',#2023);
#1003=FACE_OUTER_BOUND('',#2024,.T.);
#1004=PLANE('',#2025);
#1005=FACE_OUTER_BOUND('',#2026,.T.);
#1006=PLANE('',#2027);
#1007=FACE_OUTER_BOUND('',#2028,.T.);
#1008=PLANE('',#2029);
#1009=FACE_OUTER_BOUND('',#2030,.T.);
#1010=PLANE('',#2031);
#1011=FACE_OUTER_BOUND('',#2032,.T.);
#1012=PLANE('',#2033);
#1013=FACE_OUTER_BOUND('',#2034,.T.);
#1014=PLANE('',#2035);
#1015=FACE_OUTER_BOUND('',#2036,.T.);
#1016=PLANE('',#2037);
#1017=FACE_OUTER_BOUND('',#2038,.T.);
#1018=PLANE('',#2039);
#1019=FACE_OUTER_BOUND('',#2040,.T.);
#1020=PLANE('',#2041);
#1021=FACE_OUTER_BOUND('',#2042,.T.);
#1022=CYLINDRICAL_SURFACE('',#2043,0.0299999999999998);
#1023=FACE_OUTER_BOUND('',#2044,.T.);
#1024=CYLINDRICAL_SURFACE('',#2045,0.0299999999999998);
#1025=FACE_OUTER_BOUND('',#2046,.T.);
#1026=CYLINDRICAL_SURFACE('',#2047,0.03);
#1027=FACE_OUTER_BOUND('',#2048,.T.);
#1028=PLANE('',#2049);
#1029=FACE_OUTER_BOUND('',#2050,.T.);
#1030=CYLINDRICAL_SURFACE('',#2051,0.0300000000000002);
#1031=FACE_OUTER_BOUND('',#2052,.T.);
#1032=PLANE('',#2053);
#1033=FACE_OUTER_BOUND('',#2054,.T.);
#1034=CYLINDRICAL_SURFACE('',#2055,0.0300000000000002);
#1035=FACE_OUTER_BOUND('',#2056,.T.);
#1036=PLANE('',#2057);
#1037=FACE_OUTER_BOUND('',#2058,.T.);
#1038=CYLINDRICAL_SURFACE('',#2059,0.0299999999999999);
#1039=FACE_OUTER_BOUND('',#2060,.T.);
#1040=PLANE('',#2061);
#1041=FACE_OUTER_BOUND('',#2062,.T.);
#1042=PLANE('',#2063);
#1043=FACE_OUTER_BOUND('',#2064,.T.);
#1044=PLANE('',#2065);
#1045=FACE_OUTER_BOUND('',#2066,.T.);
#1046=PLANE('',#2067);
#1047=FACE_OUTER_BOUND('',#2068,.T.);
#1048=PLANE('',#2069);
#1049=FACE_OUTER_BOUND('',#2070,.T.);
#1050=PLANE('',#2071);
#1051=FACE_OUTER_BOUND('',#2072,.T.);
#1052=PLANE('',#2073);
#1053=FACE_OUTER_BOUND('',#2074,.T.);
#1054=PLANE('',#2075);
#1055=FACE_OUTER_BOUND('',#2076,.T.);
#1056=PLANE('',#2077);
#1057=FACE_OUTER_BOUND('',#2078,.T.);
#1058=PLANE('',#2079);
#1059=FACE_OUTER_BOUND('',#2080,.T.);
#1060=PLANE('',#2081);
#1061=FACE_OUTER_BOUND('',#2082,.T.);
#1062=PLANE('',#2083);
#1063=FACE_OUTER_BOUND('',#2084,.T.);
#1064=PLANE('',#2085);
#1065=FACE_OUTER_BOUND('',#2086,.T.);
#1066=PLANE('',#2087);
#1067=FACE_OUTER_BOUND('',#2088,.T.);
#1068=PLANE('',#2089);
#1069=FACE_OUTER_BOUND('',#2090,.T.);
#1070=PLANE('',#2091);
#1071=FACE_OUTER_BOUND('',#2092,.T.);
#1072=PLANE('',#2093);
#1073=FACE_OUTER_BOUND('',#2094,.T.);
#1074=PLANE('',#2095);
#1075=FACE_OUTER_BOUND('',#2096,.T.);
#1076=PLANE('',#2097);
#1077=FACE_OUTER_BOUND('',#2098,.T.);
#1078=PLANE('',#2099);
#1079=FACE_OUTER_BOUND('',#2100,.T.);
#1080=PLANE('',#2101);
#1081=FACE_OUTER_BOUND('',#2102,.T.);
#1082=CYLINDRICAL_SURFACE('',#2103,0.09);
#1083=FACE_OUTER_BOUND('',#2104,.T.);
#1084=PLANE('',#2105);
#1085=FACE_OUTER_BOUND('',#2106,.T.);
#1086=PLANE('',#2107);
#1087=FACE_OUTER_BOUND('',#2108,.T.);
#1088=CYLINDRICAL_SURFACE('',#2109,0.0299999999999999);
#1089=FACE_OUTER_BOUND('',#2110,.T.);
#1090=PLANE('',#2111);
#1091=FACE_OUTER_BOUND('',#2112,.T.);
#1092=CYLINDRICAL_SURFACE('',#2113,0.09);
#1093=FACE_OUTER_BOUND('',#2114,.T.);
#1094=CYLINDRICAL_SURFACE('',#2115,0.0299999999999999);
#1095=FACE_OUTER_BOUND('',#2116,.T.);
#1096=PLANE('',#2117);
#1097=FACE_OUTER_BOUND('',#2118,.T.);
#1098=PLANE('',#2119);
#1099=FACE_OUTER_BOUND('',#2120,.T.);
#1100=PLANE('',#2121);
#1101=FACE_OUTER_BOUND('',#2122,.T.);
#1102=PLANE('',#2123);
#1103=FACE_OUTER_BOUND('',#2124,.T.);
#1104=PLANE('',#2125);
#1105=FACE_OUTER_BOUND('',#2126,.T.);
#1106=PLANE('',#2127);
#1107=FACE_OUTER_BOUND('',#2128,.T.);
#1108=PLANE('',#2129);
#1109=FACE_OUTER_BOUND('',#2130,.T.);
#1110=PLANE('',#2131);
#1111=FACE_OUTER_BOUND('',#2132,.T.);
#1112=CYLINDRICAL_SURFACE('',#2133,0.05);
#1113=FACE_OUTER_BOUND('',#2134,.T.);
#1114=CYLINDRICAL_SURFACE('',#2135,0.05);
#1115=FACE_OUTER_BOUND('',#2136,.T.);
#1116=CYLINDRICAL_SURFACE('',#2137,0.09);
#1117=FACE_OUTER_BOUND('',#2138,.T.);
#1118=CYLINDRICAL_SURFACE('',#2139,0.09);
#1119=FACE_OUTER_BOUND('',#2140,.T.);
#1120=CYLINDRICAL_SURFACE('',#2141,0.09);
#1121=FACE_OUTER_BOUND('',#2142,.T.);
#1122=CYLINDRICAL_SURFACE('',#2143,0.09);
#1123=FACE_OUTER_BOUND('',#2144,.T.);
#1124=CYLINDRICAL_SURFACE('',#2145,0.09);
#1125=FACE_OUTER_BOUND('',#2146,.T.);
#1126=PLANE('',#2147);
#1127=FACE_OUTER_BOUND('',#2148,.T.);
#1128=PLANE('',#2149);
#1129=FACE_OUTER_BOUND('',#2150,.T.);
#1130=PLANE('',#2151);
#1131=FACE_OUTER_BOUND('',#2152,.T.);
#1132=PLANE('',#2153);
#1133=FACE_OUTER_BOUND('',#2154,.T.);
#1134=PLANE('',#2155);
#1135=FACE_OUTER_BOUND('',#2156,.T.);
#1136=CYLINDRICAL_SURFACE('',#2157,0.05);
#1137=FACE_OUTER_BOUND('',#2158,.T.);
#1138=CYLINDRICAL_SURFACE('',#2159,0.05);
#1139=FACE_OUTER_BOUND('',#2160,.T.);
#1140=CYLINDRICAL_SURFACE('',#2161,0.05);
#1141=FACE_OUTER_BOUND('',#2162,.T.);
#1142=CYLINDRICAL_SURFACE('',#2163,0.05);
#1143=FACE_OUTER_BOUND('',#2164,.T.);
#1144=CYLINDRICAL_SURFACE('',#2165,0.09);
#1145=FACE_OUTER_BOUND('',#2166,.T.);
#1146=CYLINDRICAL_SURFACE('',#2167,0.09);
#1147=FACE_OUTER_BOUND('',#2168,.T.);
#1148=PLANE('',#2169);
#1149=FACE_OUTER_BOUND('',#2170,.T.);
#1150=PLANE('',#2171);
#1151=FACE_OUTER_BOUND('',#2172,.T.);
#1152=PLANE('',#2173);
#1153=FACE_OUTER_BOUND('',#2174,.T.);
#1154=PLANE('',#2175);
#1155=FACE_OUTER_BOUND('',#2176,.T.);
#1156=PLANE('',#2177);
#1157=FACE_OUTER_BOUND('',#2178,.T.);
#1158=PLANE('',#2179);
#1159=FACE_OUTER_BOUND('',#2180,.T.);
#1160=PLANE('',#2181);
#1161=FACE_OUTER_BOUND('',#2182,.T.);
#1162=PLANE('',#2183);
#1163=FACE_OUTER_BOUND('',#2184,.T.);
#1164=PLANE('',#2185);
#1165=FACE_OUTER_BOUND('',#2186,.T.);
#1166=PLANE('',#2187);
#1167=FACE_OUTER_BOUND('',#2188,.T.);
#1168=PLANE('',#2189);
#1169=FACE_OUTER_BOUND('',#2190,.T.);
#1170=PLANE('',#2191);
#1171=FACE_OUTER_BOUND('',#2192,.T.);
#1172=PLANE('',#2193);
#1173=FACE_OUTER_BOUND('',#2194,.T.);
#1174=PLANE('',#2195);
#1175=FACE_OUTER_BOUND('',#2196,.T.);
#1176=PLANE('',#2197);
#1177=FACE_OUTER_BOUND('',#2198,.T.);
#1178=PLANE('',#2199);
#1179=FACE_OUTER_BOUND('',#2200,.T.);
#1180=PLANE('',#2201);
#1181=FACE_OUTER_BOUND('',#2202,.T.);
#1182=PLANE('',#2203);
#1183=FACE_OUTER_BOUND('',#2204,.T.);
#1184=PLANE('',#2205);
#1185=FACE_OUTER_BOUND('',#2206,.T.);
#1186=PLANE('',#2207);
#1187=FACE_OUTER_BOUND('',#2208,.T.);
#1188=PLANE('',#2209);
#1189=FACE_OUTER_BOUND('',#2210,.T.);
#1190=PLANE('',#2211);
#1191=FACE_OUTER_BOUND('',#2212,.T.);
#1192=PLANE('',#2213);
#1193=FACE_OUTER_BOUND('',#2214,.T.);
#1194=PLANE('',#2215);
#1195=FACE_OUTER_BOUND('',#2216,.T.);
#1196=PLANE('',#2217);
#1197=FACE_OUTER_BOUND('',#2218,.T.);
#1198=PLANE('',#2219);
#1199=FACE_OUTER_BOUND('',#2220,.T.);
#1200=PLANE('',#2221);
#1201=FACE_OUTER_BOUND('',#2222,.T.);
#1202=PLANE('',#2223);
#1203=FACE_OUTER_BOUND('',#2224,.T.);
#1204=PLANE('',#2225);
#1205=FACE_OUTER_BOUND('',#2226,.T.);
#1206=PLANE('',#2227);
#1207=FACE_OUTER_BOUND('',#2228,.T.);
#1208=PLANE('',#2229);
#1209=FACE_OUTER_BOUND('',#2230,.T.);
#1210=PLANE('',#2231);
#1211=FACE_OUTER_BOUND('',#2232,.T.);
#1212=PLANE('',#2233);
#1213=FACE_OUTER_BOUND('',#2234,.T.);
#1214=PLANE('',#2235);
#1215=FACE_OUTER_BOUND('',#2236,.T.);
#1216=PLANE('',#2237);
#1217=FACE_OUTER_BOUND('',#2238,.T.);
#1218=PLANE('',#2239);
#1219=FACE_OUTER_BOUND('',#2240,.T.);
#1220=PLANE('',#2241);
#1221=FACE_OUTER_BOUND('',#2242,.T.);
#1222=PLANE('',#2243);
#1223=FACE_OUTER_BOUND('',#2244,.T.);
#1224=PLANE('',#2245);
#1225=FACE_OUTER_BOUND('',#2246,.T.);
#1226=PLANE('',#2247);
#1227=FACE_OUTER_BOUND('',#2248,.T.);
#1228=PLANE('',#2249);
#1229=FACE_OUTER_BOUND('',#2250,.T.);
#1230=PLANE('',#2251);
#1231=FACE_OUTER_BOUND('',#2252,.T.);
#1232=PLANE('',#2253);
#1233=FACE_OUTER_BOUND('',#2254,.T.);
#1234=PLANE('',#2255);
#1235=FACE_OUTER_BOUND('',#2256,.T.);
#1236=PLANE('',#2257);
#1237=FACE_OUTER_BOUND('',#2258,.T.);
#1238=PLANE('',#2259);
#1239=FACE_OUTER_BOUND('',#2260,.T.);
#1240=PLANE('',#2261);
#1241=FACE_OUTER_BOUND('',#2262,.T.);
#1242=PLANE('',#2263);
#1243=FACE_OUTER_BOUND('',#2264,.T.);
#1244=PLANE('',#2265);
#1245=FACE_OUTER_BOUND('',#2266,.T.);
#1246=PLANE('',#2267);
#1247=FACE_OUTER_BOUND('',#2268,.T.);
#1248=PLANE('',#2269);
#1249=FACE_OUTER_BOUND('',#2270,.T.);
#1250=PLANE('',#2271);
#1251=FACE_OUTER_BOUND('',#2272,.T.);
#1252=PLANE('',#2273);
#1253=FACE_OUTER_BOUND('',#2274,.T.);
#1254=PLANE('',#2275);
#1255=FACE_OUTER_BOUND('',#2276,.T.);
#1256=PLANE('',#2277);
#1257=FACE_OUTER_BOUND('',#2278,.T.);
#1258=PLANE('',#2279);
#1259=FACE_OUTER_BOUND('',#2280,.T.);
#1260=CYLINDRICAL_SURFACE('',#2281,0.02);
#1261=FACE_OUTER_BOUND('',#2282,.T.);
#1262=PLANE('',#2283);
#1263=FACE_OUTER_BOUND('',#2284,.T.);
#1264=PLANE('',#2285);
#1265=FACE_OUTER_BOUND('',#2286,.T.);
#1266=PLANE('',#2287);
#1267=FACE_OUTER_BOUND('',#2288,.T.);
#1268=CYLINDRICAL_SURFACE('',#2289,0.02);
#1269=FACE_OUTER_BOUND('',#2290,.T.);
#1270=PLANE('',#2291);
#1271=FACE_OUTER_BOUND('',#2292,.T.);
#1272=PLANE('',#2293);
#1273=FACE_OUTER_BOUND('',#2294,.T.);
#1274=PLANE('',#2295);
#1275=FACE_OUTER_BOUND('',#2296,.T.);
#1276=PLANE('',#2297);
#1277=FACE_OUTER_BOUND('',#2298,.T.);
#1278=PLANE('',#2299);
#1279=FACE_OUTER_BOUND('',#2300,.T.);
#1280=CYLINDRICAL_SURFACE('',#2301,0.02);
#1281=FACE_OUTER_BOUND('',#2302,.T.);
#1282=CYLINDRICAL_SURFACE('',#2303,0.02);
#1283=FACE_OUTER_BOUND('',#2304,.T.);
#1284=PLANE('',#2305);
#1285=FACE_OUTER_BOUND('',#2306,.T.);
#1286=PLANE('',#2307);
#1287=FACE_OUTER_BOUND('',#2308,.T.);
#1288=PLANE('',#2309);
#1289=FACE_OUTER_BOUND('',#2310,.T.);
#1290=PLANE('',#2311);
#1291=FACE_OUTER_BOUND('',#2312,.T.);
#1292=PLANE('',#2313);
#1293=FACE_OUTER_BOUND('',#2314,.T.);
#1294=PLANE('',#2315);
#1295=FACE_OUTER_BOUND('',#2316,.T.);
#1296=PLANE('',#2317);
#1297=FACE_OUTER_BOUND('',#2318,.T.);
#1298=PLANE('',#2319);
#1299=FACE_OUTER_BOUND('',#2320,.T.);
#1300=PLANE('',#2321);
#1301=FACE_OUTER_BOUND('',#2322,.T.);
#1302=PLANE('',#2323);
#1303=FACE_OUTER_BOUND('',#2324,.T.);
#1304=PLANE('',#2325);
#1305=FACE_OUTER_BOUND('',#2326,.T.);
#1306=PLANE('',#2327);
#1307=FACE_OUTER_BOUND('',#2328,.T.);
#1308=PLANE('',#2329);
#1309=FACE_OUTER_BOUND('',#2330,.T.);
#1310=PLANE('',#2331);
#1311=FACE_OUTER_BOUND('',#2332,.T.);
#1312=PLANE('',#2333);
#1313=FACE_OUTER_BOUND('',#2334,.T.);
#1314=PLANE('',#2335);
#1315=FACE_OUTER_BOUND('',#2336,.T.);
#1316=PLANE('',#2337);
#1317=FACE_OUTER_BOUND('',#2338,.T.);
#1318=PLANE('',#2339);
#1319=FACE_OUTER_BOUND('',#2340,.T.);
#1320=PLANE('',#2341);
#1321=FACE_OUTER_BOUND('',#2342,.T.);
#1322=PLANE('',#2343);
#1323=FACE_OUTER_BOUND('',#2344,.T.);
#1324=PLANE('',#2345);
#1325=FACE_OUTER_BOUND('',#2346,.T.);
#1326=PLANE('',#2347);
#1327=FACE_OUTER_BOUND('',#2348,.T.);
#1328=PLANE('',#2349);
#1329=FACE_OUTER_BOUND('',#2350,.T.);
#1330=PLANE('',#2351);
#1331=FACE_OUTER_BOUND('',#2352,.T.);
#1332=PLANE('',#2353);
#1333=FACE_OUTER_BOUND('',#2354,.T.);
#1334=PLANE('',#2355);
#1335=FACE_OUTER_BOUND('',#2356,.T.);
#1336=PLANE('',#2357);
#1337=FACE_OUTER_BOUND('',#2358,.T.);
#1338=PLANE('',#2359);
#1339=FACE_OUTER_BOUND('',#2360,.T.);
#1340=PLANE('',#2361);
#1341=FACE_OUTER_BOUND('',#2362,.T.);
#1342=PLANE('',#2363);
#1343=FACE_OUTER_BOUND('',#2364,.T.);
#1344=PLANE('',#2365);
#1345=FACE_OUTER_BOUND('',#2366,.T.);
#1346=PLANE('',#2367);
#1347=FACE_OUTER_BOUND('',#2368,.T.);
#1348=PLANE('',#2369);
#1349=FACE_OUTER_BOUND('',#2370,.T.);
#1350=PLANE('',#2371);
#1351=FACE_OUTER_BOUND('',#2372,.T.);
#1352=PLANE('',#2373);
#1353=FACE_OUTER_BOUND('',#2374,.T.);
#1354=PLANE('',#2375);
#1355=FACE_OUTER_BOUND('',#2376,.T.);
#1356=PLANE('',#2377);
#1357=FACE_OUTER_BOUND('',#2378,.T.);
#1358=PLANE('',#2379);
#1359=FACE_OUTER_BOUND('',#2380,.T.);
#1360=PLANE('',#2381);
#1361=FACE_OUTER_BOUND('',#2382,.T.);
#1362=PLANE('',#2383);
#1363=FACE_OUTER_BOUND('',#2384,.T.);
#1364=PLANE('',#2385);
#1365=FACE_OUTER_BOUND('',#2386,.T.);
#1366=PLANE('',#2387);
#1367=FACE_OUTER_BOUND('',#2388,.T.);
#1368=PLANE('',#2389);
#1369=FACE_OUTER_BOUND('',#2390,.T.);
#1370=PLANE('',#2391);
#1371=FACE_OUTER_BOUND('',#2392,.T.);
#1372=PLANE('',#2393);
#1373=FACE_OUTER_BOUND('',#2394,.T.);
#1374=PLANE('',#2395);
#1375=FACE_OUTER_BOUND('',#2396,.T.);
#1376=PLANE('',#2397);
#1377=FACE_OUTER_BOUND('',#2398,.T.);
#1378=PLANE('',#2399);
#1379=FACE_OUTER_BOUND('',#2400,.T.);
#1380=PLANE('',#2401);
#1381=FACE_OUTER_BOUND('',#2402,.T.);
#1382=PLANE('',#2403);
#1383=FACE_OUTER_BOUND('',#2404,.T.);
#1384=PLANE('',#2405);
#1385=FACE_OUTER_BOUND('',#2406,.T.);
#1386=PLANE('',#2407);
#1387=FACE_OUTER_BOUND('',#2408,.T.);
#1388=PLANE('',#2409);
#1389=FACE_OUTER_BOUND('',#2410,.T.);
#1390=PLANE('',#2411);
#1391=FACE_OUTER_BOUND('',#2412,.T.);
#1392=PLANE('',#2413);
#1393=FACE_OUTER_BOUND('',#2414,.T.);
#1394=PLANE('',#2415);
#1395=FACE_OUTER_BOUND('',#2416,.T.);
#1396=PLANE('',#2417);
#1397=FACE_OUTER_BOUND('',#2418,.T.);
#1398=CYLINDRICAL_SURFACE('',#2419,0.02);
#1399=FACE_OUTER_BOUND('',#2420,.T.);
#1400=PLANE('',#2421);
#1401=FACE_OUTER_BOUND('',#2422,.T.);
#1402=PLANE('',#2423);
#1403=FACE_OUTER_BOUND('',#2424,.T.);
#1404=PLANE('',#2425);
#1405=FACE_OUTER_BOUND('',#2426,.T.);
#1406=CYLINDRICAL_SURFACE('',#2427,0.02);
#1407=FACE_OUTER_BOUND('',#2428,.T.);
#1408=PLANE('',#2429);
#1409=FACE_OUTER_BOUND('',#2430,.T.);
#1410=PLANE('',#2431);
#1411=FACE_OUTER_BOUND('',#2432,.T.);
#1412=CYLINDRICAL_SURFACE('',#2433,0.02);
#1413=FACE_OUTER_BOUND('',#2434,.T.);
#1414=PLANE('',#2435);
#1415=FACE_OUTER_BOUND('',#2436,.T.);
#1416=PLANE('',#2437);
#1417=FACE_OUTER_BOUND('',#2438,.T.);
#1418=PLANE('',#2439);
#1419=FACE_OUTER_BOUND('',#2440,.T.);
#1420=CYLINDRICAL_SURFACE('',#2441,0.02);
#1421=FACE_OUTER_BOUND('',#2442,.T.);
#1422=PLANE('',#2443);
#1423=FACE_OUTER_BOUND('',#2444,.T.);
#1424=PLANE('',#2445);
#1425=FACE_OUTER_BOUND('',#2446,.T.);
#1426=CYLINDRICAL_SURFACE('',#2447,0.02);
#1427=FACE_OUTER_BOUND('',#2448,.T.);
#1428=PLANE('',#2449);
#1429=FACE_OUTER_BOUND('',#2450,.T.);
#1430=PLANE('',#2451);
#1431=FACE_OUTER_BOUND('',#2452,.T.);
#1432=PLANE('',#2453);
#1433=FACE_OUTER_BOUND('',#2454,.T.);
#1434=CYLINDRICAL_SURFACE('',#2455,0.02);
#1435=FACE_OUTER_BOUND('',#2456,.T.);
#1436=PLANE('',#2457);
#1437=FACE_OUTER_BOUND('',#2458,.T.);
#1438=PLANE('',#2459);
#1439=FACE_OUTER_BOUND('',#2460,.T.);
#1440=CYLINDRICAL_SURFACE('',#2461,0.02);
#1441=FACE_OUTER_BOUND('',#2462,.T.);
#1442=PLANE('',#2463);
#1443=FACE_OUTER_BOUND('',#2464,.T.);
#1444=PLANE('',#2465);
#1445=FACE_OUTER_BOUND('',#2466,.T.);
#1446=PLANE('',#2467);
#1447=FACE_OUTER_BOUND('',#2468,.T.);
#1448=CYLINDRICAL_SURFACE('',#2469,0.02);
#1449=FACE_OUTER_BOUND('',#2470,.T.);
#1450=PLANE('',#2471);
#1451=FACE_OUTER_BOUND('',#2472,.T.);
#1452=PLANE('',#2473);
#1453=FACE_OUTER_BOUND('',#2474,.T.);
#1454=CYLINDRICAL_SURFACE('',#2475,0.02);
#1455=FACE_OUTER_BOUND('',#2476,.T.);
#1456=PLANE('',#2477);
#1457=FACE_OUTER_BOUND('',#2478,.T.);
#1458=PLANE('',#2479);
#1459=FACE_OUTER_BOUND('',#2480,.T.);
#1460=PLANE('',#2481);
#1461=FACE_OUTER_BOUND('',#2482,.T.);
#1462=CYLINDRICAL_SURFACE('',#2483,0.02);
#1463=FACE_OUTER_BOUND('',#2484,.T.);
#1464=PLANE('',#2485);
#1465=FACE_OUTER_BOUND('',#2486,.T.);
#1466=PLANE('',#2487);
#1467=FACE_OUTER_BOUND('',#2488,.T.);
#1468=PLANE('',#2489);
#1469=FACE_OUTER_BOUND('',#2490,.T.);
#1470=PLANE('',#2491);
#1471=FACE_OUTER_BOUND('',#2492,.T.);
#1472=PLANE('',#2493);
#1473=FACE_OUTER_BOUND('',#2494,.T.);
#1474=CYLINDRICAL_SURFACE('',#2495,0.02);
#1475=FACE_OUTER_BOUND('',#2496,.T.);
#1476=CYLINDRICAL_SURFACE('',#2497,0.02);
#1477=FACE_OUTER_BOUND('',#2498,.T.);
#1478=PLANE('',#2499);
#1479=FACE_OUTER_BOUND('',#2500,.T.);
#1480=PLANE('',#2501);
#1481=FACE_OUTER_BOUND('',#2502,.T.);
#1482=PLANE('',#2503);
#1483=FACE_OUTER_BOUND('',#2504,.T.);
#1484=PLANE('',#2505);
#1485=FACE_OUTER_BOUND('',#2506,.T.);
#1486=PLANE('',#2507);
#1487=FACE_OUTER_BOUND('',#2508,.T.);
#1488=PLANE('',#2509);
#1489=FACE_OUTER_BOUND('',#2510,.T.);
#1490=CYLINDRICAL_SURFACE('',#2511,0.02);
#1491=FACE_OUTER_BOUND('',#2512,.T.);
#1492=CYLINDRICAL_SURFACE('',#2513,0.02);
#1493=FACE_OUTER_BOUND('',#2514,.T.);
#1494=PLANE('',#2515);
#1495=FACE_OUTER_BOUND('',#2516,.T.);
#1496=PLANE('',#2517);
#1497=FACE_OUTER_BOUND('',#2518,.T.);
#1498=PLANE('',#2519);
#1499=FACE_OUTER_BOUND('',#2520,.T.);
#1500=PLANE('',#2521);
#1501=FACE_OUTER_BOUND('',#2522,.T.);
#1502=PLANE('',#2523);
#1503=FACE_OUTER_BOUND('',#2524,.T.);
#1504=PLANE('',#2525);
#1505=FACE_OUTER_BOUND('',#2526,.T.);
#1506=CYLINDRICAL_SURFACE('',#2527,0.02);
#1507=FACE_OUTER_BOUND('',#2528,.T.);
#1508=CYLINDRICAL_SURFACE('',#2529,0.02);
#1509=FACE_OUTER_BOUND('',#2530,.T.);
#1510=PLANE('',#2531);
#1511=FACE_OUTER_BOUND('',#2532,.T.);
#1512=PLANE('',#2533);
#1513=FACE_OUTER_BOUND('',#2534,.T.);
#1514=PLANE('',#2535);
#1515=FACE_OUTER_BOUND('',#2536,.T.);
#1516=PLANE('',#2537);
#1517=FACE_OUTER_BOUND('',#2538,.T.);
#1518=PLANE('',#2539);
#1519=FACE_OUTER_BOUND('',#2540,.T.);
#1520=PLANE('',#2541);
#1521=FACE_OUTER_BOUND('',#2542,.T.);
#1522=CYLINDRICAL_SURFACE('',#2543,0.02);
#1523=FACE_OUTER_BOUND('',#2544,.T.);
#1524=CYLINDRICAL_SURFACE('',#2545,0.02);
#1525=FACE_OUTER_BOUND('',#2546,.T.);
#1526=PLANE('',#2547);
#1527=FACE_OUTER_BOUND('',#2548,.T.);
#1528=PLANE('',#2549);
#1529=FACE_OUTER_BOUND('',#2550,.T.);
#1530=PLANE('',#2551);
#1531=FACE_OUTER_BOUND('',#2552,.T.);
#1532=PLANE('',#2553);
#1533=FACE_OUTER_BOUND('',#2554,.T.);
#1534=PLANE('',#2555);
#1535=FACE_OUTER_BOUND('',#2556,.T.);
#1536=PLANE('',#2557);
#1537=FACE_OUTER_BOUND('',#2558,.T.);
#1538=CYLINDRICAL_SURFACE('',#2559,0.02);
#1539=FACE_OUTER_BOUND('',#2560,.T.);
#1540=CYLINDRICAL_SURFACE('',#2561,0.02);
#1541=FACE_OUTER_BOUND('',#2562,.T.);
#1542=PLANE('',#2563);
#1543=FACE_OUTER_BOUND('',#2564,.T.);
#1544=PLANE('',#2565);
#1545=FACE_OUTER_BOUND('',#2566,.T.);
#1546=PLANE('',#2567);
#1547=FACE_OUTER_BOUND('',#2568,.T.);
#1548=PLANE('',#2569);
#1549=FACE_OUTER_BOUND('',#2570,.T.);
#1550=PLANE('',#2571);
#1551=FACE_OUTER_BOUND('',#2572,.T.);
#1552=PLANE('',#2573);
#1553=FACE_OUTER_BOUND('',#2574,.T.);
#1554=PLANE('',#2575);
#1555=FACE_OUTER_BOUND('',#2576,.T.);
#1556=PLANE('',#2577);
#1557=FACE_OUTER_BOUND('',#2578,.T.);
#1558=PLANE('',#2579);
#1559=FACE_OUTER_BOUND('',#2580,.T.);
#1560=PLANE('',#2581);
#1561=FACE_OUTER_BOUND('',#2582,.T.);
#1562=PLANE('',#2583);
#1563=FACE_OUTER_BOUND('',#2584,.T.);
#1564=PLANE('',#2585);
#1565=FACE_OUTER_BOUND('',#2586,.T.);
#1566=PLANE('',#2587);
#1567=FACE_OUTER_BOUND('',#2588,.T.);
#1568=PLANE('',#2589);
#1569=FACE_OUTER_BOUND('',#2590,.T.);
#1570=PLANE('',#2591);
#1571=FACE_OUTER_BOUND('',#2592,.T.);
#1572=PLANE('',#2593);
#1573=FACE_OUTER_BOUND('',#2594,.T.);
#1574=PLANE('',#2595);
#1575=FACE_OUTER_BOUND('',#2596,.T.);
#1576=PLANE('',#2597);
#1577=FACE_OUTER_BOUND('',#2598,.T.);
#1578=PLANE('',#2599);
#1579=FACE_OUTER_BOUND('',#2600,.T.);
#1580=PLANE('',#2601);
#1581=FACE_OUTER_BOUND('',#2602,.T.);
#1582=PLANE('',#2603);
#1583=FILL_AREA_STYLE('',(#2604));
#1584=EDGE_LOOP('',(#2605,#2606,#2607,#2608,#2609,#2610));
#1585=AXIS2_PLACEMENT_3D('',#2611,#2612,#2613);
#1586=EDGE_LOOP('',(#2614,#2615,#2616,#2617,#2618,#2619));
#1587=AXIS2_PLACEMENT_3D('',#2620,#2621,#2622);
#1588=EDGE_LOOP('',(#2623,#2624,#2625,#2626,#2627,#2628));
#1589=AXIS2_PLACEMENT_3D('',#2629,#2630,#2631);
#1590=EDGE_LOOP('',(#2632,#2633,#2634,#2635,#2636,#2637));
#1591=AXIS2_PLACEMENT_3D('',#2638,#2639,#2640);
#1592=EDGE_LOOP('',(#2641,#2642,#2643,#2644,#2645));
#1593=AXIS2_PLACEMENT_3D('',#2646,#2647,#2648);
#1594=EDGE_LOOP('',(#2649,#2650,#2651,#2652,#2653,#2654));
#1595=AXIS2_PLACEMENT_3D('',#2655,#2656,#2657);
#1596=EDGE_LOOP('',(#2658,#2659,#2660,#2661,#2662,#2663));
#1597=AXIS2_PLACEMENT_3D('',#2664,#2665,#2666);
#1598=EDGE_LOOP('',(#2667,#2668,#2669,#2670,#2671,#2672));
#1599=AXIS2_PLACEMENT_3D('',#2673,#2674,#2675);
#1600=EDGE_LOOP('',(#2676,#2677,#2678,#2679,#2680,#2681));
#1601=AXIS2_PLACEMENT_3D('',#2682,#2683,#2684);
#1602=EDGE_LOOP('',(#2685,#2686,#2687,#2688,#2689));
#1603=AXIS2_PLACEMENT_3D('',#2690,#2691,#2692);
#1604=EDGE_LOOP('',(#2693,#2694,#2695,#2696));
#1605=AXIS2_PLACEMENT_3D('',#2697,#2698,#2699);
#1606=EDGE_LOOP('',(#2700,#2701,#2702,#2703));
#1607=AXIS2_PLACEMENT_3D('',#2704,#2705,#2706);
#1608=EDGE_LOOP('',(#2707,#2708,#2709,#2710));
#1609=AXIS2_PLACEMENT_3D('',#2711,#2712,#2713);
#1610=EDGE_LOOP('',(#2714,#2715,#2716,#2717));
#1611=AXIS2_PLACEMENT_3D('',#2718,#2719,#2720);
#1612=EDGE_LOOP('',(#2721,#2722,#2723,#2724));
#1613=AXIS2_PLACEMENT_3D('',#2725,#2726,#2727);
#1614=EDGE_LOOP('',(#2728,#2729,#2730,#2731));
#1615=AXIS2_PLACEMENT_3D('',#2732,#2733,#2734);
#1616=EDGE_LOOP('',(#2735,#2736,#2737,#2738));
#1617=AXIS2_PLACEMENT_3D('',#2739,#2740,#2741);
#1618=EDGE_LOOP('',(#2742,#2743,#2744,#2745));
#1619=AXIS2_PLACEMENT_3D('',#2746,#2747,#2748);
#1620=EDGE_LOOP('',(#2749,#2750,#2751,#2752));
#1621=AXIS2_PLACEMENT_3D('',#2753,#2754,#2755);
#1622=EDGE_LOOP('',(#2756,#2757,#2758,#2759));
#1623=AXIS2_PLACEMENT_3D('',#2760,#2761,#2762);
#1624=EDGE_LOOP('',(#2763,#2764,#2765,#2766));
#1625=AXIS2_PLACEMENT_3D('',#2767,#2768,#2769);
#1626=EDGE_LOOP('',(#2770,#2771,#2772,#2773));
#1627=AXIS2_PLACEMENT_3D('',#2774,#2775,#2776);
#1628=EDGE_LOOP('',(#2777,#2778,#2779,#2780));
#1629=AXIS2_PLACEMENT_3D('',#2781,#2782,#2783);
#1630=EDGE_LOOP('',(#2784,#2785,#2786,#2787));
#1631=AXIS2_PLACEMENT_3D('',#2788,#2789,#2790);
#1632=EDGE_LOOP('',(#2791,#2792,#2793,#2794));
#1633=AXIS2_PLACEMENT_3D('',#2795,#2796,#2797);
#1634=EDGE_LOOP('',(#2798,#2799,#2800,#2801));
#1635=AXIS2_PLACEMENT_3D('',#2802,#2803,#2804);
#1636=EDGE_LOOP('',(#2805,#2806,#2807,#2808));
#1637=AXIS2_PLACEMENT_3D('',#2809,#2810,#2811);
#1638=EDGE_LOOP('',(#2812,#2813,#2814,#2815));
#1639=AXIS2_PLACEMENT_3D('',#2816,#2817,#2818);
#1640=EDGE_LOOP('',(#2819,#2820,#2821,#2822));
#1641=AXIS2_PLACEMENT_3D('',#2823,#2824,#2825);
#1642=EDGE_LOOP('',(#2826,#2827,#2828,#2829));
#1643=AXIS2_PLACEMENT_3D('',#2830,#2831,#2832);
#1644=EDGE_LOOP('',(#2833,#2834,#2835,#2836));
#1645=AXIS2_PLACEMENT_3D('',#2837,#2838,#2839);
#1646=EDGE_LOOP('',(#2840,#2841,#2842,#2843));
#1647=AXIS2_PLACEMENT_3D('',#2844,#2845,#2846);
#1648=EDGE_LOOP('',(#2847,#2848,#2849,#2850));
#1649=AXIS2_PLACEMENT_3D('',#2851,#2852,#2853);
#1650=EDGE_LOOP('',(#2854,#2855,#2856,#2857));
#1651=AXIS2_PLACEMENT_3D('',#2858,#2859,#2860);
#1652=EDGE_LOOP('',(#2861,#2862,#2863,#2864));
#1653=AXIS2_PLACEMENT_3D('',#2865,#2866,#2867);
#1654=EDGE_LOOP('',(#2868,#2869,#2870,#2871));
#1655=AXIS2_PLACEMENT_3D('',#2872,#2873,#2874);
#1656=EDGE_LOOP('',(#2875,#2876,#2877,#2878,#2879,#2880,#2881,#2882,#2883,#2884,#2885,#2886,#2887,#2888,#2889,#2890));
#1657=AXIS2_PLACEMENT_3D('',#2891,#2892,#2893);
#1658=EDGE_LOOP('',(#2894,#2895,#2896,#2897));
#1659=AXIS2_PLACEMENT_3D('',#2898,#2899,#2900);
#1660=EDGE_LOOP('',(#2901,#2902,#2903,#2904));
#1661=AXIS2_PLACEMENT_3D('',#2905,#2906,#2907);
#1662=EDGE_LOOP('',(#2908,#2909,#2910,#2911));
#1663=AXIS2_PLACEMENT_3D('',#2912,#2913,#2914);
#1664=EDGE_LOOP('',(#2915,#2916,#2917,#2918));
#1665=AXIS2_PLACEMENT_3D('',#2919,#2920,#2921);
#1666=EDGE_LOOP('',(#2922,#2923,#2924,#2925));
#1667=AXIS2_PLACEMENT_3D('',#2926,#2927,#2928);
#1668=EDGE_LOOP('',(#2929,#2930,#2931,#2932));
#1669=AXIS2_PLACEMENT_3D('',#2933,#2934,#2935);
#1670=EDGE_LOOP('',(#2936,#2937,#2938,#2939));
#1671=AXIS2_PLACEMENT_3D('',#2940,#2941,#2942);
#1672=EDGE_LOOP('',(#2943,#2944,#2945,#2946));
#1673=AXIS2_PLACEMENT_3D('',#2947,#2948,#2949);
#1674=EDGE_LOOP('',(#2950,#2951,#2952,#2953));
#1675=AXIS2_PLACEMENT_3D('',#2954,#2955,#2956);
#1676=EDGE_LOOP('',(#2957,#2958,#2959,#2960));
#1677=AXIS2_PLACEMENT_3D('',#2961,#2962,#2963);
#1678=EDGE_LOOP('',(#2964,#2965,#2966,#2967));
#1679=AXIS2_PLACEMENT_3D('',#2968,#2969,#2970);
#1680=EDGE_LOOP('',(#2971,#2972,#2973,#2974));
#1681=AXIS2_PLACEMENT_3D('',#2975,#2976,#2977);
#1682=EDGE_LOOP('',(#2978,#2979,#2980,#2981,#2982,#2983,#2984,#2985,#2986,#2987,#2988,#2989,#2990,#2991,#2992,#2993));
#1683=AXIS2_PLACEMENT_3D('',#2994,#2995,#2996);
#1684=EDGE_LOOP('',(#2997,#2998,#2999,#3000));
#1685=AXIS2_PLACEMENT_3D('',#3001,#3002,#3003);
#1686=EDGE_LOOP('',(#3004,#3005,#3006,#3007,#3008,#3009));
#1687=AXIS2_PLACEMENT_3D('',#3010,#3011,#3012);
#1688=EDGE_LOOP('',(#3013,#3014,#3015,#3016,#3017,#3018));
#1689=AXIS2_PLACEMENT_3D('',#3019,#3020,#3021);
#1690=EDGE_LOOP('',(#3022,#3023,#3024,#3025));
#1691=AXIS2_PLACEMENT_3D('',#3026,#3027,#3028);
#1692=EDGE_LOOP('',(#3029,#3030,#3031,#3032));
#1693=AXIS2_PLACEMENT_3D('',#3033,#3034,#3035);
#1694=EDGE_LOOP('',(#3036,#3037,#3038,#3039));
#1695=AXIS2_PLACEMENT_3D('',#3040,#3041,#3042);
#1696=EDGE_LOOP('',(#3043,#3044,#3045,#3046));
#1697=AXIS2_PLACEMENT_3D('',#3047,#3048,#3049);
#1698=EDGE_LOOP('',(#3050,#3051,#3052,#3053));
#1699=AXIS2_PLACEMENT_3D('',#3054,#3055,#3056);
#1700=EDGE_LOOP('',(#3057,#3058,#3059,#3060));
#1701=AXIS2_PLACEMENT_3D('',#3061,#3062,#3063);
#1702=EDGE_LOOP('',(#3064,#3065,#3066,#3067));
#1703=AXIS2_PLACEMENT_3D('',#3068,#3069,#3070);
#1704=EDGE_LOOP('',(#3071,#3072,#3073,#3074,#3075,#3076));
#1705=AXIS2_PLACEMENT_3D('',#3077,#3078,#3079);
#1706=EDGE_LOOP('',(#3080,#3081,#3082,#3083,#3084,#3085));
#1707=AXIS2_PLACEMENT_3D('',#3086,#3087,#3088);
#1708=EDGE_LOOP('',(#3089,#3090,#3091,#3092,#3093,#3094));
#1709=AXIS2_PLACEMENT_3D('',#3095,#3096,#3097);
#1710=EDGE_LOOP('',(#3098,#3099,#3100,#3101,#3102,#3103));
#1711=AXIS2_PLACEMENT_3D('',#3104,#3105,#3106);
#1712=EDGE_LOOP('',(#3107,#3108,#3109,#3110));
#1713=AXIS2_PLACEMENT_3D('',#3111,#3112,#3113);
#1714=EDGE_LOOP('',(#3114,#3115,#3116,#3117));
#1715=AXIS2_PLACEMENT_3D('',#3118,#3119,#3120);
#1716=EDGE_LOOP('',(#3121,#3122,#3123,#3124));
#1717=AXIS2_PLACEMENT_3D('',#3125,#3126,#3127);
#1718=EDGE_LOOP('',(#3128,#3129,#3130,#3131));
#1719=AXIS2_PLACEMENT_3D('',#3132,#3133,#3134);
#1720=EDGE_LOOP('',(#3135,#3136,#3137,#3138));
#1721=AXIS2_PLACEMENT_3D('',#3139,#3140,#3141);
#1722=EDGE_LOOP('',(#3142,#3143,#3144,#3145,#3146,#3147));
#1723=AXIS2_PLACEMENT_3D('',#3148,#3149,#3150);
#1724=EDGE_LOOP('',(#3151,#3152,#3153,#3154));
#1725=AXIS2_PLACEMENT_3D('',#3155,#3156,#3157);
#1726=EDGE_LOOP('',(#3158,#3159,#3160,#3161));
#1727=AXIS2_PLACEMENT_3D('',#3162,#3163,#3164);
#1728=EDGE_LOOP('',(#3165,#3166,#3167,#3168));
#1729=AXIS2_PLACEMENT_3D('',#3169,#3170,#3171);
#1730=EDGE_LOOP('',(#3172,#3173,#3174,#3175));
#1731=AXIS2_PLACEMENT_3D('',#3176,#3177,#3178);
#1732=EDGE_LOOP('',(#3179,#3180,#3181,#3182));
#1733=AXIS2_PLACEMENT_3D('',#3183,#3184,#3185);
#1734=EDGE_LOOP('',(#3186,#3187,#3188,#3189));
#1735=AXIS2_PLACEMENT_3D('',#3190,#3191,#3192);
#1736=EDGE_LOOP('',(#3193,#3194,#3195,#3196));
#1737=AXIS2_PLACEMENT_3D('',#3197,#3198,#3199);
#1738=EDGE_LOOP('',(#3200,#3201,#3202,#3203,#3204,#3205));
#1739=AXIS2_PLACEMENT_3D('',#3206,#3207,#3208);
#1740=EDGE_LOOP('',(#3209,#3210,#3211,#3212,#3213));
#1741=AXIS2_PLACEMENT_3D('',#3214,#3215,#3216);
#1742=EDGE_LOOP('',(#3217,#3218,#3219,#3220,#3221));
#1743=AXIS2_PLACEMENT_3D('',#3222,#3223,#3224);
#1744=EDGE_LOOP('',(#3225,#3226,#3227,#3228,#3229,#3230,#3231,#3232,#3233,#3234,#3235,#3236,#3237,#3238,#3239,#3240));
#1745=AXIS2_PLACEMENT_3D('',#3241,#3242,#3243);
#1746=EDGE_LOOP('',(#3244,#3245,#3246,#3247,#3248,#3249,#3250,#3251,#3252,#3253,#3254,#3255,#3256,#3257,#3258,#3259,#3260,#3261,#3262,#3263,#3264,#3265,#3266,#3267,#3268,#3269,#3270,#3271,#3272,#3273,#3274,#3275,#3276,#3277,#3278,#3279,#3280,#3281,#3282,#3283,#3284,#3285,#3286,#3287,#3288,#3289,#3290,#3291,#3292,#3293,#3294,#3295,#3296,#3297,#3298,#3299,#3300,#3301,#3302,#3303,#3304,#3305,#3306,#3307,#3308,#3309,#3310,#3311,#3312,#3313,#3314,#3315,#3316,#3317,#3318,#3319,#3320,#3321,#3322,#3323,#3324,#3325,#3326,#3327,#3328,#3329,#3330,#3331,#3332,#3333,#3334,#3335));
#1747=AXIS2_PLACEMENT_3D('',#3336,#3337,#3338);
#1748=EDGE_LOOP('',(#3339,#3340,#3341,#3342,#3343,#3344,#3345,#3346));
#1749=AXIS2_PLACEMENT_3D('',#3347,#3348,#3349);
#1750=EDGE_LOOP('',(#3350,#3351,#3352,#3353,#3354,#3355,#3356,#3357));
#1751=AXIS2_PLACEMENT_3D('',#3358,#3359,#3360);
#1752=EDGE_LOOP('',(#3361,#3362,#3363,#3364,#3365,#3366,#3367,#3368));
#1753=AXIS2_PLACEMENT_3D('',#3369,#3370,#3371);
#1754=EDGE_LOOP('',(#3372,#3373,#3374,#3375,#3376,#3377));
#1755=AXIS2_PLACEMENT_3D('',#3378,#3379,#3380);
#1756=EDGE_LOOP('',(#3381,#3382,#3383,#3384,#3385));
#1757=AXIS2_PLACEMENT_3D('',#3386,#3387,#3388);
#1758=EDGE_LOOP('',(#3389,#3390,#3391,#3392,#3393));
#1759=AXIS2_PLACEMENT_3D('',#3394,#3395,#3396);
#1760=EDGE_LOOP('',(#3397,#3398,#3399,#3400,#3401));
#1761=AXIS2_PLACEMENT_3D('',#3402,#3403,#3404);
#1762=EDGE_LOOP('',(#3405,#3406,#3407,#3408,#3409));
#1763=AXIS2_PLACEMENT_3D('',#3410,#3411,#3412);
#1764=EDGE_LOOP('',(#3413,#3414,#3415,#3416,#3417,#3418));
#1765=AXIS2_PLACEMENT_3D('',#3419,#3420,#3421);
#1766=EDGE_LOOP('',(#3422,#3423,#3424,#3425,#3426,#3427));
#1767=AXIS2_PLACEMENT_3D('',#3428,#3429,#3430);
#1768=EDGE_LOOP('',(#3431,#3432,#3433,#3434,#3435,#3436,#3437,#3438,#3439,#3440));
#1769=AXIS2_PLACEMENT_3D('',#3441,#3442,#3443);
#1770=EDGE_LOOP('',(#3444,#3445,#3446,#3447,#3448,#3449));
#1771=AXIS2_PLACEMENT_3D('',#3450,#3451,#3452);
#1772=EDGE_LOOP('',(#3453,#3454,#3455,#3456,#3457,#3458,#3459,#3460,#3461,#3462,#3463,#3464,#3465,#3466,#3467,#3468,#3469,#3470,#3471,#3472,#3473,#3474,#3475,#3476,#3477,#3478,#3479,#3480,#3481,#3482,#3483,#3484,#3485,#3486,#3487,#3488,#3489,#3490,#3491,#3492));
#1773=AXIS2_PLACEMENT_3D('',#3493,#3494,#3495);
#1774=EDGE_LOOP('',(#3496,#3497,#3498,#3499,#3500,#3501,#3502,#3503,#3504,#3505,#3506,#3507,#3508,#3509,#3510,#3511,#3512,#3513,#3514,#3515,#3516,#3517,#3518,#3519,#3520,#3521,#3522,#3523,#3524,#3525,#3526,#3527,#3528,#3529,#3530,#3531,#3532,#3533,#3534,#3535));
#1775=AXIS2_PLACEMENT_3D('',#3536,#3537,#3538);
#1776=EDGE_LOOP('',(#3539,#3540,#3541,#3542,#3543,#3544,#3545,#3546,#3547,#3548,#3549,#3550,#3551,#3552,#3553,#3554,#3555,#3556,#3557,#3558,#3559,#3560,#3561,#3562,#3563,#3564,#3565,#3566,#3567,#3568,#3569,#3570,#3571,#3572,#3573,#3574,#3575,#3576,#3577,#3578));
#1777=AXIS2_PLACEMENT_3D('',#3579,#3580,#3581);
#1778=EDGE_LOOP('',(#3582,#3583,#3584,#3585,#3586,#3587,#3588,#3589,#3590,#3591,#3592,#3593,#3594,#3595,#3596,#3597,#3598,#3599,#3600,#3601,#3602,#3603,#3604,#3605,#3606,#3607,#3608,#3609,#3610,#3611,#3612,#3613,#3614,#3615,#3616,#3617,#3618,#3619,#3620,#3621));
#1779=AXIS2_PLACEMENT_3D('',#3622,#3623,#3624);
#1780=EDGE_LOOP('',(#3625,#3626,#3627,#3628,#3629,#3630,#3631,#3632,#3633,#3634,#3635,#3636,#3637,#3638,#3639,#3640));
#1781=AXIS2_PLACEMENT_3D('',#3641,#3642,#3643);
#1782=EDGE_LOOP('',(#3644,#3645,#3646,#3647,#3648,#3649,#3650,#3651));
#1783=AXIS2_PLACEMENT_3D('',#3652,#3653,#3654);
#1784=EDGE_LOOP('',(#3655,#3656,#3657,#3658,#3659,#3660));
#1785=AXIS2_PLACEMENT_3D('',#3661,#3662,#3663);
#1786=EDGE_LOOP('',(#3664,#3665,#3666,#3667,#3668,#3669,#3670,#3671));
#1787=AXIS2_PLACEMENT_3D('',#3672,#3673,#3674);
#1788=EDGE_LOOP('',(#3675,#3676,#3677,#3678,#3679,#3680));
#1789=AXIS2_PLACEMENT_3D('',#3681,#3682,#3683);
#1790=EDGE_LOOP('',(#3684,#3685,#3686,#3687,#3688));
#1791=AXIS2_PLACEMENT_3D('',#3689,#3690,#3691);
#1792=EDGE_LOOP('',(#3692,#3693,#3694,#3695,#3696));
#1793=AXIS2_PLACEMENT_3D('',#3697,#3698,#3699);
#1794=EDGE_LOOP('',(#3700,#3701,#3702,#3703,#3704));
#1795=AXIS2_PLACEMENT_3D('',#3705,#3706,#3707);
#1796=EDGE_LOOP('',(#3708,#3709,#3710,#3711,#3712));
#1797=AXIS2_PLACEMENT_3D('',#3713,#3714,#3715);
#1798=EDGE_LOOP('',(#3716,#3717,#3718,#3719,#3720,#3721,#3722,#3723,#3724,#3725,#3726,#3727,#3728,#3729,#3730,#3731));
#1799=AXIS2_PLACEMENT_3D('',#3732,#3733,#3734);
#1800=EDGE_LOOP('',(#3735,#3736,#3737,#3738,#3739,#3740,#3741,#3742));
#1801=AXIS2_PLACEMENT_3D('',#3743,#3744,#3745);
#1802=EDGE_LOOP('',(#3746,#3747,#3748,#3749));
#1803=AXIS2_PLACEMENT_3D('',#3750,#3751,#3752);
#1804=EDGE_LOOP('',(#3753,#3754,#3755,#3756,#3757,#3758));
#1805=AXIS2_PLACEMENT_3D('',#3759,#3760,#3761);
#1806=EDGE_LOOP('',(#3762,#3763,#3764,#3765));
#1807=AXIS2_PLACEMENT_3D('',#3766,#3767,#3768);
#1808=EDGE_LOOP('',(#3769,#3770,#3771,#3772,#3773,#3774));
#1809=AXIS2_PLACEMENT_3D('',#3775,#3776,#3777);
#1810=EDGE_LOOP('',(#3778,#3779,#3780,#3781,#3782,#3783,#3784,#3785,#3786,#3787,#3788,#3789,#3790,#3791,#3792,#3793,#3794,#3795,#3796,#3797,#3798,#3799,#3800,#3801,#3802,#3803,#3804,#3805,#3806,#3807,#3808,#3809));
#1811=AXIS2_PLACEMENT_3D('',#3810,#3811,#3812);
#1812=EDGE_LOOP('',(#3813,#3814,#3815,#3816,#3817,#3818,#3819,#3820,#3821,#3822,#3823,#3824,#3825,#3826,#3827,#3828,#3829,#3830,#3831,#3832,#3833,#3834,#3835,#3836,#3837,#3838,#3839,#3840,#3841,#3842,#3843,#3844));
#1813=AXIS2_PLACEMENT_3D('',#3845,#3846,#3847);
#1814=EDGE_LOOP('',(#3848,#3849,#3850,#3851,#3852));
#1815=AXIS2_PLACEMENT_3D('',#3853,#3854,#3855);
#1816=EDGE_LOOP('',(#3856,#3857,#3858,#3859));
#1817=AXIS2_PLACEMENT_3D('',#3860,#3861,#3862);
#1818=EDGE_LOOP('',(#3863,#3864,#3865,#3866));
#1819=AXIS2_PLACEMENT_3D('',#3867,#3868,#3869);
#1820=EDGE_LOOP('',(#3870,#3871,#3872,#3873,#3874));
#1821=AXIS2_PLACEMENT_3D('',#3875,#3876,#3877);
#1822=EDGE_LOOP('',(#3878,#3879,#3880,#3881,#3882));
#1823=AXIS2_PLACEMENT_3D('',#3883,#3884,#3885);
#1824=EDGE_LOOP('',(#3886,#3887,#3888,#3889));
#1825=AXIS2_PLACEMENT_3D('',#3890,#3891,#3892);
#1826=EDGE_LOOP('',(#3893,#3894,#3895,#3896));
#1827=AXIS2_PLACEMENT_3D('',#3897,#3898,#3899);
#1828=EDGE_LOOP('',(#3900,#3901,#3902,#3903,#3904,#3905,#3906,#3907,#3908,#3909,#3910,#3911,#3912,#3913,#3914,#3915));
#1829=AXIS2_PLACEMENT_3D('',#3916,#3917,#3918);
#1830=EDGE_LOOP('',(#3919,#3920,#3921,#3922,#3923,#3924,#3925,#3926,#3927,#3928,#3929,#3930,#3931,#3932,#3933,#3934));
#1831=AXIS2_PLACEMENT_3D('',#3935,#3936,#3937);
#1832=EDGE_LOOP('',(#3938,#3939,#3940,#3941));
#1833=AXIS2_PLACEMENT_3D('',#3942,#3943,#3944);
#1834=EDGE_LOOP('',(#3945,#3946,#3947,#3948));
#1835=AXIS2_PLACEMENT_3D('',#3949,#3950,#3951);
#1836=EDGE_LOOP('',(#3952,#3953,#3954,#3955,#3956));
#1837=AXIS2_PLACEMENT_3D('',#3957,#3958,#3959);
#1838=EDGE_LOOP('',(#3960,#3961,#3962,#3963,#3964,#3965,#3966,#3967,#3968,#3969,#3970,#3971));
#1839=AXIS2_PLACEMENT_3D('',#3972,#3973,#3974);
#1840=EDGE_LOOP('',(#3975,#3976,#3977,#3978,#3979,#3980,#3981,#3982,#3983,#3984,#3985,#3986,#3987,#3988,#3989,#3990));
#1841=AXIS2_PLACEMENT_3D('',#3991,#3992,#3993);
#1842=EDGE_LOOP('',(#3994,#3995,#3996,#3997,#3998,#3999));
#1843=AXIS2_PLACEMENT_3D('',#4000,#4001,#4002);
#1844=EDGE_LOOP('',(#4003,#4004,#4005,#4006,#4007,#4008));
#1845=AXIS2_PLACEMENT_3D('',#4009,#4010,#4011);
#1846=EDGE_LOOP('',(#4012,#4013,#4014,#4015));
#1847=AXIS2_PLACEMENT_3D('',#4016,#4017,#4018);
#1848=EDGE_LOOP('',(#4019,#4020,#4021,#4022));
#1849=AXIS2_PLACEMENT_3D('',#4023,#4024,#4025);
#1850=EDGE_LOOP('',(#4026,#4027,#4028,#4029));
#1851=AXIS2_PLACEMENT_3D('',#4030,#4031,#4032);
#1852=EDGE_LOOP('',(#4033,#4034,#4035,#4036));
#1853=AXIS2_PLACEMENT_3D('',#4037,#4038,#4039);
#1854=EDGE_LOOP('',(#4040,#4041,#4042,#4043));
#1855=AXIS2_PLACEMENT_3D('',#4044,#4045,#4046);
#1856=EDGE_LOOP('',(#4047,#4048,#4049,#4050));
#1857=AXIS2_PLACEMENT_3D('',#4051,#4052,#4053);
#1858=EDGE_LOOP('',(#4054,#4055,#4056,#4057));
#1859=AXIS2_PLACEMENT_3D('',#4058,#4059,#4060);
#1860=EDGE_LOOP('',(#4061,#4062,#4063,#4064));
#1861=AXIS2_PLACEMENT_3D('',#4065,#4066,#4067);
#1862=EDGE_LOOP('',(#4068,#4069,#4070,#4071));
#1863=AXIS2_PLACEMENT_3D('',#4072,#4073,#4074);
#1864=EDGE_LOOP('',(#4075,#4076,#4077,#4078));
#1865=AXIS2_PLACEMENT_3D('',#4079,#4080,#4081);
#1866=EDGE_LOOP('',(#4082,#4083,#4084,#4085,#4086,#4087,#4088,#4089,#4090,#4091));
#1867=AXIS2_PLACEMENT_3D('',#4092,#4093,#4094);
#1868=EDGE_LOOP('',(#4095,#4096,#4097,#4098,#4099,#4100,#4101,#4102));
#1869=AXIS2_PLACEMENT_3D('',#4103,#4104,#4105);
#1870=EDGE_LOOP('',(#4106,#4107,#4108,#4109,#4110,#4111,#4112,#4113));
#1871=AXIS2_PLACEMENT_3D('',#4114,#4115,#4116);
#1872=EDGE_LOOP('',(#4117,#4118,#4119,#4120));
#1873=AXIS2_PLACEMENT_3D('',#4121,#4122,#4123);
#1874=EDGE_LOOP('',(#4124,#4125,#4126,#4127));
#1875=AXIS2_PLACEMENT_3D('',#4128,#4129,#4130);
#1876=EDGE_LOOP('',(#4131,#4132,#4133,#4134));
#1877=AXIS2_PLACEMENT_3D('',#4135,#4136,#4137);
#1878=EDGE_LOOP('',(#4138,#4139,#4140,#4141));
#1879=AXIS2_PLACEMENT_3D('',#4142,#4143,#4144);
#1880=EDGE_LOOP('',(#4145,#4146,#4147,#4148,#4149,#4150,#4151,#4152,#4153,#4154,#4155,#4156));
#1881=AXIS2_PLACEMENT_3D('',#4157,#4158,#4159);
#1882=EDGE_LOOP('',(#4160,#4161,#4162,#4163,#4164,#4165,#4166,#4167,#4168,#4169,#4170,#4171));
#1883=AXIS2_PLACEMENT_3D('',#4172,#4173,#4174);
#1884=EDGE_LOOP('',(#4175,#4176,#4177,#4178,#4179,#4180));
#1885=AXIS2_PLACEMENT_3D('',#4181,#4182,#4183);
#1886=EDGE_LOOP('',(#4184,#4185,#4186,#4187));
#1887=AXIS2_PLACEMENT_3D('',#4188,#4189,#4190);
#1888=EDGE_LOOP('',(#4191,#4192,#4193,#4194,#4195,#4196));
#1889=AXIS2_PLACEMENT_3D('',#4197,#4198,#4199);
#1890=EDGE_LOOP('',(#4200,#4201,#4202,#4203));
#1891=AXIS2_PLACEMENT_3D('',#4204,#4205,#4206);
#1892=EDGE_LOOP('',(#4207,#4208,#4209,#4210,#4211,#4212));
#1893=AXIS2_PLACEMENT_3D('',#4213,#4214,#4215);
#1894=EDGE_LOOP('',(#4216,#4217,#4218,#4219,#4220));
#1895=AXIS2_PLACEMENT_3D('',#4221,#4222,#4223);
#1896=EDGE_LOOP('',(#4224,#4225,#4226,#4227));
#1897=AXIS2_PLACEMENT_3D('',#4228,#4229,#4230);
#1898=EDGE_LOOP('',(#4231,#4232,#4233,#4234));
#1899=AXIS2_PLACEMENT_3D('',#4235,#4236,#4237);
#1900=EDGE_LOOP('',(#4238,#4239,#4240,#4241,#4242));
#1901=AXIS2_PLACEMENT_3D('',#4243,#4244,#4245);
#1902=EDGE_LOOP('',(#4246,#4247,#4248,#4249));
#1903=AXIS2_PLACEMENT_3D('',#4250,#4251,#4252);
#1904=EDGE_LOOP('',(#4253,#4254,#4255,#4256));
#1905=AXIS2_PLACEMENT_3D('',#4257,#4258,#4259);
#1906=EDGE_LOOP('',(#4260,#4261,#4262,#4263));
#1907=AXIS2_PLACEMENT_3D('',#4264,#4265,#4266);
#1908=EDGE_LOOP('',(#4267,#4268,#4269,#4270));
#1909=AXIS2_PLACEMENT_3D('',#4271,#4272,#4273);
#1910=EDGE_LOOP('',(#4274,#4275,#4276,#4277));
#1911=AXIS2_PLACEMENT_3D('',#4278,#4279,#4280);
#1912=EDGE_LOOP('',(#4281,#4282,#4283,#4284));
#1913=AXIS2_PLACEMENT_3D('',#4285,#4286,#4287);
#1914=EDGE_LOOP('',(#4288,#4289,#4290,#4291));
#1915=AXIS2_PLACEMENT_3D('',#4292,#4293,#4294);
#1916=EDGE_LOOP('',(#4295,#4296,#4297,#4298));
#1917=AXIS2_PLACEMENT_3D('',#4299,#4300,#4301);
#1918=EDGE_LOOP('',(#4302,#4303,#4304,#4305));
#1919=AXIS2_PLACEMENT_3D('',#4306,#4307,#4308);
#1920=EDGE_LOOP('',(#4309,#4310,#4311,#4312,#4313,#4314,#4315));
#1921=AXIS2_PLACEMENT_3D('',#4316,#4317,#4318);
#1922=EDGE_LOOP('',(#4319,#4320,#4321,#4322,#4323,#4324));
#1923=AXIS2_PLACEMENT_3D('',#4325,#4326,#4327);
#1924=EDGE_LOOP('',(#4328,#4329,#4330,#4331,#4332,#4333));
#1925=AXIS2_PLACEMENT_3D('',#4334,#4335,#4336);
#1926=EDGE_LOOP('',(#4337,#4338,#4339,#4340,#4341,#4342,#4343));
#1927=AXIS2_PLACEMENT_3D('',#4344,#4345,#4346);
#1928=EDGE_LOOP('',(#4347,#4348,#4349,#4350,#4351,#4352));
#1929=AXIS2_PLACEMENT_3D('',#4353,#4354,#4355);
#1930=EDGE_LOOP('',(#4356,#4357,#4358,#4359,#4360,#4361));
#1931=AXIS2_PLACEMENT_3D('',#4362,#4363,#4364);
#1932=EDGE_LOOP('',(#4365,#4366,#4367,#4368,#4369,#4370));
#1933=AXIS2_PLACEMENT_3D('',#4371,#4372,#4373);
#1934=EDGE_LOOP('',(#4374,#4375,#4376,#4377,#4378,#4379));
#1935=AXIS2_PLACEMENT_3D('',#4380,#4381,#4382);
#1936=EDGE_LOOP('',(#4383,#4384,#4385,#4386,#4387,#4388,#4389,#4390));
#1937=AXIS2_PLACEMENT_3D('',#4391,#4392,#4393);
#1938=EDGE_LOOP('',(#4394,#4395,#4396,#4397,#4398,#4399,#4400,#4401));
#1939=AXIS2_PLACEMENT_3D('',#4402,#4403,#4404);
#1940=EDGE_LOOP('',(#4405,#4406,#4407,#4408));
#1941=AXIS2_PLACEMENT_3D('',#4409,#4410,#4411);
#1942=EDGE_LOOP('',(#4412,#4413,#4414,#4415));
#1943=AXIS2_PLACEMENT_3D('',#4416,#4417,#4418);
#1944=EDGE_LOOP('',(#4419,#4420,#4421,#4422,#4423,#4424,#4425,#4426,#4427,#4428,#4429,#4430,#4431,#4432));
#1945=AXIS2_PLACEMENT_3D('',#4433,#4434,#4435);
#1946=EDGE_LOOP('',(#4436,#4437,#4438,#4439));
#1947=AXIS2_PLACEMENT_3D('',#4440,#4441,#4442);
#1948=EDGE_LOOP('',(#4443,#4444,#4445,#4446,#4447,#4448,#4449,#4450,#4451));
#1949=AXIS2_PLACEMENT_3D('',#4452,#4453,#4454);
#1950=EDGE_LOOP('',(#4455,#4456,#4457,#4458,#4459,#4460,#4461,#4462,#4463));
#1951=AXIS2_PLACEMENT_3D('',#4464,#4465,#4466);
#1952=EDGE_LOOP('',(#4467,#4468,#4469,#4470));
#1953=AXIS2_PLACEMENT_3D('',#4471,#4472,#4473);
#1954=EDGE_LOOP('',(#4474,#4475,#4476,#4477));
#1955=AXIS2_PLACEMENT_3D('',#4478,#4479,#4480);
#1956=EDGE_LOOP('',(#4481,#4482,#4483,#4484,#4485,#4486,#4487,#4488,#4489));
#1957=AXIS2_PLACEMENT_3D('',#4490,#4491,#4492);
#1958=EDGE_LOOP('',(#4493,#4494,#4495,#4496,#4497,#4498,#4499,#4500,#4501));
#1959=AXIS2_PLACEMENT_3D('',#4502,#4503,#4504);
#1960=EDGE_LOOP('',(#4505,#4506,#4507,#4508));
#1961=AXIS2_PLACEMENT_3D('',#4509,#4510,#4511);
#1962=EDGE_LOOP('',(#4512,#4513,#4514,#4515));
#1963=AXIS2_PLACEMENT_3D('',#4516,#4517,#4518);
#1964=EDGE_LOOP('',(#4519,#4520,#4521,#4522));
#1965=AXIS2_PLACEMENT_3D('',#4523,#4524,#4525);
#1966=EDGE_LOOP('',(#4526,#4527,#4528,#4529));
#1967=AXIS2_PLACEMENT_3D('',#4530,#4531,#4532);
#1968=EDGE_LOOP('',(#4533,#4534,#4535,#4536));
#1969=AXIS2_PLACEMENT_3D('',#4537,#4538,#4539);
#1970=EDGE_LOOP('',(#4540,#4541,#4542,#4543));
#1971=AXIS2_PLACEMENT_3D('',#4544,#4545,#4546);
#1972=EDGE_LOOP('',(#4547,#4548,#4549,#4550));
#1973=AXIS2_PLACEMENT_3D('',#4551,#4552,#4553);
#1974=EDGE_LOOP('',(#4554,#4555,#4556,#4557));
#1975=AXIS2_PLACEMENT_3D('',#4558,#4559,#4560);
#1976=EDGE_LOOP('',(#4561,#4562,#4563,#4564));
#1977=AXIS2_PLACEMENT_3D('',#4565,#4566,#4567);
#1978=EDGE_LOOP('',(#4568,#4569,#4570,#4571));
#1979=AXIS2_PLACEMENT_3D('',#4572,#4573,#4574);
#1980=EDGE_LOOP('',(#4575,#4576,#4577,#4578));
#1981=AXIS2_PLACEMENT_3D('',#4579,#4580,#4581);
#1982=EDGE_LOOP('',(#4582,#4583,#4584,#4585));
#1983=AXIS2_PLACEMENT_3D('',#4586,#4587,#4588);
#1984=EDGE_LOOP('',(#4589,#4590,#4591,#4592));
#1985=AXIS2_PLACEMENT_3D('',#4593,#4594,#4595);
#1986=EDGE_LOOP('',(#4596,#4597,#4598,#4599));
#1987=AXIS2_PLACEMENT_3D('',#4600,#4601,#4602);
#1988=EDGE_LOOP('',(#4603,#4604,#4605,#4606));
#1989=AXIS2_PLACEMENT_3D('',#4607,#4608,#4609);
#1990=EDGE_LOOP('',(#4610,#4611,#4612,#4613));
#1991=AXIS2_PLACEMENT_3D('',#4614,#4615,#4616);
#1992=EDGE_LOOP('',(#4617,#4618,#4619,#4620));
#1993=AXIS2_PLACEMENT_3D('',#4621,#4622,#4623);
#1994=EDGE_LOOP('',(#4624,#4625,#4626,#4627));
#1995=AXIS2_PLACEMENT_3D('',#4628,#4629,#4630);
#1996=EDGE_LOOP('',(#4631,#4632,#4633,#4634,#4635,#4636));
#1997=AXIS2_PLACEMENT_3D('',#4637,#4638,#4639);
#1998=EDGE_LOOP('',(#4640,#4641,#4642,#4643,#4644,#4645));
#1999=AXIS2_PLACEMENT_3D('',#4646,#4647,#4648);
#2000=EDGE_LOOP('',(#4649,#4650,#4651,#4652));
#2001=AXIS2_PLACEMENT_3D('',#4653,#4654,#4655);
#2002=EDGE_LOOP('',(#4656,#4657,#4658,#4659));
#2003=AXIS2_PLACEMENT_3D('',#4660,#4661,#4662);
#2004=EDGE_LOOP('',(#4663,#4664,#4665,#4666));
#2005=AXIS2_PLACEMENT_3D('',#4667,#4668,#4669);
#2006=EDGE_LOOP('',(#4670,#4671,#4672,#4673));
#2007=AXIS2_PLACEMENT_3D('',#4674,#4675,#4676);
#2008=EDGE_LOOP('',(#4677,#4678,#4679,#4680));
#2009=AXIS2_PLACEMENT_3D('',#4681,#4682,#4683);
#2010=EDGE_LOOP('',(#4684,#4685,#4686,#4687));
#2011=AXIS2_PLACEMENT_3D('',#4688,#4689,#4690);
#2012=EDGE_LOOP('',(#4691,#4692,#4693,#4694));
#2013=AXIS2_PLACEMENT_3D('',#4695,#4696,#4697);
#2014=EDGE_LOOP('',(#4698,#4699,#4700,#4701));
#2015=AXIS2_PLACEMENT_3D('',#4702,#4703,#4704);
#2016=EDGE_LOOP('',(#4705,#4706,#4707,#4708,#4709,#4710,#4711,#4712,#4713,#4714,#4715,#4716));
#2017=AXIS2_PLACEMENT_3D('',#4717,#4718,#4719);
#2018=EDGE_LOOP('',(#4720,#4721,#4722,#4723,#4724,#4725,#4726,#4727,#4728,#4729,#4730,#4731));
#2019=AXIS2_PLACEMENT_3D('',#4732,#4733,#4734);
#2020=EDGE_LOOP('',(#4735,#4736,#4737,#4738));
#2021=AXIS2_PLACEMENT_3D('',#4739,#4740,#4741);
#2022=EDGE_LOOP('',(#4742,#4743,#4744,#4745));
#2023=AXIS2_PLACEMENT_3D('',#4746,#4747,#4748);
#2024=EDGE_LOOP('',(#4749,#4750,#4751,#4752,#4753,#4754));
#2025=AXIS2_PLACEMENT_3D('',#4755,#4756,#4757);
#2026=EDGE_LOOP('',(#4758,#4759,#4760,#4761,#4762,#4763));
#2027=AXIS2_PLACEMENT_3D('',#4764,#4765,#4766);
#2028=EDGE_LOOP('',(#4767,#4768,#4769,#4770));
#2029=AXIS2_PLACEMENT_3D('',#4771,#4772,#4773);
#2030=EDGE_LOOP('',(#4774,#4775,#4776,#4777));
#2031=AXIS2_PLACEMENT_3D('',#4778,#4779,#4780);
#2032=EDGE_LOOP('',(#4781,#4782,#4783,#4784,#4785,#4786));
#2033=AXIS2_PLACEMENT_3D('',#4787,#4788,#4789);
#2034=EDGE_LOOP('',(#4790,#4791,#4792,#4793,#4794));
#2035=AXIS2_PLACEMENT_3D('',#4795,#4796,#4797);
#2036=EDGE_LOOP('',(#4798,#4799,#4800,#4801));
#2037=AXIS2_PLACEMENT_3D('',#4802,#4803,#4804);
#2038=EDGE_LOOP('',(#4805,#4806,#4807,#4808));
#2039=AXIS2_PLACEMENT_3D('',#4809,#4810,#4811);
#2040=EDGE_LOOP('',(#4812,#4813,#4814,#4815,#4816));
#2041=AXIS2_PLACEMENT_3D('',#4817,#4818,#4819);
#2042=EDGE_LOOP('',(#4820,#4821,#4822,#4823));
#2043=AXIS2_PLACEMENT_3D('',#4824,#4825,#4826);
#2044=EDGE_LOOP('',(#4827,#4828,#4829,#4830));
#2045=AXIS2_PLACEMENT_3D('',#4831,#4832,#4833);
#2046=EDGE_LOOP('',(#4834,#4835,#4836,#4837));
#2047=AXIS2_PLACEMENT_3D('',#4838,#4839,#4840);
#2048=EDGE_LOOP('',(#4841,#4842,#4843,#4844));
#2049=AXIS2_PLACEMENT_3D('',#4845,#4846,#4847);
#2050=EDGE_LOOP('',(#4848,#4849,#4850,#4851));
#2051=AXIS2_PLACEMENT_3D('',#4852,#4853,#4854);
#2052=EDGE_LOOP('',(#4855,#4856,#4857,#4858));
#2053=AXIS2_PLACEMENT_3D('',#4859,#4860,#4861);
#2054=EDGE_LOOP('',(#4862,#4863,#4864,#4865));
#2055=AXIS2_PLACEMENT_3D('',#4866,#4867,#4868);
#2056=EDGE_LOOP('',(#4869,#4870,#4871,#4872));
#2057=AXIS2_PLACEMENT_3D('',#4873,#4874,#4875);
#2058=EDGE_LOOP('',(#4876,#4877,#4878,#4879));
#2059=AXIS2_PLACEMENT_3D('',#4880,#4881,#4882);
#2060=EDGE_LOOP('',(#4883,#4884,#4885,#4886,#4887,#4888));
#2061=AXIS2_PLACEMENT_3D('',#4889,#4890,#4891);
#2062=EDGE_LOOP('',(#4892,#4893,#4894,#4895,#4896,#4897));
#2063=AXIS2_PLACEMENT_3D('',#4898,#4899,#4900);
#2064=EDGE_LOOP('',(#4901,#4902,#4903,#4904,#4905,#4906));
#2065=AXIS2_PLACEMENT_3D('',#4907,#4908,#4909);
#2066=EDGE_LOOP('',(#4910,#4911,#4912,#4913,#4914,#4915));
#2067=AXIS2_PLACEMENT_3D('',#4916,#4917,#4918);
#2068=EDGE_LOOP('',(#4919,#4920,#4921,#4922,#4923,#4924,#4925));
#2069=AXIS2_PLACEMENT_3D('',#4926,#4927,#4928);
#2070=EDGE_LOOP('',(#4929,#4930,#4931,#4932,#4933,#4934));
#2071=AXIS2_PLACEMENT_3D('',#4935,#4936,#4937);
#2072=EDGE_LOOP('',(#4938,#4939,#4940,#4941,#4942,#4943,#4944,#4945));
#2073=AXIS2_PLACEMENT_3D('',#4946,#4947,#4948);
#2074=EDGE_LOOP('',(#4949,#4950,#4951,#4952,#4953,#4954));
#2075=AXIS2_PLACEMENT_3D('',#4955,#4956,#4957);
#2076=EDGE_LOOP('',(#4958,#4959,#4960,#4961,#4962,#4963,#4964,#4965));
#2077=AXIS2_PLACEMENT_3D('',#4966,#4967,#4968);
#2078=EDGE_LOOP('',(#4969,#4970,#4971,#4972,#4973,#4974,#4975));
#2079=AXIS2_PLACEMENT_3D('',#4976,#4977,#4978);
#2080=EDGE_LOOP('',(#4979,#4980,#4981,#4982));
#2081=AXIS2_PLACEMENT_3D('',#4983,#4984,#4985);
#2082=EDGE_LOOP('',(#4986,#4987,#4988,#4989));
#2083=AXIS2_PLACEMENT_3D('',#4990,#4991,#4992);
#2084=EDGE_LOOP('',(#4993,#4994,#4995,#4996,#4997,#4998,#4999,#5000,#5001,#5002,#5003,#5004,#5005,#5006));
#2085=AXIS2_PLACEMENT_3D('',#5007,#5008,#5009);
#2086=EDGE_LOOP('',(#5010,#5011,#5012,#5013));
#2087=AXIS2_PLACEMENT_3D('',#5014,#5015,#5016);
#2088=EDGE_LOOP('',(#5017,#5018,#5019,#5020,#5021,#5022,#5023,#5024,#5025));
#2089=AXIS2_PLACEMENT_3D('',#5026,#5027,#5028);
#2090=EDGE_LOOP('',(#5029,#5030,#5031,#5032,#5033,#5034,#5035,#5036,#5037));
#2091=AXIS2_PLACEMENT_3D('',#5038,#5039,#5040);
#2092=EDGE_LOOP('',(#5041,#5042,#5043,#5044));
#2093=AXIS2_PLACEMENT_3D('',#5045,#5046,#5047);
#2094=EDGE_LOOP('',(#5048,#5049,#5050,#5051));
#2095=AXIS2_PLACEMENT_3D('',#5052,#5053,#5054);
#2096=EDGE_LOOP('',(#5055,#5056,#5057,#5058,#5059,#5060,#5061,#5062,#5063));
#2097=AXIS2_PLACEMENT_3D('',#5064,#5065,#5066);
#2098=EDGE_LOOP('',(#5067,#5068,#5069,#5070,#5071,#5072,#5073,#5074,#5075));
#2099=AXIS2_PLACEMENT_3D('',#5076,#5077,#5078);
#2100=EDGE_LOOP('',(#5079,#5080,#5081,#5082));
#2101=AXIS2_PLACEMENT_3D('',#5083,#5084,#5085);
#2102=EDGE_LOOP('',(#5086,#5087,#5088,#5089));
#2103=AXIS2_PLACEMENT_3D('',#5090,#5091,#5092);
#2104=EDGE_LOOP('',(#5093,#5094,#5095,#5096));
#2105=AXIS2_PLACEMENT_3D('',#5097,#5098,#5099);
#2106=EDGE_LOOP('',(#5100,#5101,#5102,#5103));
#2107=AXIS2_PLACEMENT_3D('',#5104,#5105,#5106);
#2108=EDGE_LOOP('',(#5107,#5108,#5109,#5110));
#2109=AXIS2_PLACEMENT_3D('',#5111,#5112,#5113);
#2110=EDGE_LOOP('',(#5114,#5115,#5116,#5117));
#2111=AXIS2_PLACEMENT_3D('',#5118,#5119,#5120);
#2112=EDGE_LOOP('',(#5121,#5122,#5123,#5124));
#2113=AXIS2_PLACEMENT_3D('',#5125,#5126,#5127);
#2114=EDGE_LOOP('',(#5128,#5129,#5130,#5131));
#2115=AXIS2_PLACEMENT_3D('',#5132,#5133,#5134);
#2116=EDGE_LOOP('',(#5135,#5136,#5137,#5138));
#2117=AXIS2_PLACEMENT_3D('',#5139,#5140,#5141);
#2118=EDGE_LOOP('',(#5142,#5143,#5144,#5145));
#2119=AXIS2_PLACEMENT_3D('',#5146,#5147,#5148);
#2120=EDGE_LOOP('',(#5149,#5150,#5151,#5152));
#2121=AXIS2_PLACEMENT_3D('',#5153,#5154,#5155);
#2122=EDGE_LOOP('',(#5156,#5157,#5158,#5159));
#2123=AXIS2_PLACEMENT_3D('',#5160,#5161,#5162);
#2124=EDGE_LOOP('',(#5163,#5164,#5165,#5166));
#2125=AXIS2_PLACEMENT_3D('',#5167,#5168,#5169);
#2126=EDGE_LOOP('',(#5170,#5171,#5172,#5173));
#2127=AXIS2_PLACEMENT_3D('',#5174,#5175,#5176);
#2128=EDGE_LOOP('',(#5177,#5178,#5179,#5180));
#2129=AXIS2_PLACEMENT_3D('',#5181,#5182,#5183);
#2130=EDGE_LOOP('',(#5184,#5185,#5186,#5187));
#2131=AXIS2_PLACEMENT_3D('',#5188,#5189,#5190);
#2132=EDGE_LOOP('',(#5191,#5192,#5193,#5194));
#2133=AXIS2_PLACEMENT_3D('',#5195,#5196,#5197);
#2134=EDGE_LOOP('',(#5198,#5199,#5200,#5201));
#2135=AXIS2_PLACEMENT_3D('',#5202,#5203,#5204);
#2136=EDGE_LOOP('',(#5205,#5206,#5207,#5208,#5209,#5210));
#2137=AXIS2_PLACEMENT_3D('',#5211,#5212,#5213);
#2138=EDGE_LOOP('',(#5214,#5215,#5216,#5217,#5218,#5219));
#2139=AXIS2_PLACEMENT_3D('',#5220,#5221,#5222);
#2140=EDGE_LOOP('',(#5223,#5224,#5225,#5226));
#2141=AXIS2_PLACEMENT_3D('',#5227,#5228,#5229);
#2142=EDGE_LOOP('',(#5230,#5231,#5232,#5233));
#2143=AXIS2_PLACEMENT_3D('',#5234,#5235,#5236);
#2144=EDGE_LOOP('',(#5237,#5238,#5239,#5240));
#2145=AXIS2_PLACEMENT_3D('',#5241,#5242,#5243);
#2146=EDGE_LOOP('',(#5244,#5245,#5246,#5247));
#2147=AXIS2_PLACEMENT_3D('',#5248,#5249,#5250);
#2148=EDGE_LOOP('',(#5251,#5252,#5253,#5254));
#2149=AXIS2_PLACEMENT_3D('',#5255,#5256,#5257);
#2150=EDGE_LOOP('',(#5258,#5259,#5260,#5261));
#2151=AXIS2_PLACEMENT_3D('',#5262,#5263,#5264);
#2152=EDGE_LOOP('',(#5265,#5266,#5267,#5268));
#2153=AXIS2_PLACEMENT_3D('',#5269,#5270,#5271);
#2154=EDGE_LOOP('',(#5272,#5273,#5274,#5275));
#2155=AXIS2_PLACEMENT_3D('',#5276,#5277,#5278);
#2156=EDGE_LOOP('',(#5279,#5280,#5281,#5282));
#2157=AXIS2_PLACEMENT_3D('',#5283,#5284,#5285);
#2158=EDGE_LOOP('',(#5286,#5287,#5288,#5289));
#2159=AXIS2_PLACEMENT_3D('',#5290,#5291,#5292);
#2160=EDGE_LOOP('',(#5293,#5294,#5295,#5296));
#2161=AXIS2_PLACEMENT_3D('',#5297,#5298,#5299);
#2162=EDGE_LOOP('',(#5300,#5301,#5302,#5303));
#2163=AXIS2_PLACEMENT_3D('',#5304,#5305,#5306);
#2164=EDGE_LOOP('',(#5307,#5308,#5309,#5310,#5311,#5312));
#2165=AXIS2_PLACEMENT_3D('',#5313,#5314,#5315);
#2166=EDGE_LOOP('',(#5316,#5317,#5318,#5319,#5320,#5321));
#2167=AXIS2_PLACEMENT_3D('',#5322,#5323,#5324);
#2168=EDGE_LOOP('',(#5325,#5326,#5327,#5328));
#2169=AXIS2_PLACEMENT_3D('',#5329,#5330,#5331);
#2170=EDGE_LOOP('',(#5332,#5333,#5334,#5335));
#2171=AXIS2_PLACEMENT_3D('',#5336,#5337,#5338);
#2172=EDGE_LOOP('',(#5339,#5340,#5341,#5342));
#2173=AXIS2_PLACEMENT_3D('',#5343,#5344,#5345);
#2174=EDGE_LOOP('',(#5346,#5347,#5348,#5349));
#2175=AXIS2_PLACEMENT_3D('',#5350,#5351,#5352);
#2176=EDGE_LOOP('',(#5353,#5354,#5355,#5356));
#2177=AXIS2_PLACEMENT_3D('',#5357,#5358,#5359);
#2178=EDGE_LOOP('',(#5360,#5361,#5362,#5363));
#2179=AXIS2_PLACEMENT_3D('',#5364,#5365,#5366);
#2180=EDGE_LOOP('',(#5367,#5368,#5369,#5370));
#2181=AXIS2_PLACEMENT_3D('',#5371,#5372,#5373);
#2182=EDGE_LOOP('',(#5374,#5375,#5376,#5377));
#2183=AXIS2_PLACEMENT_3D('',#5378,#5379,#5380);
#2184=EDGE_LOOP('',(#5381,#5382,#5383,#5384));
#2185=AXIS2_PLACEMENT_3D('',#5385,#5386,#5387);
#2186=EDGE_LOOP('',(#5388,#5389,#5390,#5391));
#2187=AXIS2_PLACEMENT_3D('',#5392,#5393,#5394);
#2188=EDGE_LOOP('',(#5395,#5396,#5397,#5398));
#2189=AXIS2_PLACEMENT_3D('',#5399,#5400,#5401);
#2190=EDGE_LOOP('',(#5402,#5403,#5404,#5405));
#2191=AXIS2_PLACEMENT_3D('',#5406,#5407,#5408);
#2192=EDGE_LOOP('',(#5409,#5410,#5411,#5412));
#2193=AXIS2_PLACEMENT_3D('',#5413,#5414,#5415);
#2194=EDGE_LOOP('',(#5416,#5417,#5418,#5419));
#2195=AXIS2_PLACEMENT_3D('',#5420,#5421,#5422);
#2196=EDGE_LOOP('',(#5423,#5424,#5425,#5426));
#2197=AXIS2_PLACEMENT_3D('',#5427,#5428,#5429);
#2198=EDGE_LOOP('',(#5430,#5431,#5432,#5433));
#2199=AXIS2_PLACEMENT_3D('',#5434,#5435,#5436);
#2200=EDGE_LOOP('',(#5437,#5438,#5439,#5440));
#2201=AXIS2_PLACEMENT_3D('',#5441,#5442,#5443);
#2202=EDGE_LOOP('',(#5444,#5445,#5446,#5447));
#2203=AXIS2_PLACEMENT_3D('',#5448,#5449,#5450);
#2204=EDGE_LOOP('',(#5451,#5452,#5453,#5454));
#2205=AXIS2_PLACEMENT_3D('',#5455,#5456,#5457);
#2206=EDGE_LOOP('',(#5458,#5459,#5460,#5461));
#2207=AXIS2_PLACEMENT_3D('',#5462,#5463,#5464);
#2208=EDGE_LOOP('',(#5465,#5466,#5467,#5468));
#2209=AXIS2_PLACEMENT_3D('',#5469,#5470,#5471);
#2210=EDGE_LOOP('',(#5472,#5473,#5474,#5475));
#2211=AXIS2_PLACEMENT_3D('',#5476,#5477,#5478);
#2212=EDGE_LOOP('',(#5479,#5480,#5481,#5482));
#2213=AXIS2_PLACEMENT_3D('',#5483,#5484,#5485);
#2214=EDGE_LOOP('',(#5486,#5487,#5488,#5489));
#2215=AXIS2_PLACEMENT_3D('',#5490,#5491,#5492);
#2216=EDGE_LOOP('',(#5493,#5494,#5495,#5496));
#2217=AXIS2_PLACEMENT_3D('',#5497,#5498,#5499);
#2218=EDGE_LOOP('',(#5500,#5501,#5502,#5503));
#2219=AXIS2_PLACEMENT_3D('',#5504,#5505,#5506);
#2220=EDGE_LOOP('',(#5507,#5508,#5509,#5510));
#2221=AXIS2_PLACEMENT_3D('',#5511,#5512,#5513);
#2222=EDGE_LOOP('',(#5514,#5515,#5516,#5517));
#2223=AXIS2_PLACEMENT_3D('',#5518,#5519,#5520);
#2224=EDGE_LOOP('',(#5521,#5522,#5523,#5524));
#2225=AXIS2_PLACEMENT_3D('',#5525,#5526,#5527);
#2226=EDGE_LOOP('',(#5528,#5529,#5530,#5531));
#2227=AXIS2_PLACEMENT_3D('',#5532,#5533,#5534);
#2228=EDGE_LOOP('',(#5535,#5536,#5537,#5538));
#2229=AXIS2_PLACEMENT_3D('',#5539,#5540,#5541);
#2230=EDGE_LOOP('',(#5542,#5543,#5544,#5545));
#2231=AXIS2_PLACEMENT_3D('',#5546,#5547,#5548);
#2232=EDGE_LOOP('',(#5549,#5550,#5551,#5552));
#2233=AXIS2_PLACEMENT_3D('',#5553,#5554,#5555);
#2234=EDGE_LOOP('',(#5556,#5557,#5558,#5559));
#2235=AXIS2_PLACEMENT_3D('',#5560,#5561,#5562);
#2236=EDGE_LOOP('',(#5563,#5564,#5565,#5566));
#2237=AXIS2_PLACEMENT_3D('',#5567,#5568,#5569);
#2238=EDGE_LOOP('',(#5570,#5571,#5572,#5573));
#2239=AXIS2_PLACEMENT_3D('',#5574,#5575,#5576);
#2240=EDGE_LOOP('',(#5577,#5578,#5579,#5580));
#2241=AXIS2_PLACEMENT_3D('',#5581,#5582,#5583);
#2242=EDGE_LOOP('',(#5584,#5585,#5586,#5587));
#2243=AXIS2_PLACEMENT_3D('',#5588,#5589,#5590);
#2244=EDGE_LOOP('',(#5591,#5592,#5593,#5594));
#2245=AXIS2_PLACEMENT_3D('',#5595,#5596,#5597);
#2246=EDGE_LOOP('',(#5598,#5599,#5600,#5601));
#2247=AXIS2_PLACEMENT_3D('',#5602,#5603,#5604);
#2248=EDGE_LOOP('',(#5605,#5606,#5607,#5608));
#2249=AXIS2_PLACEMENT_3D('',#5609,#5610,#5611);
#2250=EDGE_LOOP('',(#5612,#5613,#5614,#5615));
#2251=AXIS2_PLACEMENT_3D('',#5616,#5617,#5618);
#2252=EDGE_LOOP('',(#5619,#5620,#5621,#5622));
#2253=AXIS2_PLACEMENT_3D('',#5623,#5624,#5625);
#2254=EDGE_LOOP('',(#5626,#5627,#5628,#5629));
#2255=AXIS2_PLACEMENT_3D('',#5630,#5631,#5632);
#2256=EDGE_LOOP('',(#5633,#5634,#5635,#5636,#5637,#5638));
#2257=AXIS2_PLACEMENT_3D('',#5639,#5640,#5641);
#2258=EDGE_LOOP('',(#5642,#5643,#5644,#5645,#5646,#5647));
#2259=AXIS2_PLACEMENT_3D('',#5648,#5649,#5650);
#2260=EDGE_LOOP('',(#5651,#5652,#5653,#5654,#5655,#5656));
#2261=AXIS2_PLACEMENT_3D('',#5657,#5658,#5659);
#2262=EDGE_LOOP('',(#5660,#5661,#5662,#5663));
#2263=AXIS2_PLACEMENT_3D('',#5664,#5665,#5666);
#2264=EDGE_LOOP('',(#5667,#5668,#5669,#5670));
#2265=AXIS2_PLACEMENT_3D('',#5671,#5672,#5673);
#2266=EDGE_LOOP('',(#5674,#5675,#5676,#5677,#5678,#5679));
#2267=AXIS2_PLACEMENT_3D('',#5680,#5681,#5682);
#2268=EDGE_LOOP('',(#5683,#5684,#5685,#5686,#5687,#5688));
#2269=AXIS2_PLACEMENT_3D('',#5689,#5690,#5691);
#2270=EDGE_LOOP('',(#5692,#5693,#5694,#5695));
#2271=AXIS2_PLACEMENT_3D('',#5696,#5697,#5698);
#2272=EDGE_LOOP('',(#5699,#5700,#5701,#5702));
#2273=AXIS2_PLACEMENT_3D('',#5703,#5704,#5705);
#2274=EDGE_LOOP('',(#5706,#5707,#5708,#5709,#5710,#5711));
#2275=AXIS2_PLACEMENT_3D('',#5712,#5713,#5714);
#2276=EDGE_LOOP('',(#5715,#5716,#5717,#5718,#5719,#5720,#5721,#5722,#5723,#5724));
#2277=AXIS2_PLACEMENT_3D('',#5725,#5726,#5727);
#2278=EDGE_LOOP('',(#5728,#5729,#5730,#5731,#5732,#5733,#5734,#5735,#5736,#5737));
#2279=AXIS2_PLACEMENT_3D('',#5738,#5739,#5740);
#2280=EDGE_LOOP('',(#5741,#5742,#5743,#5744));
#2281=AXIS2_PLACEMENT_3D('',#5745,#5746,#5747);
#2282=EDGE_LOOP('',(#5748,#5749,#5750,#5751));
#2283=AXIS2_PLACEMENT_3D('',#5752,#5753,#5754);
#2284=EDGE_LOOP('',(#5755,#5756,#5757,#5758));
#2285=AXIS2_PLACEMENT_3D('',#5759,#5760,#5761);
#2286=EDGE_LOOP('',(#5762,#5763,#5764,#5765));
#2287=AXIS2_PLACEMENT_3D('',#5766,#5767,#5768);
#2288=EDGE_LOOP('',(#5769,#5770,#5771,#5772));
#2289=AXIS2_PLACEMENT_3D('',#5773,#5774,#5775);
#2290=EDGE_LOOP('',(#5776,#5777,#5778,#5779));
#2291=AXIS2_PLACEMENT_3D('',#5780,#5781,#5782);
#2292=EDGE_LOOP('',(#5783,#5784,#5785,#5786,#5787,#5788,#5789,#5790,#5791,#5792));
#2293=AXIS2_PLACEMENT_3D('',#5793,#5794,#5795);
#2294=EDGE_LOOP('',(#5796,#5797,#5798,#5799,#5800,#5801,#5802,#5803,#5804,#5805));
#2295=AXIS2_PLACEMENT_3D('',#5806,#5807,#5808);
#2296=EDGE_LOOP('',(#5809,#5810,#5811,#5812));
#2297=AXIS2_PLACEMENT_3D('',#5813,#5814,#5815);
#2298=EDGE_LOOP('',(#5816,#5817,#5818,#5819));
#2299=AXIS2_PLACEMENT_3D('',#5820,#5821,#5822);
#2300=EDGE_LOOP('',(#5823,#5824,#5825,#5826));
#2301=AXIS2_PLACEMENT_3D('',#5827,#5828,#5829);
#2302=EDGE_LOOP('',(#5830,#5831,#5832,#5833));
#2303=AXIS2_PLACEMENT_3D('',#5834,#5835,#5836);
#2304=EDGE_LOOP('',(#5837,#5838,#5839,#5840));
#2305=AXIS2_PLACEMENT_3D('',#5841,#5842,#5843);
#2306=EDGE_LOOP('',(#5844,#5845,#5846));
#2307=AXIS2_PLACEMENT_3D('',#5847,#5848,#5849);
#2308=EDGE_LOOP('',(#5850,#5851,#5852));
#2309=AXIS2_PLACEMENT_3D('',#5853,#5854,#5855);
#2310=EDGE_LOOP('',(#5856,#5857,#5858));
#2311=AXIS2_PLACEMENT_3D('',#5859,#5860,#5861);
#2312=EDGE_LOOP('',(#5862,#5863,#5864));
#2313=AXIS2_PLACEMENT_3D('',#5865,#5866,#5867);
#2314=EDGE_LOOP('',(#5868,#5869,#5870,#5871,#5872,#5873));
#2315=AXIS2_PLACEMENT_3D('',#5874,#5875,#5876);
#2316=EDGE_LOOP('',(#5877,#5878,#5879,#5880,#5881,#5882));
#2317=AXIS2_PLACEMENT_3D('',#5883,#5884,#5885);
#2318=EDGE_LOOP('',(#5886,#5887,#5888,#5889,#5890));
#2319=AXIS2_PLACEMENT_3D('',#5891,#5892,#5893);
#2320=EDGE_LOOP('',(#5894,#5895,#5896,#5897));
#2321=AXIS2_PLACEMENT_3D('',#5898,#5899,#5900);
#2322=EDGE_LOOP('',(#5901,#5902,#5903,#5904));
#2323=AXIS2_PLACEMENT_3D('',#5905,#5906,#5907);
#2324=EDGE_LOOP('',(#5908,#5909,#5910,#5911,#5912,#5913));
#2325=AXIS2_PLACEMENT_3D('',#5914,#5915,#5916);
#2326=EDGE_LOOP('',(#5917,#5918,#5919,#5920,#5921,#5922));
#2327=AXIS2_PLACEMENT_3D('',#5923,#5924,#5925);
#2328=EDGE_LOOP('',(#5926,#5927,#5928,#5929));
#2329=AXIS2_PLACEMENT_3D('',#5930,#5931,#5932);
#2330=EDGE_LOOP('',(#5933,#5934,#5935,#5936));
#2331=AXIS2_PLACEMENT_3D('',#5937,#5938,#5939);
#2332=EDGE_LOOP('',(#5940,#5941,#5942,#5943));
#2333=AXIS2_PLACEMENT_3D('',#5944,#5945,#5946);
#2334=EDGE_LOOP('',(#5947,#5948,#5949,#5950,#5951,#5952));
#2335=AXIS2_PLACEMENT_3D('',#5953,#5954,#5955);
#2336=EDGE_LOOP('',(#5956,#5957,#5958,#5959,#5960,#5961));
#2337=AXIS2_PLACEMENT_3D('',#5962,#5963,#5964);
#2338=EDGE_LOOP('',(#5965,#5966,#5967,#5968));
#2339=AXIS2_PLACEMENT_3D('',#5969,#5970,#5971);
#2340=EDGE_LOOP('',(#5972,#5973,#5974,#5975));
#2341=AXIS2_PLACEMENT_3D('',#5976,#5977,#5978);
#2342=EDGE_LOOP('',(#5979,#5980,#5981,#5982));
#2343=AXIS2_PLACEMENT_3D('',#5983,#5984,#5985);
#2344=EDGE_LOOP('',(#5986,#5987,#5988,#5989,#5990,#5991));
#2345=AXIS2_PLACEMENT_3D('',#5992,#5993,#5994);
#2346=EDGE_LOOP('',(#5995,#5996,#5997,#5998,#5999,#6000));
#2347=AXIS2_PLACEMENT_3D('',#6001,#6002,#6003);
#2348=EDGE_LOOP('',(#6004,#6005,#6006,#6007,#6008));
#2349=AXIS2_PLACEMENT_3D('',#6009,#6010,#6011);
#2350=EDGE_LOOP('',(#6012,#6013,#6014,#6015));
#2351=AXIS2_PLACEMENT_3D('',#6016,#6017,#6018);
#2352=EDGE_LOOP('',(#6019,#6020,#6021,#6022));
#2353=AXIS2_PLACEMENT_3D('',#6023,#6024,#6025);
#2354=EDGE_LOOP('',(#6026,#6027,#6028,#6029,#6030,#6031));
#2355=AXIS2_PLACEMENT_3D('',#6032,#6033,#6034);
#2356=EDGE_LOOP('',(#6035,#6036,#6037,#6038,#6039,#6040));
#2357=AXIS2_PLACEMENT_3D('',#6041,#6042,#6043);
#2358=EDGE_LOOP('',(#6044,#6045,#6046,#6047,#6048,#6049));
#2359=AXIS2_PLACEMENT_3D('',#6050,#6051,#6052);
#2360=EDGE_LOOP('',(#6053,#6054,#6055,#6056));
#2361=AXIS2_PLACEMENT_3D('',#6057,#6058,#6059);
#2362=EDGE_LOOP('',(#6060,#6061,#6062,#6063));
#2363=AXIS2_PLACEMENT_3D('',#6064,#6065,#6066);
#2364=EDGE_LOOP('',(#6067,#6068,#6069,#6070,#6071,#6072));
#2365=AXIS2_PLACEMENT_3D('',#6073,#6074,#6075);
#2366=EDGE_LOOP('',(#6076,#6077,#6078,#6079,#6080,#6081));
#2367=AXIS2_PLACEMENT_3D('',#6082,#6083,#6084);
#2368=EDGE_LOOP('',(#6085,#6086,#6087,#6088));
#2369=AXIS2_PLACEMENT_3D('',#6089,#6090,#6091);
#2370=EDGE_LOOP('',(#6092,#6093,#6094,#6095));
#2371=AXIS2_PLACEMENT_3D('',#6096,#6097,#6098);
#2372=EDGE_LOOP('',(#6099,#6100,#6101,#6102,#6103));
#2373=AXIS2_PLACEMENT_3D('',#6104,#6105,#6106);
#2374=EDGE_LOOP('',(#6107,#6108,#6109,#6110,#6111,#6112));
#2375=AXIS2_PLACEMENT_3D('',#6113,#6114,#6115);
#2376=EDGE_LOOP('',(#6116,#6117,#6118,#6119,#6120,#6121));
#2377=AXIS2_PLACEMENT_3D('',#6122,#6123,#6124);
#2378=EDGE_LOOP('',(#6125,#6126,#6127,#6128));
#2379=AXIS2_PLACEMENT_3D('',#6129,#6130,#6131);
#2380=EDGE_LOOP('',(#6132,#6133,#6134,#6135));
#2381=AXIS2_PLACEMENT_3D('',#6136,#6137,#6138);
#2382=EDGE_LOOP('',(#6139,#6140,#6141,#6142));
#2383=AXIS2_PLACEMENT_3D('',#6143,#6144,#6145);
#2384=EDGE_LOOP('',(#6146,#6147,#6148,#6149,#6150,#6151));
#2385=AXIS2_PLACEMENT_3D('',#6152,#6153,#6154);
#2386=EDGE_LOOP('',(#6155,#6156,#6157,#6158,#6159,#6160));
#2387=AXIS2_PLACEMENT_3D('',#6161,#6162,#6163);
#2388=EDGE_LOOP('',(#6164,#6165,#6166,#6167));
#2389=AXIS2_PLACEMENT_3D('',#6168,#6169,#6170);
#2390=EDGE_LOOP('',(#6171,#6172,#6173,#6174));
#2391=AXIS2_PLACEMENT_3D('',#6175,#6176,#6177);
#2392=EDGE_LOOP('',(#6178,#6179,#6180,#6181));
#2393=AXIS2_PLACEMENT_3D('',#6182,#6183,#6184);
#2394=EDGE_LOOP('',(#6185,#6186,#6187,#6188,#6189,#6190));
#2395=AXIS2_PLACEMENT_3D('',#6191,#6192,#6193);
#2396=EDGE_LOOP('',(#6194,#6195,#6196,#6197,#6198,#6199));
#2397=AXIS2_PLACEMENT_3D('',#6200,#6201,#6202);
#2398=EDGE_LOOP('',(#6203,#6204,#6205,#6206));
#2399=AXIS2_PLACEMENT_3D('',#6207,#6208,#6209);
#2400=EDGE_LOOP('',(#6210,#6211,#6212,#6213));
#2401=AXIS2_PLACEMENT_3D('',#6214,#6215,#6216);
#2402=EDGE_LOOP('',(#6217,#6218,#6219,#6220,#6221));
#2403=AXIS2_PLACEMENT_3D('',#6222,#6223,#6224);
#2404=EDGE_LOOP('',(#6225,#6226,#6227,#6228,#6229,#6230));
#2405=AXIS2_PLACEMENT_3D('',#6231,#6232,#6233);
#2406=EDGE_LOOP('',(#6234,#6235,#6236,#6237,#6238,#6239));
#2407=AXIS2_PLACEMENT_3D('',#6240,#6241,#6242);
#2408=EDGE_LOOP('',(#6243,#6244,#6245,#6246));
#2409=AXIS2_PLACEMENT_3D('',#6247,#6248,#6249);
#2410=EDGE_LOOP('',(#6250,#6251,#6252,#6253));
#2411=AXIS2_PLACEMENT_3D('',#6254,#6255,#6256);
#2412=EDGE_LOOP('',(#6257,#6258,#6259,#6260,#6261,#6262));
#2413=AXIS2_PLACEMENT_3D('',#6263,#6264,#6265);
#2414=EDGE_LOOP('',(#6266,#6267,#6268,#6269,#6270,#6271,#6272,#6273,#6274,#6275));
#2415=AXIS2_PLACEMENT_3D('',#6276,#6277,#6278);
#2416=EDGE_LOOP('',(#6279,#6280,#6281,#6282,#6283,#6284,#6285,#6286,#6287,#6288));
#2417=AXIS2_PLACEMENT_3D('',#6289,#6290,#6291);
#2418=EDGE_LOOP('',(#6292,#6293,#6294,#6295));
#2419=AXIS2_PLACEMENT_3D('',#6296,#6297,#6298);
#2420=EDGE_LOOP('',(#6299,#6300,#6301,#6302));
#2421=AXIS2_PLACEMENT_3D('',#6303,#6304,#6305);
#2422=EDGE_LOOP('',(#6306,#6307,#6308,#6309));
#2423=AXIS2_PLACEMENT_3D('',#6310,#6311,#6312);
#2424=EDGE_LOOP('',(#6313,#6314,#6315,#6316));
#2425=AXIS2_PLACEMENT_3D('',#6317,#6318,#6319);
#2426=EDGE_LOOP('',(#6320,#6321,#6322,#6323));
#2427=AXIS2_PLACEMENT_3D('',#6324,#6325,#6326);
#2428=EDGE_LOOP('',(#6327,#6328,#6329,#6330,#6331,#6332,#6333,#6334,#6335,#6336));
#2429=AXIS2_PLACEMENT_3D('',#6337,#6338,#6339);
#2430=EDGE_LOOP('',(#6340,#6341,#6342,#6343,#6344,#6345,#6346,#6347,#6348,#6349));
#2431=AXIS2_PLACEMENT_3D('',#6350,#6351,#6352);
#2432=EDGE_LOOP('',(#6353,#6354,#6355,#6356));
#2433=AXIS2_PLACEMENT_3D('',#6357,#6358,#6359);
#2434=EDGE_LOOP('',(#6360,#6361,#6362,#6363));
#2435=AXIS2_PLACEMENT_3D('',#6364,#6365,#6366);
#2436=EDGE_LOOP('',(#6367,#6368,#6369,#6370));
#2437=AXIS2_PLACEMENT_3D('',#6371,#6372,#6373);
#2438=EDGE_LOOP('',(#6374,#6375,#6376,#6377));
#2439=AXIS2_PLACEMENT_3D('',#6378,#6379,#6380);
#2440=EDGE_LOOP('',(#6381,#6382,#6383,#6384));
#2441=AXIS2_PLACEMENT_3D('',#6385,#6386,#6387);
#2442=EDGE_LOOP('',(#6388,#6389,#6390,#6391,#6392,#6393,#6394,#6395,#6396,#6397));
#2443=AXIS2_PLACEMENT_3D('',#6398,#6399,#6400);
#2444=EDGE_LOOP('',(#6401,#6402,#6403,#6404,#6405,#6406,#6407,#6408,#6409,#6410));
#2445=AXIS2_PLACEMENT_3D('',#6411,#6412,#6413);
#2446=EDGE_LOOP('',(#6414,#6415,#6416,#6417));
#2447=AXIS2_PLACEMENT_3D('',#6418,#6419,#6420);
#2448=EDGE_LOOP('',(#6421,#6422,#6423,#6424));
#2449=AXIS2_PLACEMENT_3D('',#6425,#6426,#6427);
#2450=EDGE_LOOP('',(#6428,#6429,#6430,#6431));
#2451=AXIS2_PLACEMENT_3D('',#6432,#6433,#6434);
#2452=EDGE_LOOP('',(#6435,#6436,#6437,#6438));
#2453=AXIS2_PLACEMENT_3D('',#6439,#6440,#6441);
#2454=EDGE_LOOP('',(#6442,#6443,#6444,#6445));
#2455=AXIS2_PLACEMENT_3D('',#6446,#6447,#6448);
#2456=EDGE_LOOP('',(#6449,#6450,#6451,#6452,#6453,#6454,#6455,#6456,#6457,#6458));
#2457=AXIS2_PLACEMENT_3D('',#6459,#6460,#6461);
#2458=EDGE_LOOP('',(#6462,#6463,#6464,#6465,#6466,#6467,#6468,#6469,#6470,#6471));
#2459=AXIS2_PLACEMENT_3D('',#6472,#6473,#6474);
#2460=EDGE_LOOP('',(#6475,#6476,#6477,#6478));
#2461=AXIS2_PLACEMENT_3D('',#6479,#6480,#6481);
#2462=EDGE_LOOP('',(#6482,#6483,#6484,#6485));
#2463=AXIS2_PLACEMENT_3D('',#6486,#6487,#6488);
#2464=EDGE_LOOP('',(#6489,#6490,#6491,#6492));
#2465=AXIS2_PLACEMENT_3D('',#6493,#6494,#6495);
#2466=EDGE_LOOP('',(#6496,#6497,#6498,#6499));
#2467=AXIS2_PLACEMENT_3D('',#6500,#6501,#6502);
#2468=EDGE_LOOP('',(#6503,#6504,#6505,#6506));
#2469=AXIS2_PLACEMENT_3D('',#6507,#6508,#6509);
#2470=EDGE_LOOP('',(#6510,#6511,#6512,#6513,#6514,#6515,#6516,#6517,#6518,#6519));
#2471=AXIS2_PLACEMENT_3D('',#6520,#6521,#6522);
#2472=EDGE_LOOP('',(#6523,#6524,#6525,#6526,#6527,#6528,#6529,#6530,#6531,#6532));
#2473=AXIS2_PLACEMENT_3D('',#6533,#6534,#6535);
#2474=EDGE_LOOP('',(#6536,#6537,#6538,#6539));
#2475=AXIS2_PLACEMENT_3D('',#6540,#6541,#6542);
#2476=EDGE_LOOP('',(#6543,#6544,#6545,#6546));
#2477=AXIS2_PLACEMENT_3D('',#6547,#6548,#6549);
#2478=EDGE_LOOP('',(#6550,#6551,#6552,#6553));
#2479=AXIS2_PLACEMENT_3D('',#6554,#6555,#6556);
#2480=EDGE_LOOP('',(#6557,#6558,#6559,#6560));
#2481=AXIS2_PLACEMENT_3D('',#6561,#6562,#6563);
#2482=EDGE_LOOP('',(#6564,#6565,#6566,#6567));
#2483=AXIS2_PLACEMENT_3D('',#6568,#6569,#6570);
#2484=EDGE_LOOP('',(#6571,#6572,#6573,#6574));
#2485=AXIS2_PLACEMENT_3D('',#6575,#6576,#6577);
#2486=EDGE_LOOP('',(#6578,#6579,#6580,#6581,#6582,#6583,#6584,#6585,#6586,#6587));
#2487=AXIS2_PLACEMENT_3D('',#6588,#6589,#6590);
#2488=EDGE_LOOP('',(#6591,#6592,#6593,#6594,#6595,#6596,#6597,#6598,#6599,#6600));
#2489=AXIS2_PLACEMENT_3D('',#6601,#6602,#6603);
#2490=EDGE_LOOP('',(#6604,#6605,#6606,#6607));
#2491=AXIS2_PLACEMENT_3D('',#6608,#6609,#6610);
#2492=EDGE_LOOP('',(#6611,#6612,#6613,#6614));
#2493=AXIS2_PLACEMENT_3D('',#6615,#6616,#6617);
#2494=EDGE_LOOP('',(#6618,#6619,#6620,#6621));
#2495=AXIS2_PLACEMENT_3D('',#6622,#6623,#6624);
#2496=EDGE_LOOP('',(#6625,#6626,#6627,#6628));
#2497=AXIS2_PLACEMENT_3D('',#6629,#6630,#6631);
#2498=EDGE_LOOP('',(#6632,#6633,#6634,#6635));
#2499=AXIS2_PLACEMENT_3D('',#6636,#6637,#6638);
#2500=EDGE_LOOP('',(#6639,#6640,#6641,#6642));
#2501=AXIS2_PLACEMENT_3D('',#6643,#6644,#6645);
#2502=EDGE_LOOP('',(#6646,#6647,#6648,#6649,#6650,#6651,#6652,#6653,#6654,#6655));
#2503=AXIS2_PLACEMENT_3D('',#6656,#6657,#6658);
#2504=EDGE_LOOP('',(#6659,#6660,#6661,#6662,#6663,#6664,#6665,#6666,#6667,#6668));
#2505=AXIS2_PLACEMENT_3D('',#6669,#6670,#6671);
#2506=EDGE_LOOP('',(#6672,#6673,#6674,#6675));
#2507=AXIS2_PLACEMENT_3D('',#6676,#6677,#6678);
#2508=EDGE_LOOP('',(#6679,#6680,#6681,#6682));
#2509=AXIS2_PLACEMENT_3D('',#6683,#6684,#6685);
#2510=EDGE_LOOP('',(#6686,#6687,#6688,#6689));
#2511=AXIS2_PLACEMENT_3D('',#6690,#6691,#6692);
#2512=EDGE_LOOP('',(#6693,#6694,#6695,#6696));
#2513=AXIS2_PLACEMENT_3D('',#6697,#6698,#6699);
#2514=EDGE_LOOP('',(#6700,#6701,#6702,#6703));
#2515=AXIS2_PLACEMENT_3D('',#6704,#6705,#6706);
#2516=EDGE_LOOP('',(#6707,#6708,#6709,#6710));
#2517=AXIS2_PLACEMENT_3D('',#6711,#6712,#6713);
#2518=EDGE_LOOP('',(#6714,#6715,#6716,#6717,#6718,#6719,#6720,#6721,#6722,#6723));
#2519=AXIS2_PLACEMENT_3D('',#6724,#6725,#6726);
#2520=EDGE_LOOP('',(#6727,#6728,#6729,#6730,#6731,#6732,#6733,#6734,#6735,#6736));
#2521=AXIS2_PLACEMENT_3D('',#6737,#6738,#6739);
#2522=EDGE_LOOP('',(#6740,#6741,#6742,#6743));
#2523=AXIS2_PLACEMENT_3D('',#6744,#6745,#6746);
#2524=EDGE_LOOP('',(#6747,#6748,#6749,#6750));
#2525=AXIS2_PLACEMENT_3D('',#6751,#6752,#6753);
#2526=EDGE_LOOP('',(#6754,#6755,#6756,#6757));
#2527=AXIS2_PLACEMENT_3D('',#6758,#6759,#6760);
#2528=EDGE_LOOP('',(#6761,#6762,#6763,#6764));
#2529=AXIS2_PLACEMENT_3D('',#6765,#6766,#6767);
#2530=EDGE_LOOP('',(#6768,#6769,#6770,#6771));
#2531=AXIS2_PLACEMENT_3D('',#6772,#6773,#6774);
#2532=EDGE_LOOP('',(#6775,#6776,#6777,#6778));
#2533=AXIS2_PLACEMENT_3D('',#6779,#6780,#6781);
#2534=EDGE_LOOP('',(#6782,#6783,#6784,#6785,#6786,#6787,#6788,#6789,#6790,#6791));
#2535=AXIS2_PLACEMENT_3D('',#6792,#6793,#6794);
#2536=EDGE_LOOP('',(#6795,#6796,#6797,#6798,#6799,#6800,#6801,#6802,#6803,#6804));
#2537=AXIS2_PLACEMENT_3D('',#6805,#6806,#6807);
#2538=EDGE_LOOP('',(#6808,#6809,#6810,#6811));
#2539=AXIS2_PLACEMENT_3D('',#6812,#6813,#6814);
#2540=EDGE_LOOP('',(#6815,#6816,#6817,#6818));
#2541=AXIS2_PLACEMENT_3D('',#6819,#6820,#6821);
#2542=EDGE_LOOP('',(#6822,#6823,#6824,#6825));
#2543=AXIS2_PLACEMENT_3D('',#6826,#6827,#6828);
#2544=EDGE_LOOP('',(#6829,#6830,#6831,#6832));
#2545=AXIS2_PLACEMENT_3D('',#6833,#6834,#6835);
#2546=EDGE_LOOP('',(#6836,#6837,#6838,#6839));
#2547=AXIS2_PLACEMENT_3D('',#6840,#6841,#6842);
#2548=EDGE_LOOP('',(#6843,#6844,#6845,#6846));
#2549=AXIS2_PLACEMENT_3D('',#6847,#6848,#6849);
#2550=EDGE_LOOP('',(#6850,#6851,#6852,#6853,#6854,#6855,#6856,#6857,#6858,#6859));
#2551=AXIS2_PLACEMENT_3D('',#6860,#6861,#6862);
#2552=EDGE_LOOP('',(#6863,#6864,#6865,#6866,#6867,#6868,#6869,#6870,#6871,#6872));
#2553=AXIS2_PLACEMENT_3D('',#6873,#6874,#6875);
#2554=EDGE_LOOP('',(#6876,#6877,#6878,#6879));
#2555=AXIS2_PLACEMENT_3D('',#6880,#6881,#6882);
#2556=EDGE_LOOP('',(#6883,#6884,#6885,#6886));
#2557=AXIS2_PLACEMENT_3D('',#6887,#6888,#6889);
#2558=EDGE_LOOP('',(#6890,#6891,#6892,#6893));
#2559=AXIS2_PLACEMENT_3D('',#6894,#6895,#6896);
#2560=EDGE_LOOP('',(#6897,#6898,#6899,#6900));
#2561=AXIS2_PLACEMENT_3D('',#6901,#6902,#6903);
#2562=EDGE_LOOP('',(#6904,#6905,#6906,#6907));
#2563=AXIS2_PLACEMENT_3D('',#6908,#6909,#6910);
#2564=EDGE_LOOP('',(#6911,#6912,#6913));
#2565=AXIS2_PLACEMENT_3D('',#6914,#6915,#6916);
#2566=EDGE_LOOP('',(#6917,#6918,#6919));
#2567=AXIS2_PLACEMENT_3D('',#6920,#6921,#6922);
#2568=EDGE_LOOP('',(#6923,#6924,#6925));
#2569=AXIS2_PLACEMENT_3D('',#6926,#6927,#6928);
#2570=EDGE_LOOP('',(#6929,#6930,#6931));
#2571=AXIS2_PLACEMENT_3D('',#6932,#6933,#6934);
#2572=EDGE_LOOP('',(#6935,#6936,#6937));
#2573=AXIS2_PLACEMENT_3D('',#6938,#6939,#6940);
#2574=EDGE_LOOP('',(#6941,#6942,#6943));
#2575=AXIS2_PLACEMENT_3D('',#6944,#6945,#6946);
#2576=EDGE_LOOP('',(#6947,#6948,#6949));
#2577=AXIS2_PLACEMENT_3D('',#6950,#6951,#6952);
#2578=EDGE_LOOP('',(#6953,#6954,#6955));
#2579=AXIS2_PLACEMENT_3D('',#6956,#6957,#6958);
#2580=EDGE_LOOP('',(#6959,#6960,#6961));
#2581=AXIS2_PLACEMENT_3D('',#6962,#6963,#6964);
#2582=EDGE_LOOP('',(#6965,#6966,#6967));
#2583=AXIS2_PLACEMENT_3D('',#6968,#6969,#6970);
#2584=EDGE_LOOP('',(#6971,#6972,#6973));
#2585=AXIS2_PLACEMENT_3D('',#6974,#6975,#6976);
#2586=EDGE_LOOP('',(#6977,#6978,#6979));
#2587=AXIS2_PLACEMENT_3D('',#6980,#6981,#6982);
#2588=EDGE_LOOP('',(#6983,#6984,#6985));
#2589=AXIS2_PLACEMENT_3D('',#6986,#6987,#6988);
#2590=EDGE_LOOP('',(#6989,#6990,#6991));
#2591=AXIS2_PLACEMENT_3D('',#6992,#6993,#6994);
#2592=EDGE_LOOP('',(#6995,#6996,#6997));
#2593=AXIS2_PLACEMENT_3D('',#6998,#6999,#7000);
#2594=EDGE_LOOP('',(#7001,#7002,#7003));
#2595=AXIS2_PLACEMENT_3D('',#7004,#7005,#7006);
#2596=EDGE_LOOP('',(#7007,#7008,#7009));
#2597=AXIS2_PLACEMENT_3D('',#7010,#7011,#7012);
#2598=EDGE_LOOP('',(#7013,#7014,#7015));
#2599=AXIS2_PLACEMENT_3D('',#7016,#7017,#7018);
#2600=EDGE_LOOP('',(#7019,#7020,#7021));
#2601=AXIS2_PLACEMENT_3D('',#7022,#7023,#7024);
#2602=EDGE_LOOP('',(#7025,#7026,#7027));
#2603=AXIS2_PLACEMENT_3D('',#7028,#7029,#7030);
#2604=FILL_AREA_STYLE_COLOUR('',#7031);
#2605=ORIENTED_EDGE('',*,*,#7032,.F.);
#2606=ORIENTED_EDGE('',*,*,#7033,.T.);
#2607=ORIENTED_EDGE('',*,*,#7034,.T.);
#2608=ORIENTED_EDGE('',*,*,#7035,.T.);
#2609=ORIENTED_EDGE('',*,*,#7036,.T.);
#2610=ORIENTED_EDGE('',*,*,#7037,.F.);
#2611=CARTESIAN_POINT('',(1.705,-0.630000000000001,0.1));
#2612=DIRECTION('',(0.0,0.832050294337844,0.554700196225229));
#2613=DIRECTION('',(1.0,0.0,-0.0));
#2614=ORIENTED_EDGE('',*,*,#7038,.F.);
#2615=ORIENTED_EDGE('',*,*,#7039,.T.);
#2616=ORIENTED_EDGE('',*,*,#7040,.T.);
#2617=ORIENTED_EDGE('',*,*,#7041,.T.);
#2618=ORIENTED_EDGE('',*,*,#7042,.T.);
#2619=ORIENTED_EDGE('',*,*,#7043,.F.);
#2620=CARTESIAN_POINT('',(1.705,-0.630000000000001,0.1));
#2621=DIRECTION('',(0.0,0.832050294337844,0.554700196225229));
#2622=DIRECTION('',(1.0,0.0,-0.0));
#2623=ORIENTED_EDGE('',*,*,#7044,.F.);
#2624=ORIENTED_EDGE('',*,*,#7045,.T.);
#2625=ORIENTED_EDGE('',*,*,#7046,.T.);
#2626=ORIENTED_EDGE('',*,*,#7047,.T.);
#2627=ORIENTED_EDGE('',*,*,#7048,.T.);
#2628=ORIENTED_EDGE('',*,*,#7049,.F.);
#2629=CARTESIAN_POINT('',(1.705,-0.630000000000001,0.1));
#2630=DIRECTION('',(0.0,0.832050294337844,0.554700196225229));
#2631=DIRECTION('',(1.0,0.0,-0.0));
#2632=ORIENTED_EDGE('',*,*,#7050,.F.);
#2633=ORIENTED_EDGE('',*,*,#7051,.T.);
#2634=ORIENTED_EDGE('',*,*,#7052,.T.);
#2635=ORIENTED_EDGE('',*,*,#7053,.T.);
#2636=ORIENTED_EDGE('',*,*,#7054,.T.);
#2637=ORIENTED_EDGE('',*,*,#7055,.F.);
#2638=CARTESIAN_POINT('',(1.705,-0.630000000000001,0.1));
#2639=DIRECTION('',(0.0,0.832050294337844,0.554700196225229));
#2640=DIRECTION('',(1.0,0.0,-0.0));
#2641=ORIENTED_EDGE('',*,*,#7056,.F.);
#2642=ORIENTED_EDGE('',*,*,#7057,.T.);
#2643=ORIENTED_EDGE('',*,*,#7058,.T.);
#2644=ORIENTED_EDGE('',*,*,#7059,.T.);
#2645=ORIENTED_EDGE('',*,*,#7060,.F.);
#2646=CARTESIAN_POINT('',(1.705,-0.630000000000001,0.1));
#2647=DIRECTION('',(0.0,0.832050294337844,0.554700196225229));
#2648=DIRECTION('',(1.0,0.0,-0.0));
#2649=ORIENTED_EDGE('',*,*,#7061,.F.);
#2650=ORIENTED_EDGE('',*,*,#7062,.T.);
#2651=ORIENTED_EDGE('',*,*,#7063,.F.);
#2652=ORIENTED_EDGE('',*,*,#7064,.T.);
#2653=ORIENTED_EDGE('',*,*,#7065,.T.);
#2654=ORIENTED_EDGE('',*,*,#7066,.T.);
#2655=CARTESIAN_POINT('',(1.705,0.590000000000001,0.04));
#2656=DIRECTION('',(0.0,-0.832050294337844,0.554700196225229));
#2657=DIRECTION('',(-1.0,0.0,0.0));
#2658=ORIENTED_EDGE('',*,*,#7067,.F.);
#2659=ORIENTED_EDGE('',*,*,#7068,.T.);
#2660=ORIENTED_EDGE('',*,*,#7069,.F.);
#2661=ORIENTED_EDGE('',*,*,#7070,.T.);
#2662=ORIENTED_EDGE('',*,*,#7071,.T.);
#2663=ORIENTED_EDGE('',*,*,#7072,.T.);
#2664=CARTESIAN_POINT('',(1.705,0.590000000000001,0.04));
#2665=DIRECTION('',(0.0,-0.832050294337844,0.554700196225229));
#2666=DIRECTION('',(-1.0,0.0,0.0));
#2667=ORIENTED_EDGE('',*,*,#7073,.F.);
#2668=ORIENTED_EDGE('',*,*,#7074,.T.);
#2669=ORIENTED_EDGE('',*,*,#7075,.F.);
#2670=ORIENTED_EDGE('',*,*,#7076,.T.);
#2671=ORIENTED_EDGE('',*,*,#7077,.T.);
#2672=ORIENTED_EDGE('',*,*,#7078,.T.);
#2673=CARTESIAN_POINT('',(1.705,0.590000000000001,0.04));
#2674=DIRECTION('',(0.0,-0.832050294337844,0.554700196225229));
#2675=DIRECTION('',(-1.0,0.0,0.0));
#2676=ORIENTED_EDGE('',*,*,#7079,.F.);
#2677=ORIENTED_EDGE('',*,*,#7080,.T.);
#2678=ORIENTED_EDGE('',*,*,#7081,.F.);
#2679=ORIENTED_EDGE('',*,*,#7082,.T.);
#2680=ORIENTED_EDGE('',*,*,#7083,.T.);
#2681=ORIENTED_EDGE('',*,*,#7084,.T.);
#2682=CARTESIAN_POINT('',(1.705,0.590000000000001,0.04));
#2683=DIRECTION('',(0.0,-0.832050294337844,0.554700196225229));
#2684=DIRECTION('',(-1.0,0.0,0.0));
#2685=ORIENTED_EDGE('',*,*,#7085,.F.);
#2686=ORIENTED_EDGE('',*,*,#7086,.T.);
#2687=ORIENTED_EDGE('',*,*,#7087,.F.);
#2688=ORIENTED_EDGE('',*,*,#7088,.T.);
#2689=ORIENTED_EDGE('',*,*,#7089,.T.);
#2690=CARTESIAN_POINT('',(1.705,0.590000000000001,0.04));
#2691=DIRECTION('',(0.0,-0.832050294337844,0.554700196225229));
#2692=DIRECTION('',(-1.0,0.0,0.0));
#2693=ORIENTED_EDGE('',*,*,#7090,.F.);
#2694=ORIENTED_EDGE('',*,*,#7091,.F.);
#2695=ORIENTED_EDGE('',*,*,#7092,.T.);
#2696=ORIENTED_EDGE('',*,*,#7093,.T.);
#2697=CARTESIAN_POINT('',(-0.825,0.779999999999992,0.06));
#2698=DIRECTION('',(0.0,-2.04863782591742E-16,-1.0));
#2699=DIRECTION('',(0.0,-1.0,2.04863782591742E-16));
#2700=ORIENTED_EDGE('',*,*,#7094,.F.);
#2701=ORIENTED_EDGE('',*,*,#7095,.F.);
#2702=ORIENTED_EDGE('',*,*,#7096,.T.);
#2703=ORIENTED_EDGE('',*,*,#7097,.T.);
#2704=CARTESIAN_POINT('',(-0.475,0.779999999999992,0.06));
#2705=DIRECTION('',(0.0,-2.04863782591742E-16,-1.0));
#2706=DIRECTION('',(0.0,-1.0,2.04863782591742E-16));
#2707=ORIENTED_EDGE('',*,*,#7098,.F.);
#2708=ORIENTED_EDGE('',*,*,#7099,.F.);
#2709=ORIENTED_EDGE('',*,*,#7100,.T.);
#2710=ORIENTED_EDGE('',*,*,#7101,.T.);
#2711=CARTESIAN_POINT('',(-0.125,0.779999999999992,0.06));
#2712=DIRECTION('',(0.0,-2.04863782591742E-16,-1.0));
#2713=DIRECTION('',(0.0,-1.0,2.04863782591742E-16));
#2714=ORIENTED_EDGE('',*,*,#7102,.F.);
#2715=ORIENTED_EDGE('',*,*,#7103,.F.);
#2716=ORIENTED_EDGE('',*,*,#7104,.T.);
#2717=ORIENTED_EDGE('',*,*,#7105,.T.);
#2718=CARTESIAN_POINT('',(0.225,0.779999999999992,0.06));
#2719=DIRECTION('',(0.0,-2.04863782591742E-16,-1.0));
#2720=DIRECTION('',(0.0,-1.0,2.04863782591742E-16));
#2721=ORIENTED_EDGE('',*,*,#7106,.F.);
#2722=ORIENTED_EDGE('',*,*,#7107,.F.);
#2723=ORIENTED_EDGE('',*,*,#7108,.T.);
#2724=ORIENTED_EDGE('',*,*,#7109,.T.);
#2725=CARTESIAN_POINT('',(0.575,0.779999999999992,0.06));
#2726=DIRECTION('',(0.0,-2.04863782591742E-16,-1.0));
#2727=DIRECTION('',(0.0,-1.0,2.04863782591742E-16));
#2728=ORIENTED_EDGE('',*,*,#7110,.F.);
#2729=ORIENTED_EDGE('',*,*,#7037,.T.);
#2730=ORIENTED_EDGE('',*,*,#7111,.T.);
#2731=ORIENTED_EDGE('',*,*,#7112,.F.);
#2732=CARTESIAN_POINT('',(1.705,-0.590000000000001,0.04));
#2733=DIRECTION('',(-0.0,1.0,0.0));
#2734=DIRECTION('',(1.0,0.0,0.0));
#2735=ORIENTED_EDGE('',*,*,#7113,.F.);
#2736=ORIENTED_EDGE('',*,*,#7043,.T.);
#2737=ORIENTED_EDGE('',*,*,#7114,.T.);
#2738=ORIENTED_EDGE('',*,*,#7115,.F.);
#2739=CARTESIAN_POINT('',(1.705,-0.590000000000001,0.04));
#2740=DIRECTION('',(-0.0,1.0,0.0));
#2741=DIRECTION('',(1.0,0.0,0.0));
#2742=ORIENTED_EDGE('',*,*,#7116,.F.);
#2743=ORIENTED_EDGE('',*,*,#7049,.T.);
#2744=ORIENTED_EDGE('',*,*,#7117,.T.);
#2745=ORIENTED_EDGE('',*,*,#7118,.F.);
#2746=CARTESIAN_POINT('',(1.705,-0.590000000000001,0.04));
#2747=DIRECTION('',(-0.0,1.0,0.0));
#2748=DIRECTION('',(1.0,0.0,0.0));
#2749=ORIENTED_EDGE('',*,*,#7119,.F.);
#2750=ORIENTED_EDGE('',*,*,#7055,.T.);
#2751=ORIENTED_EDGE('',*,*,#7120,.T.);
#2752=ORIENTED_EDGE('',*,*,#7121,.F.);
#2753=CARTESIAN_POINT('',(1.705,-0.590000000000001,0.04));
#2754=DIRECTION('',(-0.0,1.0,0.0));
#2755=DIRECTION('',(1.0,0.0,0.0));
#2756=ORIENTED_EDGE('',*,*,#7122,.F.);
#2757=ORIENTED_EDGE('',*,*,#7060,.T.);
#2758=ORIENTED_EDGE('',*,*,#7123,.T.);
#2759=ORIENTED_EDGE('',*,*,#7124,.F.);
#2760=CARTESIAN_POINT('',(1.705,-0.590000000000001,0.04));
#2761=DIRECTION('',(-0.0,1.0,0.0));
#2762=DIRECTION('',(1.0,0.0,0.0));
#2763=ORIENTED_EDGE('',*,*,#7125,.F.);
#2764=ORIENTED_EDGE('',*,*,#7126,.T.);
#2765=ORIENTED_EDGE('',*,*,#7127,.T.);
#2766=ORIENTED_EDGE('',*,*,#7064,.F.);
#2767=CARTESIAN_POINT('',(1.705,0.590000000000001,0.0));
#2768=DIRECTION('',(0.0,-1.0,0.0));
#2769=DIRECTION('',(0.0,0.0,-1.0));
#2770=ORIENTED_EDGE('',*,*,#7128,.F.);
#2771=ORIENTED_EDGE('',*,*,#7129,.T.);
#2772=ORIENTED_EDGE('',*,*,#7130,.T.);
#2773=ORIENTED_EDGE('',*,*,#7070,.F.);
#2774=CARTESIAN_POINT('',(1.705,0.590000000000001,0.0));
#2775=DIRECTION('',(0.0,-1.0,0.0));
#2776=DIRECTION('',(0.0,0.0,-1.0));
#2777=ORIENTED_EDGE('',*,*,#7131,.F.);
#2778=ORIENTED_EDGE('',*,*,#7132,.T.);
#2779=ORIENTED_EDGE('',*,*,#7133,.T.);
#2780=ORIENTED_EDGE('',*,*,#7076,.F.);
#2781=CARTESIAN_POINT('',(1.705,0.590000000000001,0.0));
#2782=DIRECTION('',(0.0,-1.0,0.0));
#2783=DIRECTION('',(0.0,0.0,-1.0));
#2784=ORIENTED_EDGE('',*,*,#7134,.F.);
#2785=ORIENTED_EDGE('',*,*,#7135,.T.);
#2786=ORIENTED_EDGE('',*,*,#7136,.T.);
#2787=ORIENTED_EDGE('',*,*,#7082,.F.);
#2788=CARTESIAN_POINT('',(1.705,0.590000000000001,0.0));
#2789=DIRECTION('',(0.0,-1.0,0.0));
#2790=DIRECTION('',(0.0,0.0,-1.0));
#2791=ORIENTED_EDGE('',*,*,#7137,.F.);
#2792=ORIENTED_EDGE('',*,*,#7138,.T.);
#2793=ORIENTED_EDGE('',*,*,#7139,.T.);
#2794=ORIENTED_EDGE('',*,*,#7088,.F.);
#2795=CARTESIAN_POINT('',(1.705,0.590000000000001,0.0));
#2796=DIRECTION('',(0.0,-1.0,0.0));
#2797=DIRECTION('',(0.0,0.0,-1.0));
#2798=ORIENTED_EDGE('',*,*,#7140,.F.);
#2799=ORIENTED_EDGE('',*,*,#7141,.T.);
#2800=ORIENTED_EDGE('',*,*,#7142,.T.);
#2801=ORIENTED_EDGE('',*,*,#7143,.F.);
#2802=CARTESIAN_POINT('',(1.705,-0.629999999999992,0.37));
#2803=DIRECTION('',(0.0,0.406138466053515,0.913811548620227));
#2804=DIRECTION('',(1.0,-0.0,0.0));
#2805=ORIENTED_EDGE('',*,*,#7144,.F.);
#2806=ORIENTED_EDGE('',*,*,#7145,.T.);
#2807=ORIENTED_EDGE('',*,*,#7146,.T.);
#2808=ORIENTED_EDGE('',*,*,#7147,.F.);
#2809=CARTESIAN_POINT('',(1.705,-0.629999999999992,0.37));
#2810=DIRECTION('',(0.0,0.406138466053515,0.913811548620227));
#2811=DIRECTION('',(1.0,-0.0,0.0));
#2812=ORIENTED_EDGE('',*,*,#7148,.F.);
#2813=ORIENTED_EDGE('',*,*,#7149,.T.);
#2814=ORIENTED_EDGE('',*,*,#7150,.T.);
#2815=ORIENTED_EDGE('',*,*,#7151,.F.);
#2816=CARTESIAN_POINT('',(1.705,-0.629999999999992,0.37));
#2817=DIRECTION('',(0.0,0.406138466053515,0.913811548620227));
#2818=DIRECTION('',(1.0,-0.0,0.0));
#2819=ORIENTED_EDGE('',*,*,#7152,.F.);
#2820=ORIENTED_EDGE('',*,*,#7153,.T.);
#2821=ORIENTED_EDGE('',*,*,#7154,.T.);
#2822=ORIENTED_EDGE('',*,*,#7155,.F.);
#2823=CARTESIAN_POINT('',(1.705,-0.629999999999992,0.37));
#2824=DIRECTION('',(0.0,0.406138466053515,0.913811548620227));
#2825=DIRECTION('',(1.0,-0.0,0.0));
#2826=ORIENTED_EDGE('',*,*,#7156,.F.);
#2827=ORIENTED_EDGE('',*,*,#7157,.T.);
#2828=ORIENTED_EDGE('',*,*,#7158,.T.);
#2829=ORIENTED_EDGE('',*,*,#7159,.F.);
#2830=CARTESIAN_POINT('',(1.705,-0.629999999999992,0.37));
#2831=DIRECTION('',(0.0,0.406138466053515,0.913811548620227));
#2832=DIRECTION('',(1.0,-0.0,0.0));
#2833=ORIENTED_EDGE('',*,*,#7160,.F.);
#2834=ORIENTED_EDGE('',*,*,#7143,.T.);
#2835=ORIENTED_EDGE('',*,*,#7161,.T.);
#2836=ORIENTED_EDGE('',*,*,#7162,.F.);
#2837=CARTESIAN_POINT('',(1.705,-0.585,0.35));
#2838=DIRECTION('',(0.0,1.0,1.8896095006176E-13));
#2839=DIRECTION('',(0.0,1.8896095006176E-13,-1.0));
#2840=ORIENTED_EDGE('',*,*,#7163,.F.);
#2841=ORIENTED_EDGE('',*,*,#7147,.T.);
#2842=ORIENTED_EDGE('',*,*,#7164,.T.);
#2843=ORIENTED_EDGE('',*,*,#7165,.F.);
#2844=CARTESIAN_POINT('',(1.705,-0.585,0.35));
#2845=DIRECTION('',(0.0,1.0,1.8896095006176E-13));
#2846=DIRECTION('',(0.0,1.8896095006176E-13,-1.0));
#2847=ORIENTED_EDGE('',*,*,#7166,.F.);
#2848=ORIENTED_EDGE('',*,*,#7151,.T.);
#2849=ORIENTED_EDGE('',*,*,#7167,.T.);
#2850=ORIENTED_EDGE('',*,*,#7168,.F.);
#2851=CARTESIAN_POINT('',(1.705,-0.585,0.35));
#2852=DIRECTION('',(0.0,1.0,1.8896095006176E-13));
#2853=DIRECTION('',(0.0,1.8896095006176E-13,-1.0));
#2854=ORIENTED_EDGE('',*,*,#7169,.F.);
#2855=ORIENTED_EDGE('',*,*,#7155,.T.);
#2856=ORIENTED_EDGE('',*,*,#7170,.T.);
#2857=ORIENTED_EDGE('',*,*,#7171,.F.);
#2858=CARTESIAN_POINT('',(1.705,-0.585,0.35));
#2859=DIRECTION('',(0.0,1.0,1.8896095006176E-13));
#2860=DIRECTION('',(0.0,1.8896095006176E-13,-1.0));
#2861=ORIENTED_EDGE('',*,*,#7172,.F.);
#2862=ORIENTED_EDGE('',*,*,#7159,.T.);
#2863=ORIENTED_EDGE('',*,*,#7173,.T.);
#2864=ORIENTED_EDGE('',*,*,#7174,.F.);
#2865=CARTESIAN_POINT('',(1.705,-0.585,0.35));
#2866=DIRECTION('',(0.0,1.0,1.8896095006176E-13));
#2867=DIRECTION('',(0.0,1.8896095006176E-13,-1.0));
#2868=ORIENTED_EDGE('',*,*,#7175,.T.);
#2869=ORIENTED_EDGE('',*,*,#7176,.T.);
#2870=ORIENTED_EDGE('',*,*,#7177,.T.);
#2871=ORIENTED_EDGE('',*,*,#7178,.F.);
#2872=CARTESIAN_POINT('',(0.635,-0.629999999999999,0.29));
#2873=DIRECTION('',(-1.0,0.0,0.0));
#2874=DIRECTION('',(0.0,0.0,1.0));
#2875=ORIENTED_EDGE('',*,*,#7177,.F.);
#2876=ORIENTED_EDGE('',*,*,#7179,.T.);
#2877=ORIENTED_EDGE('',*,*,#7180,.T.);
#2878=ORIENTED_EDGE('',*,*,#7162,.T.);
#2879=ORIENTED_EDGE('',*,*,#7181,.F.);
#2880=ORIENTED_EDGE('',*,*,#7182,.T.);
#2881=ORIENTED_EDGE('',*,*,#7183,.T.);
#2882=ORIENTED_EDGE('',*,*,#7165,.T.);
#2883=ORIENTED_EDGE('',*,*,#7184,.F.);
#2884=ORIENTED_EDGE('',*,*,#7185,.T.);
#2885=ORIENTED_EDGE('',*,*,#7186,.T.);
#2886=ORIENTED_EDGE('',*,*,#7168,.T.);
#2887=ORIENTED_EDGE('',*,*,#7187,.F.);
#2888=ORIENTED_EDGE('',*,*,#7188,.T.);
#2889=ORIENTED_EDGE('',*,*,#7189,.F.);
#2890=ORIENTED_EDGE('',*,*,#7190,.T.);
#2891=CARTESIAN_POINT('',(0.0,0.0,0.14));
#2892=DIRECTION('',(0.0,0.0,1.0));
#2893=DIRECTION('',(1.0,0.0,0.0));
#2894=ORIENTED_EDGE('',*,*,#7191,.F.);
#2895=ORIENTED_EDGE('',*,*,#7192,.F.);
#2896=ORIENTED_EDGE('',*,*,#7193,.T.);
#2897=ORIENTED_EDGE('',*,*,#7194,.F.);
#2898=CARTESIAN_POINT('',(1.705,0.584999999999987,0.28));
#2899=DIRECTION('',(0.0,-1.0,1.8896095006176E-13));
#2900=DIRECTION('',(-1.0,0.0,0.0));
#2901=ORIENTED_EDGE('',*,*,#7195,.F.);
#2902=ORIENTED_EDGE('',*,*,#7196,.F.);
#2903=ORIENTED_EDGE('',*,*,#7197,.T.);
#2904=ORIENTED_EDGE('',*,*,#7198,.F.);
#2905=CARTESIAN_POINT('',(1.705,0.584999999999987,0.28));
#2906=DIRECTION('',(0.0,-1.0,1.8896095006176E-13));
#2907=DIRECTION('',(-1.0,0.0,0.0));
#2908=ORIENTED_EDGE('',*,*,#7199,.F.);
#2909=ORIENTED_EDGE('',*,*,#7200,.F.);
#2910=ORIENTED_EDGE('',*,*,#7201,.T.);
#2911=ORIENTED_EDGE('',*,*,#7202,.F.);
#2912=CARTESIAN_POINT('',(1.705,0.584999999999987,0.28));
#2913=DIRECTION('',(0.0,-1.0,1.8896095006176E-13));
#2914=DIRECTION('',(-1.0,0.0,0.0));
#2915=ORIENTED_EDGE('',*,*,#7203,.F.);
#2916=ORIENTED_EDGE('',*,*,#7204,.T.);
#2917=ORIENTED_EDGE('',*,*,#7205,.T.);
#2918=ORIENTED_EDGE('',*,*,#7206,.F.);
#2919=CARTESIAN_POINT('',(1.705,0.584999999999987,0.28));
#2920=DIRECTION('',(0.0,-1.0,1.8896095006176E-13));
#2921=DIRECTION('',(-1.0,0.0,0.0));
#2922=ORIENTED_EDGE('',*,*,#7207,.F.);
#2923=ORIENTED_EDGE('',*,*,#7208,.T.);
#2924=ORIENTED_EDGE('',*,*,#7209,.T.);
#2925=ORIENTED_EDGE('',*,*,#7210,.F.);
#2926=CARTESIAN_POINT('',(1.705,0.584999999999987,0.28));
#2927=DIRECTION('',(0.0,-1.0,1.8896095006176E-13));
#2928=DIRECTION('',(-1.0,0.0,0.0));
#2929=ORIENTED_EDGE('',*,*,#7211,.F.);
#2930=ORIENTED_EDGE('',*,*,#7194,.T.);
#2931=ORIENTED_EDGE('',*,*,#7212,.T.);
#2932=ORIENTED_EDGE('',*,*,#7213,.F.);
#2933=CARTESIAN_POINT('',(1.705,0.585,0.35));
#2934=DIRECTION('',(0.0,-0.406138466053515,0.913811548620227));
#2935=DIRECTION('',(-1.0,0.0,0.0));
#2936=ORIENTED_EDGE('',*,*,#7214,.F.);
#2937=ORIENTED_EDGE('',*,*,#7198,.T.);
#2938=ORIENTED_EDGE('',*,*,#7215,.T.);
#2939=ORIENTED_EDGE('',*,*,#7216,.F.);
#2940=CARTESIAN_POINT('',(1.705,0.585,0.35));
#2941=DIRECTION('',(0.0,-0.406138466053515,0.913811548620227));
#2942=DIRECTION('',(-1.0,0.0,0.0));
#2943=ORIENTED_EDGE('',*,*,#7217,.F.);
#2944=ORIENTED_EDGE('',*,*,#7202,.T.);
#2945=ORIENTED_EDGE('',*,*,#7218,.T.);
#2946=ORIENTED_EDGE('',*,*,#7219,.F.);
#2947=CARTESIAN_POINT('',(1.705,0.585,0.35));
#2948=DIRECTION('',(0.0,-0.406138466053515,0.913811548620227));
#2949=DIRECTION('',(-1.0,0.0,0.0));
#2950=ORIENTED_EDGE('',*,*,#7220,.F.);
#2951=ORIENTED_EDGE('',*,*,#7206,.T.);
#2952=ORIENTED_EDGE('',*,*,#7221,.T.);
#2953=ORIENTED_EDGE('',*,*,#7222,.F.);
#2954=CARTESIAN_POINT('',(1.705,0.585,0.35));
#2955=DIRECTION('',(0.0,-0.406138466053515,0.913811548620227));
#2956=DIRECTION('',(-1.0,0.0,0.0));
#2957=ORIENTED_EDGE('',*,*,#7223,.F.);
#2958=ORIENTED_EDGE('',*,*,#7210,.T.);
#2959=ORIENTED_EDGE('',*,*,#7224,.T.);
#2960=ORIENTED_EDGE('',*,*,#7225,.F.);
#2961=CARTESIAN_POINT('',(1.705,0.585,0.35));
#2962=DIRECTION('',(0.0,-0.406138466053515,0.913811548620227));
#2963=DIRECTION('',(-1.0,0.0,0.0));
#2964=ORIENTED_EDGE('',*,*,#7226,.F.);
#2965=ORIENTED_EDGE('',*,*,#7227,.F.);
#2966=ORIENTED_EDGE('',*,*,#7228,.F.);
#2967=ORIENTED_EDGE('',*,*,#7229,.T.);
#2968=CARTESIAN_POINT('',(-0.985,0.585,0.14));
#2969=DIRECTION('',(0.0,0.0,-1.0));
#2970=DIRECTION('',(0.0,-1.0,0.0));
#2971=ORIENTED_EDGE('',*,*,#7230,.T.);
#2972=ORIENTED_EDGE('',*,*,#7231,.T.);
#2973=ORIENTED_EDGE('',*,*,#7232,.T.);
#2974=ORIENTED_EDGE('',*,*,#7233,.T.);
#2975=CARTESIAN_POINT('',(0.635,0.585,0.29));
#2976=DIRECTION('',(-1.0,0.0,0.0));
#2977=DIRECTION('',(0.0,0.0,1.0));
#2978=ORIENTED_EDGE('',*,*,#7234,.T.);
#2979=ORIENTED_EDGE('',*,*,#7235,.F.);
#2980=ORIENTED_EDGE('',*,*,#7230,.F.);
#2981=ORIENTED_EDGE('',*,*,#7236,.T.);
#2982=ORIENTED_EDGE('',*,*,#7237,.F.);
#2983=ORIENTED_EDGE('',*,*,#7238,.F.);
#2984=ORIENTED_EDGE('',*,*,#7239,.F.);
#2985=ORIENTED_EDGE('',*,*,#7200,.T.);
#2986=ORIENTED_EDGE('',*,*,#7240,.T.);
#2987=ORIENTED_EDGE('',*,*,#7241,.F.);
#2988=ORIENTED_EDGE('',*,*,#7242,.F.);
#2989=ORIENTED_EDGE('',*,*,#7196,.T.);
#2990=ORIENTED_EDGE('',*,*,#7243,.T.);
#2991=ORIENTED_EDGE('',*,*,#7244,.F.);
#2992=ORIENTED_EDGE('',*,*,#7245,.F.);
#2993=ORIENTED_EDGE('',*,*,#7192,.T.);
#2994=CARTESIAN_POINT('',(0.0,0.0,0.14));
#2995=DIRECTION('',(0.0,0.0,1.0));
#2996=DIRECTION('',(1.0,0.0,0.0));
#2997=ORIENTED_EDGE('',*,*,#7246,.F.);
#2998=ORIENTED_EDGE('',*,*,#7247,.F.);
#2999=ORIENTED_EDGE('',*,*,#7248,.T.);
#3000=ORIENTED_EDGE('',*,*,#7249,.T.);
#3001=CARTESIAN_POINT('',(0.925,0.779999999999992,0.06));
#3002=DIRECTION('',(0.0,-2.04863782591742E-16,-1.0));
#3003=DIRECTION('',(0.0,-1.0,2.04863782591742E-16));
#3004=ORIENTED_EDGE('',*,*,#7250,.T.);
#3005=ORIENTED_EDGE('',*,*,#7251,.T.);
#3006=ORIENTED_EDGE('',*,*,#7252,.T.);
#3007=ORIENTED_EDGE('',*,*,#7253,.F.);
#3008=ORIENTED_EDGE('',*,*,#7254,.F.);
#3009=ORIENTED_EDGE('',*,*,#7255,.T.);
#3010=CARTESIAN_POINT('',(1.705,-0.630000000000001,0.1));
#3011=DIRECTION('',(0.0,0.832050294337844,0.554700196225229));
#3012=DIRECTION('',(1.0,0.0,-0.0));
#3013=ORIENTED_EDGE('',*,*,#7256,.T.);
#3014=ORIENTED_EDGE('',*,*,#7257,.T.);
#3015=ORIENTED_EDGE('',*,*,#7258,.F.);
#3016=ORIENTED_EDGE('',*,*,#7259,.T.);
#3017=ORIENTED_EDGE('',*,*,#7260,.F.);
#3018=ORIENTED_EDGE('',*,*,#7261,.T.);
#3019=CARTESIAN_POINT('',(1.705,0.590000000000001,0.04));
#3020=DIRECTION('',(0.0,-0.832050294337844,0.554700196225229));
#3021=DIRECTION('',(-1.0,0.0,0.0));
#3022=ORIENTED_EDGE('',*,*,#7253,.T.);
#3023=ORIENTED_EDGE('',*,*,#7262,.T.);
#3024=ORIENTED_EDGE('',*,*,#7263,.F.);
#3025=ORIENTED_EDGE('',*,*,#7264,.F.);
#3026=CARTESIAN_POINT('',(1.705,-0.590000000000001,0.04));
#3027=DIRECTION('',(-0.0,1.0,0.0));
#3028=DIRECTION('',(1.0,0.0,0.0));
#3029=ORIENTED_EDGE('',*,*,#7265,.T.);
#3030=ORIENTED_EDGE('',*,*,#7266,.T.);
#3031=ORIENTED_EDGE('',*,*,#7261,.F.);
#3032=ORIENTED_EDGE('',*,*,#7267,.F.);
#3033=CARTESIAN_POINT('',(1.705,0.590000000000001,0.0));
#3034=DIRECTION('',(0.0,-1.0,0.0));
#3035=DIRECTION('',(0.0,0.0,-1.0));
#3036=ORIENTED_EDGE('',*,*,#7268,.T.);
#3037=ORIENTED_EDGE('',*,*,#7269,.T.);
#3038=ORIENTED_EDGE('',*,*,#7270,.F.);
#3039=ORIENTED_EDGE('',*,*,#7271,.F.);
#3040=CARTESIAN_POINT('',(1.705,-0.629999999999992,0.37));
#3041=DIRECTION('',(0.0,0.406138466053515,0.913811548620227));
#3042=DIRECTION('',(1.0,-0.0,0.0));
#3043=ORIENTED_EDGE('',*,*,#7270,.T.);
#3044=ORIENTED_EDGE('',*,*,#7272,.T.);
#3045=ORIENTED_EDGE('',*,*,#7273,.F.);
#3046=ORIENTED_EDGE('',*,*,#7274,.F.);
#3047=CARTESIAN_POINT('',(1.705,-0.585,0.35));
#3048=DIRECTION('',(0.0,1.0,1.8896095006176E-13));
#3049=DIRECTION('',(0.0,1.8896095006176E-13,-1.0));
#3050=ORIENTED_EDGE('',*,*,#7275,.F.);
#3051=ORIENTED_EDGE('',*,*,#7276,.T.);
#3052=ORIENTED_EDGE('',*,*,#7277,.T.);
#3053=ORIENTED_EDGE('',*,*,#7278,.F.);
#3054=CARTESIAN_POINT('',(0.985,-0.629999999999999,0.14));
#3055=DIRECTION('',(0.0,0.0,1.0));
#3056=DIRECTION('',(1.0,0.0,0.0));
#3057=ORIENTED_EDGE('',*,*,#7279,.T.);
#3058=ORIENTED_EDGE('',*,*,#7280,.T.);
#3059=ORIENTED_EDGE('',*,*,#7281,.F.);
#3060=ORIENTED_EDGE('',*,*,#7282,.F.);
#3061=CARTESIAN_POINT('',(1.705,0.584999999999987,0.28));
#3062=DIRECTION('',(0.0,-1.0,1.8896095006176E-13));
#3063=DIRECTION('',(-1.0,0.0,0.0));
#3064=ORIENTED_EDGE('',*,*,#7281,.T.);
#3065=ORIENTED_EDGE('',*,*,#7283,.T.);
#3066=ORIENTED_EDGE('',*,*,#7284,.F.);
#3067=ORIENTED_EDGE('',*,*,#7285,.F.);
#3068=CARTESIAN_POINT('',(1.705,0.585,0.35));
#3069=DIRECTION('',(0.0,-0.406138466053515,0.913811548620227));
#3070=DIRECTION('',(-1.0,0.0,0.0));
#3071=ORIENTED_EDGE('',*,*,#7286,.F.);
#3072=ORIENTED_EDGE('',*,*,#7287,.T.);
#3073=ORIENTED_EDGE('',*,*,#7288,.T.);
#3074=ORIENTED_EDGE('',*,*,#7289,.T.);
#3075=ORIENTED_EDGE('',*,*,#7204,.F.);
#3076=ORIENTED_EDGE('',*,*,#7290,.F.);
#3077=CARTESIAN_POINT('',(1.705,0.585,0.235));
#3078=DIRECTION('',(1.0,-0.0,0.0));
#3079=DIRECTION('',(0.0,0.0,1.0));
#3080=ORIENTED_EDGE('',*,*,#7291,.T.);
#3081=ORIENTED_EDGE('',*,*,#7279,.F.);
#3082=ORIENTED_EDGE('',*,*,#7292,.F.);
#3083=ORIENTED_EDGE('',*,*,#7293,.F.);
#3084=ORIENTED_EDGE('',*,*,#7294,.T.);
#3085=ORIENTED_EDGE('',*,*,#7232,.F.);
#3086=CARTESIAN_POINT('',(1.705,0.585,0.235));
#3087=DIRECTION('',(1.0,-0.0,0.0));
#3088=DIRECTION('',(0.0,0.0,1.0));
#3089=ORIENTED_EDGE('',*,*,#7295,.F.);
#3090=ORIENTED_EDGE('',*,*,#7171,.T.);
#3091=ORIENTED_EDGE('',*,*,#7296,.T.);
#3092=ORIENTED_EDGE('',*,*,#7297,.T.);
#3093=ORIENTED_EDGE('',*,*,#7298,.F.);
#3094=ORIENTED_EDGE('',*,*,#7299,.F.);
#3095=CARTESIAN_POINT('',(1.705,-0.585,0.235));
#3096=DIRECTION('',(1.0,-0.0,0.0));
#3097=DIRECTION('',(0.0,0.0,1.0));
#3098=ORIENTED_EDGE('',*,*,#7175,.F.);
#3099=ORIENTED_EDGE('',*,*,#7300,.F.);
#3100=ORIENTED_EDGE('',*,*,#7301,.F.);
#3101=ORIENTED_EDGE('',*,*,#7302,.F.);
#3102=ORIENTED_EDGE('',*,*,#7273,.T.);
#3103=ORIENTED_EDGE('',*,*,#7303,.T.);
#3104=CARTESIAN_POINT('',(1.705,-0.585,0.235));
#3105=DIRECTION('',(1.0,-0.0,0.0));
#3106=DIRECTION('',(0.0,0.0,1.0));
#3107=ORIENTED_EDGE('',*,*,#7304,.F.);
#3108=ORIENTED_EDGE('',*,*,#7305,.T.);
#3109=ORIENTED_EDGE('',*,*,#7306,.F.);
#3110=ORIENTED_EDGE('',*,*,#7307,.F.);
#3111=CARTESIAN_POINT('',(1.705,-0.440000000000001,0.37));
#3112=DIRECTION('',(1.0,-0.0,0.0));
#3113=DIRECTION('',(0.0,0.0,1.0));
#3114=ORIENTED_EDGE('',*,*,#7308,.F.);
#3115=ORIENTED_EDGE('',*,*,#7309,.T.);
#3116=ORIENTED_EDGE('',*,*,#7310,.F.);
#3117=ORIENTED_EDGE('',*,*,#7311,.F.);
#3118=CARTESIAN_POINT('',(1.705,-0.440000000000001,0.37));
#3119=DIRECTION('',(1.0,-0.0,0.0));
#3120=DIRECTION('',(0.0,0.0,1.0));
#3121=ORIENTED_EDGE('',*,*,#7312,.F.);
#3122=ORIENTED_EDGE('',*,*,#7313,.T.);
#3123=ORIENTED_EDGE('',*,*,#7314,.F.);
#3124=ORIENTED_EDGE('',*,*,#7315,.F.);
#3125=CARTESIAN_POINT('',(1.705,-0.440000000000001,0.37));
#3126=DIRECTION('',(1.0,-0.0,0.0));
#3127=DIRECTION('',(0.0,0.0,1.0));
#3128=ORIENTED_EDGE('',*,*,#7316,.F.);
#3129=ORIENTED_EDGE('',*,*,#7317,.T.);
#3130=ORIENTED_EDGE('',*,*,#7318,.F.);
#3131=ORIENTED_EDGE('',*,*,#7319,.F.);
#3132=CARTESIAN_POINT('',(1.705,-0.440000000000001,0.37));
#3133=DIRECTION('',(1.0,-0.0,0.0));
#3134=DIRECTION('',(0.0,0.0,1.0));
#3135=ORIENTED_EDGE('',*,*,#7320,.F.);
#3136=ORIENTED_EDGE('',*,*,#7321,.T.);
#3137=ORIENTED_EDGE('',*,*,#7322,.F.);
#3138=ORIENTED_EDGE('',*,*,#7323,.F.);
#3139=CARTESIAN_POINT('',(1.705,-0.440000000000001,0.37));
#3140=DIRECTION('',(1.0,-0.0,0.0));
#3141=DIRECTION('',(0.0,0.0,1.0));
#3142=ORIENTED_EDGE('',*,*,#7324,.F.);
#3143=ORIENTED_EDGE('',*,*,#7325,.T.);
#3144=ORIENTED_EDGE('',*,*,#7326,.F.);
#3145=ORIENTED_EDGE('',*,*,#7327,.F.);
#3146=ORIENTED_EDGE('',*,*,#7328,.F.);
#3147=ORIENTED_EDGE('',*,*,#7329,.F.);
#3148=CARTESIAN_POINT('',(1.705,-0.440000000000001,0.37));
#3149=DIRECTION('',(1.0,-0.0,0.0));
#3150=DIRECTION('',(0.0,0.0,1.0));
#3151=ORIENTED_EDGE('',*,*,#7330,.F.);
#3152=ORIENTED_EDGE('',*,*,#7331,.T.);
#3153=ORIENTED_EDGE('',*,*,#7332,.F.);
#3154=ORIENTED_EDGE('',*,*,#7333,.F.);
#3155=CARTESIAN_POINT('',(1.705,0.440000000000001,0.37));
#3156=DIRECTION('',(1.0,-0.0,0.0));
#3157=DIRECTION('',(0.0,0.0,1.0));
#3158=ORIENTED_EDGE('',*,*,#7334,.F.);
#3159=ORIENTED_EDGE('',*,*,#7335,.F.);
#3160=ORIENTED_EDGE('',*,*,#7336,.T.);
#3161=ORIENTED_EDGE('',*,*,#7337,.F.);
#3162=CARTESIAN_POINT('',(1.705,0.440000000000001,0.37));
#3163=DIRECTION('',(1.0,-0.0,0.0));
#3164=DIRECTION('',(0.0,0.0,1.0));
#3165=ORIENTED_EDGE('',*,*,#7338,.F.);
#3166=ORIENTED_EDGE('',*,*,#7339,.F.);
#3167=ORIENTED_EDGE('',*,*,#7340,.T.);
#3168=ORIENTED_EDGE('',*,*,#7341,.F.);
#3169=CARTESIAN_POINT('',(1.705,0.440000000000001,0.37));
#3170=DIRECTION('',(1.0,-0.0,0.0));
#3171=DIRECTION('',(0.0,0.0,1.0));
#3172=ORIENTED_EDGE('',*,*,#7342,.F.);
#3173=ORIENTED_EDGE('',*,*,#7343,.F.);
#3174=ORIENTED_EDGE('',*,*,#7344,.T.);
#3175=ORIENTED_EDGE('',*,*,#7345,.F.);
#3176=CARTESIAN_POINT('',(1.705,0.440000000000001,0.37));
#3177=DIRECTION('',(1.0,-0.0,0.0));
#3178=DIRECTION('',(0.0,0.0,1.0));
#3179=ORIENTED_EDGE('',*,*,#7346,.F.);
#3180=ORIENTED_EDGE('',*,*,#7347,.F.);
#3181=ORIENTED_EDGE('',*,*,#7348,.T.);
#3182=ORIENTED_EDGE('',*,*,#7349,.F.);
#3183=CARTESIAN_POINT('',(1.705,0.440000000000001,0.37));
#3184=DIRECTION('',(1.0,-0.0,0.0));
#3185=DIRECTION('',(0.0,0.0,1.0));
#3186=ORIENTED_EDGE('',*,*,#7350,.F.);
#3187=ORIENTED_EDGE('',*,*,#7351,.F.);
#3188=ORIENTED_EDGE('',*,*,#7352,.T.);
#3189=ORIENTED_EDGE('',*,*,#7353,.F.);
#3190=CARTESIAN_POINT('',(1.705,0.440000000000001,0.37));
#3191=DIRECTION('',(1.0,-0.0,0.0));
#3192=DIRECTION('',(0.0,0.0,1.0));
#3193=ORIENTED_EDGE('',*,*,#7354,.F.);
#3194=ORIENTED_EDGE('',*,*,#7355,.F.);
#3195=ORIENTED_EDGE('',*,*,#7356,.T.);
#3196=ORIENTED_EDGE('',*,*,#7357,.F.);
#3197=CARTESIAN_POINT('',(1.705,-0.440000000000001,0.37));
#3198=DIRECTION('',(1.0,-0.0,0.0));
#3199=DIRECTION('',(0.0,0.0,1.0));
#3200=ORIENTED_EDGE('',*,*,#7358,.F.);
#3201=ORIENTED_EDGE('',*,*,#7359,.T.);
#3202=ORIENTED_EDGE('',*,*,#7360,.F.);
#3203=ORIENTED_EDGE('',*,*,#7361,.F.);
#3204=ORIENTED_EDGE('',*,*,#7362,.F.);
#3205=ORIENTED_EDGE('',*,*,#7363,.F.);
#3206=CARTESIAN_POINT('',(1.705,0.440000000000001,0.37));
#3207=DIRECTION('',(1.0,-0.0,0.0));
#3208=DIRECTION('',(0.0,0.0,1.0));
#3209=ORIENTED_EDGE('',*,*,#7364,.F.);
#3210=ORIENTED_EDGE('',*,*,#7365,.T.);
#3211=ORIENTED_EDGE('',*,*,#7366,.T.);
#3212=ORIENTED_EDGE('',*,*,#7208,.F.);
#3213=ORIENTED_EDGE('',*,*,#7367,.F.);
#3214=CARTESIAN_POINT('',(1.705,0.585,0.235));
#3215=DIRECTION('',(1.0,-0.0,0.0));
#3216=DIRECTION('',(0.0,0.0,1.0));
#3217=ORIENTED_EDGE('',*,*,#7368,.F.);
#3218=ORIENTED_EDGE('',*,*,#7174,.T.);
#3219=ORIENTED_EDGE('',*,*,#7369,.T.);
#3220=ORIENTED_EDGE('',*,*,#7370,.F.);
#3221=ORIENTED_EDGE('',*,*,#7371,.F.);
#3222=CARTESIAN_POINT('',(1.705,-0.585,0.235));
#3223=DIRECTION('',(1.0,-0.0,0.0));
#3224=DIRECTION('',(0.0,0.0,1.0));
#3225=ORIENTED_EDGE('',*,*,#7372,.F.);
#3226=ORIENTED_EDGE('',*,*,#7373,.F.);
#3227=ORIENTED_EDGE('',*,*,#7374,.F.);
#3228=ORIENTED_EDGE('',*,*,#7375,.F.);
#3229=ORIENTED_EDGE('',*,*,#7376,.F.);
#3230=ORIENTED_EDGE('',*,*,#7377,.F.);
#3231=ORIENTED_EDGE('',*,*,#7378,.F.);
#3232=ORIENTED_EDGE('',*,*,#7379,.F.);
#3233=ORIENTED_EDGE('',*,*,#7380,.F.);
#3234=ORIENTED_EDGE('',*,*,#7381,.T.);
#3235=ORIENTED_EDGE('',*,*,#7382,.T.);
#3236=ORIENTED_EDGE('',*,*,#7383,.T.);
#3237=ORIENTED_EDGE('',*,*,#7384,.T.);
#3238=ORIENTED_EDGE('',*,*,#7385,.T.);
#3239=ORIENTED_EDGE('',*,*,#7386,.F.);
#3240=ORIENTED_EDGE('',*,*,#7387,.F.);
#3241=CARTESIAN_POINT('',(-1.625,0.0,0.0));
#3242=DIRECTION('',(1.0,0.0,0.0));
#3243=DIRECTION('',(0.0,1.0,0.0));
#3244=ORIENTED_EDGE('',*,*,#7263,.T.);
#3245=ORIENTED_EDGE('',*,*,#7388,.F.);
#3246=ORIENTED_EDGE('',*,*,#7389,.T.);
#3247=ORIENTED_EDGE('',*,*,#7390,.T.);
#3248=ORIENTED_EDGE('',*,*,#7112,.T.);
#3249=ORIENTED_EDGE('',*,*,#7391,.F.);
#3250=ORIENTED_EDGE('',*,*,#7392,.T.);
#3251=ORIENTED_EDGE('',*,*,#7393,.T.);
#3252=ORIENTED_EDGE('',*,*,#7115,.T.);
#3253=ORIENTED_EDGE('',*,*,#7394,.F.);
#3254=ORIENTED_EDGE('',*,*,#7395,.T.);
#3255=ORIENTED_EDGE('',*,*,#7396,.T.);
#3256=ORIENTED_EDGE('',*,*,#7118,.T.);
#3257=ORIENTED_EDGE('',*,*,#7397,.F.);
#3258=ORIENTED_EDGE('',*,*,#7398,.T.);
#3259=ORIENTED_EDGE('',*,*,#7399,.T.);
#3260=ORIENTED_EDGE('',*,*,#7121,.T.);
#3261=ORIENTED_EDGE('',*,*,#7400,.F.);
#3262=ORIENTED_EDGE('',*,*,#7401,.T.);
#3263=ORIENTED_EDGE('',*,*,#7402,.T.);
#3264=ORIENTED_EDGE('',*,*,#7124,.T.);
#3265=ORIENTED_EDGE('',*,*,#7403,.T.);
#3266=ORIENTED_EDGE('',*,*,#7404,.T.);
#3267=ORIENTED_EDGE('',*,*,#7405,.T.);
#3268=ORIENTED_EDGE('',*,*,#7406,.F.);
#3269=ORIENTED_EDGE('',*,*,#7407,.F.);
#3270=ORIENTED_EDGE('',*,*,#7408,.T.);
#3271=ORIENTED_EDGE('',*,*,#7409,.F.);
#3272=ORIENTED_EDGE('',*,*,#7410,.T.);
#3273=ORIENTED_EDGE('',*,*,#7411,.F.);
#3274=ORIENTED_EDGE('',*,*,#7412,.F.);
#3275=ORIENTED_EDGE('',*,*,#7413,.F.);
#3276=ORIENTED_EDGE('',*,*,#7414,.F.);
#3277=ORIENTED_EDGE('',*,*,#7415,.F.);
#3278=ORIENTED_EDGE('',*,*,#7416,.T.);
#3279=ORIENTED_EDGE('',*,*,#7417,.F.);
#3280=ORIENTED_EDGE('',*,*,#7418,.F.);
#3281=ORIENTED_EDGE('',*,*,#7419,.T.);
#3282=ORIENTED_EDGE('',*,*,#7420,.F.);
#3283=ORIENTED_EDGE('',*,*,#7421,.F.);
#3284=ORIENTED_EDGE('',*,*,#7422,.F.);
#3285=ORIENTED_EDGE('',*,*,#7423,.T.);
#3286=ORIENTED_EDGE('',*,*,#7138,.F.);
#3287=ORIENTED_EDGE('',*,*,#7424,.T.);
#3288=ORIENTED_EDGE('',*,*,#7425,.F.);
#3289=ORIENTED_EDGE('',*,*,#7426,.F.);
#3290=ORIENTED_EDGE('',*,*,#7135,.F.);
#3291=ORIENTED_EDGE('',*,*,#7427,.T.);
#3292=ORIENTED_EDGE('',*,*,#7428,.F.);
#3293=ORIENTED_EDGE('',*,*,#7429,.F.);
#3294=ORIENTED_EDGE('',*,*,#7132,.F.);
#3295=ORIENTED_EDGE('',*,*,#7430,.T.);
#3296=ORIENTED_EDGE('',*,*,#7431,.F.);
#3297=ORIENTED_EDGE('',*,*,#7432,.F.);
#3298=ORIENTED_EDGE('',*,*,#7129,.F.);
#3299=ORIENTED_EDGE('',*,*,#7433,.T.);
#3300=ORIENTED_EDGE('',*,*,#7434,.F.);
#3301=ORIENTED_EDGE('',*,*,#7435,.F.);
#3302=ORIENTED_EDGE('',*,*,#7126,.F.);
#3303=ORIENTED_EDGE('',*,*,#7436,.T.);
#3304=ORIENTED_EDGE('',*,*,#7437,.F.);
#3305=ORIENTED_EDGE('',*,*,#7438,.F.);
#3306=ORIENTED_EDGE('',*,*,#7265,.F.);
#3307=ORIENTED_EDGE('',*,*,#7439,.T.);
#3308=ORIENTED_EDGE('',*,*,#7440,.F.);
#3309=ORIENTED_EDGE('',*,*,#7441,.F.);
#3310=ORIENTED_EDGE('',*,*,#7442,.F.);
#3311=ORIENTED_EDGE('',*,*,#7443,.F.);
#3312=ORIENTED_EDGE('',*,*,#7444,.T.);
#3313=ORIENTED_EDGE('',*,*,#7445,.T.);
#3314=ORIENTED_EDGE('',*,*,#7446,.T.);
#3315=ORIENTED_EDGE('',*,*,#7447,.F.);
#3316=ORIENTED_EDGE('',*,*,#7448,.T.);
#3317=ORIENTED_EDGE('',*,*,#7449,.T.);
#3318=ORIENTED_EDGE('',*,*,#7450,.F.);
#3319=ORIENTED_EDGE('',*,*,#7451,.F.);
#3320=ORIENTED_EDGE('',*,*,#7452,.F.);
#3321=ORIENTED_EDGE('',*,*,#7453,.F.);
#3322=ORIENTED_EDGE('',*,*,#7454,.F.);
#3323=ORIENTED_EDGE('',*,*,#7455,.F.);
#3324=ORIENTED_EDGE('',*,*,#7456,.F.);
#3325=ORIENTED_EDGE('',*,*,#7457,.T.);
#3326=ORIENTED_EDGE('',*,*,#7458,.F.);
#3327=ORIENTED_EDGE('',*,*,#7459,.T.);
#3328=ORIENTED_EDGE('',*,*,#7460,.T.);
#3329=ORIENTED_EDGE('',*,*,#7461,.F.);
#3330=ORIENTED_EDGE('',*,*,#7462,.F.);
#3331=ORIENTED_EDGE('',*,*,#7463,.F.);
#3332=ORIENTED_EDGE('',*,*,#7464,.T.);
#3333=ORIENTED_EDGE('',*,*,#7465,.F.);
#3334=ORIENTED_EDGE('',*,*,#7466,.T.);
#3335=ORIENTED_EDGE('',*,*,#7467,.T.);
#3336=CARTESIAN_POINT('',(1.705,-0.590000000000001,0.0));
#3337=DIRECTION('',(0.0,-3.93251544149862E-16,1.0));
#3338=DIRECTION('',(0.0,-1.0,-3.93251544149862E-16));
#3339=ORIENTED_EDGE('',*,*,#7468,.F.);
#3340=ORIENTED_EDGE('',*,*,#7469,.F.);
#3341=ORIENTED_EDGE('',*,*,#7470,.T.);
#3342=ORIENTED_EDGE('',*,*,#7471,.F.);
#3343=ORIENTED_EDGE('',*,*,#7472,.F.);
#3344=ORIENTED_EDGE('',*,*,#7473,.T.);
#3345=ORIENTED_EDGE('',*,*,#7474,.F.);
#3346=ORIENTED_EDGE('',*,*,#7475,.F.);
#3347=CARTESIAN_POINT('',(-1.135,-0.61,0.44));
#3348=DIRECTION('',(0.0,-1.0,0.0));
#3349=DIRECTION('',(0.0,0.0,-1.0));
#3350=ORIENTED_EDGE('',*,*,#7418,.T.);
#3351=ORIENTED_EDGE('',*,*,#7476,.F.);
#3352=ORIENTED_EDGE('',*,*,#7477,.F.);
#3353=ORIENTED_EDGE('',*,*,#7380,.T.);
#3354=ORIENTED_EDGE('',*,*,#7478,.F.);
#3355=ORIENTED_EDGE('',*,*,#7479,.T.);
#3356=ORIENTED_EDGE('',*,*,#7480,.F.);
#3357=ORIENTED_EDGE('',*,*,#7481,.F.);
#3358=CARTESIAN_POINT('',(-1.115,0.54,0.38));
#3359=DIRECTION('',(-0.0,1.0,0.0));
#3360=DIRECTION('',(1.0,0.0,0.0));
#3361=ORIENTED_EDGE('',*,*,#7482,.T.);
#3362=ORIENTED_EDGE('',*,*,#7483,.F.);
#3363=ORIENTED_EDGE('',*,*,#7408,.F.);
#3364=ORIENTED_EDGE('',*,*,#7484,.T.);
#3365=ORIENTED_EDGE('',*,*,#7485,.T.);
#3366=ORIENTED_EDGE('',*,*,#7486,.T.);
#3367=ORIENTED_EDGE('',*,*,#7487,.T.);
#3368=ORIENTED_EDGE('',*,*,#7386,.T.);
#3369=CARTESIAN_POINT('',(-1.115,-0.54,-5.55111512312578E-17));
#3370=DIRECTION('',(0.0,-1.0,-5.70632722360792E-16));
#3371=DIRECTION('',(0.0,5.70632722360792E-16,-1.0));
#3372=ORIENTED_EDGE('',*,*,#7488,.T.);
#3373=ORIENTED_EDGE('',*,*,#7489,.T.);
#3374=ORIENTED_EDGE('',*,*,#7404,.F.);
#3375=ORIENTED_EDGE('',*,*,#7490,.F.);
#3376=ORIENTED_EDGE('',*,*,#7491,.T.);
#3377=ORIENTED_EDGE('',*,*,#7492,.T.);
#3378=CARTESIAN_POINT('',(-1.115,-0.54,-5.55111512312578E-17));
#3379=DIRECTION('',(0.0,-1.0,-5.70632722360792E-16));
#3380=DIRECTION('',(0.0,5.70632722360792E-16,-1.0));
#3381=ORIENTED_EDGE('',*,*,#7493,.T.);
#3382=ORIENTED_EDGE('',*,*,#7328,.T.);
#3383=ORIENTED_EDGE('',*,*,#7494,.T.);
#3384=ORIENTED_EDGE('',*,*,#7495,.T.);
#3385=ORIENTED_EDGE('',*,*,#7491,.F.);
#3386=CARTESIAN_POINT('',(1.705,0.350000000000001,0.38));
#3387=DIRECTION('',(0.0,0.0,-1.0));
#3388=DIRECTION('',(0.0,-1.0,0.0));
#3389=ORIENTED_EDGE('',*,*,#7487,.F.);
#3390=ORIENTED_EDGE('',*,*,#7496,.T.);
#3391=ORIENTED_EDGE('',*,*,#7497,.T.);
#3392=ORIENTED_EDGE('',*,*,#7498,.T.);
#3393=ORIENTED_EDGE('',*,*,#7387,.T.);
#3394=CARTESIAN_POINT('',(1.705,0.350000000000001,0.38));
#3395=DIRECTION('',(0.0,0.0,-1.0));
#3396=DIRECTION('',(0.0,-1.0,0.0));
#3397=ORIENTED_EDGE('',*,*,#7379,.T.);
#3398=ORIENTED_EDGE('',*,*,#7499,.T.);
#3399=ORIENTED_EDGE('',*,*,#7500,.T.);
#3400=ORIENTED_EDGE('',*,*,#7501,.T.);
#3401=ORIENTED_EDGE('',*,*,#7478,.T.);
#3402=CARTESIAN_POINT('',(1.705,0.350000000000001,0.38));
#3403=DIRECTION('',(0.0,0.0,-1.0));
#3404=DIRECTION('',(0.0,-1.0,0.0));
#3405=ORIENTED_EDGE('',*,*,#7502,.T.);
#3406=ORIENTED_EDGE('',*,*,#7503,.T.);
#3407=ORIENTED_EDGE('',*,*,#7504,.T.);
#3408=ORIENTED_EDGE('',*,*,#7505,.T.);
#3409=ORIENTED_EDGE('',*,*,#7506,.T.);
#3410=CARTESIAN_POINT('',(1.705,0.350000000000001,0.38));
#3411=DIRECTION('',(0.0,0.0,-1.0));
#3412=DIRECTION('',(0.0,-1.0,0.0));
#3413=ORIENTED_EDGE('',*,*,#7507,.T.);
#3414=ORIENTED_EDGE('',*,*,#7508,.T.);
#3415=ORIENTED_EDGE('',*,*,#7502,.F.);
#3416=ORIENTED_EDGE('',*,*,#7509,.F.);
#3417=ORIENTED_EDGE('',*,*,#7510,.T.);
#3418=ORIENTED_EDGE('',*,*,#7511,.F.);
#3419=CARTESIAN_POINT('',(-1.135,0.4,0.28));
#3420=DIRECTION('',(-1.0,0.0,0.0));
#3421=DIRECTION('',(0.0,0.0,1.0));
#3422=ORIENTED_EDGE('',*,*,#7512,.T.);
#3423=ORIENTED_EDGE('',*,*,#7513,.T.);
#3424=ORIENTED_EDGE('',*,*,#7416,.F.);
#3425=ORIENTED_EDGE('',*,*,#7514,.F.);
#3426=ORIENTED_EDGE('',*,*,#7515,.F.);
#3427=ORIENTED_EDGE('',*,*,#7516,.T.);
#3428=CARTESIAN_POINT('',(-1.705,0.585,0.235));
#3429=DIRECTION('',(1.0,0.0,0.0));
#3430=DIRECTION('',(0.0,1.0,0.0));
#3431=ORIENTED_EDGE('',*,*,#7517,.T.);
#3432=ORIENTED_EDGE('',*,*,#7518,.T.);
#3433=ORIENTED_EDGE('',*,*,#7383,.F.);
#3434=ORIENTED_EDGE('',*,*,#7519,.T.);
#3435=ORIENTED_EDGE('',*,*,#7515,.T.);
#3436=ORIENTED_EDGE('',*,*,#7520,.F.);
#3437=ORIENTED_EDGE('',*,*,#7521,.F.);
#3438=ORIENTED_EDGE('',*,*,#7522,.F.);
#3439=ORIENTED_EDGE('',*,*,#7523,.F.);
#3440=ORIENTED_EDGE('',*,*,#7524,.F.);
#3441=CARTESIAN_POINT('',(-1.455,0.0999999999999998,0.0500000000000001));
#3442=DIRECTION('',(0.0,0.0,-1.0));
#3443=DIRECTION('',(0.0,-1.0,0.0));
#3444=ORIENTED_EDGE('',*,*,#7525,.F.);
#3445=ORIENTED_EDGE('',*,*,#7526,.T.);
#3446=ORIENTED_EDGE('',*,*,#7505,.F.);
#3447=ORIENTED_EDGE('',*,*,#7527,.F.);
#3448=ORIENTED_EDGE('',*,*,#7422,.T.);
#3449=ORIENTED_EDGE('',*,*,#7528,.F.);
#3450=CARTESIAN_POINT('',(-1.115,0.54,0.38));
#3451=DIRECTION('',(-0.0,1.0,0.0));
#3452=DIRECTION('',(1.0,0.0,0.0));
#3453=ORIENTED_EDGE('',*,*,#7332,.T.);
#3454=ORIENTED_EDGE('',*,*,#7529,.F.);
#3455=ORIENTED_EDGE('',*,*,#7530,.T.);
#3456=ORIENTED_EDGE('',*,*,#7531,.T.);
#3457=ORIENTED_EDGE('',*,*,#7337,.T.);
#3458=ORIENTED_EDGE('',*,*,#7532,.F.);
#3459=ORIENTED_EDGE('',*,*,#7533,.T.);
#3460=ORIENTED_EDGE('',*,*,#7534,.T.);
#3461=ORIENTED_EDGE('',*,*,#7341,.T.);
#3462=ORIENTED_EDGE('',*,*,#7535,.F.);
#3463=ORIENTED_EDGE('',*,*,#7536,.T.);
#3464=ORIENTED_EDGE('',*,*,#7537,.T.);
#3465=ORIENTED_EDGE('',*,*,#7345,.T.);
#3466=ORIENTED_EDGE('',*,*,#7538,.F.);
#3467=ORIENTED_EDGE('',*,*,#7539,.T.);
#3468=ORIENTED_EDGE('',*,*,#7540,.T.);
#3469=ORIENTED_EDGE('',*,*,#7349,.T.);
#3470=ORIENTED_EDGE('',*,*,#7541,.F.);
#3471=ORIENTED_EDGE('',*,*,#7542,.T.);
#3472=ORIENTED_EDGE('',*,*,#7543,.T.);
#3473=ORIENTED_EDGE('',*,*,#7353,.T.);
#3474=ORIENTED_EDGE('',*,*,#7544,.F.);
#3475=ORIENTED_EDGE('',*,*,#7545,.T.);
#3476=ORIENTED_EDGE('',*,*,#7546,.T.);
#3477=ORIENTED_EDGE('',*,*,#7547,.T.);
#3478=ORIENTED_EDGE('',*,*,#7507,.F.);
#3479=ORIENTED_EDGE('',*,*,#7548,.T.);
#3480=ORIENTED_EDGE('',*,*,#7549,.T.);
#3481=ORIENTED_EDGE('',*,*,#7550,.F.);
#3482=ORIENTED_EDGE('',*,*,#7551,.F.);
#3483=ORIENTED_EDGE('',*,*,#7552,.T.);
#3484=ORIENTED_EDGE('',*,*,#7553,.T.);
#3485=ORIENTED_EDGE('',*,*,#7554,.F.);
#3486=ORIENTED_EDGE('',*,*,#7555,.F.);
#3487=ORIENTED_EDGE('',*,*,#7556,.F.);
#3488=ORIENTED_EDGE('',*,*,#7557,.T.);
#3489=ORIENTED_EDGE('',*,*,#7360,.T.);
#3490=ORIENTED_EDGE('',*,*,#7558,.F.);
#3491=ORIENTED_EDGE('',*,*,#7559,.T.);
#3492=ORIENTED_EDGE('',*,*,#7560,.T.);
#3493=CARTESIAN_POINT('',(1.705,0.350000000000001,0.46));
#3494=DIRECTION('',(-0.0,1.0,0.0));
#3495=DIRECTION('',(1.0,0.0,0.0));
#3496=ORIENTED_EDGE('',*,*,#7306,.T.);
#3497=ORIENTED_EDGE('',*,*,#7561,.T.);
#3498=ORIENTED_EDGE('',*,*,#7562,.F.);
#3499=ORIENTED_EDGE('',*,*,#7563,.F.);
#3500=ORIENTED_EDGE('',*,*,#7357,.T.);
#3501=ORIENTED_EDGE('',*,*,#7564,.T.);
#3502=ORIENTED_EDGE('',*,*,#7565,.F.);
#3503=ORIENTED_EDGE('',*,*,#7566,.F.);
#3504=ORIENTED_EDGE('',*,*,#7567,.T.);
#3505=ORIENTED_EDGE('',*,*,#7568,.F.);
#3506=ORIENTED_EDGE('',*,*,#7569,.F.);
#3507=ORIENTED_EDGE('',*,*,#7570,.T.);
#3508=ORIENTED_EDGE('',*,*,#7571,.T.);
#3509=ORIENTED_EDGE('',*,*,#7572,.F.);
#3510=ORIENTED_EDGE('',*,*,#7573,.T.);
#3511=ORIENTED_EDGE('',*,*,#7574,.T.);
#3512=ORIENTED_EDGE('',*,*,#7575,.T.);
#3513=ORIENTED_EDGE('',*,*,#7576,.F.);
#3514=ORIENTED_EDGE('',*,*,#7577,.T.);
#3515=ORIENTED_EDGE('',*,*,#7578,.T.);
#3516=ORIENTED_EDGE('',*,*,#7326,.T.);
#3517=ORIENTED_EDGE('',*,*,#7579,.T.);
#3518=ORIENTED_EDGE('',*,*,#7580,.F.);
#3519=ORIENTED_EDGE('',*,*,#7581,.F.);
#3520=ORIENTED_EDGE('',*,*,#7322,.T.);
#3521=ORIENTED_EDGE('',*,*,#7582,.T.);
#3522=ORIENTED_EDGE('',*,*,#7583,.F.);
#3523=ORIENTED_EDGE('',*,*,#7584,.F.);
#3524=ORIENTED_EDGE('',*,*,#7318,.T.);
#3525=ORIENTED_EDGE('',*,*,#7585,.T.);
#3526=ORIENTED_EDGE('',*,*,#7586,.F.);
#3527=ORIENTED_EDGE('',*,*,#7587,.F.);
#3528=ORIENTED_EDGE('',*,*,#7314,.T.);
#3529=ORIENTED_EDGE('',*,*,#7588,.T.);
#3530=ORIENTED_EDGE('',*,*,#7589,.F.);
#3531=ORIENTED_EDGE('',*,*,#7590,.F.);
#3532=ORIENTED_EDGE('',*,*,#7310,.T.);
#3533=ORIENTED_EDGE('',*,*,#7591,.T.);
#3534=ORIENTED_EDGE('',*,*,#7592,.F.);
#3535=ORIENTED_EDGE('',*,*,#7593,.F.);
#3536=CARTESIAN_POINT('',(1.705,-0.350000000000001,0.38));
#3537=DIRECTION('',(0.0,-1.0,-6.7762635780344E-16));
#3538=DIRECTION('',(0.0,6.7762635780344E-16,-1.0));
#3539=ORIENTED_EDGE('',*,*,#7300,.T.);
#3540=ORIENTED_EDGE('',*,*,#7178,.T.);
#3541=ORIENTED_EDGE('',*,*,#7190,.F.);
#3542=ORIENTED_EDGE('',*,*,#7594,.F.);
#3543=ORIENTED_EDGE('',*,*,#7298,.T.);
#3544=ORIENTED_EDGE('',*,*,#7595,.T.);
#3545=ORIENTED_EDGE('',*,*,#7596,.F.);
#3546=ORIENTED_EDGE('',*,*,#7597,.F.);
#3547=ORIENTED_EDGE('',*,*,#7370,.T.);
#3548=ORIENTED_EDGE('',*,*,#7598,.T.);
#3549=ORIENTED_EDGE('',*,*,#7058,.F.);
#3550=ORIENTED_EDGE('',*,*,#7599,.F.);
#3551=ORIENTED_EDGE('',*,*,#7600,.F.);
#3552=ORIENTED_EDGE('',*,*,#7601,.F.);
#3553=ORIENTED_EDGE('',*,*,#7052,.F.);
#3554=ORIENTED_EDGE('',*,*,#7602,.F.);
#3555=ORIENTED_EDGE('',*,*,#7603,.F.);
#3556=ORIENTED_EDGE('',*,*,#7604,.F.);
#3557=ORIENTED_EDGE('',*,*,#7046,.F.);
#3558=ORIENTED_EDGE('',*,*,#7605,.F.);
#3559=ORIENTED_EDGE('',*,*,#7606,.F.);
#3560=ORIENTED_EDGE('',*,*,#7607,.F.);
#3561=ORIENTED_EDGE('',*,*,#7040,.F.);
#3562=ORIENTED_EDGE('',*,*,#7608,.F.);
#3563=ORIENTED_EDGE('',*,*,#7609,.F.);
#3564=ORIENTED_EDGE('',*,*,#7610,.F.);
#3565=ORIENTED_EDGE('',*,*,#7034,.F.);
#3566=ORIENTED_EDGE('',*,*,#7611,.F.);
#3567=ORIENTED_EDGE('',*,*,#7612,.F.);
#3568=ORIENTED_EDGE('',*,*,#7613,.F.);
#3569=ORIENTED_EDGE('',*,*,#7250,.F.);
#3570=ORIENTED_EDGE('',*,*,#7614,.F.);
#3571=ORIENTED_EDGE('',*,*,#7615,.F.);
#3572=ORIENTED_EDGE('',*,*,#7616,.F.);
#3573=ORIENTED_EDGE('',*,*,#7617,.F.);
#3574=ORIENTED_EDGE('',*,*,#7618,.F.);
#3575=ORIENTED_EDGE('',*,*,#7619,.T.);
#3576=ORIENTED_EDGE('',*,*,#7620,.T.);
#3577=ORIENTED_EDGE('',*,*,#7278,.T.);
#3578=ORIENTED_EDGE('',*,*,#7621,.F.);
#3579=CARTESIAN_POINT('',(1.705,-0.63,0.235));
#3580=DIRECTION('',(0.0,1.0,-9.6373526443156E-15));
#3581=DIRECTION('',(0.0,-9.6373526443156E-15,-1.0));
#3582=ORIENTED_EDGE('',*,*,#7287,.F.);
#3583=ORIENTED_EDGE('',*,*,#7622,.T.);
#3584=ORIENTED_EDGE('',*,*,#7236,.F.);
#3585=ORIENTED_EDGE('',*,*,#7233,.F.);
#3586=ORIENTED_EDGE('',*,*,#7294,.F.);
#3587=ORIENTED_EDGE('',*,*,#7623,.F.);
#3588=ORIENTED_EDGE('',*,*,#7624,.F.);
#3589=ORIENTED_EDGE('',*,*,#7625,.T.);
#3590=ORIENTED_EDGE('',*,*,#7626,.F.);
#3591=ORIENTED_EDGE('',*,*,#7627,.F.);
#3592=ORIENTED_EDGE('',*,*,#7628,.T.);
#3593=ORIENTED_EDGE('',*,*,#7629,.T.);
#3594=ORIENTED_EDGE('',*,*,#7246,.T.);
#3595=ORIENTED_EDGE('',*,*,#7630,.T.);
#3596=ORIENTED_EDGE('',*,*,#7258,.T.);
#3597=ORIENTED_EDGE('',*,*,#7631,.T.);
#3598=ORIENTED_EDGE('',*,*,#7106,.T.);
#3599=ORIENTED_EDGE('',*,*,#7632,.T.);
#3600=ORIENTED_EDGE('',*,*,#7061,.T.);
#3601=ORIENTED_EDGE('',*,*,#7633,.T.);
#3602=ORIENTED_EDGE('',*,*,#7102,.T.);
#3603=ORIENTED_EDGE('',*,*,#7634,.T.);
#3604=ORIENTED_EDGE('',*,*,#7067,.T.);
#3605=ORIENTED_EDGE('',*,*,#7635,.T.);
#3606=ORIENTED_EDGE('',*,*,#7098,.T.);
#3607=ORIENTED_EDGE('',*,*,#7636,.T.);
#3608=ORIENTED_EDGE('',*,*,#7073,.T.);
#3609=ORIENTED_EDGE('',*,*,#7637,.T.);
#3610=ORIENTED_EDGE('',*,*,#7094,.T.);
#3611=ORIENTED_EDGE('',*,*,#7638,.T.);
#3612=ORIENTED_EDGE('',*,*,#7079,.T.);
#3613=ORIENTED_EDGE('',*,*,#7639,.T.);
#3614=ORIENTED_EDGE('',*,*,#7090,.T.);
#3615=ORIENTED_EDGE('',*,*,#7640,.T.);
#3616=ORIENTED_EDGE('',*,*,#7085,.T.);
#3617=ORIENTED_EDGE('',*,*,#7641,.T.);
#3618=ORIENTED_EDGE('',*,*,#7365,.F.);
#3619=ORIENTED_EDGE('',*,*,#7642,.F.);
#3620=ORIENTED_EDGE('',*,*,#7228,.T.);
#3621=ORIENTED_EDGE('',*,*,#7643,.T.);
#3622=CARTESIAN_POINT('',(1.705,0.630000000000001,0.1));
#3623=DIRECTION('',(0.0,-1.0,-9.6373526443156E-15));
#3624=DIRECTION('',(0.0,9.6373526443156E-15,-1.0));
#3625=ORIENTED_EDGE('',*,*,#7644,.T.);
#3626=ORIENTED_EDGE('',*,*,#7645,.T.);
#3627=ORIENTED_EDGE('',*,*,#7646,.T.);
#3628=ORIENTED_EDGE('',*,*,#7647,.T.);
#3629=ORIENTED_EDGE('',*,*,#7648,.F.);
#3630=ORIENTED_EDGE('',*,*,#7649,.F.);
#3631=ORIENTED_EDGE('',*,*,#7650,.F.);
#3632=ORIENTED_EDGE('',*,*,#7651,.F.);
#3633=ORIENTED_EDGE('',*,*,#7652,.F.);
#3634=ORIENTED_EDGE('',*,*,#7653,.T.);
#3635=ORIENTED_EDGE('',*,*,#7654,.T.);
#3636=ORIENTED_EDGE('',*,*,#7655,.T.);
#3637=ORIENTED_EDGE('',*,*,#7656,.T.);
#3638=ORIENTED_EDGE('',*,*,#7657,.T.);
#3639=ORIENTED_EDGE('',*,*,#7658,.T.);
#3640=ORIENTED_EDGE('',*,*,#7659,.T.);
#3641=CARTESIAN_POINT('',(1.625,0.0,0.0));
#3642=DIRECTION('',(1.0,0.0,0.0));
#3643=DIRECTION('',(0.0,1.0,0.0));
#3644=ORIENTED_EDGE('',*,*,#7660,.F.);
#3645=ORIENTED_EDGE('',*,*,#7661,.T.);
#3646=ORIENTED_EDGE('',*,*,#7662,.T.);
#3647=ORIENTED_EDGE('',*,*,#7663,.T.);
#3648=ORIENTED_EDGE('',*,*,#7664,.T.);
#3649=ORIENTED_EDGE('',*,*,#7665,.F.);
#3650=ORIENTED_EDGE('',*,*,#7666,.T.);
#3651=ORIENTED_EDGE('',*,*,#7667,.T.);
#3652=CARTESIAN_POINT('',(1.135,-0.61,0.44));
#3653=DIRECTION('',(-0.0,1.0,0.0));
#3654=DIRECTION('',(1.0,0.0,0.0));
#3655=ORIENTED_EDGE('',*,*,#7668,.F.);
#3656=ORIENTED_EDGE('',*,*,#7669,.T.);
#3657=ORIENTED_EDGE('',*,*,#7670,.T.);
#3658=ORIENTED_EDGE('',*,*,#7444,.F.);
#3659=ORIENTED_EDGE('',*,*,#7671,.T.);
#3660=ORIENTED_EDGE('',*,*,#7672,.T.);
#3661=CARTESIAN_POINT('',(1.115,0.54,0.38));
#3662=DIRECTION('',(0.0,-1.0,0.0));
#3663=DIRECTION('',(0.0,0.0,-1.0));
#3664=ORIENTED_EDGE('',*,*,#7458,.T.);
#3665=ORIENTED_EDGE('',*,*,#7673,.T.);
#3666=ORIENTED_EDGE('',*,*,#7674,.F.);
#3667=ORIENTED_EDGE('',*,*,#7647,.F.);
#3668=ORIENTED_EDGE('',*,*,#7675,.F.);
#3669=ORIENTED_EDGE('',*,*,#7676,.F.);
#3670=ORIENTED_EDGE('',*,*,#7677,.F.);
#3671=ORIENTED_EDGE('',*,*,#7678,.F.);
#3672=CARTESIAN_POINT('',(1.115,-0.54,-5.55111512312578E-17));
#3673=DIRECTION('',(0.0,1.0,5.70632722360792E-16));
#3674=DIRECTION('',(0.0,5.70632722360792E-16,-1.0));
#3675=ORIENTED_EDGE('',*,*,#7679,.F.);
#3676=ORIENTED_EDGE('',*,*,#7680,.F.);
#3677=ORIENTED_EDGE('',*,*,#7681,.F.);
#3678=ORIENTED_EDGE('',*,*,#7682,.T.);
#3679=ORIENTED_EDGE('',*,*,#7462,.T.);
#3680=ORIENTED_EDGE('',*,*,#7683,.F.);
#3681=CARTESIAN_POINT('',(1.115,-0.54,-5.55111512312578E-17));
#3682=DIRECTION('',(0.0,1.0,5.70632722360792E-16));
#3683=DIRECTION('',(0.0,5.70632722360792E-16,-1.0));
#3684=ORIENTED_EDGE('',*,*,#7684,.F.);
#3685=ORIENTED_EDGE('',*,*,#7685,.T.);
#3686=ORIENTED_EDGE('',*,*,#7686,.F.);
#3687=ORIENTED_EDGE('',*,*,#7681,.T.);
#3688=ORIENTED_EDGE('',*,*,#7687,.F.);
#3689=CARTESIAN_POINT('',(1.705,0.350000000000001,0.38));
#3690=DIRECTION('',(0.0,0.0,-1.0));
#3691=DIRECTION('',(0.0,-1.0,0.0));
#3692=ORIENTED_EDGE('',*,*,#7688,.F.);
#3693=ORIENTED_EDGE('',*,*,#7675,.T.);
#3694=ORIENTED_EDGE('',*,*,#7646,.F.);
#3695=ORIENTED_EDGE('',*,*,#7689,.F.);
#3696=ORIENTED_EDGE('',*,*,#7690,.F.);
#3697=CARTESIAN_POINT('',(1.705,0.350000000000001,0.38));
#3698=DIRECTION('',(0.0,0.0,-1.0));
#3699=DIRECTION('',(0.0,-1.0,0.0));
#3700=ORIENTED_EDGE('',*,*,#7691,.F.);
#3701=ORIENTED_EDGE('',*,*,#7654,.F.);
#3702=ORIENTED_EDGE('',*,*,#7692,.F.);
#3703=ORIENTED_EDGE('',*,*,#7693,.F.);
#3704=ORIENTED_EDGE('',*,*,#7694,.F.);
#3705=CARTESIAN_POINT('',(1.705,0.350000000000001,0.38));
#3706=DIRECTION('',(0.0,0.0,-1.0));
#3707=DIRECTION('',(0.0,-1.0,0.0));
#3708=ORIENTED_EDGE('',*,*,#7695,.F.);
#3709=ORIENTED_EDGE('',*,*,#7362,.T.);
#3710=ORIENTED_EDGE('',*,*,#7696,.F.);
#3711=ORIENTED_EDGE('',*,*,#7697,.F.);
#3712=ORIENTED_EDGE('',*,*,#7672,.F.);
#3713=CARTESIAN_POINT('',(1.705,0.350000000000001,0.38));
#3714=DIRECTION('',(0.0,0.0,-1.0));
#3715=DIRECTION('',(0.0,-1.0,0.0));
#3716=ORIENTED_EDGE('',*,*,#7698,.F.);
#3717=ORIENTED_EDGE('',*,*,#7699,.F.);
#3718=ORIENTED_EDGE('',*,*,#7700,.F.);
#3719=ORIENTED_EDGE('',*,*,#7554,.T.);
#3720=ORIENTED_EDGE('',*,*,#7701,.F.);
#3721=ORIENTED_EDGE('',*,*,#7571,.F.);
#3722=ORIENTED_EDGE('',*,*,#7702,.F.);
#3723=ORIENTED_EDGE('',*,*,#7703,.F.);
#3724=ORIENTED_EDGE('',*,*,#7704,.F.);
#3725=ORIENTED_EDGE('',*,*,#7705,.F.);
#3726=ORIENTED_EDGE('',*,*,#7706,.F.);
#3727=ORIENTED_EDGE('',*,*,#7707,.F.);
#3728=ORIENTED_EDGE('',*,*,#7708,.F.);
#3729=ORIENTED_EDGE('',*,*,#7709,.F.);
#3730=ORIENTED_EDGE('',*,*,#7710,.F.);
#3731=ORIENTED_EDGE('',*,*,#7711,.F.);
#3732=CARTESIAN_POINT('',(1.705,0.350000000000001,0.38));
#3733=DIRECTION('',(0.0,0.0,-1.0));
#3734=DIRECTION('',(0.0,-1.0,0.0));
#3735=ORIENTED_EDGE('',*,*,#7712,.T.);
#3736=ORIENTED_EDGE('',*,*,#7713,.T.);
#3737=ORIENTED_EDGE('',*,*,#7448,.F.);
#3738=ORIENTED_EDGE('',*,*,#7714,.T.);
#3739=ORIENTED_EDGE('',*,*,#7715,.T.);
#3740=ORIENTED_EDGE('',*,*,#7716,.F.);
#3741=ORIENTED_EDGE('',*,*,#7692,.T.);
#3742=ORIENTED_EDGE('',*,*,#7653,.F.);
#3743=CARTESIAN_POINT('',(1.115,0.54,0.38));
#3744=DIRECTION('',(0.0,-1.0,0.0));
#3745=DIRECTION('',(0.0,0.0,-1.0));
#3746=ORIENTED_EDGE('',*,*,#7717,.F.);
#3747=ORIENTED_EDGE('',*,*,#7703,.T.);
#3748=ORIENTED_EDGE('',*,*,#7718,.T.);
#3749=ORIENTED_EDGE('',*,*,#7719,.T.);
#3750=CARTESIAN_POINT('',(1.135,-0.4,0.28));
#3751=DIRECTION('',(0.0,-1.0,0.0));
#3752=DIRECTION('',(0.0,0.0,-1.0));
#3753=ORIENTED_EDGE('',*,*,#7696,.T.);
#3754=ORIENTED_EDGE('',*,*,#7361,.T.);
#3755=ORIENTED_EDGE('',*,*,#7557,.F.);
#3756=ORIENTED_EDGE('',*,*,#7720,.T.);
#3757=ORIENTED_EDGE('',*,*,#7721,.F.);
#3758=ORIENTED_EDGE('',*,*,#7722,.T.);
#3759=CARTESIAN_POINT('',(1.135,0.4,0.28));
#3760=DIRECTION('',(-1.0,0.0,0.0));
#3761=DIRECTION('',(0.0,0.0,1.0));
#3762=ORIENTED_EDGE('',*,*,#7723,.F.);
#3763=ORIENTED_EDGE('',*,*,#7724,.T.);
#3764=ORIENTED_EDGE('',*,*,#7725,.F.);
#3765=ORIENTED_EDGE('',*,*,#7699,.T.);
#3766=CARTESIAN_POINT('',(1.31,0.4,0.28));
#3767=DIRECTION('',(-0.0,1.0,0.0));
#3768=DIRECTION('',(1.0,0.0,0.0));
#3769=ORIENTED_EDGE('',*,*,#7726,.F.);
#3770=ORIENTED_EDGE('',*,*,#7727,.T.);
#3771=ORIENTED_EDGE('',*,*,#7456,.T.);
#3772=ORIENTED_EDGE('',*,*,#7728,.F.);
#3773=ORIENTED_EDGE('',*,*,#7729,.F.);
#3774=ORIENTED_EDGE('',*,*,#7730,.F.);
#3775=CARTESIAN_POINT('',(1.705,0.585,0.235));
#3776=DIRECTION('',(1.0,0.0,0.0));
#3777=DIRECTION('',(0.0,1.0,0.0));
#3778=ORIENTED_EDGE('',*,*,#7731,.F.);
#3779=ORIENTED_EDGE('',*,*,#7330,.T.);
#3780=ORIENTED_EDGE('',*,*,#7732,.T.);
#3781=ORIENTED_EDGE('',*,*,#7733,.F.);
#3782=ORIENTED_EDGE('',*,*,#7734,.F.);
#3783=ORIENTED_EDGE('',*,*,#7358,.T.);
#3784=ORIENTED_EDGE('',*,*,#7735,.F.);
#3785=ORIENTED_EDGE('',*,*,#7736,.T.);
#3786=ORIENTED_EDGE('',*,*,#7737,.T.);
#3787=ORIENTED_EDGE('',*,*,#7738,.T.);
#3788=ORIENTED_EDGE('',*,*,#7739,.T.);
#3789=ORIENTED_EDGE('',*,*,#7740,.F.);
#3790=ORIENTED_EDGE('',*,*,#7741,.F.);
#3791=ORIENTED_EDGE('',*,*,#7351,.T.);
#3792=ORIENTED_EDGE('',*,*,#7742,.T.);
#3793=ORIENTED_EDGE('',*,*,#7743,.F.);
#3794=ORIENTED_EDGE('',*,*,#7744,.F.);
#3795=ORIENTED_EDGE('',*,*,#7347,.T.);
#3796=ORIENTED_EDGE('',*,*,#7745,.T.);
#3797=ORIENTED_EDGE('',*,*,#7746,.F.);
#3798=ORIENTED_EDGE('',*,*,#7747,.F.);
#3799=ORIENTED_EDGE('',*,*,#7343,.T.);
#3800=ORIENTED_EDGE('',*,*,#7748,.T.);
#3801=ORIENTED_EDGE('',*,*,#7749,.F.);
#3802=ORIENTED_EDGE('',*,*,#7750,.F.);
#3803=ORIENTED_EDGE('',*,*,#7339,.T.);
#3804=ORIENTED_EDGE('',*,*,#7751,.T.);
#3805=ORIENTED_EDGE('',*,*,#7752,.F.);
#3806=ORIENTED_EDGE('',*,*,#7753,.F.);
#3807=ORIENTED_EDGE('',*,*,#7335,.T.);
#3808=ORIENTED_EDGE('',*,*,#7754,.T.);
#3809=ORIENTED_EDGE('',*,*,#7755,.F.);
#3810=CARTESIAN_POINT('',(1.705,0.539999999999987,0.46));
#3811=DIRECTION('',(0.0,0.0,-1.0));
#3812=DIRECTION('',(0.0,-1.0,0.0));
#3813=ORIENTED_EDGE('',*,*,#7355,.T.);
#3814=ORIENTED_EDGE('',*,*,#7756,.F.);
#3815=ORIENTED_EDGE('',*,*,#7757,.T.);
#3816=ORIENTED_EDGE('',*,*,#7758,.T.);
#3817=ORIENTED_EDGE('',*,*,#7304,.T.);
#3818=ORIENTED_EDGE('',*,*,#7759,.F.);
#3819=ORIENTED_EDGE('',*,*,#7760,.T.);
#3820=ORIENTED_EDGE('',*,*,#7761,.T.);
#3821=ORIENTED_EDGE('',*,*,#7308,.T.);
#3822=ORIENTED_EDGE('',*,*,#7762,.F.);
#3823=ORIENTED_EDGE('',*,*,#7763,.T.);
#3824=ORIENTED_EDGE('',*,*,#7764,.T.);
#3825=ORIENTED_EDGE('',*,*,#7312,.T.);
#3826=ORIENTED_EDGE('',*,*,#7765,.F.);
#3827=ORIENTED_EDGE('',*,*,#7766,.T.);
#3828=ORIENTED_EDGE('',*,*,#7767,.T.);
#3829=ORIENTED_EDGE('',*,*,#7316,.T.);
#3830=ORIENTED_EDGE('',*,*,#7768,.F.);
#3831=ORIENTED_EDGE('',*,*,#7769,.T.);
#3832=ORIENTED_EDGE('',*,*,#7770,.T.);
#3833=ORIENTED_EDGE('',*,*,#7320,.T.);
#3834=ORIENTED_EDGE('',*,*,#7771,.F.);
#3835=ORIENTED_EDGE('',*,*,#7772,.T.);
#3836=ORIENTED_EDGE('',*,*,#7773,.T.);
#3837=ORIENTED_EDGE('',*,*,#7324,.T.);
#3838=ORIENTED_EDGE('',*,*,#7774,.T.);
#3839=ORIENTED_EDGE('',*,*,#7775,.F.);
#3840=ORIENTED_EDGE('',*,*,#7776,.F.);
#3841=ORIENTED_EDGE('',*,*,#7777,.T.);
#3842=ORIENTED_EDGE('',*,*,#7778,.F.);
#3843=ORIENTED_EDGE('',*,*,#7779,.T.);
#3844=ORIENTED_EDGE('',*,*,#7780,.T.);
#3845=CARTESIAN_POINT('',(1.705,-0.350000000000001,0.46));
#3846=DIRECTION('',(0.0,0.0,-1.0));
#3847=DIRECTION('',(0.0,-1.0,0.0));
#3848=ORIENTED_EDGE('',*,*,#7617,.T.);
#3849=ORIENTED_EDGE('',*,*,#7781,.T.);
#3850=ORIENTED_EDGE('',*,*,#7782,.T.);
#3851=ORIENTED_EDGE('',*,*,#7783,.F.);
#3852=ORIENTED_EDGE('',*,*,#7784,.F.);
#3853=CARTESIAN_POINT('',(1.705,-0.630000000000001,0.1));
#3854=DIRECTION('',(0.0,0.832050294337844,0.554700196225229));
#3855=DIRECTION('',(1.0,0.0,-0.0));
#3856=ORIENTED_EDGE('',*,*,#7783,.T.);
#3857=ORIENTED_EDGE('',*,*,#7785,.T.);
#3858=ORIENTED_EDGE('',*,*,#7464,.F.);
#3859=ORIENTED_EDGE('',*,*,#7786,.F.);
#3860=CARTESIAN_POINT('',(1.705,-0.590000000000001,0.04));
#3861=DIRECTION('',(-0.0,1.0,0.0));
#3862=DIRECTION('',(1.0,0.0,0.0));
#3863=ORIENTED_EDGE('',*,*,#7442,.T.);
#3864=ORIENTED_EDGE('',*,*,#7787,.T.);
#3865=ORIENTED_EDGE('',*,*,#7788,.F.);
#3866=ORIENTED_EDGE('',*,*,#7789,.F.);
#3867=CARTESIAN_POINT('',(1.705,0.590000000000001,0.0));
#3868=DIRECTION('',(0.0,-1.0,0.0));
#3869=DIRECTION('',(0.0,0.0,-1.0));
#3870=ORIENTED_EDGE('',*,*,#7790,.T.);
#3871=ORIENTED_EDGE('',*,*,#7791,.T.);
#3872=ORIENTED_EDGE('',*,*,#7628,.F.);
#3873=ORIENTED_EDGE('',*,*,#7792,.F.);
#3874=ORIENTED_EDGE('',*,*,#7788,.T.);
#3875=CARTESIAN_POINT('',(1.705,0.590000000000001,0.04));
#3876=DIRECTION('',(0.0,-0.832050294337844,0.554700196225229));
#3877=DIRECTION('',(-1.0,0.0,0.0));
#3878=ORIENTED_EDGE('',*,*,#7626,.T.);
#3879=ORIENTED_EDGE('',*,*,#7793,.T.);
#3880=ORIENTED_EDGE('',*,*,#7794,.T.);
#3881=ORIENTED_EDGE('',*,*,#7795,.F.);
#3882=ORIENTED_EDGE('',*,*,#7796,.F.);
#3883=CARTESIAN_POINT('',(1.705,0.585,0.235));
#3884=DIRECTION('',(1.0,-0.0,0.0));
#3885=DIRECTION('',(0.0,0.0,1.0));
#3886=ORIENTED_EDGE('',*,*,#7795,.T.);
#3887=ORIENTED_EDGE('',*,*,#7797,.T.);
#3888=ORIENTED_EDGE('',*,*,#7798,.F.);
#3889=ORIENTED_EDGE('',*,*,#7799,.F.);
#3890=CARTESIAN_POINT('',(1.705,0.584999999999987,0.28));
#3891=DIRECTION('',(0.0,-1.0,1.8896095006176E-13));
#3892=DIRECTION('',(-1.0,0.0,0.0));
#3893=ORIENTED_EDGE('',*,*,#7798,.T.);
#3894=ORIENTED_EDGE('',*,*,#7800,.T.);
#3895=ORIENTED_EDGE('',*,*,#7801,.F.);
#3896=ORIENTED_EDGE('',*,*,#7802,.F.);
#3897=CARTESIAN_POINT('',(1.705,0.585,0.35));
#3898=DIRECTION('',(0.0,-0.406138466053515,0.913811548620227));
#3899=DIRECTION('',(-1.0,0.0,0.0));
#3900=ORIENTED_EDGE('',*,*,#7284,.T.);
#3901=ORIENTED_EDGE('',*,*,#7803,.T.);
#3902=ORIENTED_EDGE('',*,*,#7213,.T.);
#3903=ORIENTED_EDGE('',*,*,#7804,.T.);
#3904=ORIENTED_EDGE('',*,*,#7216,.T.);
#3905=ORIENTED_EDGE('',*,*,#7805,.T.);
#3906=ORIENTED_EDGE('',*,*,#7219,.T.);
#3907=ORIENTED_EDGE('',*,*,#7806,.T.);
#3908=ORIENTED_EDGE('',*,*,#7222,.T.);
#3909=ORIENTED_EDGE('',*,*,#7807,.T.);
#3910=ORIENTED_EDGE('',*,*,#7225,.T.);
#3911=ORIENTED_EDGE('',*,*,#7808,.T.);
#3912=ORIENTED_EDGE('',*,*,#7736,.F.);
#3913=ORIENTED_EDGE('',*,*,#7809,.F.);
#3914=ORIENTED_EDGE('',*,*,#7801,.T.);
#3915=ORIENTED_EDGE('',*,*,#7810,.T.);
#3916=CARTESIAN_POINT('',(1.705,0.539999999999992,0.37));
#3917=DIRECTION('',(1.0,-0.0,0.0));
#3918=DIRECTION('',(0.0,0.0,1.0));
#3919=ORIENTED_EDGE('',*,*,#7775,.T.);
#3920=ORIENTED_EDGE('',*,*,#7811,.T.);
#3921=ORIENTED_EDGE('',*,*,#7157,.F.);
#3922=ORIENTED_EDGE('',*,*,#7812,.F.);
#3923=ORIENTED_EDGE('',*,*,#7153,.F.);
#3924=ORIENTED_EDGE('',*,*,#7813,.F.);
#3925=ORIENTED_EDGE('',*,*,#7149,.F.);
#3926=ORIENTED_EDGE('',*,*,#7814,.F.);
#3927=ORIENTED_EDGE('',*,*,#7145,.F.);
#3928=ORIENTED_EDGE('',*,*,#7815,.F.);
#3929=ORIENTED_EDGE('',*,*,#7141,.F.);
#3930=ORIENTED_EDGE('',*,*,#7816,.F.);
#3931=ORIENTED_EDGE('',*,*,#7268,.F.);
#3932=ORIENTED_EDGE('',*,*,#7817,.F.);
#3933=ORIENTED_EDGE('',*,*,#7818,.F.);
#3934=ORIENTED_EDGE('',*,*,#7819,.F.);
#3935=CARTESIAN_POINT('',(1.705,-0.539999999999992,0.37));
#3936=DIRECTION('',(1.0,-0.0,0.0));
#3937=DIRECTION('',(0.0,0.0,1.0));
#3938=ORIENTED_EDGE('',*,*,#7818,.T.);
#3939=ORIENTED_EDGE('',*,*,#7820,.T.);
#3940=ORIENTED_EDGE('',*,*,#7821,.F.);
#3941=ORIENTED_EDGE('',*,*,#7822,.F.);
#3942=CARTESIAN_POINT('',(1.705,-0.629999999999992,0.37));
#3943=DIRECTION('',(0.0,0.406138466053515,0.913811548620227));
#3944=DIRECTION('',(1.0,-0.0,0.0));
#3945=ORIENTED_EDGE('',*,*,#7821,.T.);
#3946=ORIENTED_EDGE('',*,*,#7823,.T.);
#3947=ORIENTED_EDGE('',*,*,#7824,.F.);
#3948=ORIENTED_EDGE('',*,*,#7825,.F.);
#3949=CARTESIAN_POINT('',(1.705,-0.585,0.35));
#3950=DIRECTION('',(0.0,1.0,1.8896095006176E-13));
#3951=DIRECTION('',(0.0,1.8896095006176E-13,-1.0));
#3952=ORIENTED_EDGE('',*,*,#7824,.T.);
#3953=ORIENTED_EDGE('',*,*,#7826,.T.);
#3954=ORIENTED_EDGE('',*,*,#7827,.T.);
#3955=ORIENTED_EDGE('',*,*,#7619,.F.);
#3956=ORIENTED_EDGE('',*,*,#7828,.F.);
#3957=CARTESIAN_POINT('',(1.705,-0.585,0.235));
#3958=DIRECTION('',(1.0,-0.0,0.0));
#3959=DIRECTION('',(0.0,0.0,1.0));
#3960=ORIENTED_EDGE('',*,*,#7829,.T.);
#3961=ORIENTED_EDGE('',*,*,#7552,.F.);
#3962=ORIENTED_EDGE('',*,*,#7830,.T.);
#3963=ORIENTED_EDGE('',*,*,#7831,.T.);
#3964=ORIENTED_EDGE('',*,*,#7832,.T.);
#3965=ORIENTED_EDGE('',*,*,#7833,.F.);
#3966=ORIENTED_EDGE('',*,*,#7834,.T.);
#3967=ORIENTED_EDGE('',*,*,#7573,.F.);
#3968=ORIENTED_EDGE('',*,*,#7835,.T.);
#3969=ORIENTED_EDGE('',*,*,#7836,.F.);
#3970=ORIENTED_EDGE('',*,*,#7837,.F.);
#3971=ORIENTED_EDGE('',*,*,#7838,.T.);
#3972=CARTESIAN_POINT('',(0.0,0.0,0.1));
#3973=DIRECTION('',(0.0,0.0,-1.0));
#3974=DIRECTION('',(0.0,-1.0,0.0));
#3975=ORIENTED_EDGE('',*,*,#7839,.T.);
#3976=ORIENTED_EDGE('',*,*,#7840,.T.);
#3977=ORIENTED_EDGE('',*,*,#7841,.T.);
#3978=ORIENTED_EDGE('',*,*,#7842,.T.);
#3979=ORIENTED_EDGE('',*,*,#7843,.T.);
#3980=ORIENTED_EDGE('',*,*,#7844,.T.);
#3981=ORIENTED_EDGE('',*,*,#7845,.T.);
#3982=ORIENTED_EDGE('',*,*,#7846,.T.);
#3983=ORIENTED_EDGE('',*,*,#7847,.T.);
#3984=ORIENTED_EDGE('',*,*,#7848,.T.);
#3985=ORIENTED_EDGE('',*,*,#7849,.T.);
#3986=ORIENTED_EDGE('',*,*,#7850,.T.);
#3987=ORIENTED_EDGE('',*,*,#7575,.F.);
#3988=ORIENTED_EDGE('',*,*,#7851,.F.);
#3989=ORIENTED_EDGE('',*,*,#7550,.T.);
#3990=ORIENTED_EDGE('',*,*,#7852,.T.);
#3991=CARTESIAN_POINT('',(1.705,0.350000000000001,0.38));
#3992=DIRECTION('',(0.0,0.0,-1.0));
#3993=DIRECTION('',(0.0,-1.0,0.0));
#3994=ORIENTED_EDGE('',*,*,#7450,.T.);
#3995=ORIENTED_EDGE('',*,*,#7853,.T.);
#3996=ORIENTED_EDGE('',*,*,#7854,.F.);
#3997=ORIENTED_EDGE('',*,*,#7855,.F.);
#3998=ORIENTED_EDGE('',*,*,#7856,.F.);
#3999=ORIENTED_EDGE('',*,*,#7857,.T.);
#4000=CARTESIAN_POINT('',(1.705,0.585,0.235));
#4001=DIRECTION('',(1.0,0.0,0.0));
#4002=DIRECTION('',(0.0,1.0,0.0));
#4003=ORIENTED_EDGE('',*,*,#7410,.F.);
#4004=ORIENTED_EDGE('',*,*,#7858,.T.);
#4005=ORIENTED_EDGE('',*,*,#7859,.T.);
#4006=ORIENTED_EDGE('',*,*,#7860,.T.);
#4007=ORIENTED_EDGE('',*,*,#7517,.F.);
#4008=ORIENTED_EDGE('',*,*,#7861,.T.);
#4009=CARTESIAN_POINT('',(-1.705,0.585,0.235));
#4010=DIRECTION('',(1.0,0.0,0.0));
#4011=DIRECTION('',(0.0,1.0,0.0));
#4012=ORIENTED_EDGE('',*,*,#7415,.T.);
#4013=ORIENTED_EDGE('',*,*,#7862,.T.);
#4014=ORIENTED_EDGE('',*,*,#7520,.T.);
#4015=ORIENTED_EDGE('',*,*,#7514,.T.);
#4016=CARTESIAN_POINT('',(-1.705,0.35,0.0500000000000003));
#4017=DIRECTION('',(0.0,1.0,3.93251544149862E-16));
#4018=DIRECTION('',(0.0,3.93251544149862E-16,-1.0));
#4019=ORIENTED_EDGE('',*,*,#7414,.T.);
#4020=ORIENTED_EDGE('',*,*,#7863,.T.);
#4021=ORIENTED_EDGE('',*,*,#7521,.T.);
#4022=ORIENTED_EDGE('',*,*,#7862,.F.);
#4023=CARTESIAN_POINT('',(-1.455,0.0999999999999998,0.0500000000000001));
#4024=DIRECTION('',(0.0,-4.06575814682064E-16,1.0));
#4025=DIRECTION('',(0.0,1.0,4.06575814682064E-16));
#4026=ORIENTED_EDGE('',*,*,#7413,.T.);
#4027=ORIENTED_EDGE('',*,*,#7864,.T.);
#4028=ORIENTED_EDGE('',*,*,#7522,.T.);
#4029=ORIENTED_EDGE('',*,*,#7863,.F.);
#4030=CARTESIAN_POINT('',(-1.205,0.0999999999999999,0.0500000000000002));
#4031=DIRECTION('',(1.0,0.0,0.0));
#4032=DIRECTION('',(0.0,1.0,0.0));
#4033=ORIENTED_EDGE('',*,*,#7412,.T.);
#4034=ORIENTED_EDGE('',*,*,#7865,.T.);
#4035=ORIENTED_EDGE('',*,*,#7523,.T.);
#4036=ORIENTED_EDGE('',*,*,#7864,.F.);
#4037=CARTESIAN_POINT('',(-1.455,-0.0999999999999999,0.0500000000000003));
#4038=DIRECTION('',(0.0,-4.06575814682064E-16,1.0));
#4039=DIRECTION('',(0.0,1.0,4.06575814682064E-16));
#4040=ORIENTED_EDGE('',*,*,#7411,.T.);
#4041=ORIENTED_EDGE('',*,*,#7861,.F.);
#4042=ORIENTED_EDGE('',*,*,#7524,.T.);
#4043=ORIENTED_EDGE('',*,*,#7865,.F.);
#4044=CARTESIAN_POINT('',(-1.455,-0.35,0.0500000000000001));
#4045=DIRECTION('',(0.0,-1.0,-3.93251544149862E-16));
#4046=DIRECTION('',(0.0,3.93251544149862E-16,-1.0));
#4047=ORIENTED_EDGE('',*,*,#7452,.T.);
#4048=ORIENTED_EDGE('',*,*,#7866,.T.);
#4049=ORIENTED_EDGE('',*,*,#7867,.T.);
#4050=ORIENTED_EDGE('',*,*,#7868,.F.);
#4051=CARTESIAN_POINT('',(1.455,0.0999999999999998,0.0500000000000002));
#4052=DIRECTION('',(0.0,-4.06575814682064E-16,1.0));
#4053=DIRECTION('',(0.0,1.0,4.06575814682064E-16));
#4054=ORIENTED_EDGE('',*,*,#7451,.T.);
#4055=ORIENTED_EDGE('',*,*,#7857,.F.);
#4056=ORIENTED_EDGE('',*,*,#7869,.T.);
#4057=ORIENTED_EDGE('',*,*,#7866,.F.);
#4058=CARTESIAN_POINT('',(1.455,0.35,0.0500000000000003));
#4059=DIRECTION('',(0.0,1.0,3.93251544149862E-16));
#4060=DIRECTION('',(0.0,3.93251544149862E-16,-1.0));
#4061=ORIENTED_EDGE('',*,*,#7455,.T.);
#4062=ORIENTED_EDGE('',*,*,#7870,.T.);
#4063=ORIENTED_EDGE('',*,*,#7871,.T.);
#4064=ORIENTED_EDGE('',*,*,#7728,.T.);
#4065=CARTESIAN_POINT('',(1.705,-0.35,0.0500000000000001));
#4066=DIRECTION('',(0.0,-1.0,-3.93251544149862E-16));
#4067=DIRECTION('',(0.0,3.93251544149862E-16,-1.0));
#4068=ORIENTED_EDGE('',*,*,#7454,.T.);
#4069=ORIENTED_EDGE('',*,*,#7872,.T.);
#4070=ORIENTED_EDGE('',*,*,#7873,.T.);
#4071=ORIENTED_EDGE('',*,*,#7870,.F.);
#4072=CARTESIAN_POINT('',(1.455,-0.0999999999999998,0.0500000000000001));
#4073=DIRECTION('',(0.0,-4.06575814682064E-16,1.0));
#4074=DIRECTION('',(0.0,1.0,4.06575814682064E-16));
#4075=ORIENTED_EDGE('',*,*,#7453,.T.);
#4076=ORIENTED_EDGE('',*,*,#7868,.T.);
#4077=ORIENTED_EDGE('',*,*,#7874,.T.);
#4078=ORIENTED_EDGE('',*,*,#7872,.F.);
#4079=CARTESIAN_POINT('',(1.205,-0.0999999999999999,0.0500000000000002));
#4080=DIRECTION('',(-1.0,0.0,0.0));
#4081=DIRECTION('',(0.0,0.0,1.0));
#4082=ORIENTED_EDGE('',*,*,#7875,.F.);
#4083=ORIENTED_EDGE('',*,*,#7729,.T.);
#4084=ORIENTED_EDGE('',*,*,#7871,.F.);
#4085=ORIENTED_EDGE('',*,*,#7873,.F.);
#4086=ORIENTED_EDGE('',*,*,#7874,.F.);
#4087=ORIENTED_EDGE('',*,*,#7867,.F.);
#4088=ORIENTED_EDGE('',*,*,#7869,.F.);
#4089=ORIENTED_EDGE('',*,*,#7856,.T.);
#4090=ORIENTED_EDGE('',*,*,#7876,.F.);
#4091=ORIENTED_EDGE('',*,*,#7650,.T.);
#4092=CARTESIAN_POINT('',(1.455,0.0999999999999998,0.0500000000000002));
#4093=DIRECTION('',(0.0,4.2773025946194E-16,-1.0));
#4094=DIRECTION('',(-1.0,0.0,0.0));
#4095=ORIENTED_EDGE('',*,*,#7877,.T.);
#4096=ORIENTED_EDGE('',*,*,#7878,.T.);
#4097=ORIENTED_EDGE('',*,*,#7835,.F.);
#4098=ORIENTED_EDGE('',*,*,#7572,.T.);
#4099=ORIENTED_EDGE('',*,*,#7701,.T.);
#4100=ORIENTED_EDGE('',*,*,#7553,.F.);
#4101=ORIENTED_EDGE('',*,*,#7829,.F.);
#4102=ORIENTED_EDGE('',*,*,#7879,.T.);
#4103=CARTESIAN_POINT('',(1.355,0.35,0.1));
#4104=DIRECTION('',(-1.0,0.0,0.0));
#4105=DIRECTION('',(0.0,0.0,1.0));
#4106=ORIENTED_EDGE('',*,*,#7834,.F.);
#4107=ORIENTED_EDGE('',*,*,#7880,.T.);
#4108=ORIENTED_EDGE('',*,*,#7881,.F.);
#4109=ORIENTED_EDGE('',*,*,#7882,.T.);
#4110=ORIENTED_EDGE('',*,*,#7830,.F.);
#4111=ORIENTED_EDGE('',*,*,#7551,.T.);
#4112=ORIENTED_EDGE('',*,*,#7851,.T.);
#4113=ORIENTED_EDGE('',*,*,#7574,.F.);
#4114=CARTESIAN_POINT('',(-1.355,-0.35,0.1));
#4115=DIRECTION('',(1.0,0.0,0.0));
#4116=DIRECTION('',(0.0,1.0,0.0));
#4117=ORIENTED_EDGE('',*,*,#7832,.F.);
#4118=ORIENTED_EDGE('',*,*,#7883,.T.);
#4119=ORIENTED_EDGE('',*,*,#7884,.T.);
#4120=ORIENTED_EDGE('',*,*,#7885,.T.);
#4121=CARTESIAN_POINT('',(-1.115,0.29,0.1));
#4122=DIRECTION('',(0.64652169540162,0.0,0.762895600573902));
#4123=DIRECTION('',(0.0,-1.0,0.0));
#4124=ORIENTED_EDGE('',*,*,#7884,.F.);
#4125=ORIENTED_EDGE('',*,*,#7886,.T.);
#4126=ORIENTED_EDGE('',*,*,#7881,.T.);
#4127=ORIENTED_EDGE('',*,*,#7887,.T.);
#4128=CARTESIAN_POINT('',(-1.174,0.29,0.15));
#4129=DIRECTION('',(-1.49751681282528E-16,0.0,1.0));
#4130=DIRECTION('',(1.0,-0.0,1.49751681282528E-16));
#4131=ORIENTED_EDGE('',*,*,#7888,.F.);
#4132=ORIENTED_EDGE('',*,*,#7889,.T.);
#4133=ORIENTED_EDGE('',*,*,#7837,.T.);
#4134=ORIENTED_EDGE('',*,*,#7890,.T.);
#4135=CARTESIAN_POINT('',(1.174,0.29,0.15));
#4136=DIRECTION('',(-0.64652169540162,0.0,0.762895600573902));
#4137=DIRECTION('',(0.0,1.0,0.0));
#4138=ORIENTED_EDGE('',*,*,#7877,.F.);
#4139=ORIENTED_EDGE('',*,*,#7891,.T.);
#4140=ORIENTED_EDGE('',*,*,#7888,.T.);
#4141=ORIENTED_EDGE('',*,*,#7892,.T.);
#4142=CARTESIAN_POINT('',(1.355,0.29,0.15));
#4143=DIRECTION('',(1.49751681282528E-16,0.0,1.0));
#4144=DIRECTION('',(1.0,0.0,-1.49751681282528E-16));
#4145=ORIENTED_EDGE('',*,*,#7686,.T.);
#4146=ORIENTED_EDGE('',*,*,#7893,.T.);
#4147=ORIENTED_EDGE('',*,*,#7776,.T.);
#4148=ORIENTED_EDGE('',*,*,#7819,.T.);
#4149=ORIENTED_EDGE('',*,*,#7822,.T.);
#4150=ORIENTED_EDGE('',*,*,#7825,.T.);
#4151=ORIENTED_EDGE('',*,*,#7828,.T.);
#4152=ORIENTED_EDGE('',*,*,#7618,.T.);
#4153=ORIENTED_EDGE('',*,*,#7784,.T.);
#4154=ORIENTED_EDGE('',*,*,#7786,.T.);
#4155=ORIENTED_EDGE('',*,*,#7463,.T.);
#4156=ORIENTED_EDGE('',*,*,#7682,.F.);
#4157=CARTESIAN_POINT('',(1.115,0.0,0.0));
#4158=DIRECTION('',(1.0,0.0,0.0));
#4159=DIRECTION('',(0.0,1.0,0.0));
#4160=ORIENTED_EDGE('',*,*,#7735,.T.);
#4161=ORIENTED_EDGE('',*,*,#7363,.T.);
#4162=ORIENTED_EDGE('',*,*,#7695,.T.);
#4163=ORIENTED_EDGE('',*,*,#7671,.F.);
#4164=ORIENTED_EDGE('',*,*,#7443,.T.);
#4165=ORIENTED_EDGE('',*,*,#7789,.T.);
#4166=ORIENTED_EDGE('',*,*,#7792,.T.);
#4167=ORIENTED_EDGE('',*,*,#7627,.T.);
#4168=ORIENTED_EDGE('',*,*,#7796,.T.);
#4169=ORIENTED_EDGE('',*,*,#7799,.T.);
#4170=ORIENTED_EDGE('',*,*,#7802,.T.);
#4171=ORIENTED_EDGE('',*,*,#7809,.T.);
#4172=CARTESIAN_POINT('',(1.115,0.0,0.0));
#4173=DIRECTION('',(1.0,0.0,0.0));
#4174=DIRECTION('',(0.0,1.0,0.0));
#4175=ORIENTED_EDGE('',*,*,#7568,.T.);
#4176=ORIENTED_EDGE('',*,*,#7894,.T.);
#4177=ORIENTED_EDGE('',*,*,#7684,.T.);
#4178=ORIENTED_EDGE('',*,*,#7895,.T.);
#4179=ORIENTED_EDGE('',*,*,#7896,.T.);
#4180=ORIENTED_EDGE('',*,*,#7897,.T.);
#4181=CARTESIAN_POINT('',(1.135,-0.350000000000001,0.28));
#4182=DIRECTION('',(-1.0,0.0,0.0));
#4183=DIRECTION('',(0.0,0.0,1.0));
#4184=ORIENTED_EDGE('',*,*,#7702,.T.);
#4185=ORIENTED_EDGE('',*,*,#7570,.F.);
#4186=ORIENTED_EDGE('',*,*,#7898,.T.);
#4187=ORIENTED_EDGE('',*,*,#7718,.F.);
#4188=CARTESIAN_POINT('',(1.31,-0.4,0.28));
#4189=DIRECTION('',(1.0,0.0,0.0));
#4190=DIRECTION('',(0.0,1.0,0.0));
#4191=ORIENTED_EDGE('',*,*,#7899,.F.);
#4192=ORIENTED_EDGE('',*,*,#7900,.F.);
#4193=ORIENTED_EDGE('',*,*,#7719,.F.);
#4194=ORIENTED_EDGE('',*,*,#7898,.F.);
#4195=ORIENTED_EDGE('',*,*,#7569,.T.);
#4196=ORIENTED_EDGE('',*,*,#7897,.F.);
#4197=CARTESIAN_POINT('',(0.0,0.0,0.28));
#4198=DIRECTION('',(0.0,0.0,1.0));
#4199=DIRECTION('',(1.0,0.0,0.0));
#4200=ORIENTED_EDGE('',*,*,#7700,.T.);
#4201=ORIENTED_EDGE('',*,*,#7725,.T.);
#4202=ORIENTED_EDGE('',*,*,#7901,.T.);
#4203=ORIENTED_EDGE('',*,*,#7555,.T.);
#4204=CARTESIAN_POINT('',(1.31,0.350000000000001,0.28));
#4205=DIRECTION('',(1.0,0.0,0.0));
#4206=DIRECTION('',(0.0,1.0,0.0));
#4207=ORIENTED_EDGE('',*,*,#7902,.F.);
#4208=ORIENTED_EDGE('',*,*,#7903,.F.);
#4209=ORIENTED_EDGE('',*,*,#7720,.F.);
#4210=ORIENTED_EDGE('',*,*,#7556,.T.);
#4211=ORIENTED_EDGE('',*,*,#7901,.F.);
#4212=ORIENTED_EDGE('',*,*,#7724,.F.);
#4213=CARTESIAN_POINT('',(0.0,0.0,0.28));
#4214=DIRECTION('',(0.0,0.0,1.0));
#4215=DIRECTION('',(1.0,0.0,0.0));
#4216=ORIENTED_EDGE('',*,*,#7674,.T.);
#4217=ORIENTED_EDGE('',*,*,#7904,.T.);
#4218=ORIENTED_EDGE('',*,*,#7726,.T.);
#4219=ORIENTED_EDGE('',*,*,#7905,.T.);
#4220=ORIENTED_EDGE('',*,*,#7648,.T.);
#4221=CARTESIAN_POINT('',(1.625,-0.54,0.18));
#4222=DIRECTION('',(0.0,8.19455130366945E-16,-1.0));
#4223=DIRECTION('',(-1.0,0.0,0.0));
#4224=ORIENTED_EDGE('',*,*,#7875,.T.);
#4225=ORIENTED_EDGE('',*,*,#7649,.T.);
#4226=ORIENTED_EDGE('',*,*,#7905,.F.);
#4227=ORIENTED_EDGE('',*,*,#7730,.T.);
#4228=CARTESIAN_POINT('',(1.625,-0.109999999999997,0.18));
#4229=DIRECTION('',(0.0,-1.0,-3.76459087668578E-16));
#4230=DIRECTION('',(0.0,3.76459087668578E-16,-1.0));
#4231=ORIENTED_EDGE('',*,*,#7876,.T.);
#4232=ORIENTED_EDGE('',*,*,#7855,.T.);
#4233=ORIENTED_EDGE('',*,*,#7906,.T.);
#4234=ORIENTED_EDGE('',*,*,#7651,.T.);
#4235=CARTESIAN_POINT('',(1.625,0.109999999999997,1.38777878078145E-16));
#4236=DIRECTION('',(0.0,1.0,-6.7762635780344E-16));
#4237=DIRECTION('',(0.0,-6.7762635780344E-16,-1.0));
#4238=ORIENTED_EDGE('',*,*,#7854,.T.);
#4239=ORIENTED_EDGE('',*,*,#7907,.T.);
#4240=ORIENTED_EDGE('',*,*,#7712,.F.);
#4241=ORIENTED_EDGE('',*,*,#7652,.T.);
#4242=ORIENTED_EDGE('',*,*,#7906,.F.);
#4243=CARTESIAN_POINT('',(1.625,0.109999999999997,0.18));
#4244=DIRECTION('',(0.0,-8.19455130366945E-16,-1.0));
#4245=DIRECTION('',(0.0,-1.0,8.19455130366945E-16));
#4246=ORIENTED_EDGE('',*,*,#7908,.T.);
#4247=ORIENTED_EDGE('',*,*,#7690,.T.);
#4248=ORIENTED_EDGE('',*,*,#7909,.F.);
#4249=ORIENTED_EDGE('',*,*,#7910,.F.);
#4250=CARTESIAN_POINT('',(1.605,-0.52,0.439999999999999));
#4251=DIRECTION('',(0.0,0.0,1.0));
#4252=DIRECTION('',(-1.0,0.0,0.0));
#4253=ORIENTED_EDGE('',*,*,#7911,.T.);
#4254=ORIENTED_EDGE('',*,*,#7694,.T.);
#4255=ORIENTED_EDGE('',*,*,#7912,.F.);
#4256=ORIENTED_EDGE('',*,*,#7913,.F.);
#4257=CARTESIAN_POINT('',(1.605,0.52,0.440000000000001));
#4258=DIRECTION('',(0.0,0.0,1.0));
#4259=DIRECTION('',(-1.0,0.0,0.0));
#4260=ORIENTED_EDGE('',*,*,#7914,.F.);
#4261=ORIENTED_EDGE('',*,*,#7915,.T.);
#4262=ORIENTED_EDGE('',*,*,#7916,.T.);
#4263=ORIENTED_EDGE('',*,*,#7711,.T.);
#4264=CARTESIAN_POINT('',(1.33,0.43,0.440000000000001));
#4265=DIRECTION('',(0.0,0.0,1.0));
#4266=DIRECTION('',(-1.0,0.0,0.0));
#4267=ORIENTED_EDGE('',*,*,#7914,.T.);
#4268=ORIENTED_EDGE('',*,*,#7710,.T.);
#4269=ORIENTED_EDGE('',*,*,#7917,.F.);
#4270=ORIENTED_EDGE('',*,*,#7918,.F.);
#4271=CARTESIAN_POINT('',(1.33,0.46,0.44));
#4272=DIRECTION('',(-0.0,1.0,0.0));
#4273=DIRECTION('',(1.0,0.0,0.0));
#4274=ORIENTED_EDGE('',*,*,#7917,.T.);
#4275=ORIENTED_EDGE('',*,*,#7709,.T.);
#4276=ORIENTED_EDGE('',*,*,#7919,.F.);
#4277=ORIENTED_EDGE('',*,*,#7920,.F.);
#4278=CARTESIAN_POINT('',(1.385,0.43,0.440000000000001));
#4279=DIRECTION('',(0.0,0.0,1.0));
#4280=DIRECTION('',(-1.0,0.0,0.0));
#4281=ORIENTED_EDGE('',*,*,#7919,.T.);
#4282=ORIENTED_EDGE('',*,*,#7708,.T.);
#4283=ORIENTED_EDGE('',*,*,#7921,.F.);
#4284=ORIENTED_EDGE('',*,*,#7922,.F.);
#4285=CARTESIAN_POINT('',(1.415,0.43,0.44));
#4286=DIRECTION('',(1.0,0.0,0.0));
#4287=DIRECTION('',(0.0,1.0,0.0));
#4288=ORIENTED_EDGE('',*,*,#7921,.T.);
#4289=ORIENTED_EDGE('',*,*,#7707,.T.);
#4290=ORIENTED_EDGE('',*,*,#7923,.F.);
#4291=ORIENTED_EDGE('',*,*,#7924,.F.);
#4292=CARTESIAN_POINT('',(1.385,-0.43,0.439999999999999));
#4293=DIRECTION('',(0.0,0.0,1.0));
#4294=DIRECTION('',(-1.0,0.0,0.0));
#4295=ORIENTED_EDGE('',*,*,#7923,.T.);
#4296=ORIENTED_EDGE('',*,*,#7706,.T.);
#4297=ORIENTED_EDGE('',*,*,#7925,.F.);
#4298=ORIENTED_EDGE('',*,*,#7926,.F.);
#4299=CARTESIAN_POINT('',(1.385,-0.46,0.44));
#4300=DIRECTION('',(0.0,-1.0,0.0));
#4301=DIRECTION('',(0.0,0.0,-1.0));
#4302=ORIENTED_EDGE('',*,*,#7927,.F.);
#4303=ORIENTED_EDGE('',*,*,#7928,.T.);
#4304=ORIENTED_EDGE('',*,*,#7925,.T.);
#4305=ORIENTED_EDGE('',*,*,#7705,.T.);
#4306=CARTESIAN_POINT('',(1.33,-0.43,0.439999999999999));
#4307=DIRECTION('',(0.0,0.0,1.0));
#4308=DIRECTION('',(-1.0,0.0,0.0));
#4309=ORIENTED_EDGE('',*,*,#7929,.F.);
#4310=ORIENTED_EDGE('',*,*,#7930,.T.);
#4311=ORIENTED_EDGE('',*,*,#7687,.T.);
#4312=ORIENTED_EDGE('',*,*,#7680,.T.);
#4313=ORIENTED_EDGE('',*,*,#7931,.T.);
#4314=ORIENTED_EDGE('',*,*,#7662,.F.);
#4315=ORIENTED_EDGE('',*,*,#7932,.T.);
#4316=CARTESIAN_POINT('',(1.135,-0.37,0.44));
#4317=DIRECTION('',(1.0,0.0,0.0));
#4318=DIRECTION('',(0.0,1.0,0.0));
#4319=ORIENTED_EDGE('',*,*,#7908,.F.);
#4320=ORIENTED_EDGE('',*,*,#7933,.T.);
#4321=ORIENTED_EDGE('',*,*,#7660,.T.);
#4322=ORIENTED_EDGE('',*,*,#7934,.F.);
#4323=ORIENTED_EDGE('',*,*,#7676,.T.);
#4324=ORIENTED_EDGE('',*,*,#7688,.T.);
#4325=CARTESIAN_POINT('',(1.575,-0.61,0.44));
#4326=DIRECTION('',(-1.0,9.63735264431561E-15,0.0));
#4327=DIRECTION('',(0.0,0.0,1.0));
#4328=ORIENTED_EDGE('',*,*,#7935,.F.);
#4329=ORIENTED_EDGE('',*,*,#7936,.T.);
#4330=ORIENTED_EDGE('',*,*,#7912,.T.);
#4331=ORIENTED_EDGE('',*,*,#7693,.T.);
#4332=ORIENTED_EDGE('',*,*,#7716,.T.);
#4333=ORIENTED_EDGE('',*,*,#7937,.T.);
#4334=CARTESIAN_POINT('',(1.575,0.52,0.44));
#4335=DIRECTION('',(-1.0,0.0,0.0));
#4336=DIRECTION('',(0.0,0.0,1.0));
#4337=ORIENTED_EDGE('',*,*,#7697,.T.);
#4338=ORIENTED_EDGE('',*,*,#7938,.T.);
#4339=ORIENTED_EDGE('',*,*,#7939,.F.);
#4340=ORIENTED_EDGE('',*,*,#7940,.T.);
#4341=ORIENTED_EDGE('',*,*,#7941,.T.);
#4342=ORIENTED_EDGE('',*,*,#7942,.F.);
#4343=ORIENTED_EDGE('',*,*,#7668,.T.);
#4344=CARTESIAN_POINT('',(1.135,0.61,0.44));
#4345=DIRECTION('',(1.0,0.0,0.0));
#4346=DIRECTION('',(0.0,1.0,0.0));
#4347=ORIENTED_EDGE('',*,*,#7943,.F.);
#4348=ORIENTED_EDGE('',*,*,#7944,.T.);
#4349=ORIENTED_EDGE('',*,*,#7927,.T.);
#4350=ORIENTED_EDGE('',*,*,#7704,.T.);
#4351=ORIENTED_EDGE('',*,*,#7717,.T.);
#4352=ORIENTED_EDGE('',*,*,#7900,.T.);
#4353=CARTESIAN_POINT('',(1.3,-0.43,0.44));
#4354=DIRECTION('',(-1.0,0.0,0.0));
#4355=DIRECTION('',(0.0,0.0,1.0));
#4356=ORIENTED_EDGE('',*,*,#7916,.F.);
#4357=ORIENTED_EDGE('',*,*,#7945,.T.);
#4358=ORIENTED_EDGE('',*,*,#7946,.T.);
#4359=ORIENTED_EDGE('',*,*,#7902,.T.);
#4360=ORIENTED_EDGE('',*,*,#7723,.T.);
#4361=ORIENTED_EDGE('',*,*,#7698,.T.);
#4362=CARTESIAN_POINT('',(1.3,0.37,0.44));
#4363=DIRECTION('',(-1.0,0.0,0.0));
#4364=DIRECTION('',(0.0,0.0,1.0));
#4365=ORIENTED_EDGE('',*,*,#7947,.F.);
#4366=ORIENTED_EDGE('',*,*,#7948,.T.);
#4367=ORIENTED_EDGE('',*,*,#7909,.T.);
#4368=ORIENTED_EDGE('',*,*,#7689,.T.);
#4369=ORIENTED_EDGE('',*,*,#7645,.F.);
#4370=ORIENTED_EDGE('',*,*,#7949,.T.);
#4371=CARTESIAN_POINT('',(1.605,-0.49,0.44));
#4372=DIRECTION('',(-0.0,1.0,0.0));
#4373=DIRECTION('',(1.0,0.0,0.0));
#4374=ORIENTED_EDGE('',*,*,#7911,.F.);
#4375=ORIENTED_EDGE('',*,*,#7950,.T.);
#4376=ORIENTED_EDGE('',*,*,#7951,.T.);
#4377=ORIENTED_EDGE('',*,*,#7952,.F.);
#4378=ORIENTED_EDGE('',*,*,#7655,.F.);
#4379=ORIENTED_EDGE('',*,*,#7691,.T.);
#4380=CARTESIAN_POINT('',(1.695,0.49,0.44));
#4381=DIRECTION('',(0.0,-1.0,0.0));
#4382=DIRECTION('',(0.0,0.0,-1.0));
#4383=ORIENTED_EDGE('',*,*,#7951,.F.);
#4384=ORIENTED_EDGE('',*,*,#7953,.T.);
#4385=ORIENTED_EDGE('',*,*,#7947,.T.);
#4386=ORIENTED_EDGE('',*,*,#7954,.T.);
#4387=ORIENTED_EDGE('',*,*,#7955,.T.);
#4388=ORIENTED_EDGE('',*,*,#7956,.T.);
#4389=ORIENTED_EDGE('',*,*,#7957,.T.);
#4390=ORIENTED_EDGE('',*,*,#7958,.T.);
#4391=CARTESIAN_POINT('',(1.695,-0.49,0.44));
#4392=DIRECTION('',(-1.0,0.0,0.0));
#4393=DIRECTION('',(0.0,0.0,1.0));
#4394=ORIENTED_EDGE('',*,*,#7941,.F.);
#4395=ORIENTED_EDGE('',*,*,#7959,.T.);
#4396=ORIENTED_EDGE('',*,*,#7935,.T.);
#4397=ORIENTED_EDGE('',*,*,#7960,.F.);
#4398=ORIENTED_EDGE('',*,*,#7961,.F.);
#4399=ORIENTED_EDGE('',*,*,#7962,.T.);
#4400=ORIENTED_EDGE('',*,*,#7963,.F.);
#4401=ORIENTED_EDGE('',*,*,#7964,.F.);
#4402=CARTESIAN_POINT('',(1.575,0.61,0.44));
#4403=DIRECTION('',(0.0,-1.0,0.0));
#4404=DIRECTION('',(0.0,0.0,-1.0));
#4405=ORIENTED_EDGE('',*,*,#7946,.F.);
#4406=ORIENTED_EDGE('',*,*,#7965,.T.);
#4407=ORIENTED_EDGE('',*,*,#7721,.T.);
#4408=ORIENTED_EDGE('',*,*,#7903,.T.);
#4409=CARTESIAN_POINT('',(1.135,0.37,0.44));
#4410=DIRECTION('',(-0.0,1.0,0.0));
#4411=DIRECTION('',(1.0,0.0,0.0));
#4412=ORIENTED_EDGE('',*,*,#7896,.F.);
#4413=ORIENTED_EDGE('',*,*,#7966,.T.);
#4414=ORIENTED_EDGE('',*,*,#7943,.T.);
#4415=ORIENTED_EDGE('',*,*,#7899,.T.);
#4416=CARTESIAN_POINT('',(1.3,-0.37,0.44));
#4417=DIRECTION('',(0.0,-1.0,0.0));
#4418=DIRECTION('',(0.0,0.0,-1.0));
#4419=ORIENTED_EDGE('',*,*,#7939,.T.);
#4420=ORIENTED_EDGE('',*,*,#7967,.T.);
#4421=ORIENTED_EDGE('',*,*,#7918,.T.);
#4422=ORIENTED_EDGE('',*,*,#7920,.T.);
#4423=ORIENTED_EDGE('',*,*,#7922,.T.);
#4424=ORIENTED_EDGE('',*,*,#7924,.T.);
#4425=ORIENTED_EDGE('',*,*,#7926,.T.);
#4426=ORIENTED_EDGE('',*,*,#7968,.T.);
#4427=ORIENTED_EDGE('',*,*,#7929,.T.);
#4428=ORIENTED_EDGE('',*,*,#7969,.T.);
#4429=ORIENTED_EDGE('',*,*,#7910,.T.);
#4430=ORIENTED_EDGE('',*,*,#7970,.T.);
#4431=ORIENTED_EDGE('',*,*,#7913,.T.);
#4432=ORIENTED_EDGE('',*,*,#7971,.T.);
#4433=CARTESIAN_POINT('',(1.605,-0.52,0.439999999999999));
#4434=DIRECTION('',(0.0,4.2773025946194E-16,-1.0));
#4435=DIRECTION('',(-1.0,0.0,0.0));
#4436=ORIENTED_EDGE('',*,*,#7931,.F.);
#4437=ORIENTED_EDGE('',*,*,#7679,.T.);
#4438=ORIENTED_EDGE('',*,*,#7972,.T.);
#4439=ORIENTED_EDGE('',*,*,#7663,.F.);
#4440=CARTESIAN_POINT('',(1.135,0.083000000000002,0.125000000000001));
#4441=DIRECTION('',(-0.707106781186542,4.03498267548259E-16,-0.707106781186553));
#4442=DIRECTION('',(-0.707106781186553,0.0,0.707106781186542));
#4443=ORIENTED_EDGE('',*,*,#7664,.F.);
#4444=ORIENTED_EDGE('',*,*,#7972,.F.);
#4445=ORIENTED_EDGE('',*,*,#7683,.T.);
#4446=ORIENTED_EDGE('',*,*,#7461,.T.);
#4447=ORIENTED_EDGE('',*,*,#7973,.T.);
#4448=ORIENTED_EDGE('',*,*,#7974,.T.);
#4449=ORIENTED_EDGE('',*,*,#7975,.T.);
#4450=ORIENTED_EDGE('',*,*,#7976,.T.);
#4451=ORIENTED_EDGE('',*,*,#7977,.T.);
#4452=CARTESIAN_POINT('',(1.175,0.083000000000002,0.0850000000000006));
#4453=DIRECTION('',(-1.0,0.0,0.0));
#4454=DIRECTION('',(0.0,0.0,1.0));
#4455=ORIENTED_EDGE('',*,*,#7978,.T.);
#4456=ORIENTED_EDGE('',*,*,#7666,.F.);
#4457=ORIENTED_EDGE('',*,*,#7979,.T.);
#4458=ORIENTED_EDGE('',*,*,#7980,.T.);
#4459=ORIENTED_EDGE('',*,*,#7981,.T.);
#4460=ORIENTED_EDGE('',*,*,#7982,.T.);
#4461=ORIENTED_EDGE('',*,*,#7983,.T.);
#4462=ORIENTED_EDGE('',*,*,#7459,.F.);
#4463=ORIENTED_EDGE('',*,*,#7678,.T.);
#4464=CARTESIAN_POINT('',(1.325,0.083000000000002,6.17493081521061E-16));
#4465=DIRECTION('',(1.0,0.0,0.0));
#4466=DIRECTION('',(0.0,1.0,0.0));
#4467=ORIENTED_EDGE('',*,*,#7978,.F.);
#4468=ORIENTED_EDGE('',*,*,#7677,.T.);
#4469=ORIENTED_EDGE('',*,*,#7934,.T.);
#4470=ORIENTED_EDGE('',*,*,#7667,.F.);
#4471=CARTESIAN_POINT('',(1.325,0.083000000000002,0.100000000000001));
#4472=DIRECTION('',(0.0,5.70632722360792E-16,-1.0));
#4473=DIRECTION('',(-1.0,0.0,0.0));
#4474=ORIENTED_EDGE('',*,*,#7669,.F.);
#4475=ORIENTED_EDGE('',*,*,#7942,.T.);
#4476=ORIENTED_EDGE('',*,*,#7964,.T.);
#4477=ORIENTED_EDGE('',*,*,#7984,.F.);
#4478=CARTESIAN_POINT('',(1.135,-0.083000000000002,0.125000000000001));
#4479=DIRECTION('',(0.707106781186542,4.03498267548259E-16,0.707106781186553));
#4480=DIRECTION('',(5.706327223608E-16,-1.0,0.0));
#4481=ORIENTED_EDGE('',*,*,#7984,.T.);
#4482=ORIENTED_EDGE('',*,*,#7963,.T.);
#4483=ORIENTED_EDGE('',*,*,#7985,.T.);
#4484=ORIENTED_EDGE('',*,*,#7986,.T.);
#4485=ORIENTED_EDGE('',*,*,#7987,.T.);
#4486=ORIENTED_EDGE('',*,*,#7988,.T.);
#4487=ORIENTED_EDGE('',*,*,#7989,.T.);
#4488=ORIENTED_EDGE('',*,*,#7445,.F.);
#4489=ORIENTED_EDGE('',*,*,#7670,.F.);
#4490=CARTESIAN_POINT('',(1.175,-0.083000000000002,0.0850000000000006));
#4491=DIRECTION('',(1.0,0.0,0.0));
#4492=DIRECTION('',(0.0,1.0,0.0));
#4493=ORIENTED_EDGE('',*,*,#7447,.T.);
#4494=ORIENTED_EDGE('',*,*,#7990,.T.);
#4495=ORIENTED_EDGE('',*,*,#7991,.T.);
#4496=ORIENTED_EDGE('',*,*,#7992,.T.);
#4497=ORIENTED_EDGE('',*,*,#7993,.T.);
#4498=ORIENTED_EDGE('',*,*,#7994,.T.);
#4499=ORIENTED_EDGE('',*,*,#7961,.T.);
#4500=ORIENTED_EDGE('',*,*,#7995,.F.);
#4501=ORIENTED_EDGE('',*,*,#7714,.F.);
#4502=CARTESIAN_POINT('',(1.325,-0.083000000000002,6.17493081521061E-16));
#4503=DIRECTION('',(-1.0,0.0,0.0));
#4504=DIRECTION('',(0.0,0.0,1.0));
#4505=ORIENTED_EDGE('',*,*,#7715,.F.);
#4506=ORIENTED_EDGE('',*,*,#7995,.T.);
#4507=ORIENTED_EDGE('',*,*,#7960,.T.);
#4508=ORIENTED_EDGE('',*,*,#7937,.F.);
#4509=CARTESIAN_POINT('',(1.325,-0.083000000000002,0.100000000000001));
#4510=DIRECTION('',(0.0,5.70632722360792E-16,1.0));
#4511=DIRECTION('',(0.0,-1.0,5.70632722360792E-16));
#4512=ORIENTED_EDGE('',*,*,#7460,.F.);
#4513=ORIENTED_EDGE('',*,*,#7983,.F.);
#4514=ORIENTED_EDGE('',*,*,#7996,.T.);
#4515=ORIENTED_EDGE('',*,*,#7973,.F.);
#4516=CARTESIAN_POINT('',(2.66,-0.64,0.0700000000000005));
#4517=DIRECTION('',(1.0,-0.0,0.0));
#4518=DIRECTION('',(0.0,0.0,1.0));
#4519=ORIENTED_EDGE('',*,*,#7981,.F.);
#4520=ORIENTED_EDGE('',*,*,#7997,.T.);
#4521=ORIENTED_EDGE('',*,*,#7975,.F.);
#4522=ORIENTED_EDGE('',*,*,#7998,.F.);
#4523=CARTESIAN_POINT('',(2.66,-0.885,-0.0199999999999992));
#4524=DIRECTION('',(0.0,-1.0,0.0));
#4525=DIRECTION('',(0.0,0.0,-1.0));
#4526=ORIENTED_EDGE('',*,*,#7980,.F.);
#4527=ORIENTED_EDGE('',*,*,#7999,.T.);
#4528=ORIENTED_EDGE('',*,*,#7976,.F.);
#4529=ORIENTED_EDGE('',*,*,#7997,.F.);
#4530=CARTESIAN_POINT('',(2.66,-0.885,0.0400000000000004));
#4531=DIRECTION('',(0.0,-3.07006227412987E-15,1.0));
#4532=DIRECTION('',(0.0,-1.0,-3.07006227412987E-15));
#4533=ORIENTED_EDGE('',*,*,#7979,.F.);
#4534=ORIENTED_EDGE('',*,*,#7665,.T.);
#4535=ORIENTED_EDGE('',*,*,#7977,.F.);
#4536=ORIENTED_EDGE('',*,*,#7999,.F.);
#4537=CARTESIAN_POINT('',(2.66,-0.64,0.0700000000000005));
#4538=DIRECTION('',(1.0,-0.0,0.0));
#4539=DIRECTION('',(0.0,0.0,1.0));
#4540=ORIENTED_EDGE('',*,*,#7982,.F.);
#4541=ORIENTED_EDGE('',*,*,#7998,.T.);
#4542=ORIENTED_EDGE('',*,*,#7974,.F.);
#4543=ORIENTED_EDGE('',*,*,#7996,.F.);
#4544=CARTESIAN_POINT('',(2.66,-0.64,-0.019999999999999));
#4545=DIRECTION('',(0.0,1.02335409137662E-15,-1.0));
#4546=DIRECTION('',(-1.0,0.0,0.0));
#4547=ORIENTED_EDGE('',*,*,#7446,.F.);
#4548=ORIENTED_EDGE('',*,*,#7989,.F.);
#4549=ORIENTED_EDGE('',*,*,#8000,.F.);
#4550=ORIENTED_EDGE('',*,*,#7990,.F.);
#4551=CARTESIAN_POINT('',(2.66,0.64,0.0700000000000004));
#4552=DIRECTION('',(1.0,-0.0,0.0));
#4553=DIRECTION('',(0.0,0.0,1.0));
#4554=ORIENTED_EDGE('',*,*,#7994,.F.);
#4555=ORIENTED_EDGE('',*,*,#8001,.T.);
#4556=ORIENTED_EDGE('',*,*,#7985,.F.);
#4557=ORIENTED_EDGE('',*,*,#7962,.F.);
#4558=CARTESIAN_POINT('',(2.66,0.64,0.0700000000000004));
#4559=DIRECTION('',(1.0,-0.0,0.0));
#4560=DIRECTION('',(0.0,0.0,1.0));
#4561=ORIENTED_EDGE('',*,*,#7993,.F.);
#4562=ORIENTED_EDGE('',*,*,#8002,.T.);
#4563=ORIENTED_EDGE('',*,*,#7986,.F.);
#4564=ORIENTED_EDGE('',*,*,#8001,.F.);
#4565=CARTESIAN_POINT('',(2.66,0.64,0.0400000000000012));
#4566=DIRECTION('',(0.0,3.07006227412987E-15,1.0));
#4567=DIRECTION('',(0.0,-1.0,3.07006227412987E-15));
#4568=ORIENTED_EDGE('',*,*,#7992,.F.);
#4569=ORIENTED_EDGE('',*,*,#8003,.T.);
#4570=ORIENTED_EDGE('',*,*,#7987,.F.);
#4571=ORIENTED_EDGE('',*,*,#8002,.F.);
#4572=CARTESIAN_POINT('',(2.66,0.885,0.0400000000000004));
#4573=DIRECTION('',(-0.0,1.0,0.0));
#4574=DIRECTION('',(1.0,0.0,0.0));
#4575=ORIENTED_EDGE('',*,*,#7991,.F.);
#4576=ORIENTED_EDGE('',*,*,#8000,.T.);
#4577=ORIENTED_EDGE('',*,*,#7988,.F.);
#4578=ORIENTED_EDGE('',*,*,#8003,.F.);
#4579=CARTESIAN_POINT('',(2.66,0.885,-0.0199999999999993));
#4580=DIRECTION('',(0.0,-1.29993627823517E-15,-1.0));
#4581=DIRECTION('',(0.0,-1.0,1.29993627823517E-15));
#4582=ORIENTED_EDGE('',*,*,#7644,.F.);
#4583=ORIENTED_EDGE('',*,*,#8004,.T.);
#4584=ORIENTED_EDGE('',*,*,#7954,.F.);
#4585=ORIENTED_EDGE('',*,*,#7949,.F.);
#4586=CARTESIAN_POINT('',(1.002,-0.49,0.200000000000001));
#4587=DIRECTION('',(0.0,0.0,-1.0));
#4588=DIRECTION('',(0.0,-1.0,0.0));
#4589=ORIENTED_EDGE('',*,*,#7659,.F.);
#4590=ORIENTED_EDGE('',*,*,#8005,.T.);
#4591=ORIENTED_EDGE('',*,*,#7955,.F.);
#4592=ORIENTED_EDGE('',*,*,#8004,.F.);
#4593=CARTESIAN_POINT('',(1.002,-0.09,0.200000000000001));
#4594=DIRECTION('',(0.0,-1.0,0.0));
#4595=DIRECTION('',(0.0,0.0,-1.0));
#4596=ORIENTED_EDGE('',*,*,#7658,.F.);
#4597=ORIENTED_EDGE('',*,*,#8006,.T.);
#4598=ORIENTED_EDGE('',*,*,#7956,.F.);
#4599=ORIENTED_EDGE('',*,*,#8005,.F.);
#4600=CARTESIAN_POINT('',(1.002,-0.09,0.0700000000000008));
#4601=DIRECTION('',(0.0,0.0,-1.0));
#4602=DIRECTION('',(0.0,-1.0,0.0));
#4603=ORIENTED_EDGE('',*,*,#7657,.F.);
#4604=ORIENTED_EDGE('',*,*,#8007,.T.);
#4605=ORIENTED_EDGE('',*,*,#7957,.F.);
#4606=ORIENTED_EDGE('',*,*,#8006,.F.);
#4607=CARTESIAN_POINT('',(1.002,0.09,0.0700000000000008));
#4608=DIRECTION('',(-0.0,1.0,0.0));
#4609=DIRECTION('',(1.0,0.0,0.0));
#4610=ORIENTED_EDGE('',*,*,#7656,.F.);
#4611=ORIENTED_EDGE('',*,*,#7952,.T.);
#4612=ORIENTED_EDGE('',*,*,#7958,.F.);
#4613=ORIENTED_EDGE('',*,*,#8007,.F.);
#4614=CARTESIAN_POINT('',(1.002,0.09,0.200000000000001));
#4615=DIRECTION('',(0.0,0.0,-1.0));
#4616=DIRECTION('',(0.0,-1.0,0.0));
#4617=ORIENTED_EDGE('',*,*,#7457,.F.);
#4618=ORIENTED_EDGE('',*,*,#7727,.F.);
#4619=ORIENTED_EDGE('',*,*,#7904,.F.);
#4620=ORIENTED_EDGE('',*,*,#7673,.F.);
#4621=CARTESIAN_POINT('',(1.655,-0.49,-2.69795151132182E-17));
#4622=DIRECTION('',(0.0,-5.70632722360792E-16,1.0));
#4623=DIRECTION('',(0.0,1.0,5.70632722360792E-16));
#4624=ORIENTED_EDGE('',*,*,#7907,.F.);
#4625=ORIENTED_EDGE('',*,*,#7853,.F.);
#4626=ORIENTED_EDGE('',*,*,#7449,.F.);
#4627=ORIENTED_EDGE('',*,*,#7713,.F.);
#4628=CARTESIAN_POINT('',(1.655,0.49,0.38));
#4629=DIRECTION('',(0.0,0.0,-1.0));
#4630=DIRECTION('',(1.0,0.0,0.0));
#4631=ORIENTED_EDGE('',*,*,#7722,.F.);
#4632=ORIENTED_EDGE('',*,*,#7965,.F.);
#4633=ORIENTED_EDGE('',*,*,#7945,.F.);
#4634=ORIENTED_EDGE('',*,*,#7915,.F.);
#4635=ORIENTED_EDGE('',*,*,#7967,.F.);
#4636=ORIENTED_EDGE('',*,*,#7938,.F.);
#4637=CARTESIAN_POINT('',(1.605,0.46,0.35));
#4638=DIRECTION('',(-1.0,0.0,-0.0));
#4639=DIRECTION('',(0.0,0.0,-1.0));
#4640=ORIENTED_EDGE('',*,*,#7944,.F.);
#4641=ORIENTED_EDGE('',*,*,#7966,.F.);
#4642=ORIENTED_EDGE('',*,*,#7895,.F.);
#4643=ORIENTED_EDGE('',*,*,#7930,.F.);
#4644=ORIENTED_EDGE('',*,*,#7968,.F.);
#4645=ORIENTED_EDGE('',*,*,#7928,.F.);
#4646=CARTESIAN_POINT('',(1.605,-0.46,0.349999999999999));
#4647=DIRECTION('',(1.0,-0.0,0.0));
#4648=DIRECTION('',(0.0,0.0,1.0));
#4649=ORIENTED_EDGE('',*,*,#7932,.F.);
#4650=ORIENTED_EDGE('',*,*,#7661,.F.);
#4651=ORIENTED_EDGE('',*,*,#7933,.F.);
#4652=ORIENTED_EDGE('',*,*,#7969,.F.);
#4653=CARTESIAN_POINT('',(1.605,-0.52,0.349999999999999));
#4654=DIRECTION('',(-1.0,0.0,-0.0));
#4655=DIRECTION('',(0.0,0.0,-1.0));
#4656=ORIENTED_EDGE('',*,*,#7936,.F.);
#4657=ORIENTED_EDGE('',*,*,#7959,.F.);
#4658=ORIENTED_EDGE('',*,*,#7940,.F.);
#4659=ORIENTED_EDGE('',*,*,#7971,.F.);
#4660=CARTESIAN_POINT('',(1.605,0.52,0.35));
#4661=DIRECTION('',(1.0,-0.0,0.0));
#4662=DIRECTION('',(0.0,0.0,1.0));
#4663=ORIENTED_EDGE('',*,*,#7948,.F.);
#4664=ORIENTED_EDGE('',*,*,#7953,.F.);
#4665=ORIENTED_EDGE('',*,*,#7950,.F.);
#4666=ORIENTED_EDGE('',*,*,#7970,.F.);
#4667=CARTESIAN_POINT('',(1.605,-0.52,0.349999999999999));
#4668=DIRECTION('',(0.0,-1.0,0.0));
#4669=DIRECTION('',(0.0,0.0,1.0));
#4670=ORIENTED_EDGE('',*,*,#7827,.F.);
#4671=ORIENTED_EDGE('',*,*,#8008,.T.);
#4672=ORIENTED_EDGE('',*,*,#7275,.T.);
#4673=ORIENTED_EDGE('',*,*,#7620,.F.);
#4674=CARTESIAN_POINT('',(0.985,0.0,0.0));
#4675=DIRECTION('',(1.0,0.0,0.0));
#4676=DIRECTION('',(0.0,1.0,0.0));
#4677=ORIENTED_EDGE('',*,*,#8009,.F.);
#4678=ORIENTED_EDGE('',*,*,#7301,.T.);
#4679=ORIENTED_EDGE('',*,*,#7621,.T.);
#4680=ORIENTED_EDGE('',*,*,#7277,.F.);
#4681=CARTESIAN_POINT('',(0.765,0.0,0.0));
#4682=DIRECTION('',(1.0,0.0,0.0));
#4683=DIRECTION('',(0.0,1.0,0.0));
#4684=ORIENTED_EDGE('',*,*,#8010,.T.);
#4685=ORIENTED_EDGE('',*,*,#8011,.T.);
#4686=ORIENTED_EDGE('',*,*,#7793,.F.);
#4687=ORIENTED_EDGE('',*,*,#7625,.F.);
#4688=CARTESIAN_POINT('',(0.985,0.0,0.0));
#4689=DIRECTION('',(1.0,0.0,0.0));
#4690=DIRECTION('',(0.0,1.0,0.0));
#4691=ORIENTED_EDGE('',*,*,#8012,.F.);
#4692=ORIENTED_EDGE('',*,*,#8013,.F.);
#4693=ORIENTED_EDGE('',*,*,#7623,.T.);
#4694=ORIENTED_EDGE('',*,*,#7293,.T.);
#4695=CARTESIAN_POINT('',(0.765,0.0,0.0));
#4696=DIRECTION('',(1.0,0.0,0.0));
#4697=DIRECTION('',(0.0,1.0,0.0));
#4698=ORIENTED_EDGE('',*,*,#8014,.F.);
#4699=ORIENTED_EDGE('',*,*,#8010,.F.);
#4700=ORIENTED_EDGE('',*,*,#7624,.T.);
#4701=ORIENTED_EDGE('',*,*,#8013,.T.);
#4702=CARTESIAN_POINT('',(0.985,0.585,0.14));
#4703=DIRECTION('',(0.0,0.0,1.0));
#4704=DIRECTION('',(1.0,0.0,0.0));
#4705=ORIENTED_EDGE('',*,*,#7774,.F.);
#4706=ORIENTED_EDGE('',*,*,#7329,.T.);
#4707=ORIENTED_EDGE('',*,*,#7493,.F.);
#4708=ORIENTED_EDGE('',*,*,#7490,.T.);
#4709=ORIENTED_EDGE('',*,*,#7403,.F.);
#4710=ORIENTED_EDGE('',*,*,#7123,.F.);
#4711=ORIENTED_EDGE('',*,*,#7059,.F.);
#4712=ORIENTED_EDGE('',*,*,#7598,.F.);
#4713=ORIENTED_EDGE('',*,*,#7369,.F.);
#4714=ORIENTED_EDGE('',*,*,#7173,.F.);
#4715=ORIENTED_EDGE('',*,*,#7158,.F.);
#4716=ORIENTED_EDGE('',*,*,#7811,.F.);
#4717=CARTESIAN_POINT('',(-1.115,0.0,0.0));
#4718=DIRECTION('',(1.0,0.0,0.0));
#4719=DIRECTION('',(0.0,1.0,0.0));
#4720=ORIENTED_EDGE('',*,*,#7504,.F.);
#4721=ORIENTED_EDGE('',*,*,#8015,.T.);
#4722=ORIENTED_EDGE('',*,*,#7737,.F.);
#4723=ORIENTED_EDGE('',*,*,#7808,.F.);
#4724=ORIENTED_EDGE('',*,*,#7224,.F.);
#4725=ORIENTED_EDGE('',*,*,#7209,.F.);
#4726=ORIENTED_EDGE('',*,*,#7366,.F.);
#4727=ORIENTED_EDGE('',*,*,#7641,.F.);
#4728=ORIENTED_EDGE('',*,*,#7089,.F.);
#4729=ORIENTED_EDGE('',*,*,#7139,.F.);
#4730=ORIENTED_EDGE('',*,*,#7423,.F.);
#4731=ORIENTED_EDGE('',*,*,#7527,.T.);
#4732=CARTESIAN_POINT('',(-1.115,0.0,0.0));
#4733=DIRECTION('',(1.0,0.0,0.0));
#4734=DIRECTION('',(0.0,1.0,0.0));
#4735=ORIENTED_EDGE('',*,*,#7852,.F.);
#4736=ORIENTED_EDGE('',*,*,#7549,.F.);
#4737=ORIENTED_EDGE('',*,*,#8016,.F.);
#4738=ORIENTED_EDGE('',*,*,#8017,.F.);
#4739=CARTESIAN_POINT('',(-1.31,0.350000000000001,0.28));
#4740=DIRECTION('',(1.0,0.0,0.0));
#4741=DIRECTION('',(0.0,1.0,0.0));
#4742=ORIENTED_EDGE('',*,*,#8018,.T.);
#4743=ORIENTED_EDGE('',*,*,#7839,.F.);
#4744=ORIENTED_EDGE('',*,*,#8017,.T.);
#4745=ORIENTED_EDGE('',*,*,#8019,.F.);
#4746=CARTESIAN_POINT('',(-1.31,0.4,0.28));
#4747=DIRECTION('',(0.0,-1.0,0.0));
#4748=DIRECTION('',(0.0,0.0,-1.0));
#4749=ORIENTED_EDGE('',*,*,#7511,.T.);
#4750=ORIENTED_EDGE('',*,*,#8020,.T.);
#4751=ORIENTED_EDGE('',*,*,#8021,.T.);
#4752=ORIENTED_EDGE('',*,*,#8019,.T.);
#4753=ORIENTED_EDGE('',*,*,#8016,.T.);
#4754=ORIENTED_EDGE('',*,*,#7548,.F.);
#4755=CARTESIAN_POINT('',(0.0,0.0,0.28));
#4756=DIRECTION('',(0.0,0.0,-1.0));
#4757=DIRECTION('',(0.0,-1.0,0.0));
#4758=ORIENTED_EDGE('',*,*,#7494,.F.);
#4759=ORIENTED_EDGE('',*,*,#7327,.T.);
#4760=ORIENTED_EDGE('',*,*,#7578,.F.);
#4761=ORIENTED_EDGE('',*,*,#8022,.F.);
#4762=ORIENTED_EDGE('',*,*,#8023,.F.);
#4763=ORIENTED_EDGE('',*,*,#8024,.F.);
#4764=CARTESIAN_POINT('',(-1.135,-0.350000000000001,0.28));
#4765=DIRECTION('',(-1.0,0.0,0.0));
#4766=DIRECTION('',(0.0,0.0,1.0));
#4767=ORIENTED_EDGE('',*,*,#8025,.T.);
#4768=ORIENTED_EDGE('',*,*,#8026,.F.);
#4769=ORIENTED_EDGE('',*,*,#8027,.F.);
#4770=ORIENTED_EDGE('',*,*,#7849,.F.);
#4771=CARTESIAN_POINT('',(-1.135,-0.4,0.28));
#4772=DIRECTION('',(-0.0,1.0,0.0));
#4773=DIRECTION('',(1.0,0.0,0.0));
#4774=ORIENTED_EDGE('',*,*,#7850,.F.);
#4775=ORIENTED_EDGE('',*,*,#8027,.T.);
#4776=ORIENTED_EDGE('',*,*,#8028,.F.);
#4777=ORIENTED_EDGE('',*,*,#7576,.T.);
#4778=CARTESIAN_POINT('',(-1.31,-0.4,0.28));
#4779=DIRECTION('',(1.0,0.0,0.0));
#4780=DIRECTION('',(0.0,1.0,0.0));
#4781=ORIENTED_EDGE('',*,*,#8026,.T.);
#4782=ORIENTED_EDGE('',*,*,#8029,.T.);
#4783=ORIENTED_EDGE('',*,*,#8030,.T.);
#4784=ORIENTED_EDGE('',*,*,#8022,.T.);
#4785=ORIENTED_EDGE('',*,*,#7577,.F.);
#4786=ORIENTED_EDGE('',*,*,#8028,.T.);
#4787=CARTESIAN_POINT('',(0.0,0.0,0.28));
#4788=DIRECTION('',(0.0,0.0,-1.0));
#4789=DIRECTION('',(0.0,-1.0,0.0));
#4790=ORIENTED_EDGE('',*,*,#7859,.F.);
#4791=ORIENTED_EDGE('',*,*,#8031,.F.);
#4792=ORIENTED_EDGE('',*,*,#7482,.F.);
#4793=ORIENTED_EDGE('',*,*,#7385,.F.);
#4794=ORIENTED_EDGE('',*,*,#8032,.F.);
#4795=CARTESIAN_POINT('',(-1.625,-0.54,0.18));
#4796=DIRECTION('',(0.0,-8.19455130366945E-16,1.0));
#4797=DIRECTION('',(0.0,-1.0,-8.19455130366945E-16));
#4798=ORIENTED_EDGE('',*,*,#7860,.F.);
#4799=ORIENTED_EDGE('',*,*,#8032,.T.);
#4800=ORIENTED_EDGE('',*,*,#7384,.F.);
#4801=ORIENTED_EDGE('',*,*,#7518,.F.);
#4802=CARTESIAN_POINT('',(-1.625,-0.109999999999997,0.18));
#4803=DIRECTION('',(0.0,1.0,3.76459087668578E-16));
#4804=DIRECTION('',(0.0,3.76459087668578E-16,-1.0));
#4805=ORIENTED_EDGE('',*,*,#7382,.F.);
#4806=ORIENTED_EDGE('',*,*,#8033,.F.);
#4807=ORIENTED_EDGE('',*,*,#7516,.F.);
#4808=ORIENTED_EDGE('',*,*,#7519,.F.);
#4809=CARTESIAN_POINT('',(-1.625,0.109999999999997,1.38777878078145E-16));
#4810=DIRECTION('',(0.0,-1.0,6.7762635780344E-16));
#4811=DIRECTION('',(-1.0,0.0,0.0));
#4812=ORIENTED_EDGE('',*,*,#7477,.T.);
#4813=ORIENTED_EDGE('',*,*,#8034,.F.);
#4814=ORIENTED_EDGE('',*,*,#7512,.F.);
#4815=ORIENTED_EDGE('',*,*,#8033,.T.);
#4816=ORIENTED_EDGE('',*,*,#7381,.F.);
#4817=CARTESIAN_POINT('',(-1.625,0.109999999999997,0.18));
#4818=DIRECTION('',(0.0,8.19455130366945E-16,1.0));
#4819=DIRECTION('',(0.0,-1.0,8.19455130366945E-16));
#4820=ORIENTED_EDGE('',*,*,#7497,.F.);
#4821=ORIENTED_EDGE('',*,*,#8035,.F.);
#4822=ORIENTED_EDGE('',*,*,#8036,.T.);
#4823=ORIENTED_EDGE('',*,*,#8037,.T.);
#4824=CARTESIAN_POINT('',(-1.605,-0.52,0.440000000000001));
#4825=DIRECTION('',(0.0,0.0,1.0));
#4826=DIRECTION('',(-1.0,0.0,0.0));
#4827=ORIENTED_EDGE('',*,*,#7500,.F.);
#4828=ORIENTED_EDGE('',*,*,#8038,.F.);
#4829=ORIENTED_EDGE('',*,*,#8039,.T.);
#4830=ORIENTED_EDGE('',*,*,#8040,.T.);
#4831=CARTESIAN_POINT('',(-1.605,0.52,0.44));
#4832=DIRECTION('',(0.0,0.0,1.0));
#4833=DIRECTION('',(-1.0,0.0,0.0));
#4834=ORIENTED_EDGE('',*,*,#8041,.F.);
#4835=ORIENTED_EDGE('',*,*,#8042,.F.);
#4836=ORIENTED_EDGE('',*,*,#8043,.T.);
#4837=ORIENTED_EDGE('',*,*,#7841,.F.);
#4838=CARTESIAN_POINT('',(-1.33,0.43,0.44));
#4839=DIRECTION('',(0.0,0.0,1.0));
#4840=DIRECTION('',(-1.0,0.0,0.0));
#4841=ORIENTED_EDGE('',*,*,#7842,.F.);
#4842=ORIENTED_EDGE('',*,*,#8043,.F.);
#4843=ORIENTED_EDGE('',*,*,#8044,.T.);
#4844=ORIENTED_EDGE('',*,*,#8045,.T.);
#4845=CARTESIAN_POINT('',(-1.33,0.46,0.44));
#4846=DIRECTION('',(0.0,-1.0,0.0));
#4847=DIRECTION('',(0.0,0.0,-1.0));
#4848=ORIENTED_EDGE('',*,*,#7843,.F.);
#4849=ORIENTED_EDGE('',*,*,#8045,.F.);
#4850=ORIENTED_EDGE('',*,*,#8046,.T.);
#4851=ORIENTED_EDGE('',*,*,#8047,.T.);
#4852=CARTESIAN_POINT('',(-1.385,0.43,0.44));
#4853=DIRECTION('',(0.0,0.0,1.0));
#4854=DIRECTION('',(-1.0,0.0,0.0));
#4855=ORIENTED_EDGE('',*,*,#7844,.F.);
#4856=ORIENTED_EDGE('',*,*,#8047,.F.);
#4857=ORIENTED_EDGE('',*,*,#8048,.T.);
#4858=ORIENTED_EDGE('',*,*,#8049,.T.);
#4859=CARTESIAN_POINT('',(-1.415,0.43,0.44));
#4860=DIRECTION('',(1.0,0.0,0.0));
#4861=DIRECTION('',(0.0,1.0,0.0));
#4862=ORIENTED_EDGE('',*,*,#7845,.F.);
#4863=ORIENTED_EDGE('',*,*,#8049,.F.);
#4864=ORIENTED_EDGE('',*,*,#8050,.T.);
#4865=ORIENTED_EDGE('',*,*,#8051,.T.);
#4866=CARTESIAN_POINT('',(-1.385,-0.43,0.440000000000001));
#4867=DIRECTION('',(0.0,0.0,1.0));
#4868=DIRECTION('',(-1.0,0.0,0.0));
#4869=ORIENTED_EDGE('',*,*,#7846,.F.);
#4870=ORIENTED_EDGE('',*,*,#8051,.F.);
#4871=ORIENTED_EDGE('',*,*,#8052,.T.);
#4872=ORIENTED_EDGE('',*,*,#8053,.T.);
#4873=CARTESIAN_POINT('',(-1.385,-0.46,0.44));
#4874=DIRECTION('',(-0.0,1.0,0.0));
#4875=DIRECTION('',(1.0,0.0,0.0));
#4876=ORIENTED_EDGE('',*,*,#8053,.F.);
#4877=ORIENTED_EDGE('',*,*,#8054,.F.);
#4878=ORIENTED_EDGE('',*,*,#8055,.T.);
#4879=ORIENTED_EDGE('',*,*,#7847,.F.);
#4880=CARTESIAN_POINT('',(-1.33,-0.43,0.440000000000001));
#4881=DIRECTION('',(0.0,0.0,1.0));
#4882=DIRECTION('',(-1.0,0.0,0.0));
#4883=ORIENTED_EDGE('',*,*,#8056,.F.);
#4884=ORIENTED_EDGE('',*,*,#8057,.F.);
#4885=ORIENTED_EDGE('',*,*,#8041,.T.);
#4886=ORIENTED_EDGE('',*,*,#7840,.F.);
#4887=ORIENTED_EDGE('',*,*,#8018,.F.);
#4888=ORIENTED_EDGE('',*,*,#8021,.F.);
#4889=CARTESIAN_POINT('',(-1.3,0.37,0.44));
#4890=DIRECTION('',(-1.0,0.0,0.0));
#4891=DIRECTION('',(0.0,0.0,1.0));
#4892=ORIENTED_EDGE('',*,*,#8055,.F.);
#4893=ORIENTED_EDGE('',*,*,#8058,.F.);
#4894=ORIENTED_EDGE('',*,*,#8059,.T.);
#4895=ORIENTED_EDGE('',*,*,#8029,.F.);
#4896=ORIENTED_EDGE('',*,*,#8025,.F.);
#4897=ORIENTED_EDGE('',*,*,#7848,.F.);
#4898=CARTESIAN_POINT('',(-1.3,-0.43,0.44));
#4899=DIRECTION('',(-1.0,0.0,0.0));
#4900=DIRECTION('',(0.0,0.0,1.0));
#4901=ORIENTED_EDGE('',*,*,#8037,.F.);
#4902=ORIENTED_EDGE('',*,*,#8060,.F.);
#4903=ORIENTED_EDGE('',*,*,#8061,.T.);
#4904=ORIENTED_EDGE('',*,*,#8062,.F.);
#4905=ORIENTED_EDGE('',*,*,#7372,.T.);
#4906=ORIENTED_EDGE('',*,*,#7498,.F.);
#4907=CARTESIAN_POINT('',(-1.605,-0.49,0.44));
#4908=DIRECTION('',(0.0,-1.0,0.0));
#4909=DIRECTION('',(0.0,0.0,-1.0));
#4910=ORIENTED_EDGE('',*,*,#8063,.F.);
#4911=ORIENTED_EDGE('',*,*,#8064,.F.);
#4912=ORIENTED_EDGE('',*,*,#8038,.T.);
#4913=ORIENTED_EDGE('',*,*,#7499,.F.);
#4914=ORIENTED_EDGE('',*,*,#7378,.T.);
#4915=ORIENTED_EDGE('',*,*,#8065,.T.);
#4916=CARTESIAN_POINT('',(-1.695,0.49,0.44));
#4917=DIRECTION('',(-0.0,1.0,0.0));
#4918=DIRECTION('',(1.0,0.0,0.0));
#4919=ORIENTED_EDGE('',*,*,#7495,.F.);
#4920=ORIENTED_EDGE('',*,*,#8066,.F.);
#4921=ORIENTED_EDGE('',*,*,#8067,.T.);
#4922=ORIENTED_EDGE('',*,*,#8068,.F.);
#4923=ORIENTED_EDGE('',*,*,#7468,.T.);
#4924=ORIENTED_EDGE('',*,*,#8069,.F.);
#4925=ORIENTED_EDGE('',*,*,#7492,.F.);
#4926=CARTESIAN_POINT('',(-1.135,-0.37,0.44));
#4927=DIRECTION('',(1.0,0.0,0.0));
#4928=DIRECTION('',(0.0,1.0,0.0));
#4929=ORIENTED_EDGE('',*,*,#7470,.F.);
#4930=ORIENTED_EDGE('',*,*,#8070,.F.);
#4931=ORIENTED_EDGE('',*,*,#8035,.T.);
#4932=ORIENTED_EDGE('',*,*,#7496,.F.);
#4933=ORIENTED_EDGE('',*,*,#7486,.F.);
#4934=ORIENTED_EDGE('',*,*,#8071,.T.);
#4935=CARTESIAN_POINT('',(-1.575,-0.61,0.44));
#4936=DIRECTION('',(-1.0,-9.63735264431561E-15,0.0));
#4937=DIRECTION('',(-9.63735264431561E-15,1.0,0.0));
#4938=ORIENTED_EDGE('',*,*,#8061,.F.);
#4939=ORIENTED_EDGE('',*,*,#8072,.F.);
#4940=ORIENTED_EDGE('',*,*,#8063,.T.);
#4941=ORIENTED_EDGE('',*,*,#8073,.F.);
#4942=ORIENTED_EDGE('',*,*,#8074,.F.);
#4943=ORIENTED_EDGE('',*,*,#8075,.F.);
#4944=ORIENTED_EDGE('',*,*,#8076,.F.);
#4945=ORIENTED_EDGE('',*,*,#8077,.F.);
#4946=CARTESIAN_POINT('',(-1.695,-0.49,0.44));
#4947=DIRECTION('',(-1.0,0.0,0.0));
#4948=DIRECTION('',(0.0,0.0,1.0));
#4949=ORIENTED_EDGE('',*,*,#8040,.F.);
#4950=ORIENTED_EDGE('',*,*,#8078,.F.);
#4951=ORIENTED_EDGE('',*,*,#8079,.T.);
#4952=ORIENTED_EDGE('',*,*,#8080,.F.);
#4953=ORIENTED_EDGE('',*,*,#7479,.F.);
#4954=ORIENTED_EDGE('',*,*,#7501,.F.);
#4955=CARTESIAN_POINT('',(-1.575,0.52,0.44));
#4956=DIRECTION('',(-1.0,0.0,0.0));
#4957=DIRECTION('',(0.0,0.0,1.0));
#4958=ORIENTED_EDGE('',*,*,#8079,.F.);
#4959=ORIENTED_EDGE('',*,*,#8081,.F.);
#4960=ORIENTED_EDGE('',*,*,#8082,.T.);
#4961=ORIENTED_EDGE('',*,*,#8083,.T.);
#4962=ORIENTED_EDGE('',*,*,#8084,.T.);
#4963=ORIENTED_EDGE('',*,*,#8085,.F.);
#4964=ORIENTED_EDGE('',*,*,#8086,.T.);
#4965=ORIENTED_EDGE('',*,*,#8087,.T.);
#4966=CARTESIAN_POINT('',(-1.575,0.61,0.44));
#4967=DIRECTION('',(-0.0,1.0,0.0));
#4968=DIRECTION('',(1.0,0.0,0.0));
#4969=ORIENTED_EDGE('',*,*,#8088,.T.);
#4970=ORIENTED_EDGE('',*,*,#8089,.F.);
#4971=ORIENTED_EDGE('',*,*,#7506,.F.);
#4972=ORIENTED_EDGE('',*,*,#7526,.F.);
#4973=ORIENTED_EDGE('',*,*,#8090,.T.);
#4974=ORIENTED_EDGE('',*,*,#8082,.F.);
#4975=ORIENTED_EDGE('',*,*,#8091,.F.);
#4976=CARTESIAN_POINT('',(-1.135,0.61,0.44));
#4977=DIRECTION('',(1.0,0.0,0.0));
#4978=DIRECTION('',(0.0,1.0,0.0));
#4979=ORIENTED_EDGE('',*,*,#7510,.F.);
#4980=ORIENTED_EDGE('',*,*,#8092,.F.);
#4981=ORIENTED_EDGE('',*,*,#8056,.T.);
#4982=ORIENTED_EDGE('',*,*,#8020,.F.);
#4983=CARTESIAN_POINT('',(-1.135,0.37,0.44));
#4984=DIRECTION('',(0.0,-1.0,0.0));
#4985=DIRECTION('',(0.0,0.0,-1.0));
#4986=ORIENTED_EDGE('',*,*,#8059,.F.);
#4987=ORIENTED_EDGE('',*,*,#8093,.F.);
#4988=ORIENTED_EDGE('',*,*,#8023,.T.);
#4989=ORIENTED_EDGE('',*,*,#8030,.F.);
#4990=CARTESIAN_POINT('',(-1.3,-0.37,0.44));
#4991=DIRECTION('',(-0.0,1.0,0.0));
#4992=DIRECTION('',(1.0,0.0,0.0));
#4993=ORIENTED_EDGE('',*,*,#8044,.F.);
#4994=ORIENTED_EDGE('',*,*,#8094,.F.);
#4995=ORIENTED_EDGE('',*,*,#8088,.F.);
#4996=ORIENTED_EDGE('',*,*,#8095,.F.);
#4997=ORIENTED_EDGE('',*,*,#8039,.F.);
#4998=ORIENTED_EDGE('',*,*,#8096,.F.);
#4999=ORIENTED_EDGE('',*,*,#8036,.F.);
#5000=ORIENTED_EDGE('',*,*,#8097,.F.);
#5001=ORIENTED_EDGE('',*,*,#8067,.F.);
#5002=ORIENTED_EDGE('',*,*,#8098,.F.);
#5003=ORIENTED_EDGE('',*,*,#8052,.F.);
#5004=ORIENTED_EDGE('',*,*,#8050,.F.);
#5005=ORIENTED_EDGE('',*,*,#8048,.F.);
#5006=ORIENTED_EDGE('',*,*,#8046,.F.);
#5007=CARTESIAN_POINT('',(-1.605,-0.52,0.440000000000001));
#5008=DIRECTION('',(0.0,0.0,1.0));
#5009=DIRECTION('',(1.0,0.0,0.0));
#5010=ORIENTED_EDGE('',*,*,#8099,.F.);
#5011=ORIENTED_EDGE('',*,*,#7488,.F.);
#5012=ORIENTED_EDGE('',*,*,#8069,.T.);
#5013=ORIENTED_EDGE('',*,*,#7475,.T.);
#5014=CARTESIAN_POINT('',(-1.135,0.083000000000002,0.125000000000001));
#5015=DIRECTION('',(-0.707106781186542,-4.03498267548259E-16,0.707106781186553));
#5016=DIRECTION('',(-5.706327223608E-16,1.0,0.0));
#5017=ORIENTED_EDGE('',*,*,#8100,.F.);
#5018=ORIENTED_EDGE('',*,*,#7405,.F.);
#5019=ORIENTED_EDGE('',*,*,#7489,.F.);
#5020=ORIENTED_EDGE('',*,*,#8099,.T.);
#5021=ORIENTED_EDGE('',*,*,#7474,.T.);
#5022=ORIENTED_EDGE('',*,*,#8101,.F.);
#5023=ORIENTED_EDGE('',*,*,#8102,.F.);
#5024=ORIENTED_EDGE('',*,*,#8103,.F.);
#5025=ORIENTED_EDGE('',*,*,#8104,.F.);
#5026=CARTESIAN_POINT('',(-1.175,0.083000000000002,0.0850000000000006));
#5027=DIRECTION('',(-1.0,0.0,0.0));
#5028=DIRECTION('',(0.0,0.0,1.0));
#5029=ORIENTED_EDGE('',*,*,#7472,.T.);
#5030=ORIENTED_EDGE('',*,*,#8105,.F.);
#5031=ORIENTED_EDGE('',*,*,#7484,.F.);
#5032=ORIENTED_EDGE('',*,*,#7407,.T.);
#5033=ORIENTED_EDGE('',*,*,#8106,.F.);
#5034=ORIENTED_EDGE('',*,*,#8107,.F.);
#5035=ORIENTED_EDGE('',*,*,#8108,.F.);
#5036=ORIENTED_EDGE('',*,*,#8109,.F.);
#5037=ORIENTED_EDGE('',*,*,#8110,.F.);
#5038=CARTESIAN_POINT('',(-1.325,0.083000000000002,6.17493081521061E-16));
#5039=DIRECTION('',(1.0,0.0,0.0));
#5040=DIRECTION('',(0.0,1.0,0.0));
#5041=ORIENTED_EDGE('',*,*,#8071,.F.);
#5042=ORIENTED_EDGE('',*,*,#7485,.F.);
#5043=ORIENTED_EDGE('',*,*,#8105,.T.);
#5044=ORIENTED_EDGE('',*,*,#7471,.T.);
#5045=CARTESIAN_POINT('',(-1.325,0.083000000000002,0.100000000000001));
#5046=DIRECTION('',(0.0,-5.70632722360792E-16,1.0));
#5047=DIRECTION('',(0.0,-1.0,-5.70632722360792E-16));
#5048=ORIENTED_EDGE('',*,*,#8090,.F.);
#5049=ORIENTED_EDGE('',*,*,#7525,.T.);
#5050=ORIENTED_EDGE('',*,*,#8111,.T.);
#5051=ORIENTED_EDGE('',*,*,#8083,.F.);
#5052=CARTESIAN_POINT('',(-1.135,-0.083000000000002,0.125000000000001));
#5053=DIRECTION('',(0.707106781186542,-4.03498267548259E-16,-0.707106781186553));
#5054=DIRECTION('',(0.0,-1.0,5.70632722360791E-16));
#5055=ORIENTED_EDGE('',*,*,#8084,.F.);
#5056=ORIENTED_EDGE('',*,*,#8111,.F.);
#5057=ORIENTED_EDGE('',*,*,#7528,.T.);
#5058=ORIENTED_EDGE('',*,*,#7421,.T.);
#5059=ORIENTED_EDGE('',*,*,#8112,.F.);
#5060=ORIENTED_EDGE('',*,*,#8113,.F.);
#5061=ORIENTED_EDGE('',*,*,#8114,.F.);
#5062=ORIENTED_EDGE('',*,*,#8115,.F.);
#5063=ORIENTED_EDGE('',*,*,#8116,.F.);
#5064=CARTESIAN_POINT('',(-1.175,-0.083000000000002,0.0850000000000006));
#5065=DIRECTION('',(1.0,0.0,0.0));
#5066=DIRECTION('',(0.0,1.0,0.0));
#5067=ORIENTED_EDGE('',*,*,#8117,.F.);
#5068=ORIENTED_EDGE('',*,*,#7419,.F.);
#5069=ORIENTED_EDGE('',*,*,#7481,.T.);
#5070=ORIENTED_EDGE('',*,*,#8118,.T.);
#5071=ORIENTED_EDGE('',*,*,#8086,.F.);
#5072=ORIENTED_EDGE('',*,*,#8119,.F.);
#5073=ORIENTED_EDGE('',*,*,#8120,.F.);
#5074=ORIENTED_EDGE('',*,*,#8121,.F.);
#5075=ORIENTED_EDGE('',*,*,#8122,.F.);
#5076=CARTESIAN_POINT('',(-1.325,-0.083000000000002,6.17493081521061E-16));
#5077=DIRECTION('',(-1.0,0.0,0.0));
#5078=DIRECTION('',(0.0,0.0,1.0));
#5079=ORIENTED_EDGE('',*,*,#8118,.F.);
#5080=ORIENTED_EDGE('',*,*,#7480,.T.);
#5081=ORIENTED_EDGE('',*,*,#8080,.T.);
#5082=ORIENTED_EDGE('',*,*,#8087,.F.);
#5083=CARTESIAN_POINT('',(-1.325,-0.083000000000002,0.100000000000001));
#5084=DIRECTION('',(0.0,-5.70632722360792E-16,-1.0));
#5085=DIRECTION('',(0.0,-1.0,5.70632722360792E-16));
#5086=ORIENTED_EDGE('',*,*,#8106,.T.);
#5087=ORIENTED_EDGE('',*,*,#7406,.T.);
#5088=ORIENTED_EDGE('',*,*,#8100,.T.);
#5089=ORIENTED_EDGE('',*,*,#8123,.F.);
#5090=CARTESIAN_POINT('',(-2.66,-0.64,0.0700000000000005));
#5091=DIRECTION('',(-1.0,0.0,-0.0));
#5092=DIRECTION('',(0.0,0.0,-1.0));
#5093=ORIENTED_EDGE('',*,*,#8108,.T.);
#5094=ORIENTED_EDGE('',*,*,#8124,.T.);
#5095=ORIENTED_EDGE('',*,*,#8103,.T.);
#5096=ORIENTED_EDGE('',*,*,#8125,.F.);
#5097=CARTESIAN_POINT('',(-2.66,-0.885,-0.0199999999999992));
#5098=DIRECTION('',(-0.0,1.0,0.0));
#5099=DIRECTION('',(1.0,0.0,0.0));
#5100=ORIENTED_EDGE('',*,*,#8109,.T.);
#5101=ORIENTED_EDGE('',*,*,#8125,.T.);
#5102=ORIENTED_EDGE('',*,*,#8102,.T.);
#5103=ORIENTED_EDGE('',*,*,#8126,.F.);
#5104=CARTESIAN_POINT('',(-2.66,-0.885,0.0400000000000004));
#5105=DIRECTION('',(0.0,3.07006227412987E-15,-1.0));
#5106=DIRECTION('',(-1.0,0.0,0.0));
#5107=ORIENTED_EDGE('',*,*,#8110,.T.);
#5108=ORIENTED_EDGE('',*,*,#8126,.T.);
#5109=ORIENTED_EDGE('',*,*,#8101,.T.);
#5110=ORIENTED_EDGE('',*,*,#7473,.F.);
#5111=CARTESIAN_POINT('',(-2.66,-0.64,0.0700000000000005));
#5112=DIRECTION('',(-1.0,0.0,-0.0));
#5113=DIRECTION('',(0.0,0.0,-1.0));
#5114=ORIENTED_EDGE('',*,*,#8107,.T.);
#5115=ORIENTED_EDGE('',*,*,#8123,.T.);
#5116=ORIENTED_EDGE('',*,*,#8104,.T.);
#5117=ORIENTED_EDGE('',*,*,#8124,.F.);
#5118=CARTESIAN_POINT('',(-2.66,-0.64,-0.019999999999999));
#5119=DIRECTION('',(0.0,-1.02335409137662E-15,1.0));
#5120=DIRECTION('',(0.0,-1.0,-1.02335409137662E-15));
#5121=ORIENTED_EDGE('',*,*,#8112,.T.);
#5122=ORIENTED_EDGE('',*,*,#7420,.T.);
#5123=ORIENTED_EDGE('',*,*,#8117,.T.);
#5124=ORIENTED_EDGE('',*,*,#8127,.T.);
#5125=CARTESIAN_POINT('',(-2.66,0.64,0.0700000000000004));
#5126=DIRECTION('',(-1.0,0.0,-0.0));
#5127=DIRECTION('',(0.0,0.0,-1.0));
#5128=ORIENTED_EDGE('',*,*,#8119,.T.);
#5129=ORIENTED_EDGE('',*,*,#8085,.T.);
#5130=ORIENTED_EDGE('',*,*,#8116,.T.);
#5131=ORIENTED_EDGE('',*,*,#8128,.F.);
#5132=CARTESIAN_POINT('',(-2.66,0.64,0.0700000000000004));
#5133=DIRECTION('',(-1.0,0.0,-0.0));
#5134=DIRECTION('',(0.0,0.0,-1.0));
#5135=ORIENTED_EDGE('',*,*,#8120,.T.);
#5136=ORIENTED_EDGE('',*,*,#8128,.T.);
#5137=ORIENTED_EDGE('',*,*,#8115,.T.);
#5138=ORIENTED_EDGE('',*,*,#8129,.F.);
#5139=CARTESIAN_POINT('',(-2.66,0.64,0.0400000000000012));
#5140=DIRECTION('',(0.0,-3.07006227412987E-15,-1.0));
#5141=DIRECTION('',(0.0,-1.0,3.07006227412987E-15));
#5142=ORIENTED_EDGE('',*,*,#8121,.T.);
#5143=ORIENTED_EDGE('',*,*,#8129,.T.);
#5144=ORIENTED_EDGE('',*,*,#8114,.T.);
#5145=ORIENTED_EDGE('',*,*,#8130,.F.);
#5146=CARTESIAN_POINT('',(-2.66,0.885,0.0400000000000004));
#5147=DIRECTION('',(0.0,-1.0,0.0));
#5148=DIRECTION('',(0.0,0.0,-1.0));
#5149=ORIENTED_EDGE('',*,*,#8122,.T.);
#5150=ORIENTED_EDGE('',*,*,#8130,.T.);
#5151=ORIENTED_EDGE('',*,*,#8113,.T.);
#5152=ORIENTED_EDGE('',*,*,#8127,.F.);
#5153=CARTESIAN_POINT('',(-2.66,0.885,-0.0199999999999993));
#5154=DIRECTION('',(0.0,1.29993627823517E-15,1.0));
#5155=DIRECTION('',(0.0,-1.0,1.29993627823517E-15));
#5156=ORIENTED_EDGE('',*,*,#7373,.T.);
#5157=ORIENTED_EDGE('',*,*,#8062,.T.);
#5158=ORIENTED_EDGE('',*,*,#8077,.T.);
#5159=ORIENTED_EDGE('',*,*,#8131,.F.);
#5160=CARTESIAN_POINT('',(-1.002,-0.49,0.200000000000001));
#5161=DIRECTION('',(0.0,0.0,1.0));
#5162=DIRECTION('',(1.0,0.0,0.0));
#5163=ORIENTED_EDGE('',*,*,#7374,.T.);
#5164=ORIENTED_EDGE('',*,*,#8131,.T.);
#5165=ORIENTED_EDGE('',*,*,#8076,.T.);
#5166=ORIENTED_EDGE('',*,*,#8132,.F.);
#5167=CARTESIAN_POINT('',(-1.002,-0.09,0.200000000000001));
#5168=DIRECTION('',(-0.0,1.0,0.0));
#5169=DIRECTION('',(1.0,0.0,0.0));
#5170=ORIENTED_EDGE('',*,*,#7375,.T.);
#5171=ORIENTED_EDGE('',*,*,#8132,.T.);
#5172=ORIENTED_EDGE('',*,*,#8075,.T.);
#5173=ORIENTED_EDGE('',*,*,#8133,.F.);
#5174=CARTESIAN_POINT('',(-1.002,-0.09,0.0700000000000008));
#5175=DIRECTION('',(0.0,0.0,1.0));
#5176=DIRECTION('',(1.0,0.0,0.0));
#5177=ORIENTED_EDGE('',*,*,#7376,.T.);
#5178=ORIENTED_EDGE('',*,*,#8133,.T.);
#5179=ORIENTED_EDGE('',*,*,#8074,.T.);
#5180=ORIENTED_EDGE('',*,*,#8134,.F.);
#5181=CARTESIAN_POINT('',(-1.002,0.09,0.0700000000000008));
#5182=DIRECTION('',(0.0,-1.0,0.0));
#5183=DIRECTION('',(0.0,0.0,-1.0));
#5184=ORIENTED_EDGE('',*,*,#7377,.T.);
#5185=ORIENTED_EDGE('',*,*,#8134,.T.);
#5186=ORIENTED_EDGE('',*,*,#8073,.T.);
#5187=ORIENTED_EDGE('',*,*,#8065,.F.);
#5188=CARTESIAN_POINT('',(-1.002,0.09,0.200000000000001));
#5189=DIRECTION('',(0.0,0.0,1.0));
#5190=DIRECTION('',(1.0,0.0,0.0));
#5191=ORIENTED_EDGE('',*,*,#7409,.T.);
#5192=ORIENTED_EDGE('',*,*,#7483,.T.);
#5193=ORIENTED_EDGE('',*,*,#8031,.T.);
#5194=ORIENTED_EDGE('',*,*,#7858,.F.);
#5195=CARTESIAN_POINT('',(-1.655,-0.49,0.234999999999999));
#5196=DIRECTION('',(0.0,-5.42101086242752E-16,1.0));
#5197=DIRECTION('',(0.0,1.0,5.42101086242752E-16));
#5198=ORIENTED_EDGE('',*,*,#8034,.T.);
#5199=ORIENTED_EDGE('',*,*,#7476,.T.);
#5200=ORIENTED_EDGE('',*,*,#7417,.T.);
#5201=ORIENTED_EDGE('',*,*,#7513,.F.);
#5202=CARTESIAN_POINT('',(-1.655,0.49,0.235));
#5203=DIRECTION('',(0.0,0.0,-1.0));
#5204=DIRECTION('',(1.0,0.0,0.0));
#5205=ORIENTED_EDGE('',*,*,#8089,.T.);
#5206=ORIENTED_EDGE('',*,*,#8094,.T.);
#5207=ORIENTED_EDGE('',*,*,#8042,.T.);
#5208=ORIENTED_EDGE('',*,*,#8057,.T.);
#5209=ORIENTED_EDGE('',*,*,#8092,.T.);
#5210=ORIENTED_EDGE('',*,*,#7509,.T.);
#5211=CARTESIAN_POINT('',(-1.135,0.46,0.350000000000001));
#5212=DIRECTION('',(1.0,-0.0,0.0));
#5213=DIRECTION('',(0.0,0.0,1.0));
#5214=ORIENTED_EDGE('',*,*,#8054,.T.);
#5215=ORIENTED_EDGE('',*,*,#8098,.T.);
#5216=ORIENTED_EDGE('',*,*,#8066,.T.);
#5217=ORIENTED_EDGE('',*,*,#8024,.T.);
#5218=ORIENTED_EDGE('',*,*,#8093,.T.);
#5219=ORIENTED_EDGE('',*,*,#8058,.T.);
#5220=CARTESIAN_POINT('',(-1.3,-0.46,0.350000000000001));
#5221=DIRECTION('',(-1.0,0.0,-0.0));
#5222=DIRECTION('',(0.0,0.0,-1.0));
#5223=ORIENTED_EDGE('',*,*,#8068,.T.);
#5224=ORIENTED_EDGE('',*,*,#8097,.T.);
#5225=ORIENTED_EDGE('',*,*,#8070,.T.);
#5226=ORIENTED_EDGE('',*,*,#7469,.T.);
#5227=CARTESIAN_POINT('',(-1.135,-0.52,0.350000000000001));
#5228=DIRECTION('',(1.0,-0.0,0.0));
#5229=DIRECTION('',(0.0,0.0,1.0));
#5230=ORIENTED_EDGE('',*,*,#8078,.T.);
#5231=ORIENTED_EDGE('',*,*,#8095,.T.);
#5232=ORIENTED_EDGE('',*,*,#8091,.T.);
#5233=ORIENTED_EDGE('',*,*,#8081,.T.);
#5234=CARTESIAN_POINT('',(-1.575,0.52,0.350000000000001));
#5235=DIRECTION('',(-1.0,0.0,-0.0));
#5236=DIRECTION('',(0.0,0.0,-1.0));
#5237=ORIENTED_EDGE('',*,*,#8060,.T.);
#5238=ORIENTED_EDGE('',*,*,#8096,.T.);
#5239=ORIENTED_EDGE('',*,*,#8064,.T.);
#5240=ORIENTED_EDGE('',*,*,#8072,.T.);
#5241=CARTESIAN_POINT('',(-1.605,-0.49,0.350000000000001));
#5242=DIRECTION('',(0.0,-1.0,0.0));
#5243=DIRECTION('',(0.0,0.0,1.0));
#5244=ORIENTED_EDGE('',*,*,#8135,.F.);
#5245=ORIENTED_EDGE('',*,*,#7371,.T.);
#5246=ORIENTED_EDGE('',*,*,#7597,.T.);
#5247=ORIENTED_EDGE('',*,*,#8136,.F.);
#5248=CARTESIAN_POINT('',(-0.985,0.0,0.0));
#5249=DIRECTION('',(1.0,0.0,0.0));
#5250=DIRECTION('',(0.0,1.0,0.0));
#5251=ORIENTED_EDGE('',*,*,#7297,.F.);
#5252=ORIENTED_EDGE('',*,*,#8137,.T.);
#5253=ORIENTED_EDGE('',*,*,#8138,.T.);
#5254=ORIENTED_EDGE('',*,*,#7595,.F.);
#5255=CARTESIAN_POINT('',(-0.765,0.0,0.0));
#5256=DIRECTION('',(1.0,0.0,0.0));
#5257=DIRECTION('',(0.0,1.0,0.0));
#5258=ORIENTED_EDGE('',*,*,#8138,.F.);
#5259=ORIENTED_EDGE('',*,*,#8139,.T.);
#5260=ORIENTED_EDGE('',*,*,#8136,.T.);
#5261=ORIENTED_EDGE('',*,*,#7596,.T.);
#5262=CARTESIAN_POINT('',(-0.985,-0.629999999999999,0.14));
#5263=DIRECTION('',(0.0,0.0,-1.0));
#5264=DIRECTION('',(0.0,-1.0,0.0));
#5265=ORIENTED_EDGE('',*,*,#8140,.F.);
#5266=ORIENTED_EDGE('',*,*,#7229,.F.);
#5267=ORIENTED_EDGE('',*,*,#7642,.T.);
#5268=ORIENTED_EDGE('',*,*,#7364,.T.);
#5269=CARTESIAN_POINT('',(-0.985,0.0,0.0));
#5270=DIRECTION('',(1.0,0.0,0.0));
#5271=DIRECTION('',(0.0,1.0,0.0));
#5272=ORIENTED_EDGE('',*,*,#7227,.T.);
#5273=ORIENTED_EDGE('',*,*,#8141,.T.);
#5274=ORIENTED_EDGE('',*,*,#7288,.F.);
#5275=ORIENTED_EDGE('',*,*,#7643,.F.);
#5276=CARTESIAN_POINT('',(-0.765,0.0,0.0));
#5277=DIRECTION('',(1.0,0.0,0.0));
#5278=DIRECTION('',(0.0,1.0,0.0));
#5279=ORIENTED_EDGE('',*,*,#7883,.F.);
#5280=ORIENTED_EDGE('',*,*,#7831,.F.);
#5281=ORIENTED_EDGE('',*,*,#7882,.F.);
#5282=ORIENTED_EDGE('',*,*,#7886,.F.);
#5283=CARTESIAN_POINT('',(-1.174,0.24,0.1));
#5284=DIRECTION('',(-1.0,0.0,-0.0));
#5285=DIRECTION('',(0.0,0.0,-1.0));
#5286=ORIENTED_EDGE('',*,*,#7885,.F.);
#5287=ORIENTED_EDGE('',*,*,#7887,.F.);
#5288=ORIENTED_EDGE('',*,*,#7880,.F.);
#5289=ORIENTED_EDGE('',*,*,#7833,.T.);
#5290=CARTESIAN_POINT('',(-1.49751681282529E-17,-0.24,0.100000000000001));
#5291=DIRECTION('',(1.0,0.0,1.49751681282528E-16));
#5292=DIRECTION('',(-1.49751681282528E-16,0.0,1.0));
#5293=ORIENTED_EDGE('',*,*,#7879,.F.);
#5294=ORIENTED_EDGE('',*,*,#7838,.F.);
#5295=ORIENTED_EDGE('',*,*,#7889,.F.);
#5296=ORIENTED_EDGE('',*,*,#7891,.F.);
#5297=CARTESIAN_POINT('',(1.355,0.24,0.1));
#5298=DIRECTION('',(1.0,-0.0,0.0));
#5299=DIRECTION('',(0.0,0.0,1.0));
#5300=ORIENTED_EDGE('',*,*,#7878,.F.);
#5301=ORIENTED_EDGE('',*,*,#7892,.F.);
#5302=ORIENTED_EDGE('',*,*,#7890,.F.);
#5303=ORIENTED_EDGE('',*,*,#7836,.T.);
#5304=CARTESIAN_POINT('',(1.49751681282529E-17,-0.24,0.100000000000001));
#5305=DIRECTION('',(-1.0,0.0,1.49751681282528E-16));
#5306=DIRECTION('',(-1.49751681282528E-16,0.0,-1.0));
#5307=ORIENTED_EDGE('',*,*,#8142,.F.);
#5308=ORIENTED_EDGE('',*,*,#7738,.F.);
#5309=ORIENTED_EDGE('',*,*,#8015,.F.);
#5310=ORIENTED_EDGE('',*,*,#7503,.F.);
#5311=ORIENTED_EDGE('',*,*,#7508,.F.);
#5312=ORIENTED_EDGE('',*,*,#7547,.F.);
#5313=CARTESIAN_POINT('',(1.705,0.440000000000001,0.37));
#5314=DIRECTION('',(1.0,-0.0,0.0));
#5315=DIRECTION('',(0.0,0.0,1.0));
#5316=ORIENTED_EDGE('',*,*,#8143,.F.);
#5317=ORIENTED_EDGE('',*,*,#7777,.F.);
#5318=ORIENTED_EDGE('',*,*,#7893,.F.);
#5319=ORIENTED_EDGE('',*,*,#7685,.F.);
#5320=ORIENTED_EDGE('',*,*,#7894,.F.);
#5321=ORIENTED_EDGE('',*,*,#7567,.F.);
#5322=CARTESIAN_POINT('',(1.705,-0.440000000000001,0.37));
#5323=DIRECTION('',(1.0,-0.0,0.0));
#5324=DIRECTION('',(0.0,0.0,1.0));
#5325=ORIENTED_EDGE('',*,*,#8144,.T.);
#5326=ORIENTED_EDGE('',*,*,#7559,.F.);
#5327=ORIENTED_EDGE('',*,*,#8145,.F.);
#5328=ORIENTED_EDGE('',*,*,#7733,.T.);
#5329=CARTESIAN_POINT('',(1.095,0.420000000000001,0.46));
#5330=DIRECTION('',(0.0,0.393919298579169,-0.919145030018057));
#5331=DIRECTION('',(-1.0,0.0,0.0));
#5332=ORIENTED_EDGE('',*,*,#7359,.F.);
#5333=ORIENTED_EDGE('',*,*,#7734,.T.);
#5334=ORIENTED_EDGE('',*,*,#8145,.T.);
#5335=ORIENTED_EDGE('',*,*,#7558,.T.);
#5336=CARTESIAN_POINT('',(1.095,0.0,0.0));
#5337=DIRECTION('',(-1.0,0.0,0.0));
#5338=DIRECTION('',(0.0,0.0,1.0));
#5339=ORIENTED_EDGE('',*,*,#7732,.F.);
#5340=ORIENTED_EDGE('',*,*,#7333,.T.);
#5341=ORIENTED_EDGE('',*,*,#7560,.F.);
#5342=ORIENTED_EDGE('',*,*,#8144,.F.);
#5343=CARTESIAN_POINT('',(1.005,0.0,0.0));
#5344=DIRECTION('',(-1.0,0.0,0.0));
#5345=DIRECTION('',(0.0,0.0,1.0));
#5346=ORIENTED_EDGE('',*,*,#8146,.T.);
#5347=ORIENTED_EDGE('',*,*,#7779,.F.);
#5348=ORIENTED_EDGE('',*,*,#8147,.F.);
#5349=ORIENTED_EDGE('',*,*,#7565,.T.);
#5350=CARTESIAN_POINT('',(1.095,-0.350000000000001,0.43));
#5351=DIRECTION('',(0.0,-0.393919298579169,-0.919145030018057));
#5352=DIRECTION('',(0.0,-0.919145030018057,0.393919298579169));
#5353=ORIENTED_EDGE('',*,*,#7778,.T.);
#5354=ORIENTED_EDGE('',*,*,#8143,.T.);
#5355=ORIENTED_EDGE('',*,*,#7566,.T.);
#5356=ORIENTED_EDGE('',*,*,#8147,.T.);
#5357=CARTESIAN_POINT('',(1.095,0.0,0.0));
#5358=DIRECTION('',(1.0,0.0,0.0));
#5359=DIRECTION('',(0.0,1.0,0.0));
#5360=ORIENTED_EDGE('',*,*,#7356,.F.);
#5361=ORIENTED_EDGE('',*,*,#7780,.F.);
#5362=ORIENTED_EDGE('',*,*,#8146,.F.);
#5363=ORIENTED_EDGE('',*,*,#7564,.F.);
#5364=CARTESIAN_POINT('',(1.005,0.0,0.0));
#5365=DIRECTION('',(1.0,0.0,0.0));
#5366=DIRECTION('',(0.0,1.0,0.0));
#5367=ORIENTED_EDGE('',*,*,#8148,.T.);
#5368=ORIENTED_EDGE('',*,*,#7545,.F.);
#5369=ORIENTED_EDGE('',*,*,#8149,.F.);
#5370=ORIENTED_EDGE('',*,*,#7740,.T.);
#5371=CARTESIAN_POINT('',(-1.005,0.420000000000001,0.46));
#5372=DIRECTION('',(0.0,0.393919298579169,-0.919145030018057));
#5373=DIRECTION('',(-1.0,0.0,0.0));
#5374=ORIENTED_EDGE('',*,*,#7352,.F.);
#5375=ORIENTED_EDGE('',*,*,#7741,.T.);
#5376=ORIENTED_EDGE('',*,*,#8149,.T.);
#5377=ORIENTED_EDGE('',*,*,#7544,.T.);
#5378=CARTESIAN_POINT('',(-1.005,0.0,0.0));
#5379=DIRECTION('',(-1.0,0.0,0.0));
#5380=DIRECTION('',(0.0,0.0,1.0));
#5381=ORIENTED_EDGE('',*,*,#7739,.F.);
#5382=ORIENTED_EDGE('',*,*,#8142,.T.);
#5383=ORIENTED_EDGE('',*,*,#7546,.F.);
#5384=ORIENTED_EDGE('',*,*,#8148,.F.);
#5385=CARTESIAN_POINT('',(-1.095,0.0,0.0));
#5386=DIRECTION('',(-1.0,0.0,0.0));
#5387=DIRECTION('',(0.0,0.0,1.0));
#5388=ORIENTED_EDGE('',*,*,#8150,.T.);
#5389=ORIENTED_EDGE('',*,*,#7542,.F.);
#5390=ORIENTED_EDGE('',*,*,#8151,.F.);
#5391=ORIENTED_EDGE('',*,*,#7743,.T.);
#5392=CARTESIAN_POINT('',(-0.655,0.420000000000001,0.46));
#5393=DIRECTION('',(0.0,0.393919298579169,-0.919145030018057));
#5394=DIRECTION('',(-1.0,0.0,0.0));
#5395=ORIENTED_EDGE('',*,*,#7348,.F.);
#5396=ORIENTED_EDGE('',*,*,#7744,.T.);
#5397=ORIENTED_EDGE('',*,*,#8151,.T.);
#5398=ORIENTED_EDGE('',*,*,#7541,.T.);
#5399=CARTESIAN_POINT('',(-0.655,0.0,0.0));
#5400=DIRECTION('',(-1.0,0.0,0.0));
#5401=DIRECTION('',(0.0,0.0,1.0));
#5402=ORIENTED_EDGE('',*,*,#7742,.F.);
#5403=ORIENTED_EDGE('',*,*,#7350,.T.);
#5404=ORIENTED_EDGE('',*,*,#7543,.F.);
#5405=ORIENTED_EDGE('',*,*,#8150,.F.);
#5406=CARTESIAN_POINT('',(-0.745,0.0,0.0));
#5407=DIRECTION('',(-1.0,0.0,0.0));
#5408=DIRECTION('',(0.0,0.0,1.0));
#5409=ORIENTED_EDGE('',*,*,#8152,.T.);
#5410=ORIENTED_EDGE('',*,*,#7539,.F.);
#5411=ORIENTED_EDGE('',*,*,#8153,.F.);
#5412=ORIENTED_EDGE('',*,*,#7746,.T.);
#5413=CARTESIAN_POINT('',(-0.305,0.420000000000001,0.46));
#5414=DIRECTION('',(0.0,0.393919298579169,-0.919145030018057));
#5415=DIRECTION('',(-1.0,0.0,0.0));
#5416=ORIENTED_EDGE('',*,*,#7344,.F.);
#5417=ORIENTED_EDGE('',*,*,#7747,.T.);
#5418=ORIENTED_EDGE('',*,*,#8153,.T.);
#5419=ORIENTED_EDGE('',*,*,#7538,.T.);
#5420=CARTESIAN_POINT('',(-0.305,0.0,0.0));
#5421=DIRECTION('',(-1.0,0.0,0.0));
#5422=DIRECTION('',(0.0,0.0,1.0));
#5423=ORIENTED_EDGE('',*,*,#7745,.F.);
#5424=ORIENTED_EDGE('',*,*,#7346,.T.);
#5425=ORIENTED_EDGE('',*,*,#7540,.F.);
#5426=ORIENTED_EDGE('',*,*,#8152,.F.);
#5427=CARTESIAN_POINT('',(-0.395,0.0,0.0));
#5428=DIRECTION('',(-1.0,0.0,0.0));
#5429=DIRECTION('',(0.0,0.0,1.0));
#5430=ORIENTED_EDGE('',*,*,#8154,.T.);
#5431=ORIENTED_EDGE('',*,*,#7536,.F.);
#5432=ORIENTED_EDGE('',*,*,#8155,.F.);
#5433=ORIENTED_EDGE('',*,*,#7749,.T.);
#5434=CARTESIAN_POINT('',(0.0450000000000001,0.420000000000001,0.46));
#5435=DIRECTION('',(0.0,0.393919298579169,-0.919145030018057));
#5436=DIRECTION('',(-1.0,0.0,0.0));
#5437=ORIENTED_EDGE('',*,*,#7340,.F.);
#5438=ORIENTED_EDGE('',*,*,#7750,.T.);
#5439=ORIENTED_EDGE('',*,*,#8155,.T.);
#5440=ORIENTED_EDGE('',*,*,#7535,.T.);
#5441=CARTESIAN_POINT('',(0.0450000000000001,0.0,0.0));
#5442=DIRECTION('',(-1.0,0.0,0.0));
#5443=DIRECTION('',(0.0,0.0,1.0));
#5444=ORIENTED_EDGE('',*,*,#7748,.F.);
#5445=ORIENTED_EDGE('',*,*,#7342,.T.);
#5446=ORIENTED_EDGE('',*,*,#7537,.F.);
#5447=ORIENTED_EDGE('',*,*,#8154,.F.);
#5448=CARTESIAN_POINT('',(-0.0449999999999999,0.0,0.0));
#5449=DIRECTION('',(-1.0,0.0,0.0));
#5450=DIRECTION('',(0.0,0.0,1.0));
#5451=ORIENTED_EDGE('',*,*,#8156,.T.);
#5452=ORIENTED_EDGE('',*,*,#7533,.F.);
#5453=ORIENTED_EDGE('',*,*,#8157,.F.);
#5454=ORIENTED_EDGE('',*,*,#7752,.T.);
#5455=CARTESIAN_POINT('',(0.395,0.420000000000001,0.46));
#5456=DIRECTION('',(0.0,0.393919298579169,-0.919145030018057));
#5457=DIRECTION('',(-1.0,0.0,0.0));
#5458=ORIENTED_EDGE('',*,*,#7336,.F.);
#5459=ORIENTED_EDGE('',*,*,#7753,.T.);
#5460=ORIENTED_EDGE('',*,*,#8157,.T.);
#5461=ORIENTED_EDGE('',*,*,#7532,.T.);
#5462=CARTESIAN_POINT('',(0.395,0.0,0.0));
#5463=DIRECTION('',(-1.0,0.0,0.0));
#5464=DIRECTION('',(0.0,0.0,1.0));
#5465=ORIENTED_EDGE('',*,*,#7751,.F.);
#5466=ORIENTED_EDGE('',*,*,#7338,.T.);
#5467=ORIENTED_EDGE('',*,*,#7534,.F.);
#5468=ORIENTED_EDGE('',*,*,#8156,.F.);
#5469=CARTESIAN_POINT('',(0.305,0.0,0.0));
#5470=DIRECTION('',(-1.0,0.0,0.0));
#5471=DIRECTION('',(0.0,0.0,1.0));
#5472=ORIENTED_EDGE('',*,*,#8158,.T.);
#5473=ORIENTED_EDGE('',*,*,#7530,.F.);
#5474=ORIENTED_EDGE('',*,*,#8159,.F.);
#5475=ORIENTED_EDGE('',*,*,#7755,.T.);
#5476=CARTESIAN_POINT('',(0.745,0.420000000000001,0.46));
#5477=DIRECTION('',(0.0,0.393919298579169,-0.919145030018057));
#5478=DIRECTION('',(-1.0,0.0,0.0));
#5479=ORIENTED_EDGE('',*,*,#7331,.F.);
#5480=ORIENTED_EDGE('',*,*,#7731,.T.);
#5481=ORIENTED_EDGE('',*,*,#8159,.T.);
#5482=ORIENTED_EDGE('',*,*,#7529,.T.);
#5483=CARTESIAN_POINT('',(0.745,0.0,0.0));
#5484=DIRECTION('',(-1.0,0.0,0.0));
#5485=DIRECTION('',(0.0,0.0,1.0));
#5486=ORIENTED_EDGE('',*,*,#7754,.F.);
#5487=ORIENTED_EDGE('',*,*,#7334,.T.);
#5488=ORIENTED_EDGE('',*,*,#7531,.F.);
#5489=ORIENTED_EDGE('',*,*,#8158,.F.);
#5490=CARTESIAN_POINT('',(0.655,0.0,0.0));
#5491=DIRECTION('',(-1.0,0.0,0.0));
#5492=DIRECTION('',(0.0,0.0,1.0));
#5493=ORIENTED_EDGE('',*,*,#8160,.T.);
#5494=ORIENTED_EDGE('',*,*,#7772,.F.);
#5495=ORIENTED_EDGE('',*,*,#8161,.F.);
#5496=ORIENTED_EDGE('',*,*,#7580,.T.);
#5497=CARTESIAN_POINT('',(-1.005,-0.350000000000001,0.43));
#5498=DIRECTION('',(0.0,-0.393919298579169,-0.919145030018057));
#5499=DIRECTION('',(0.0,-0.919145030018057,0.393919298579169));
#5500=ORIENTED_EDGE('',*,*,#7771,.T.);
#5501=ORIENTED_EDGE('',*,*,#7323,.T.);
#5502=ORIENTED_EDGE('',*,*,#7581,.T.);
#5503=ORIENTED_EDGE('',*,*,#8161,.T.);
#5504=CARTESIAN_POINT('',(-1.005,0.0,0.0));
#5505=DIRECTION('',(1.0,0.0,0.0));
#5506=DIRECTION('',(0.0,1.0,0.0));
#5507=ORIENTED_EDGE('',*,*,#7325,.F.);
#5508=ORIENTED_EDGE('',*,*,#7773,.F.);
#5509=ORIENTED_EDGE('',*,*,#8160,.F.);
#5510=ORIENTED_EDGE('',*,*,#7579,.F.);
#5511=CARTESIAN_POINT('',(-1.095,0.0,0.0));
#5512=DIRECTION('',(1.0,0.0,0.0));
#5513=DIRECTION('',(0.0,1.0,0.0));
#5514=ORIENTED_EDGE('',*,*,#8162,.T.);
#5515=ORIENTED_EDGE('',*,*,#7769,.F.);
#5516=ORIENTED_EDGE('',*,*,#8163,.F.);
#5517=ORIENTED_EDGE('',*,*,#7583,.T.);
#5518=CARTESIAN_POINT('',(-0.655,-0.350000000000001,0.43));
#5519=DIRECTION('',(0.0,-0.393919298579169,-0.919145030018057));
#5520=DIRECTION('',(0.0,-0.919145030018057,0.393919298579169));
#5521=ORIENTED_EDGE('',*,*,#7768,.T.);
#5522=ORIENTED_EDGE('',*,*,#7319,.T.);
#5523=ORIENTED_EDGE('',*,*,#7584,.T.);
#5524=ORIENTED_EDGE('',*,*,#8163,.T.);
#5525=CARTESIAN_POINT('',(-0.655,0.0,0.0));
#5526=DIRECTION('',(1.0,0.0,0.0));
#5527=DIRECTION('',(0.0,1.0,0.0));
#5528=ORIENTED_EDGE('',*,*,#7321,.F.);
#5529=ORIENTED_EDGE('',*,*,#7770,.F.);
#5530=ORIENTED_EDGE('',*,*,#8162,.F.);
#5531=ORIENTED_EDGE('',*,*,#7582,.F.);
#5532=CARTESIAN_POINT('',(-0.745,0.0,0.0));
#5533=DIRECTION('',(1.0,0.0,0.0));
#5534=DIRECTION('',(0.0,1.0,0.0));
#5535=ORIENTED_EDGE('',*,*,#8164,.T.);
#5536=ORIENTED_EDGE('',*,*,#7766,.F.);
#5537=ORIENTED_EDGE('',*,*,#8165,.F.);
#5538=ORIENTED_EDGE('',*,*,#7586,.T.);
#5539=CARTESIAN_POINT('',(-0.305,-0.350000000000001,0.43));
#5540=DIRECTION('',(0.0,-0.393919298579169,-0.919145030018057));
#5541=DIRECTION('',(0.0,-0.919145030018057,0.393919298579169));
#5542=ORIENTED_EDGE('',*,*,#7765,.T.);
#5543=ORIENTED_EDGE('',*,*,#7315,.T.);
#5544=ORIENTED_EDGE('',*,*,#7587,.T.);
#5545=ORIENTED_EDGE('',*,*,#8165,.T.);
#5546=CARTESIAN_POINT('',(-0.305,0.0,0.0));
#5547=DIRECTION('',(1.0,0.0,0.0));
#5548=DIRECTION('',(0.0,1.0,0.0));
#5549=ORIENTED_EDGE('',*,*,#7317,.F.);
#5550=ORIENTED_EDGE('',*,*,#7767,.F.);
#5551=ORIENTED_EDGE('',*,*,#8164,.F.);
#5552=ORIENTED_EDGE('',*,*,#7585,.F.);
#5553=CARTESIAN_POINT('',(-0.395,0.0,0.0));
#5554=DIRECTION('',(1.0,0.0,0.0));
#5555=DIRECTION('',(0.0,1.0,0.0));
#5556=ORIENTED_EDGE('',*,*,#8166,.T.);
#5557=ORIENTED_EDGE('',*,*,#7763,.F.);
#5558=ORIENTED_EDGE('',*,*,#8167,.F.);
#5559=ORIENTED_EDGE('',*,*,#7589,.T.);
#5560=CARTESIAN_POINT('',(0.0450000000000001,-0.350000000000001,0.43));
#5561=DIRECTION('',(0.0,-0.393919298579169,-0.919145030018057));
#5562=DIRECTION('',(0.0,-0.919145030018057,0.393919298579169));
#5563=ORIENTED_EDGE('',*,*,#7762,.T.);
#5564=ORIENTED_EDGE('',*,*,#7311,.T.);
#5565=ORIENTED_EDGE('',*,*,#7590,.T.);
#5566=ORIENTED_EDGE('',*,*,#8167,.T.);
#5567=CARTESIAN_POINT('',(0.0450000000000001,0.0,0.0));
#5568=DIRECTION('',(1.0,0.0,0.0));
#5569=DIRECTION('',(0.0,1.0,0.0));
#5570=ORIENTED_EDGE('',*,*,#7313,.F.);
#5571=ORIENTED_EDGE('',*,*,#7764,.F.);
#5572=ORIENTED_EDGE('',*,*,#8166,.F.);
#5573=ORIENTED_EDGE('',*,*,#7588,.F.);
#5574=CARTESIAN_POINT('',(-0.0449999999999999,0.0,0.0));
#5575=DIRECTION('',(1.0,0.0,0.0));
#5576=DIRECTION('',(0.0,1.0,0.0));
#5577=ORIENTED_EDGE('',*,*,#8168,.T.);
#5578=ORIENTED_EDGE('',*,*,#7760,.F.);
#5579=ORIENTED_EDGE('',*,*,#8169,.F.);
#5580=ORIENTED_EDGE('',*,*,#7592,.T.);
#5581=CARTESIAN_POINT('',(0.395,-0.350000000000001,0.43));
#5582=DIRECTION('',(0.0,-0.393919298579169,-0.919145030018057));
#5583=DIRECTION('',(0.0,-0.919145030018057,0.393919298579169));
#5584=ORIENTED_EDGE('',*,*,#7759,.T.);
#5585=ORIENTED_EDGE('',*,*,#7307,.T.);
#5586=ORIENTED_EDGE('',*,*,#7593,.T.);
#5587=ORIENTED_EDGE('',*,*,#8169,.T.);
#5588=CARTESIAN_POINT('',(0.395,0.0,0.0));
#5589=DIRECTION('',(1.0,0.0,0.0));
#5590=DIRECTION('',(0.0,1.0,0.0));
#5591=ORIENTED_EDGE('',*,*,#7309,.F.);
#5592=ORIENTED_EDGE('',*,*,#7761,.F.);
#5593=ORIENTED_EDGE('',*,*,#8168,.F.);
#5594=ORIENTED_EDGE('',*,*,#7591,.F.);
#5595=CARTESIAN_POINT('',(0.305,0.0,0.0));
#5596=DIRECTION('',(1.0,0.0,0.0));
#5597=DIRECTION('',(0.0,1.0,0.0));
#5598=ORIENTED_EDGE('',*,*,#8170,.T.);
#5599=ORIENTED_EDGE('',*,*,#7757,.F.);
#5600=ORIENTED_EDGE('',*,*,#8171,.F.);
#5601=ORIENTED_EDGE('',*,*,#7562,.T.);
#5602=CARTESIAN_POINT('',(0.745,-0.350000000000001,0.43));
#5603=DIRECTION('',(0.0,-0.393919298579169,-0.919145030018057));
#5604=DIRECTION('',(0.0,-0.919145030018057,0.393919298579169));
#5605=ORIENTED_EDGE('',*,*,#7756,.T.);
#5606=ORIENTED_EDGE('',*,*,#7354,.T.);
#5607=ORIENTED_EDGE('',*,*,#7563,.T.);
#5608=ORIENTED_EDGE('',*,*,#8171,.T.);
#5609=CARTESIAN_POINT('',(0.745,0.0,0.0));
#5610=DIRECTION('',(1.0,0.0,0.0));
#5611=DIRECTION('',(0.0,1.0,0.0));
#5612=ORIENTED_EDGE('',*,*,#7305,.F.);
#5613=ORIENTED_EDGE('',*,*,#7758,.F.);
#5614=ORIENTED_EDGE('',*,*,#8170,.F.);
#5615=ORIENTED_EDGE('',*,*,#7561,.F.);
#5616=CARTESIAN_POINT('',(0.655,0.0,0.0));
#5617=DIRECTION('',(1.0,0.0,0.0));
#5618=DIRECTION('',(0.0,1.0,0.0));
#5619=ORIENTED_EDGE('',*,*,#8172,.F.);
#5620=ORIENTED_EDGE('',*,*,#7299,.T.);
#5621=ORIENTED_EDGE('',*,*,#7594,.T.);
#5622=ORIENTED_EDGE('',*,*,#7189,.T.);
#5623=CARTESIAN_POINT('',(-0.635,-0.585,0.29));
#5624=DIRECTION('',(1.0,-4.81867632215781E-15,0.0));
#5625=DIRECTION('',(-4.81867632215781E-15,-1.0,0.0));
#5626=ORIENTED_EDGE('',*,*,#8173,.F.);
#5627=ORIENTED_EDGE('',*,*,#7237,.T.);
#5628=ORIENTED_EDGE('',*,*,#7622,.F.);
#5629=ORIENTED_EDGE('',*,*,#7286,.T.);
#5630=CARTESIAN_POINT('',(-0.635,0.629999999999999,0.29));
#5631=DIRECTION('',(1.0,4.81867632215781E-15,0.0));
#5632=DIRECTION('',(-4.81867632215781E-15,1.0,0.0));
#5633=ORIENTED_EDGE('',*,*,#7794,.F.);
#5634=ORIENTED_EDGE('',*,*,#8174,.T.);
#5635=ORIENTED_EDGE('',*,*,#8175,.T.);
#5636=ORIENTED_EDGE('',*,*,#8176,.T.);
#5637=ORIENTED_EDGE('',*,*,#7800,.F.);
#5638=ORIENTED_EDGE('',*,*,#7797,.F.);
#5639=CARTESIAN_POINT('',(0.985,0.539999999999992,0.37));
#5640=DIRECTION('',(1.0,0.0,0.0));
#5641=DIRECTION('',(0.0,1.0,0.0));
#5642=ORIENTED_EDGE('',*,*,#8177,.F.);
#5643=ORIENTED_EDGE('',*,*,#7292,.T.);
#5644=ORIENTED_EDGE('',*,*,#7282,.T.);
#5645=ORIENTED_EDGE('',*,*,#7285,.T.);
#5646=ORIENTED_EDGE('',*,*,#8178,.F.);
#5647=ORIENTED_EDGE('',*,*,#8179,.F.);
#5648=CARTESIAN_POINT('',(0.765,0.539999999999992,0.37));
#5649=DIRECTION('',(1.0,0.0,0.0));
#5650=DIRECTION('',(0.0,1.0,0.0));
#5651=ORIENTED_EDGE('',*,*,#8012,.T.);
#5652=ORIENTED_EDGE('',*,*,#8177,.T.);
#5653=ORIENTED_EDGE('',*,*,#8180,.F.);
#5654=ORIENTED_EDGE('',*,*,#8174,.F.);
#5655=ORIENTED_EDGE('',*,*,#8011,.F.);
#5656=ORIENTED_EDGE('',*,*,#8014,.T.);
#5657=CARTESIAN_POINT('',(0.985,0.614999999999992,0.14));
#5658=DIRECTION('',(0.0,-1.0,0.0));
#5659=DIRECTION('',(0.0,0.0,-1.0));
#5660=ORIENTED_EDGE('',*,*,#8179,.T.);
#5661=ORIENTED_EDGE('',*,*,#8181,.F.);
#5662=ORIENTED_EDGE('',*,*,#8175,.F.);
#5663=ORIENTED_EDGE('',*,*,#8180,.T.);
#5664=CARTESIAN_POINT('',(0.985,0.614999999999992,0.34));
#5665=DIRECTION('',(0.0,-0.707106781186548,0.707106781186548));
#5666=DIRECTION('',(-1.0,0.0,0.0));
#5667=ORIENTED_EDGE('',*,*,#8178,.T.);
#5668=ORIENTED_EDGE('',*,*,#7810,.F.);
#5669=ORIENTED_EDGE('',*,*,#8176,.F.);
#5670=ORIENTED_EDGE('',*,*,#8181,.T.);
#5671=CARTESIAN_POINT('',(0.985,0.629999999999992,0.355));
#5672=DIRECTION('',(0.0,-1.0,0.0));
#5673=DIRECTION('',(0.0,0.0,-1.0));
#5674=ORIENTED_EDGE('',*,*,#7826,.F.);
#5675=ORIENTED_EDGE('',*,*,#7823,.F.);
#5676=ORIENTED_EDGE('',*,*,#7820,.F.);
#5677=ORIENTED_EDGE('',*,*,#8182,.T.);
#5678=ORIENTED_EDGE('',*,*,#8183,.T.);
#5679=ORIENTED_EDGE('',*,*,#8184,.T.);
#5680=CARTESIAN_POINT('',(0.985,-0.539999999999992,0.37));
#5681=DIRECTION('',(1.0,0.0,0.0));
#5682=DIRECTION('',(0.0,1.0,0.0));
#5683=ORIENTED_EDGE('',*,*,#7274,.T.);
#5684=ORIENTED_EDGE('',*,*,#7302,.T.);
#5685=ORIENTED_EDGE('',*,*,#8185,.F.);
#5686=ORIENTED_EDGE('',*,*,#8186,.F.);
#5687=ORIENTED_EDGE('',*,*,#8187,.F.);
#5688=ORIENTED_EDGE('',*,*,#7271,.T.);
#5689=CARTESIAN_POINT('',(0.765,-0.539999999999992,0.37));
#5690=DIRECTION('',(1.0,0.0,0.0));
#5691=DIRECTION('',(0.0,1.0,0.0));
#5692=ORIENTED_EDGE('',*,*,#8187,.T.);
#5693=ORIENTED_EDGE('',*,*,#8188,.F.);
#5694=ORIENTED_EDGE('',*,*,#8182,.F.);
#5695=ORIENTED_EDGE('',*,*,#7817,.T.);
#5696=CARTESIAN_POINT('',(0.985,-0.629999999999992,0.37));
#5697=DIRECTION('',(-0.0,1.0,0.0));
#5698=DIRECTION('',(1.0,0.0,0.0));
#5699=ORIENTED_EDGE('',*,*,#8186,.T.);
#5700=ORIENTED_EDGE('',*,*,#8189,.F.);
#5701=ORIENTED_EDGE('',*,*,#8183,.F.);
#5702=ORIENTED_EDGE('',*,*,#8188,.T.);
#5703=CARTESIAN_POINT('',(0.985,-0.629999999999992,0.355));
#5704=DIRECTION('',(0.0,0.707106781186548,0.707106781186548));
#5705=DIRECTION('',(1.0,0.0,-0.0));
#5706=ORIENTED_EDGE('',*,*,#8185,.T.);
#5707=ORIENTED_EDGE('',*,*,#8009,.T.);
#5708=ORIENTED_EDGE('',*,*,#7276,.F.);
#5709=ORIENTED_EDGE('',*,*,#8008,.F.);
#5710=ORIENTED_EDGE('',*,*,#8184,.F.);
#5711=ORIENTED_EDGE('',*,*,#8189,.T.);
#5712=CARTESIAN_POINT('',(0.985,-0.614999999999992,0.34));
#5713=DIRECTION('',(-0.0,1.0,0.0));
#5714=DIRECTION('',(1.0,0.0,0.0));
#5715=ORIENTED_EDGE('',*,*,#7787,.F.);
#5716=ORIENTED_EDGE('',*,*,#7441,.T.);
#5717=ORIENTED_EDGE('',*,*,#8190,.T.);
#5718=ORIENTED_EDGE('',*,*,#8191,.T.);
#5719=ORIENTED_EDGE('',*,*,#8192,.T.);
#5720=ORIENTED_EDGE('',*,*,#8193,.T.);
#5721=ORIENTED_EDGE('',*,*,#8194,.T.);
#5722=ORIENTED_EDGE('',*,*,#7247,.T.);
#5723=ORIENTED_EDGE('',*,*,#8195,.F.);
#5724=ORIENTED_EDGE('',*,*,#7790,.F.);
#5725=CARTESIAN_POINT('',(0.925,0.8,0.0));
#5726=DIRECTION('',(1.0,0.0,0.0));
#5727=DIRECTION('',(0.0,1.0,0.0));
#5728=ORIENTED_EDGE('',*,*,#7439,.F.);
#5729=ORIENTED_EDGE('',*,*,#7267,.T.);
#5730=ORIENTED_EDGE('',*,*,#7260,.T.);
#5731=ORIENTED_EDGE('',*,*,#8196,.T.);
#5732=ORIENTED_EDGE('',*,*,#7249,.F.);
#5733=ORIENTED_EDGE('',*,*,#8197,.F.);
#5734=ORIENTED_EDGE('',*,*,#8198,.F.);
#5735=ORIENTED_EDGE('',*,*,#8199,.F.);
#5736=ORIENTED_EDGE('',*,*,#8200,.F.);
#5737=ORIENTED_EDGE('',*,*,#8201,.F.);
#5738=CARTESIAN_POINT('',(0.825,0.8,0.0));
#5739=DIRECTION('',(1.0,0.0,0.0));
#5740=DIRECTION('',(0.0,1.0,0.0));
#5741=ORIENTED_EDGE('',*,*,#8201,.T.);
#5742=ORIENTED_EDGE('',*,*,#8202,.F.);
#5743=ORIENTED_EDGE('',*,*,#8190,.F.);
#5744=ORIENTED_EDGE('',*,*,#7440,.T.);
#5745=CARTESIAN_POINT('',(0.925,0.8,0.0));
#5746=DIRECTION('',(1.0,-0.0,0.0));
#5747=DIRECTION('',(0.0,0.0,1.0));
#5748=ORIENTED_EDGE('',*,*,#8200,.T.);
#5749=ORIENTED_EDGE('',*,*,#8203,.F.);
#5750=ORIENTED_EDGE('',*,*,#8191,.F.);
#5751=ORIENTED_EDGE('',*,*,#8202,.T.);
#5752=CARTESIAN_POINT('',(0.925,0.8,-0.02));
#5753=DIRECTION('',(0.0,0.0,1.0));
#5754=DIRECTION('',(1.0,0.0,0.0));
#5755=ORIENTED_EDGE('',*,*,#8199,.T.);
#5756=ORIENTED_EDGE('',*,*,#8204,.F.);
#5757=ORIENTED_EDGE('',*,*,#8192,.F.);
#5758=ORIENTED_EDGE('',*,*,#8203,.T.);
#5759=CARTESIAN_POINT('',(0.925,1.0,-0.02));
#5760=DIRECTION('',(0.0,-1.0,0.0));
#5761=DIRECTION('',(0.0,0.0,-1.0));
#5762=ORIENTED_EDGE('',*,*,#8198,.T.);
#5763=ORIENTED_EDGE('',*,*,#8205,.F.);
#5764=ORIENTED_EDGE('',*,*,#8193,.F.);
#5765=ORIENTED_EDGE('',*,*,#8204,.T.);
#5766=CARTESIAN_POINT('',(0.925,1.0,0.04));
#5767=DIRECTION('',(0.0,-1.01643953670512E-16,-1.0));
#5768=DIRECTION('',(0.0,-1.0,1.01643953670512E-16));
#5769=ORIENTED_EDGE('',*,*,#8197,.T.);
#5770=ORIENTED_EDGE('',*,*,#7248,.F.);
#5771=ORIENTED_EDGE('',*,*,#8194,.F.);
#5772=ORIENTED_EDGE('',*,*,#8205,.T.);
#5773=CARTESIAN_POINT('',(0.925,0.779999999999992,0.04));
#5774=DIRECTION('',(1.0,-0.0,0.0));
#5775=DIRECTION('',(0.0,0.0,1.0));
#5776=ORIENTED_EDGE('',*,*,#8206,.F.);
#5777=ORIENTED_EDGE('',*,*,#7615,.T.);
#5778=ORIENTED_EDGE('',*,*,#8207,.T.);
#5779=ORIENTED_EDGE('',*,*,#8208,.F.);
#5780=CARTESIAN_POINT('',(0.925,-0.35,0.0600000000000001));
#5781=DIRECTION('',(0.0,1.89105030084685E-16,-1.0));
#5782=DIRECTION('',(-1.0,0.0,0.0));
#5783=ORIENTED_EDGE('',*,*,#7782,.F.);
#5784=ORIENTED_EDGE('',*,*,#8209,.T.);
#5785=ORIENTED_EDGE('',*,*,#8206,.T.);
#5786=ORIENTED_EDGE('',*,*,#8210,.T.);
#5787=ORIENTED_EDGE('',*,*,#8211,.T.);
#5788=ORIENTED_EDGE('',*,*,#8212,.T.);
#5789=ORIENTED_EDGE('',*,*,#8213,.T.);
#5790=ORIENTED_EDGE('',*,*,#8214,.T.);
#5791=ORIENTED_EDGE('',*,*,#7465,.T.);
#5792=ORIENTED_EDGE('',*,*,#7785,.F.);
#5793=CARTESIAN_POINT('',(0.925,-0.8,0.0));
#5794=DIRECTION('',(1.0,0.0,0.0));
#5795=DIRECTION('',(0.0,1.0,0.0));
#5796=ORIENTED_EDGE('',*,*,#8215,.F.);
#5797=ORIENTED_EDGE('',*,*,#7254,.T.);
#5798=ORIENTED_EDGE('',*,*,#7264,.T.);
#5799=ORIENTED_EDGE('',*,*,#7467,.F.);
#5800=ORIENTED_EDGE('',*,*,#8216,.F.);
#5801=ORIENTED_EDGE('',*,*,#8217,.F.);
#5802=ORIENTED_EDGE('',*,*,#8218,.F.);
#5803=ORIENTED_EDGE('',*,*,#8219,.F.);
#5804=ORIENTED_EDGE('',*,*,#8220,.F.);
#5805=ORIENTED_EDGE('',*,*,#8207,.F.);
#5806=CARTESIAN_POINT('',(0.825,-0.8,0.0));
#5807=DIRECTION('',(1.0,0.0,0.0));
#5808=DIRECTION('',(0.0,1.0,0.0));
#5809=ORIENTED_EDGE('',*,*,#8218,.T.);
#5810=ORIENTED_EDGE('',*,*,#8221,.F.);
#5811=ORIENTED_EDGE('',*,*,#8212,.F.);
#5812=ORIENTED_EDGE('',*,*,#8222,.T.);
#5813=CARTESIAN_POINT('',(0.925,-1.0,0.04));
#5814=DIRECTION('',(-0.0,1.0,0.0));
#5815=DIRECTION('',(1.0,0.0,0.0));
#5816=ORIENTED_EDGE('',*,*,#8217,.T.);
#5817=ORIENTED_EDGE('',*,*,#8223,.F.);
#5818=ORIENTED_EDGE('',*,*,#8213,.F.);
#5819=ORIENTED_EDGE('',*,*,#8221,.T.);
#5820=CARTESIAN_POINT('',(0.925,-1.0,-0.02));
#5821=DIRECTION('',(0.0,0.0,1.0));
#5822=DIRECTION('',(1.0,0.0,0.0));
#5823=ORIENTED_EDGE('',*,*,#8216,.T.);
#5824=ORIENTED_EDGE('',*,*,#7466,.F.);
#5825=ORIENTED_EDGE('',*,*,#8214,.F.);
#5826=ORIENTED_EDGE('',*,*,#8223,.T.);
#5827=CARTESIAN_POINT('',(0.925,-0.8,0.0));
#5828=DIRECTION('',(1.0,-0.0,0.0));
#5829=DIRECTION('',(0.0,0.0,1.0));
#5830=ORIENTED_EDGE('',*,*,#8220,.T.);
#5831=ORIENTED_EDGE('',*,*,#8224,.F.);
#5832=ORIENTED_EDGE('',*,*,#8210,.F.);
#5833=ORIENTED_EDGE('',*,*,#8208,.T.);
#5834=CARTESIAN_POINT('',(0.925,-0.779999999999992,0.04));
#5835=DIRECTION('',(1.0,-0.0,0.0));
#5836=DIRECTION('',(0.0,0.0,1.0));
#5837=ORIENTED_EDGE('',*,*,#8219,.T.);
#5838=ORIENTED_EDGE('',*,*,#8222,.F.);
#5839=ORIENTED_EDGE('',*,*,#8211,.F.);
#5840=ORIENTED_EDGE('',*,*,#8224,.T.);
#5841=CARTESIAN_POINT('',(0.925,-0.799999999999992,0.04));
#5842=DIRECTION('',(0.0,1.01643953670512E-16,-1.0));
#5843=DIRECTION('',(-1.0,0.0,0.0));
#5844=ORIENTED_EDGE('',*,*,#7791,.F.);
#5845=ORIENTED_EDGE('',*,*,#8195,.T.);
#5846=ORIENTED_EDGE('',*,*,#7629,.F.);
#5847=CARTESIAN_POINT('',(0.965000000000001,-11.844,0.0999999999998797));
#5848=DIRECTION('',(0.707106781186546,6.81463740748168E-15,-0.707106781186549));
#5849=DIRECTION('',(0.0,-1.0,-9.6373526443156E-15));
#5850=ORIENTED_EDGE('',*,*,#7259,.F.);
#5851=ORIENTED_EDGE('',*,*,#7630,.F.);
#5852=ORIENTED_EDGE('',*,*,#8196,.F.);
#5853=CARTESIAN_POINT('',(0.825,-11.844,0.0599999999998798));
#5854=DIRECTION('',(-0.707106781186546,6.81463740748168E-15,-0.707106781186549));
#5855=DIRECTION('',(-0.707106781186549,0.0,0.707106781186546));
#5856=ORIENTED_EDGE('',*,*,#7781,.F.);
#5857=ORIENTED_EDGE('',*,*,#7616,.T.);
#5858=ORIENTED_EDGE('',*,*,#8209,.F.);
#5859=CARTESIAN_POINT('',(0.965000000000001,-11.844,0.0999999999998797));
#5860=DIRECTION('',(0.707106781186546,6.81463740748168E-15,-0.707106781186549));
#5861=DIRECTION('',(0.0,-1.0,-9.6373526443156E-15));
#5862=ORIENTED_EDGE('',*,*,#7255,.F.);
#5863=ORIENTED_EDGE('',*,*,#8215,.T.);
#5864=ORIENTED_EDGE('',*,*,#7614,.T.);
#5865=CARTESIAN_POINT('',(0.825,-11.844,0.0599999999998798));
#5866=DIRECTION('',(-0.707106781186546,6.81463740748168E-15,-0.707106781186549));
#5867=DIRECTION('',(-0.707106781186549,0.0,0.707106781186546));
#5868=ORIENTED_EDGE('',*,*,#7201,.F.);
#5869=ORIENTED_EDGE('',*,*,#7239,.T.);
#5870=ORIENTED_EDGE('',*,*,#8225,.T.);
#5871=ORIENTED_EDGE('',*,*,#8226,.T.);
#5872=ORIENTED_EDGE('',*,*,#8227,.T.);
#5873=ORIENTED_EDGE('',*,*,#7218,.F.);
#5874=CARTESIAN_POINT('',(-0.415,0.539999999999992,0.37));
#5875=DIRECTION('',(1.0,0.0,0.0));
#5876=DIRECTION('',(0.0,1.0,0.0));
#5877=ORIENTED_EDGE('',*,*,#7203,.T.);
#5878=ORIENTED_EDGE('',*,*,#7220,.T.);
#5879=ORIENTED_EDGE('',*,*,#8228,.F.);
#5880=ORIENTED_EDGE('',*,*,#8229,.F.);
#5881=ORIENTED_EDGE('',*,*,#8230,.F.);
#5882=ORIENTED_EDGE('',*,*,#7290,.T.);
#5883=CARTESIAN_POINT('',(-0.635,0.539999999999992,0.37));
#5884=DIRECTION('',(1.0,0.0,0.0));
#5885=DIRECTION('',(0.0,1.0,0.0));
#5886=ORIENTED_EDGE('',*,*,#8173,.T.);
#5887=ORIENTED_EDGE('',*,*,#8230,.T.);
#5888=ORIENTED_EDGE('',*,*,#8231,.F.);
#5889=ORIENTED_EDGE('',*,*,#8225,.F.);
#5890=ORIENTED_EDGE('',*,*,#7238,.T.);
#5891=CARTESIAN_POINT('',(-0.415,0.614999999999992,0.14));
#5892=DIRECTION('',(0.0,-1.0,0.0));
#5893=DIRECTION('',(0.0,0.0,-1.0));
#5894=ORIENTED_EDGE('',*,*,#8229,.T.);
#5895=ORIENTED_EDGE('',*,*,#8232,.F.);
#5896=ORIENTED_EDGE('',*,*,#8226,.F.);
#5897=ORIENTED_EDGE('',*,*,#8231,.T.);
#5898=CARTESIAN_POINT('',(-0.415,0.614999999999992,0.34));
#5899=DIRECTION('',(0.0,-0.707106781186548,0.707106781186548));
#5900=DIRECTION('',(-1.0,0.0,0.0));
#5901=ORIENTED_EDGE('',*,*,#8228,.T.);
#5902=ORIENTED_EDGE('',*,*,#7806,.F.);
#5903=ORIENTED_EDGE('',*,*,#8227,.F.);
#5904=ORIENTED_EDGE('',*,*,#8232,.T.);
#5905=CARTESIAN_POINT('',(-0.415,0.629999999999992,0.355));
#5906=DIRECTION('',(0.0,-1.0,0.0));
#5907=DIRECTION('',(0.0,0.0,-1.0));
#5908=ORIENTED_EDGE('',*,*,#7197,.F.);
#5909=ORIENTED_EDGE('',*,*,#7242,.T.);
#5910=ORIENTED_EDGE('',*,*,#8233,.T.);
#5911=ORIENTED_EDGE('',*,*,#8234,.T.);
#5912=ORIENTED_EDGE('',*,*,#8235,.T.);
#5913=ORIENTED_EDGE('',*,*,#7215,.F.);
#5914=CARTESIAN_POINT('',(-0.0649999999999999,0.539999999999992,0.37));
#5915=DIRECTION('',(1.0,0.0,0.0));
#5916=DIRECTION('',(0.0,1.0,0.0));
#5917=ORIENTED_EDGE('',*,*,#7240,.F.);
#5918=ORIENTED_EDGE('',*,*,#7199,.T.);
#5919=ORIENTED_EDGE('',*,*,#7217,.T.);
#5920=ORIENTED_EDGE('',*,*,#8236,.F.);
#5921=ORIENTED_EDGE('',*,*,#8237,.F.);
#5922=ORIENTED_EDGE('',*,*,#8238,.F.);
#5923=CARTESIAN_POINT('',(-0.285,0.539999999999992,0.37));
#5924=DIRECTION('',(1.0,0.0,0.0));
#5925=DIRECTION('',(0.0,1.0,0.0));
#5926=ORIENTED_EDGE('',*,*,#8238,.T.);
#5927=ORIENTED_EDGE('',*,*,#8239,.F.);
#5928=ORIENTED_EDGE('',*,*,#8233,.F.);
#5929=ORIENTED_EDGE('',*,*,#7241,.T.);
#5930=CARTESIAN_POINT('',(-0.0649999999999999,0.614999999999992,0.14));
#5931=DIRECTION('',(0.0,-1.0,0.0));
#5932=DIRECTION('',(0.0,0.0,-1.0));
#5933=ORIENTED_EDGE('',*,*,#8237,.T.);
#5934=ORIENTED_EDGE('',*,*,#8240,.F.);
#5935=ORIENTED_EDGE('',*,*,#8234,.F.);
#5936=ORIENTED_EDGE('',*,*,#8239,.T.);
#5937=CARTESIAN_POINT('',(-0.0649999999999999,0.614999999999992,0.34));
#5938=DIRECTION('',(0.0,-0.707106781186548,0.707106781186548));
#5939=DIRECTION('',(-1.0,0.0,0.0));
#5940=ORIENTED_EDGE('',*,*,#8236,.T.);
#5941=ORIENTED_EDGE('',*,*,#7805,.F.);
#5942=ORIENTED_EDGE('',*,*,#8235,.F.);
#5943=ORIENTED_EDGE('',*,*,#8240,.T.);
#5944=CARTESIAN_POINT('',(-0.0649999999999999,0.629999999999992,0.355));
#5945=DIRECTION('',(0.0,-1.0,0.0));
#5946=DIRECTION('',(0.0,0.0,-1.0));
#5947=ORIENTED_EDGE('',*,*,#7193,.F.);
#5948=ORIENTED_EDGE('',*,*,#7245,.T.);
#5949=ORIENTED_EDGE('',*,*,#8241,.T.);
#5950=ORIENTED_EDGE('',*,*,#8242,.T.);
#5951=ORIENTED_EDGE('',*,*,#8243,.T.);
#5952=ORIENTED_EDGE('',*,*,#7212,.F.);
#5953=CARTESIAN_POINT('',(0.285,0.539999999999992,0.37));
#5954=DIRECTION('',(1.0,0.0,0.0));
#5955=DIRECTION('',(0.0,1.0,0.0));
#5956=ORIENTED_EDGE('',*,*,#7243,.F.);
#5957=ORIENTED_EDGE('',*,*,#7195,.T.);
#5958=ORIENTED_EDGE('',*,*,#7214,.T.);
#5959=ORIENTED_EDGE('',*,*,#8244,.F.);
#5960=ORIENTED_EDGE('',*,*,#8245,.F.);
#5961=ORIENTED_EDGE('',*,*,#8246,.F.);
#5962=CARTESIAN_POINT('',(0.0650000000000001,0.539999999999992,0.37));
#5963=DIRECTION('',(1.0,0.0,0.0));
#5964=DIRECTION('',(0.0,1.0,0.0));
#5965=ORIENTED_EDGE('',*,*,#8246,.T.);
#5966=ORIENTED_EDGE('',*,*,#8247,.F.);
#5967=ORIENTED_EDGE('',*,*,#8241,.F.);
#5968=ORIENTED_EDGE('',*,*,#7244,.T.);
#5969=CARTESIAN_POINT('',(0.285,0.614999999999992,0.14));
#5970=DIRECTION('',(0.0,-1.0,0.0));
#5971=DIRECTION('',(0.0,0.0,-1.0));
#5972=ORIENTED_EDGE('',*,*,#8245,.T.);
#5973=ORIENTED_EDGE('',*,*,#8248,.F.);
#5974=ORIENTED_EDGE('',*,*,#8242,.F.);
#5975=ORIENTED_EDGE('',*,*,#8247,.T.);
#5976=CARTESIAN_POINT('',(0.285,0.614999999999992,0.34));
#5977=DIRECTION('',(0.0,-0.707106781186548,0.707106781186548));
#5978=DIRECTION('',(-1.0,0.0,0.0));
#5979=ORIENTED_EDGE('',*,*,#8244,.T.);
#5980=ORIENTED_EDGE('',*,*,#7804,.F.);
#5981=ORIENTED_EDGE('',*,*,#8243,.F.);
#5982=ORIENTED_EDGE('',*,*,#8248,.T.);
#5983=CARTESIAN_POINT('',(0.285,0.629999999999992,0.355));
#5984=DIRECTION('',(0.0,-1.0,0.0));
#5985=DIRECTION('',(0.0,0.0,-1.0));
#5986=ORIENTED_EDGE('',*,*,#7283,.F.);
#5987=ORIENTED_EDGE('',*,*,#7280,.F.);
#5988=ORIENTED_EDGE('',*,*,#7291,.F.);
#5989=ORIENTED_EDGE('',*,*,#8249,.T.);
#5990=ORIENTED_EDGE('',*,*,#8250,.T.);
#5991=ORIENTED_EDGE('',*,*,#8251,.T.);
#5992=CARTESIAN_POINT('',(0.635,0.539999999999992,0.37));
#5993=DIRECTION('',(1.0,0.0,0.0));
#5994=DIRECTION('',(0.0,1.0,0.0));
#5995=ORIENTED_EDGE('',*,*,#7234,.F.);
#5996=ORIENTED_EDGE('',*,*,#7191,.T.);
#5997=ORIENTED_EDGE('',*,*,#7211,.T.);
#5998=ORIENTED_EDGE('',*,*,#8252,.F.);
#5999=ORIENTED_EDGE('',*,*,#8253,.F.);
#6000=ORIENTED_EDGE('',*,*,#8254,.F.);
#6001=CARTESIAN_POINT('',(0.415,0.539999999999992,0.37));
#6002=DIRECTION('',(1.0,0.0,0.0));
#6003=DIRECTION('',(0.0,1.0,0.0));
#6004=ORIENTED_EDGE('',*,*,#8254,.T.);
#6005=ORIENTED_EDGE('',*,*,#8255,.F.);
#6006=ORIENTED_EDGE('',*,*,#8249,.F.);
#6007=ORIENTED_EDGE('',*,*,#7231,.F.);
#6008=ORIENTED_EDGE('',*,*,#7235,.T.);
#6009=CARTESIAN_POINT('',(0.635,0.614999999999992,0.14));
#6010=DIRECTION('',(0.0,-1.0,0.0));
#6011=DIRECTION('',(0.0,0.0,-1.0));
#6012=ORIENTED_EDGE('',*,*,#8253,.T.);
#6013=ORIENTED_EDGE('',*,*,#8256,.F.);
#6014=ORIENTED_EDGE('',*,*,#8250,.F.);
#6015=ORIENTED_EDGE('',*,*,#8255,.T.);
#6016=CARTESIAN_POINT('',(0.635,0.614999999999992,0.34));
#6017=DIRECTION('',(0.0,-0.707106781186548,0.707106781186548));
#6018=DIRECTION('',(-1.0,0.0,0.0));
#6019=ORIENTED_EDGE('',*,*,#8252,.T.);
#6020=ORIENTED_EDGE('',*,*,#7803,.F.);
#6021=ORIENTED_EDGE('',*,*,#8251,.F.);
#6022=ORIENTED_EDGE('',*,*,#8256,.T.);
#6023=CARTESIAN_POINT('',(0.635,0.629999999999992,0.355));
#6024=DIRECTION('',(0.0,-1.0,0.0));
#6025=DIRECTION('',(0.0,0.0,-1.0));
#6026=ORIENTED_EDGE('',*,*,#7221,.F.);
#6027=ORIENTED_EDGE('',*,*,#7205,.F.);
#6028=ORIENTED_EDGE('',*,*,#7289,.F.);
#6029=ORIENTED_EDGE('',*,*,#8257,.T.);
#6030=ORIENTED_EDGE('',*,*,#8258,.T.);
#6031=ORIENTED_EDGE('',*,*,#8259,.T.);
#6032=CARTESIAN_POINT('',(-0.765,0.539999999999992,0.37));
#6033=DIRECTION('',(1.0,0.0,0.0));
#6034=DIRECTION('',(0.0,1.0,0.0));
#6035=ORIENTED_EDGE('',*,*,#7207,.T.);
#6036=ORIENTED_EDGE('',*,*,#7223,.T.);
#6037=ORIENTED_EDGE('',*,*,#8260,.F.);
#6038=ORIENTED_EDGE('',*,*,#8261,.F.);
#6039=ORIENTED_EDGE('',*,*,#8262,.F.);
#6040=ORIENTED_EDGE('',*,*,#7367,.T.);
#6041=CARTESIAN_POINT('',(-0.985,0.539999999999992,0.37));
#6042=DIRECTION('',(1.0,0.0,0.0));
#6043=DIRECTION('',(0.0,1.0,0.0));
#6044=ORIENTED_EDGE('',*,*,#8140,.T.);
#6045=ORIENTED_EDGE('',*,*,#8262,.T.);
#6046=ORIENTED_EDGE('',*,*,#8263,.F.);
#6047=ORIENTED_EDGE('',*,*,#8257,.F.);
#6048=ORIENTED_EDGE('',*,*,#8141,.F.);
#6049=ORIENTED_EDGE('',*,*,#7226,.T.);
#6050=CARTESIAN_POINT('',(-0.765,0.614999999999992,0.14));
#6051=DIRECTION('',(0.0,-1.0,0.0));
#6052=DIRECTION('',(0.0,0.0,-1.0));
#6053=ORIENTED_EDGE('',*,*,#8261,.T.);
#6054=ORIENTED_EDGE('',*,*,#8264,.F.);
#6055=ORIENTED_EDGE('',*,*,#8258,.F.);
#6056=ORIENTED_EDGE('',*,*,#8263,.T.);
#6057=CARTESIAN_POINT('',(-0.765,0.614999999999992,0.34));
#6058=DIRECTION('',(0.0,-0.707106781186548,0.707106781186548));
#6059=DIRECTION('',(-1.0,0.0,0.0));
#6060=ORIENTED_EDGE('',*,*,#8260,.T.);
#6061=ORIENTED_EDGE('',*,*,#7807,.F.);
#6062=ORIENTED_EDGE('',*,*,#8259,.F.);
#6063=ORIENTED_EDGE('',*,*,#8264,.T.);
#6064=CARTESIAN_POINT('',(-0.765,0.629999999999992,0.355));
#6065=DIRECTION('',(0.0,-1.0,0.0));
#6066=DIRECTION('',(0.0,0.0,-1.0));
#6067=ORIENTED_EDGE('',*,*,#7150,.F.);
#6068=ORIENTED_EDGE('',*,*,#8265,.T.);
#6069=ORIENTED_EDGE('',*,*,#8266,.T.);
#6070=ORIENTED_EDGE('',*,*,#8267,.T.);
#6071=ORIENTED_EDGE('',*,*,#7187,.T.);
#6072=ORIENTED_EDGE('',*,*,#7167,.F.);
#6073=CARTESIAN_POINT('',(-0.415,-0.539999999999992,0.37));
#6074=DIRECTION('',(1.0,0.0,0.0));
#6075=DIRECTION('',(0.0,1.0,0.0));
#6076=ORIENTED_EDGE('',*,*,#8268,.F.);
#6077=ORIENTED_EDGE('',*,*,#7152,.T.);
#6078=ORIENTED_EDGE('',*,*,#7169,.T.);
#6079=ORIENTED_EDGE('',*,*,#7295,.T.);
#6080=ORIENTED_EDGE('',*,*,#8269,.F.);
#6081=ORIENTED_EDGE('',*,*,#8270,.F.);
#6082=CARTESIAN_POINT('',(-0.635,-0.539999999999992,0.37));
#6083=DIRECTION('',(1.0,0.0,0.0));
#6084=DIRECTION('',(0.0,1.0,0.0));
#6085=ORIENTED_EDGE('',*,*,#8268,.T.);
#6086=ORIENTED_EDGE('',*,*,#8271,.F.);
#6087=ORIENTED_EDGE('',*,*,#8265,.F.);
#6088=ORIENTED_EDGE('',*,*,#7813,.T.);
#6089=CARTESIAN_POINT('',(-0.415,-0.629999999999992,0.37));
#6090=DIRECTION('',(-0.0,1.0,0.0));
#6091=DIRECTION('',(1.0,0.0,0.0));
#6092=ORIENTED_EDGE('',*,*,#8270,.T.);
#6093=ORIENTED_EDGE('',*,*,#8272,.F.);
#6094=ORIENTED_EDGE('',*,*,#8266,.F.);
#6095=ORIENTED_EDGE('',*,*,#8271,.T.);
#6096=CARTESIAN_POINT('',(-0.415,-0.629999999999992,0.355));
#6097=DIRECTION('',(0.0,0.707106781186548,0.707106781186548));
#6098=DIRECTION('',(1.0,0.0,-0.0));
#6099=ORIENTED_EDGE('',*,*,#8269,.T.);
#6100=ORIENTED_EDGE('',*,*,#8172,.T.);
#6101=ORIENTED_EDGE('',*,*,#7188,.F.);
#6102=ORIENTED_EDGE('',*,*,#8267,.F.);
#6103=ORIENTED_EDGE('',*,*,#8272,.T.);
#6104=CARTESIAN_POINT('',(-0.415,-0.614999999999992,0.34));
#6105=DIRECTION('',(-0.0,1.0,0.0));
#6106=DIRECTION('',(1.0,0.0,0.0));
#6107=ORIENTED_EDGE('',*,*,#7146,.F.);
#6108=ORIENTED_EDGE('',*,*,#8273,.T.);
#6109=ORIENTED_EDGE('',*,*,#8274,.T.);
#6110=ORIENTED_EDGE('',*,*,#8275,.T.);
#6111=ORIENTED_EDGE('',*,*,#7184,.T.);
#6112=ORIENTED_EDGE('',*,*,#7164,.F.);
#6113=CARTESIAN_POINT('',(-0.0649999999999999,-0.539999999999992,0.37));
#6114=DIRECTION('',(1.0,0.0,0.0));
#6115=DIRECTION('',(0.0,1.0,0.0));
#6116=ORIENTED_EDGE('',*,*,#8276,.F.);
#6117=ORIENTED_EDGE('',*,*,#7148,.T.);
#6118=ORIENTED_EDGE('',*,*,#7166,.T.);
#6119=ORIENTED_EDGE('',*,*,#7186,.F.);
#6120=ORIENTED_EDGE('',*,*,#8277,.F.);
#6121=ORIENTED_EDGE('',*,*,#8278,.F.);
#6122=CARTESIAN_POINT('',(-0.285,-0.539999999999992,0.37));
#6123=DIRECTION('',(1.0,0.0,0.0));
#6124=DIRECTION('',(0.0,1.0,0.0));
#6125=ORIENTED_EDGE('',*,*,#8276,.T.);
#6126=ORIENTED_EDGE('',*,*,#8279,.F.);
#6127=ORIENTED_EDGE('',*,*,#8273,.F.);
#6128=ORIENTED_EDGE('',*,*,#7814,.T.);
#6129=CARTESIAN_POINT('',(-0.0649999999999999,-0.629999999999992,0.37));
#6130=DIRECTION('',(-0.0,1.0,0.0));
#6131=DIRECTION('',(1.0,0.0,0.0));
#6132=ORIENTED_EDGE('',*,*,#8278,.T.);
#6133=ORIENTED_EDGE('',*,*,#8280,.F.);
#6134=ORIENTED_EDGE('',*,*,#8274,.F.);
#6135=ORIENTED_EDGE('',*,*,#8279,.T.);
#6136=CARTESIAN_POINT('',(-0.0649999999999999,-0.629999999999992,0.355));
#6137=DIRECTION('',(0.0,0.707106781186548,0.707106781186548));
#6138=DIRECTION('',(1.0,0.0,-0.0));
#6139=ORIENTED_EDGE('',*,*,#8277,.T.);
#6140=ORIENTED_EDGE('',*,*,#7185,.F.);
#6141=ORIENTED_EDGE('',*,*,#8275,.F.);
#6142=ORIENTED_EDGE('',*,*,#8280,.T.);
#6143=CARTESIAN_POINT('',(-0.0649999999999999,-0.614999999999992,0.34));
#6144=DIRECTION('',(-0.0,1.0,0.0));
#6145=DIRECTION('',(1.0,0.0,0.0));
#6146=ORIENTED_EDGE('',*,*,#7142,.F.);
#6147=ORIENTED_EDGE('',*,*,#8281,.T.);
#6148=ORIENTED_EDGE('',*,*,#8282,.T.);
#6149=ORIENTED_EDGE('',*,*,#8283,.T.);
#6150=ORIENTED_EDGE('',*,*,#7181,.T.);
#6151=ORIENTED_EDGE('',*,*,#7161,.F.);
#6152=CARTESIAN_POINT('',(0.285,-0.539999999999992,0.37));
#6153=DIRECTION('',(1.0,0.0,0.0));
#6154=DIRECTION('',(0.0,1.0,0.0));
#6155=ORIENTED_EDGE('',*,*,#8284,.F.);
#6156=ORIENTED_EDGE('',*,*,#7144,.T.);
#6157=ORIENTED_EDGE('',*,*,#7163,.T.);
#6158=ORIENTED_EDGE('',*,*,#7183,.F.);
#6159=ORIENTED_EDGE('',*,*,#8285,.F.);
#6160=ORIENTED_EDGE('',*,*,#8286,.F.);
#6161=CARTESIAN_POINT('',(0.0650000000000001,-0.539999999999992,0.37));
#6162=DIRECTION('',(1.0,0.0,0.0));
#6163=DIRECTION('',(0.0,1.0,0.0));
#6164=ORIENTED_EDGE('',*,*,#8284,.T.);
#6165=ORIENTED_EDGE('',*,*,#8287,.F.);
#6166=ORIENTED_EDGE('',*,*,#8281,.F.);
#6167=ORIENTED_EDGE('',*,*,#7815,.T.);
#6168=CARTESIAN_POINT('',(0.285,-0.629999999999992,0.37));
#6169=DIRECTION('',(-0.0,1.0,0.0));
#6170=DIRECTION('',(1.0,0.0,0.0));
#6171=ORIENTED_EDGE('',*,*,#8286,.T.);
#6172=ORIENTED_EDGE('',*,*,#8288,.F.);
#6173=ORIENTED_EDGE('',*,*,#8282,.F.);
#6174=ORIENTED_EDGE('',*,*,#8287,.T.);
#6175=CARTESIAN_POINT('',(0.285,-0.629999999999992,0.355));
#6176=DIRECTION('',(0.0,0.707106781186548,0.707106781186548));
#6177=DIRECTION('',(1.0,0.0,-0.0));
#6178=ORIENTED_EDGE('',*,*,#8285,.T.);
#6179=ORIENTED_EDGE('',*,*,#7182,.F.);
#6180=ORIENTED_EDGE('',*,*,#8283,.F.);
#6181=ORIENTED_EDGE('',*,*,#8288,.T.);
#6182=CARTESIAN_POINT('',(0.285,-0.614999999999992,0.34));
#6183=DIRECTION('',(-0.0,1.0,0.0));
#6184=DIRECTION('',(1.0,0.0,0.0));
#6185=ORIENTED_EDGE('',*,*,#7269,.F.);
#6186=ORIENTED_EDGE('',*,*,#8289,.T.);
#6187=ORIENTED_EDGE('',*,*,#8290,.T.);
#6188=ORIENTED_EDGE('',*,*,#8291,.T.);
#6189=ORIENTED_EDGE('',*,*,#7303,.F.);
#6190=ORIENTED_EDGE('',*,*,#7272,.F.);
#6191=CARTESIAN_POINT('',(0.635,-0.539999999999992,0.37));
#6192=DIRECTION('',(1.0,0.0,0.0));
#6193=DIRECTION('',(0.0,1.0,0.0));
#6194=ORIENTED_EDGE('',*,*,#8292,.F.);
#6195=ORIENTED_EDGE('',*,*,#7140,.T.);
#6196=ORIENTED_EDGE('',*,*,#7160,.T.);
#6197=ORIENTED_EDGE('',*,*,#7180,.F.);
#6198=ORIENTED_EDGE('',*,*,#8293,.F.);
#6199=ORIENTED_EDGE('',*,*,#8294,.F.);
#6200=CARTESIAN_POINT('',(0.415,-0.539999999999992,0.37));
#6201=DIRECTION('',(1.0,0.0,0.0));
#6202=DIRECTION('',(0.0,1.0,0.0));
#6203=ORIENTED_EDGE('',*,*,#8292,.T.);
#6204=ORIENTED_EDGE('',*,*,#8295,.F.);
#6205=ORIENTED_EDGE('',*,*,#8289,.F.);
#6206=ORIENTED_EDGE('',*,*,#7816,.T.);
#6207=CARTESIAN_POINT('',(0.635,-0.629999999999992,0.37));
#6208=DIRECTION('',(-0.0,1.0,0.0));
#6209=DIRECTION('',(1.0,0.0,0.0));
#6210=ORIENTED_EDGE('',*,*,#8294,.T.);
#6211=ORIENTED_EDGE('',*,*,#8296,.F.);
#6212=ORIENTED_EDGE('',*,*,#8290,.F.);
#6213=ORIENTED_EDGE('',*,*,#8295,.T.);
#6214=CARTESIAN_POINT('',(0.635,-0.629999999999992,0.355));
#6215=DIRECTION('',(0.0,0.707106781186548,0.707106781186548));
#6216=DIRECTION('',(1.0,0.0,-0.0));
#6217=ORIENTED_EDGE('',*,*,#8293,.T.);
#6218=ORIENTED_EDGE('',*,*,#7179,.F.);
#6219=ORIENTED_EDGE('',*,*,#7176,.F.);
#6220=ORIENTED_EDGE('',*,*,#8291,.F.);
#6221=ORIENTED_EDGE('',*,*,#8296,.T.);
#6222=CARTESIAN_POINT('',(0.635,-0.614999999999992,0.34));
#6223=DIRECTION('',(-0.0,1.0,0.0));
#6224=DIRECTION('',(1.0,0.0,0.0));
#6225=ORIENTED_EDGE('',*,*,#7154,.F.);
#6226=ORIENTED_EDGE('',*,*,#8297,.T.);
#6227=ORIENTED_EDGE('',*,*,#8298,.T.);
#6228=ORIENTED_EDGE('',*,*,#8299,.T.);
#6229=ORIENTED_EDGE('',*,*,#7296,.F.);
#6230=ORIENTED_EDGE('',*,*,#7170,.F.);
#6231=CARTESIAN_POINT('',(-0.765,-0.539999999999992,0.37));
#6232=DIRECTION('',(1.0,0.0,0.0));
#6233=DIRECTION('',(0.0,1.0,0.0));
#6234=ORIENTED_EDGE('',*,*,#8300,.F.);
#6235=ORIENTED_EDGE('',*,*,#7156,.T.);
#6236=ORIENTED_EDGE('',*,*,#7172,.T.);
#6237=ORIENTED_EDGE('',*,*,#7368,.T.);
#6238=ORIENTED_EDGE('',*,*,#8301,.F.);
#6239=ORIENTED_EDGE('',*,*,#8302,.F.);
#6240=CARTESIAN_POINT('',(-0.985,-0.539999999999992,0.37));
#6241=DIRECTION('',(1.0,0.0,0.0));
#6242=DIRECTION('',(0.0,1.0,0.0));
#6243=ORIENTED_EDGE('',*,*,#8300,.T.);
#6244=ORIENTED_EDGE('',*,*,#8303,.F.);
#6245=ORIENTED_EDGE('',*,*,#8297,.F.);
#6246=ORIENTED_EDGE('',*,*,#7812,.T.);
#6247=CARTESIAN_POINT('',(-0.765,-0.629999999999992,0.37));
#6248=DIRECTION('',(-0.0,1.0,0.0));
#6249=DIRECTION('',(1.0,0.0,0.0));
#6250=ORIENTED_EDGE('',*,*,#8302,.T.);
#6251=ORIENTED_EDGE('',*,*,#8304,.F.);
#6252=ORIENTED_EDGE('',*,*,#8298,.F.);
#6253=ORIENTED_EDGE('',*,*,#8303,.T.);
#6254=CARTESIAN_POINT('',(-0.765,-0.629999999999992,0.355));
#6255=DIRECTION('',(0.0,0.707106781186548,0.707106781186548));
#6256=DIRECTION('',(1.0,0.0,-0.0));
#6257=ORIENTED_EDGE('',*,*,#8301,.T.);
#6258=ORIENTED_EDGE('',*,*,#8135,.T.);
#6259=ORIENTED_EDGE('',*,*,#8139,.F.);
#6260=ORIENTED_EDGE('',*,*,#8137,.F.);
#6261=ORIENTED_EDGE('',*,*,#8299,.F.);
#6262=ORIENTED_EDGE('',*,*,#8304,.T.);
#6263=CARTESIAN_POINT('',(-0.765,-0.614999999999992,0.34));
#6264=DIRECTION('',(-0.0,1.0,0.0));
#6265=DIRECTION('',(1.0,0.0,0.0));
#6266=ORIENTED_EDGE('',*,*,#7083,.F.);
#6267=ORIENTED_EDGE('',*,*,#7136,.F.);
#6268=ORIENTED_EDGE('',*,*,#7426,.T.);
#6269=ORIENTED_EDGE('',*,*,#8305,.T.);
#6270=ORIENTED_EDGE('',*,*,#8306,.T.);
#6271=ORIENTED_EDGE('',*,*,#8307,.T.);
#6272=ORIENTED_EDGE('',*,*,#8308,.T.);
#6273=ORIENTED_EDGE('',*,*,#8309,.T.);
#6274=ORIENTED_EDGE('',*,*,#7091,.T.);
#6275=ORIENTED_EDGE('',*,*,#8310,.T.);
#6276=CARTESIAN_POINT('',(-0.825,0.8,0.0));
#6277=DIRECTION('',(1.0,0.0,0.0));
#6278=DIRECTION('',(0.0,1.0,0.0));
#6279=ORIENTED_EDGE('',*,*,#7137,.T.);
#6280=ORIENTED_EDGE('',*,*,#7087,.T.);
#6281=ORIENTED_EDGE('',*,*,#8311,.F.);
#6282=ORIENTED_EDGE('',*,*,#7093,.F.);
#6283=ORIENTED_EDGE('',*,*,#8312,.F.);
#6284=ORIENTED_EDGE('',*,*,#8313,.F.);
#6285=ORIENTED_EDGE('',*,*,#8314,.F.);
#6286=ORIENTED_EDGE('',*,*,#8315,.F.);
#6287=ORIENTED_EDGE('',*,*,#8316,.F.);
#6288=ORIENTED_EDGE('',*,*,#7424,.F.);
#6289=CARTESIAN_POINT('',(-0.925,0.8,0.0));
#6290=DIRECTION('',(1.0,0.0,0.0));
#6291=DIRECTION('',(0.0,1.0,0.0));
#6292=ORIENTED_EDGE('',*,*,#8316,.T.);
#6293=ORIENTED_EDGE('',*,*,#8317,.F.);
#6294=ORIENTED_EDGE('',*,*,#8305,.F.);
#6295=ORIENTED_EDGE('',*,*,#7425,.T.);
#6296=CARTESIAN_POINT('',(-0.825,0.8,0.0));
#6297=DIRECTION('',(1.0,-0.0,0.0));
#6298=DIRECTION('',(0.0,0.0,1.0));
#6299=ORIENTED_EDGE('',*,*,#8315,.T.);
#6300=ORIENTED_EDGE('',*,*,#8318,.F.);
#6301=ORIENTED_EDGE('',*,*,#8306,.F.);
#6302=ORIENTED_EDGE('',*,*,#8317,.T.);
#6303=CARTESIAN_POINT('',(-0.825,0.8,-0.02));
#6304=DIRECTION('',(0.0,0.0,1.0));
#6305=DIRECTION('',(1.0,0.0,0.0));
#6306=ORIENTED_EDGE('',*,*,#8314,.T.);
#6307=ORIENTED_EDGE('',*,*,#8319,.F.);
#6308=ORIENTED_EDGE('',*,*,#8307,.F.);
#6309=ORIENTED_EDGE('',*,*,#8318,.T.);
#6310=CARTESIAN_POINT('',(-0.825,1.0,-0.02));
#6311=DIRECTION('',(0.0,-1.0,0.0));
#6312=DIRECTION('',(0.0,0.0,-1.0));
#6313=ORIENTED_EDGE('',*,*,#8313,.T.);
#6314=ORIENTED_EDGE('',*,*,#8320,.F.);
#6315=ORIENTED_EDGE('',*,*,#8308,.F.);
#6316=ORIENTED_EDGE('',*,*,#8319,.T.);
#6317=CARTESIAN_POINT('',(-0.825,1.0,0.04));
#6318=DIRECTION('',(0.0,-1.01643953670512E-16,-1.0));
#6319=DIRECTION('',(0.0,-1.0,1.01643953670512E-16));
#6320=ORIENTED_EDGE('',*,*,#8312,.T.);
#6321=ORIENTED_EDGE('',*,*,#7092,.F.);
#6322=ORIENTED_EDGE('',*,*,#8309,.F.);
#6323=ORIENTED_EDGE('',*,*,#8320,.T.);
#6324=CARTESIAN_POINT('',(-0.825,0.779999999999992,0.04));
#6325=DIRECTION('',(1.0,-0.0,0.0));
#6326=DIRECTION('',(0.0,0.0,1.0));
#6327=ORIENTED_EDGE('',*,*,#7077,.F.);
#6328=ORIENTED_EDGE('',*,*,#7133,.F.);
#6329=ORIENTED_EDGE('',*,*,#7429,.T.);
#6330=ORIENTED_EDGE('',*,*,#8321,.T.);
#6331=ORIENTED_EDGE('',*,*,#8322,.T.);
#6332=ORIENTED_EDGE('',*,*,#8323,.T.);
#6333=ORIENTED_EDGE('',*,*,#8324,.T.);
#6334=ORIENTED_EDGE('',*,*,#8325,.T.);
#6335=ORIENTED_EDGE('',*,*,#7095,.T.);
#6336=ORIENTED_EDGE('',*,*,#8326,.T.);
#6337=CARTESIAN_POINT('',(-0.475,0.8,0.0));
#6338=DIRECTION('',(1.0,0.0,0.0));
#6339=DIRECTION('',(0.0,1.0,0.0));
#6340=ORIENTED_EDGE('',*,*,#7134,.T.);
#6341=ORIENTED_EDGE('',*,*,#7081,.T.);
#6342=ORIENTED_EDGE('',*,*,#8327,.F.);
#6343=ORIENTED_EDGE('',*,*,#7097,.F.);
#6344=ORIENTED_EDGE('',*,*,#8328,.F.);
#6345=ORIENTED_EDGE('',*,*,#8329,.F.);
#6346=ORIENTED_EDGE('',*,*,#8330,.F.);
#6347=ORIENTED_EDGE('',*,*,#8331,.F.);
#6348=ORIENTED_EDGE('',*,*,#8332,.F.);
#6349=ORIENTED_EDGE('',*,*,#7427,.F.);
#6350=CARTESIAN_POINT('',(-0.575,0.8,0.0));
#6351=DIRECTION('',(1.0,0.0,0.0));
#6352=DIRECTION('',(0.0,1.0,0.0));
#6353=ORIENTED_EDGE('',*,*,#8332,.T.);
#6354=ORIENTED_EDGE('',*,*,#8333,.F.);
#6355=ORIENTED_EDGE('',*,*,#8321,.F.);
#6356=ORIENTED_EDGE('',*,*,#7428,.T.);
#6357=CARTESIAN_POINT('',(-0.475,0.8,0.0));
#6358=DIRECTION('',(1.0,-0.0,0.0));
#6359=DIRECTION('',(0.0,0.0,1.0));
#6360=ORIENTED_EDGE('',*,*,#8331,.T.);
#6361=ORIENTED_EDGE('',*,*,#8334,.F.);
#6362=ORIENTED_EDGE('',*,*,#8322,.F.);
#6363=ORIENTED_EDGE('',*,*,#8333,.T.);
#6364=CARTESIAN_POINT('',(-0.475,0.8,-0.02));
#6365=DIRECTION('',(0.0,0.0,1.0));
#6366=DIRECTION('',(1.0,0.0,0.0));
#6367=ORIENTED_EDGE('',*,*,#8330,.T.);
#6368=ORIENTED_EDGE('',*,*,#8335,.F.);
#6369=ORIENTED_EDGE('',*,*,#8323,.F.);
#6370=ORIENTED_EDGE('',*,*,#8334,.T.);
#6371=CARTESIAN_POINT('',(-0.475,1.0,-0.02));
#6372=DIRECTION('',(0.0,-1.0,0.0));
#6373=DIRECTION('',(0.0,0.0,-1.0));
#6374=ORIENTED_EDGE('',*,*,#8329,.T.);
#6375=ORIENTED_EDGE('',*,*,#8336,.F.);
#6376=ORIENTED_EDGE('',*,*,#8324,.F.);
#6377=ORIENTED_EDGE('',*,*,#8335,.T.);
#6378=CARTESIAN_POINT('',(-0.475,1.0,0.04));
#6379=DIRECTION('',(0.0,-1.01643953670512E-16,-1.0));
#6380=DIRECTION('',(0.0,-1.0,1.01643953670512E-16));
#6381=ORIENTED_EDGE('',*,*,#8328,.T.);
#6382=ORIENTED_EDGE('',*,*,#7096,.F.);
#6383=ORIENTED_EDGE('',*,*,#8325,.F.);
#6384=ORIENTED_EDGE('',*,*,#8336,.T.);
#6385=CARTESIAN_POINT('',(-0.475,0.779999999999992,0.04));
#6386=DIRECTION('',(1.0,-0.0,0.0));
#6387=DIRECTION('',(0.0,0.0,1.0));
#6388=ORIENTED_EDGE('',*,*,#7071,.F.);
#6389=ORIENTED_EDGE('',*,*,#7130,.F.);
#6390=ORIENTED_EDGE('',*,*,#7432,.T.);
#6391=ORIENTED_EDGE('',*,*,#8337,.T.);
#6392=ORIENTED_EDGE('',*,*,#8338,.T.);
#6393=ORIENTED_EDGE('',*,*,#8339,.T.);
#6394=ORIENTED_EDGE('',*,*,#8340,.T.);
#6395=ORIENTED_EDGE('',*,*,#8341,.T.);
#6396=ORIENTED_EDGE('',*,*,#7099,.T.);
#6397=ORIENTED_EDGE('',*,*,#8342,.T.);
#6398=CARTESIAN_POINT('',(-0.125,0.8,0.0));
#6399=DIRECTION('',(1.0,0.0,0.0));
#6400=DIRECTION('',(0.0,1.0,0.0));
#6401=ORIENTED_EDGE('',*,*,#7131,.T.);
#6402=ORIENTED_EDGE('',*,*,#7075,.T.);
#6403=ORIENTED_EDGE('',*,*,#8343,.F.);
#6404=ORIENTED_EDGE('',*,*,#7101,.F.);
#6405=ORIENTED_EDGE('',*,*,#8344,.F.);
#6406=ORIENTED_EDGE('',*,*,#8345,.F.);
#6407=ORIENTED_EDGE('',*,*,#8346,.F.);
#6408=ORIENTED_EDGE('',*,*,#8347,.F.);
#6409=ORIENTED_EDGE('',*,*,#8348,.F.);
#6410=ORIENTED_EDGE('',*,*,#7430,.F.);
#6411=CARTESIAN_POINT('',(-0.225,0.8,0.0));
#6412=DIRECTION('',(1.0,0.0,0.0));
#6413=DIRECTION('',(0.0,1.0,0.0));
#6414=ORIENTED_EDGE('',*,*,#8348,.T.);
#6415=ORIENTED_EDGE('',*,*,#8349,.F.);
#6416=ORIENTED_EDGE('',*,*,#8337,.F.);
#6417=ORIENTED_EDGE('',*,*,#7431,.T.);
#6418=CARTESIAN_POINT('',(-0.125,0.8,0.0));
#6419=DIRECTION('',(1.0,-0.0,0.0));
#6420=DIRECTION('',(0.0,0.0,1.0));
#6421=ORIENTED_EDGE('',*,*,#8347,.T.);
#6422=ORIENTED_EDGE('',*,*,#8350,.F.);
#6423=ORIENTED_EDGE('',*,*,#8338,.F.);
#6424=ORIENTED_EDGE('',*,*,#8349,.T.);
#6425=CARTESIAN_POINT('',(-0.125,0.8,-0.02));
#6426=DIRECTION('',(0.0,0.0,1.0));
#6427=DIRECTION('',(1.0,0.0,0.0));
#6428=ORIENTED_EDGE('',*,*,#8346,.T.);
#6429=ORIENTED_EDGE('',*,*,#8351,.F.);
#6430=ORIENTED_EDGE('',*,*,#8339,.F.);
#6431=ORIENTED_EDGE('',*,*,#8350,.T.);
#6432=CARTESIAN_POINT('',(-0.125,1.0,-0.02));
#6433=DIRECTION('',(0.0,-1.0,0.0));
#6434=DIRECTION('',(0.0,0.0,-1.0));
#6435=ORIENTED_EDGE('',*,*,#8345,.T.);
#6436=ORIENTED_EDGE('',*,*,#8352,.F.);
#6437=ORIENTED_EDGE('',*,*,#8340,.F.);
#6438=ORIENTED_EDGE('',*,*,#8351,.T.);
#6439=CARTESIAN_POINT('',(-0.125,1.0,0.04));
#6440=DIRECTION('',(0.0,-1.01643953670512E-16,-1.0));
#6441=DIRECTION('',(0.0,-1.0,1.01643953670512E-16));
#6442=ORIENTED_EDGE('',*,*,#8344,.T.);
#6443=ORIENTED_EDGE('',*,*,#7100,.F.);
#6444=ORIENTED_EDGE('',*,*,#8341,.F.);
#6445=ORIENTED_EDGE('',*,*,#8352,.T.);
#6446=CARTESIAN_POINT('',(-0.125,0.779999999999992,0.04));
#6447=DIRECTION('',(1.0,-0.0,0.0));
#6448=DIRECTION('',(0.0,0.0,1.0));
#6449=ORIENTED_EDGE('',*,*,#7065,.F.);
#6450=ORIENTED_EDGE('',*,*,#7127,.F.);
#6451=ORIENTED_EDGE('',*,*,#7435,.T.);
#6452=ORIENTED_EDGE('',*,*,#8353,.T.);
#6453=ORIENTED_EDGE('',*,*,#8354,.T.);
#6454=ORIENTED_EDGE('',*,*,#8355,.T.);
#6455=ORIENTED_EDGE('',*,*,#8356,.T.);
#6456=ORIENTED_EDGE('',*,*,#8357,.T.);
#6457=ORIENTED_EDGE('',*,*,#7103,.T.);
#6458=ORIENTED_EDGE('',*,*,#8358,.T.);
#6459=CARTESIAN_POINT('',(0.225,0.8,0.0));
#6460=DIRECTION('',(1.0,0.0,0.0));
#6461=DIRECTION('',(0.0,1.0,0.0));
#6462=ORIENTED_EDGE('',*,*,#7128,.T.);
#6463=ORIENTED_EDGE('',*,*,#7069,.T.);
#6464=ORIENTED_EDGE('',*,*,#8359,.F.);
#6465=ORIENTED_EDGE('',*,*,#7105,.F.);
#6466=ORIENTED_EDGE('',*,*,#8360,.F.);
#6467=ORIENTED_EDGE('',*,*,#8361,.F.);
#6468=ORIENTED_EDGE('',*,*,#8362,.F.);
#6469=ORIENTED_EDGE('',*,*,#8363,.F.);
#6470=ORIENTED_EDGE('',*,*,#8364,.F.);
#6471=ORIENTED_EDGE('',*,*,#7433,.F.);
#6472=CARTESIAN_POINT('',(0.125,0.8,0.0));
#6473=DIRECTION('',(1.0,0.0,0.0));
#6474=DIRECTION('',(0.0,1.0,0.0));
#6475=ORIENTED_EDGE('',*,*,#8364,.T.);
#6476=ORIENTED_EDGE('',*,*,#8365,.F.);
#6477=ORIENTED_EDGE('',*,*,#8353,.F.);
#6478=ORIENTED_EDGE('',*,*,#7434,.T.);
#6479=CARTESIAN_POINT('',(0.225,0.8,0.0));
#6480=DIRECTION('',(1.0,-0.0,0.0));
#6481=DIRECTION('',(0.0,0.0,1.0));
#6482=ORIENTED_EDGE('',*,*,#8363,.T.);
#6483=ORIENTED_EDGE('',*,*,#8366,.F.);
#6484=ORIENTED_EDGE('',*,*,#8354,.F.);
#6485=ORIENTED_EDGE('',*,*,#8365,.T.);
#6486=CARTESIAN_POINT('',(0.225,0.8,-0.02));
#6487=DIRECTION('',(0.0,0.0,1.0));
#6488=DIRECTION('',(1.0,0.0,0.0));
#6489=ORIENTED_EDGE('',*,*,#8362,.T.);
#6490=ORIENTED_EDGE('',*,*,#8367,.F.);
#6491=ORIENTED_EDGE('',*,*,#8355,.F.);
#6492=ORIENTED_EDGE('',*,*,#8366,.T.);
#6493=CARTESIAN_POINT('',(0.225,1.0,-0.02));
#6494=DIRECTION('',(0.0,-1.0,0.0));
#6495=DIRECTION('',(0.0,0.0,-1.0));
#6496=ORIENTED_EDGE('',*,*,#8361,.T.);
#6497=ORIENTED_EDGE('',*,*,#8368,.F.);
#6498=ORIENTED_EDGE('',*,*,#8356,.F.);
#6499=ORIENTED_EDGE('',*,*,#8367,.T.);
#6500=CARTESIAN_POINT('',(0.225,1.0,0.04));
#6501=DIRECTION('',(0.0,-1.01643953670512E-16,-1.0));
#6502=DIRECTION('',(0.0,-1.0,1.01643953670512E-16));
#6503=ORIENTED_EDGE('',*,*,#8360,.T.);
#6504=ORIENTED_EDGE('',*,*,#7104,.F.);
#6505=ORIENTED_EDGE('',*,*,#8357,.F.);
#6506=ORIENTED_EDGE('',*,*,#8368,.T.);
#6507=CARTESIAN_POINT('',(0.225,0.779999999999992,0.04));
#6508=DIRECTION('',(1.0,-0.0,0.0));
#6509=DIRECTION('',(0.0,0.0,1.0));
#6510=ORIENTED_EDGE('',*,*,#7256,.F.);
#6511=ORIENTED_EDGE('',*,*,#7266,.F.);
#6512=ORIENTED_EDGE('',*,*,#7438,.T.);
#6513=ORIENTED_EDGE('',*,*,#8369,.T.);
#6514=ORIENTED_EDGE('',*,*,#8370,.T.);
#6515=ORIENTED_EDGE('',*,*,#8371,.T.);
#6516=ORIENTED_EDGE('',*,*,#8372,.T.);
#6517=ORIENTED_EDGE('',*,*,#8373,.T.);
#6518=ORIENTED_EDGE('',*,*,#7107,.T.);
#6519=ORIENTED_EDGE('',*,*,#8374,.T.);
#6520=CARTESIAN_POINT('',(0.575,0.8,0.0));
#6521=DIRECTION('',(1.0,0.0,0.0));
#6522=DIRECTION('',(0.0,1.0,0.0));
#6523=ORIENTED_EDGE('',*,*,#7125,.T.);
#6524=ORIENTED_EDGE('',*,*,#7063,.T.);
#6525=ORIENTED_EDGE('',*,*,#8375,.F.);
#6526=ORIENTED_EDGE('',*,*,#7109,.F.);
#6527=ORIENTED_EDGE('',*,*,#8376,.F.);
#6528=ORIENTED_EDGE('',*,*,#8377,.F.);
#6529=ORIENTED_EDGE('',*,*,#8378,.F.);
#6530=ORIENTED_EDGE('',*,*,#8379,.F.);
#6531=ORIENTED_EDGE('',*,*,#8380,.F.);
#6532=ORIENTED_EDGE('',*,*,#7436,.F.);
#6533=CARTESIAN_POINT('',(0.475,0.8,0.0));
#6534=DIRECTION('',(1.0,0.0,0.0));
#6535=DIRECTION('',(0.0,1.0,0.0));
#6536=ORIENTED_EDGE('',*,*,#8380,.T.);
#6537=ORIENTED_EDGE('',*,*,#8381,.F.);
#6538=ORIENTED_EDGE('',*,*,#8369,.F.);
#6539=ORIENTED_EDGE('',*,*,#7437,.T.);
#6540=CARTESIAN_POINT('',(0.575,0.8,0.0));
#6541=DIRECTION('',(1.0,-0.0,0.0));
#6542=DIRECTION('',(0.0,0.0,1.0));
#6543=ORIENTED_EDGE('',*,*,#8379,.T.);
#6544=ORIENTED_EDGE('',*,*,#8382,.F.);
#6545=ORIENTED_EDGE('',*,*,#8370,.F.);
#6546=ORIENTED_EDGE('',*,*,#8381,.T.);
#6547=CARTESIAN_POINT('',(0.575,0.8,-0.02));
#6548=DIRECTION('',(0.0,0.0,1.0));
#6549=DIRECTION('',(1.0,0.0,0.0));
#6550=ORIENTED_EDGE('',*,*,#8378,.T.);
#6551=ORIENTED_EDGE('',*,*,#8383,.F.);
#6552=ORIENTED_EDGE('',*,*,#8371,.F.);
#6553=ORIENTED_EDGE('',*,*,#8382,.T.);
#6554=CARTESIAN_POINT('',(0.575,1.0,-0.02));
#6555=DIRECTION('',(0.0,-1.0,0.0));
#6556=DIRECTION('',(0.0,0.0,-1.0));
#6557=ORIENTED_EDGE('',*,*,#8377,.T.);
#6558=ORIENTED_EDGE('',*,*,#8384,.F.);
#6559=ORIENTED_EDGE('',*,*,#8372,.F.);
#6560=ORIENTED_EDGE('',*,*,#8383,.T.);
#6561=CARTESIAN_POINT('',(0.575,1.0,0.04));
#6562=DIRECTION('',(0.0,-1.01643953670512E-16,-1.0));
#6563=DIRECTION('',(0.0,-1.0,1.01643953670512E-16));
#6564=ORIENTED_EDGE('',*,*,#8376,.T.);
#6565=ORIENTED_EDGE('',*,*,#7108,.F.);
#6566=ORIENTED_EDGE('',*,*,#8373,.F.);
#6567=ORIENTED_EDGE('',*,*,#8384,.T.);
#6568=CARTESIAN_POINT('',(0.575,0.779999999999992,0.04));
#6569=DIRECTION('',(1.0,-0.0,0.0));
#6570=DIRECTION('',(0.0,0.0,1.0));
#6571=ORIENTED_EDGE('',*,*,#8385,.F.);
#6572=ORIENTED_EDGE('',*,*,#7600,.T.);
#6573=ORIENTED_EDGE('',*,*,#8386,.T.);
#6574=ORIENTED_EDGE('',*,*,#8387,.F.);
#6575=CARTESIAN_POINT('',(-0.825,-0.35,0.0600000000000001));
#6576=DIRECTION('',(0.0,1.89105030084685E-16,-1.0));
#6577=DIRECTION('',(-1.0,0.0,0.0));
#6578=ORIENTED_EDGE('',*,*,#7054,.F.);
#6579=ORIENTED_EDGE('',*,*,#8388,.T.);
#6580=ORIENTED_EDGE('',*,*,#8385,.T.);
#6581=ORIENTED_EDGE('',*,*,#8389,.T.);
#6582=ORIENTED_EDGE('',*,*,#8390,.T.);
#6583=ORIENTED_EDGE('',*,*,#8391,.T.);
#6584=ORIENTED_EDGE('',*,*,#8392,.T.);
#6585=ORIENTED_EDGE('',*,*,#8393,.T.);
#6586=ORIENTED_EDGE('',*,*,#7400,.T.);
#6587=ORIENTED_EDGE('',*,*,#7120,.F.);
#6588=CARTESIAN_POINT('',(-0.825,-0.8,0.0));
#6589=DIRECTION('',(1.0,0.0,0.0));
#6590=DIRECTION('',(0.0,1.0,0.0));
#6591=ORIENTED_EDGE('',*,*,#8394,.F.);
#6592=ORIENTED_EDGE('',*,*,#7056,.T.);
#6593=ORIENTED_EDGE('',*,*,#7122,.T.);
#6594=ORIENTED_EDGE('',*,*,#7402,.F.);
#6595=ORIENTED_EDGE('',*,*,#8395,.F.);
#6596=ORIENTED_EDGE('',*,*,#8396,.F.);
#6597=ORIENTED_EDGE('',*,*,#8397,.F.);
#6598=ORIENTED_EDGE('',*,*,#8398,.F.);
#6599=ORIENTED_EDGE('',*,*,#8399,.F.);
#6600=ORIENTED_EDGE('',*,*,#8386,.F.);
#6601=CARTESIAN_POINT('',(-0.925,-0.8,0.0));
#6602=DIRECTION('',(1.0,0.0,0.0));
#6603=DIRECTION('',(0.0,1.0,0.0));
#6604=ORIENTED_EDGE('',*,*,#8397,.T.);
#6605=ORIENTED_EDGE('',*,*,#8400,.F.);
#6606=ORIENTED_EDGE('',*,*,#8391,.F.);
#6607=ORIENTED_EDGE('',*,*,#8401,.T.);
#6608=CARTESIAN_POINT('',(-0.825,-1.0,0.04));
#6609=DIRECTION('',(-0.0,1.0,0.0));
#6610=DIRECTION('',(1.0,0.0,0.0));
#6611=ORIENTED_EDGE('',*,*,#8396,.T.);
#6612=ORIENTED_EDGE('',*,*,#8402,.F.);
#6613=ORIENTED_EDGE('',*,*,#8392,.F.);
#6614=ORIENTED_EDGE('',*,*,#8400,.T.);
#6615=CARTESIAN_POINT('',(-0.825,-1.0,-0.02));
#6616=DIRECTION('',(0.0,0.0,1.0));
#6617=DIRECTION('',(1.0,0.0,0.0));
#6618=ORIENTED_EDGE('',*,*,#8395,.T.);
#6619=ORIENTED_EDGE('',*,*,#7401,.F.);
#6620=ORIENTED_EDGE('',*,*,#8393,.F.);
#6621=ORIENTED_EDGE('',*,*,#8402,.T.);
#6622=CARTESIAN_POINT('',(-0.825,-0.8,0.0));
#6623=DIRECTION('',(1.0,-0.0,0.0));
#6624=DIRECTION('',(0.0,0.0,1.0));
#6625=ORIENTED_EDGE('',*,*,#8399,.T.);
#6626=ORIENTED_EDGE('',*,*,#8403,.F.);
#6627=ORIENTED_EDGE('',*,*,#8389,.F.);
#6628=ORIENTED_EDGE('',*,*,#8387,.T.);
#6629=CARTESIAN_POINT('',(-0.825,-0.779999999999992,0.04));
#6630=DIRECTION('',(1.0,-0.0,0.0));
#6631=DIRECTION('',(0.0,0.0,1.0));
#6632=ORIENTED_EDGE('',*,*,#8398,.T.);
#6633=ORIENTED_EDGE('',*,*,#8401,.F.);
#6634=ORIENTED_EDGE('',*,*,#8390,.F.);
#6635=ORIENTED_EDGE('',*,*,#8403,.T.);
#6636=CARTESIAN_POINT('',(-0.825,-0.799999999999992,0.04));
#6637=DIRECTION('',(0.0,1.01643953670512E-16,-1.0));
#6638=DIRECTION('',(-1.0,0.0,0.0));
#6639=ORIENTED_EDGE('',*,*,#8404,.F.);
#6640=ORIENTED_EDGE('',*,*,#7603,.T.);
#6641=ORIENTED_EDGE('',*,*,#8405,.T.);
#6642=ORIENTED_EDGE('',*,*,#8406,.F.);
#6643=CARTESIAN_POINT('',(-0.475,-0.35,0.0600000000000001));
#6644=DIRECTION('',(0.0,1.89105030084685E-16,-1.0));
#6645=DIRECTION('',(-1.0,0.0,0.0));
#6646=ORIENTED_EDGE('',*,*,#7048,.F.);
#6647=ORIENTED_EDGE('',*,*,#8407,.T.);
#6648=ORIENTED_EDGE('',*,*,#8404,.T.);
#6649=ORIENTED_EDGE('',*,*,#8408,.T.);
#6650=ORIENTED_EDGE('',*,*,#8409,.T.);
#6651=ORIENTED_EDGE('',*,*,#8410,.T.);
#6652=ORIENTED_EDGE('',*,*,#8411,.T.);
#6653=ORIENTED_EDGE('',*,*,#8412,.T.);
#6654=ORIENTED_EDGE('',*,*,#7397,.T.);
#6655=ORIENTED_EDGE('',*,*,#7117,.F.);
#6656=CARTESIAN_POINT('',(-0.475,-0.8,0.0));
#6657=DIRECTION('',(1.0,0.0,0.0));
#6658=DIRECTION('',(0.0,1.0,0.0));
#6659=ORIENTED_EDGE('',*,*,#8413,.F.);
#6660=ORIENTED_EDGE('',*,*,#7050,.T.);
#6661=ORIENTED_EDGE('',*,*,#7119,.T.);
#6662=ORIENTED_EDGE('',*,*,#7399,.F.);
#6663=ORIENTED_EDGE('',*,*,#8414,.F.);
#6664=ORIENTED_EDGE('',*,*,#8415,.F.);
#6665=ORIENTED_EDGE('',*,*,#8416,.F.);
#6666=ORIENTED_EDGE('',*,*,#8417,.F.);
#6667=ORIENTED_EDGE('',*,*,#8418,.F.);
#6668=ORIENTED_EDGE('',*,*,#8405,.F.);
#6669=CARTESIAN_POINT('',(-0.575,-0.8,0.0));
#6670=DIRECTION('',(1.0,0.0,0.0));
#6671=DIRECTION('',(0.0,1.0,0.0));
#6672=ORIENTED_EDGE('',*,*,#8416,.T.);
#6673=ORIENTED_EDGE('',*,*,#8419,.F.);
#6674=ORIENTED_EDGE('',*,*,#8410,.F.);
#6675=ORIENTED_EDGE('',*,*,#8420,.T.);
#6676=CARTESIAN_POINT('',(-0.475,-1.0,0.04));
#6677=DIRECTION('',(-0.0,1.0,0.0));
#6678=DIRECTION('',(1.0,0.0,0.0));
#6679=ORIENTED_EDGE('',*,*,#8415,.T.);
#6680=ORIENTED_EDGE('',*,*,#8421,.F.);
#6681=ORIENTED_EDGE('',*,*,#8411,.F.);
#6682=ORIENTED_EDGE('',*,*,#8419,.T.);
#6683=CARTESIAN_POINT('',(-0.475,-1.0,-0.02));
#6684=DIRECTION('',(0.0,0.0,1.0));
#6685=DIRECTION('',(1.0,0.0,0.0));
#6686=ORIENTED_EDGE('',*,*,#8414,.T.);
#6687=ORIENTED_EDGE('',*,*,#7398,.F.);
#6688=ORIENTED_EDGE('',*,*,#8412,.F.);
#6689=ORIENTED_EDGE('',*,*,#8421,.T.);
#6690=CARTESIAN_POINT('',(-0.475,-0.8,0.0));
#6691=DIRECTION('',(1.0,-0.0,0.0));
#6692=DIRECTION('',(0.0,0.0,1.0));
#6693=ORIENTED_EDGE('',*,*,#8418,.T.);
#6694=ORIENTED_EDGE('',*,*,#8422,.F.);
#6695=ORIENTED_EDGE('',*,*,#8408,.F.);
#6696=ORIENTED_EDGE('',*,*,#8406,.T.);
#6697=CARTESIAN_POINT('',(-0.475,-0.779999999999992,0.04));
#6698=DIRECTION('',(1.0,-0.0,0.0));
#6699=DIRECTION('',(0.0,0.0,1.0));
#6700=ORIENTED_EDGE('',*,*,#8417,.T.);
#6701=ORIENTED_EDGE('',*,*,#8420,.F.);
#6702=ORIENTED_EDGE('',*,*,#8409,.F.);
#6703=ORIENTED_EDGE('',*,*,#8422,.T.);
#6704=CARTESIAN_POINT('',(-0.475,-0.799999999999992,0.04));
#6705=DIRECTION('',(0.0,1.01643953670512E-16,-1.0));
#6706=DIRECTION('',(-1.0,0.0,0.0));
#6707=ORIENTED_EDGE('',*,*,#8423,.F.);
#6708=ORIENTED_EDGE('',*,*,#7606,.T.);
#6709=ORIENTED_EDGE('',*,*,#8424,.T.);
#6710=ORIENTED_EDGE('',*,*,#8425,.F.);
#6711=CARTESIAN_POINT('',(-0.125,-0.35,0.0600000000000001));
#6712=DIRECTION('',(0.0,1.89105030084685E-16,-1.0));
#6713=DIRECTION('',(-1.0,0.0,0.0));
#6714=ORIENTED_EDGE('',*,*,#7042,.F.);
#6715=ORIENTED_EDGE('',*,*,#8426,.T.);
#6716=ORIENTED_EDGE('',*,*,#8423,.T.);
#6717=ORIENTED_EDGE('',*,*,#8427,.T.);
#6718=ORIENTED_EDGE('',*,*,#8428,.T.);
#6719=ORIENTED_EDGE('',*,*,#8429,.T.);
#6720=ORIENTED_EDGE('',*,*,#8430,.T.);
#6721=ORIENTED_EDGE('',*,*,#8431,.T.);
#6722=ORIENTED_EDGE('',*,*,#7394,.T.);
#6723=ORIENTED_EDGE('',*,*,#7114,.F.);
#6724=CARTESIAN_POINT('',(-0.125,-0.8,0.0));
#6725=DIRECTION('',(1.0,0.0,0.0));
#6726=DIRECTION('',(0.0,1.0,0.0));
#6727=ORIENTED_EDGE('',*,*,#8432,.F.);
#6728=ORIENTED_EDGE('',*,*,#7044,.T.);
#6729=ORIENTED_EDGE('',*,*,#7116,.T.);
#6730=ORIENTED_EDGE('',*,*,#7396,.F.);
#6731=ORIENTED_EDGE('',*,*,#8433,.F.);
#6732=ORIENTED_EDGE('',*,*,#8434,.F.);
#6733=ORIENTED_EDGE('',*,*,#8435,.F.);
#6734=ORIENTED_EDGE('',*,*,#8436,.F.);
#6735=ORIENTED_EDGE('',*,*,#8437,.F.);
#6736=ORIENTED_EDGE('',*,*,#8424,.F.);
#6737=CARTESIAN_POINT('',(-0.225,-0.8,0.0));
#6738=DIRECTION('',(1.0,0.0,0.0));
#6739=DIRECTION('',(0.0,1.0,0.0));
#6740=ORIENTED_EDGE('',*,*,#8435,.T.);
#6741=ORIENTED_EDGE('',*,*,#8438,.F.);
#6742=ORIENTED_EDGE('',*,*,#8429,.F.);
#6743=ORIENTED_EDGE('',*,*,#8439,.T.);
#6744=CARTESIAN_POINT('',(-0.125,-1.0,0.04));
#6745=DIRECTION('',(-0.0,1.0,0.0));
#6746=DIRECTION('',(1.0,0.0,0.0));
#6747=ORIENTED_EDGE('',*,*,#8434,.T.);
#6748=ORIENTED_EDGE('',*,*,#8440,.F.);
#6749=ORIENTED_EDGE('',*,*,#8430,.F.);
#6750=ORIENTED_EDGE('',*,*,#8438,.T.);
#6751=CARTESIAN_POINT('',(-0.125,-1.0,-0.02));
#6752=DIRECTION('',(0.0,0.0,1.0));
#6753=DIRECTION('',(1.0,0.0,0.0));
#6754=ORIENTED_EDGE('',*,*,#8433,.T.);
#6755=ORIENTED_EDGE('',*,*,#7395,.F.);
#6756=ORIENTED_EDGE('',*,*,#8431,.F.);
#6757=ORIENTED_EDGE('',*,*,#8440,.T.);
#6758=CARTESIAN_POINT('',(-0.125,-0.8,0.0));
#6759=DIRECTION('',(1.0,-0.0,0.0));
#6760=DIRECTION('',(0.0,0.0,1.0));
#6761=ORIENTED_EDGE('',*,*,#8437,.T.);
#6762=ORIENTED_EDGE('',*,*,#8441,.F.);
#6763=ORIENTED_EDGE('',*,*,#8427,.F.);
#6764=ORIENTED_EDGE('',*,*,#8425,.T.);
#6765=CARTESIAN_POINT('',(-0.125,-0.779999999999992,0.04));
#6766=DIRECTION('',(1.0,-0.0,0.0));
#6767=DIRECTION('',(0.0,0.0,1.0));
#6768=ORIENTED_EDGE('',*,*,#8436,.T.);
#6769=ORIENTED_EDGE('',*,*,#8439,.F.);
#6770=ORIENTED_EDGE('',*,*,#8428,.F.);
#6771=ORIENTED_EDGE('',*,*,#8441,.T.);
#6772=CARTESIAN_POINT('',(-0.125,-0.799999999999992,0.04));
#6773=DIRECTION('',(0.0,1.01643953670512E-16,-1.0));
#6774=DIRECTION('',(-1.0,0.0,0.0));
#6775=ORIENTED_EDGE('',*,*,#8442,.F.);
#6776=ORIENTED_EDGE('',*,*,#7609,.T.);
#6777=ORIENTED_EDGE('',*,*,#8443,.T.);
#6778=ORIENTED_EDGE('',*,*,#8444,.F.);
#6779=CARTESIAN_POINT('',(0.225,-0.35,0.0600000000000001));
#6780=DIRECTION('',(0.0,1.89105030084685E-16,-1.0));
#6781=DIRECTION('',(-1.0,0.0,0.0));
#6782=ORIENTED_EDGE('',*,*,#7036,.F.);
#6783=ORIENTED_EDGE('',*,*,#8445,.T.);
#6784=ORIENTED_EDGE('',*,*,#8442,.T.);
#6785=ORIENTED_EDGE('',*,*,#8446,.T.);
#6786=ORIENTED_EDGE('',*,*,#8447,.T.);
#6787=ORIENTED_EDGE('',*,*,#8448,.T.);
#6788=ORIENTED_EDGE('',*,*,#8449,.T.);
#6789=ORIENTED_EDGE('',*,*,#8450,.T.);
#6790=ORIENTED_EDGE('',*,*,#7391,.T.);
#6791=ORIENTED_EDGE('',*,*,#7111,.F.);
#6792=CARTESIAN_POINT('',(0.225,-0.8,0.0));
#6793=DIRECTION('',(1.0,0.0,0.0));
#6794=DIRECTION('',(0.0,1.0,0.0));
#6795=ORIENTED_EDGE('',*,*,#8451,.F.);
#6796=ORIENTED_EDGE('',*,*,#7038,.T.);
#6797=ORIENTED_EDGE('',*,*,#7113,.T.);
#6798=ORIENTED_EDGE('',*,*,#7393,.F.);
#6799=ORIENTED_EDGE('',*,*,#8452,.F.);
#6800=ORIENTED_EDGE('',*,*,#8453,.F.);
#6801=ORIENTED_EDGE('',*,*,#8454,.F.);
#6802=ORIENTED_EDGE('',*,*,#8455,.F.);
#6803=ORIENTED_EDGE('',*,*,#8456,.F.);
#6804=ORIENTED_EDGE('',*,*,#8443,.F.);
#6805=CARTESIAN_POINT('',(0.125,-0.8,0.0));
#6806=DIRECTION('',(1.0,0.0,0.0));
#6807=DIRECTION('',(0.0,1.0,0.0));
#6808=ORIENTED_EDGE('',*,*,#8454,.T.);
#6809=ORIENTED_EDGE('',*,*,#8457,.F.);
#6810=ORIENTED_EDGE('',*,*,#8448,.F.);
#6811=ORIENTED_EDGE('',*,*,#8458,.T.);
#6812=CARTESIAN_POINT('',(0.225,-1.0,0.04));
#6813=DIRECTION('',(-0.0,1.0,0.0));
#6814=DIRECTION('',(1.0,0.0,0.0));
#6815=ORIENTED_EDGE('',*,*,#8453,.T.);
#6816=ORIENTED_EDGE('',*,*,#8459,.F.);
#6817=ORIENTED_EDGE('',*,*,#8449,.F.);
#6818=ORIENTED_EDGE('',*,*,#8457,.T.);
#6819=CARTESIAN_POINT('',(0.225,-1.0,-0.02));
#6820=DIRECTION('',(0.0,0.0,1.0));
#6821=DIRECTION('',(1.0,0.0,0.0));
#6822=ORIENTED_EDGE('',*,*,#8452,.T.);
#6823=ORIENTED_EDGE('',*,*,#7392,.F.);
#6824=ORIENTED_EDGE('',*,*,#8450,.F.);
#6825=ORIENTED_EDGE('',*,*,#8459,.T.);
#6826=CARTESIAN_POINT('',(0.225,-0.8,0.0));
#6827=DIRECTION('',(1.0,-0.0,0.0));
#6828=DIRECTION('',(0.0,0.0,1.0));
#6829=ORIENTED_EDGE('',*,*,#8456,.T.);
#6830=ORIENTED_EDGE('',*,*,#8460,.F.);
#6831=ORIENTED_EDGE('',*,*,#8446,.F.);
#6832=ORIENTED_EDGE('',*,*,#8444,.T.);
#6833=CARTESIAN_POINT('',(0.225,-0.779999999999992,0.04));
#6834=DIRECTION('',(1.0,-0.0,0.0));
#6835=DIRECTION('',(0.0,0.0,1.0));
#6836=ORIENTED_EDGE('',*,*,#8455,.T.);
#6837=ORIENTED_EDGE('',*,*,#8458,.F.);
#6838=ORIENTED_EDGE('',*,*,#8447,.F.);
#6839=ORIENTED_EDGE('',*,*,#8460,.T.);
#6840=CARTESIAN_POINT('',(0.225,-0.799999999999992,0.04));
#6841=DIRECTION('',(0.0,1.01643953670512E-16,-1.0));
#6842=DIRECTION('',(-1.0,0.0,0.0));
#6843=ORIENTED_EDGE('',*,*,#8461,.F.);
#6844=ORIENTED_EDGE('',*,*,#7612,.T.);
#6845=ORIENTED_EDGE('',*,*,#8462,.T.);
#6846=ORIENTED_EDGE('',*,*,#8463,.F.);
#6847=CARTESIAN_POINT('',(0.575,-0.35,0.0600000000000001));
#6848=DIRECTION('',(0.0,1.89105030084685E-16,-1.0));
#6849=DIRECTION('',(-1.0,0.0,0.0));
#6850=ORIENTED_EDGE('',*,*,#7252,.F.);
#6851=ORIENTED_EDGE('',*,*,#8464,.T.);
#6852=ORIENTED_EDGE('',*,*,#8461,.T.);
#6853=ORIENTED_EDGE('',*,*,#8465,.T.);
#6854=ORIENTED_EDGE('',*,*,#8466,.T.);
#6855=ORIENTED_EDGE('',*,*,#8467,.T.);
#6856=ORIENTED_EDGE('',*,*,#8468,.T.);
#6857=ORIENTED_EDGE('',*,*,#8469,.T.);
#6858=ORIENTED_EDGE('',*,*,#7388,.T.);
#6859=ORIENTED_EDGE('',*,*,#7262,.F.);
#6860=CARTESIAN_POINT('',(0.575,-0.8,0.0));
#6861=DIRECTION('',(1.0,0.0,0.0));
#6862=DIRECTION('',(0.0,1.0,0.0));
#6863=ORIENTED_EDGE('',*,*,#8470,.F.);
#6864=ORIENTED_EDGE('',*,*,#7032,.T.);
#6865=ORIENTED_EDGE('',*,*,#7110,.T.);
#6866=ORIENTED_EDGE('',*,*,#7390,.F.);
#6867=ORIENTED_EDGE('',*,*,#8471,.F.);
#6868=ORIENTED_EDGE('',*,*,#8472,.F.);
#6869=ORIENTED_EDGE('',*,*,#8473,.F.);
#6870=ORIENTED_EDGE('',*,*,#8474,.F.);
#6871=ORIENTED_EDGE('',*,*,#8475,.F.);
#6872=ORIENTED_EDGE('',*,*,#8462,.F.);
#6873=CARTESIAN_POINT('',(0.475,-0.8,0.0));
#6874=DIRECTION('',(1.0,0.0,0.0));
#6875=DIRECTION('',(0.0,1.0,0.0));
#6876=ORIENTED_EDGE('',*,*,#8473,.T.);
#6877=ORIENTED_EDGE('',*,*,#8476,.F.);
#6878=ORIENTED_EDGE('',*,*,#8467,.F.);
#6879=ORIENTED_EDGE('',*,*,#8477,.T.);
#6880=CARTESIAN_POINT('',(0.575,-1.0,0.04));
#6881=DIRECTION('',(-0.0,1.0,0.0));
#6882=DIRECTION('',(1.0,0.0,0.0));
#6883=ORIENTED_EDGE('',*,*,#8472,.T.);
#6884=ORIENTED_EDGE('',*,*,#8478,.F.);
#6885=ORIENTED_EDGE('',*,*,#8468,.F.);
#6886=ORIENTED_EDGE('',*,*,#8476,.T.);
#6887=CARTESIAN_POINT('',(0.575,-1.0,-0.02));
#6888=DIRECTION('',(0.0,0.0,1.0));
#6889=DIRECTION('',(1.0,0.0,0.0));
#6890=ORIENTED_EDGE('',*,*,#8471,.T.);
#6891=ORIENTED_EDGE('',*,*,#7389,.F.);
#6892=ORIENTED_EDGE('',*,*,#8469,.F.);
#6893=ORIENTED_EDGE('',*,*,#8478,.T.);
#6894=CARTESIAN_POINT('',(0.575,-0.8,0.0));
#6895=DIRECTION('',(1.0,-0.0,0.0));
#6896=DIRECTION('',(0.0,0.0,1.0));
#6897=ORIENTED_EDGE('',*,*,#8475,.T.);
#6898=ORIENTED_EDGE('',*,*,#8479,.F.);
#6899=ORIENTED_EDGE('',*,*,#8465,.F.);
#6900=ORIENTED_EDGE('',*,*,#8463,.T.);
#6901=CARTESIAN_POINT('',(0.575,-0.779999999999992,0.04));
#6902=DIRECTION('',(1.0,-0.0,0.0));
#6903=DIRECTION('',(0.0,0.0,1.0));
#6904=ORIENTED_EDGE('',*,*,#8474,.T.);
#6905=ORIENTED_EDGE('',*,*,#8477,.F.);
#6906=ORIENTED_EDGE('',*,*,#8466,.F.);
#6907=ORIENTED_EDGE('',*,*,#8479,.T.);
#6908=CARTESIAN_POINT('',(0.575,-0.799999999999992,0.04));
#6909=DIRECTION('',(0.0,1.01643953670512E-16,-1.0));
#6910=DIRECTION('',(-1.0,0.0,0.0));
#6911=ORIENTED_EDGE('',*,*,#7251,.F.);
#6912=ORIENTED_EDGE('',*,*,#7613,.T.);
#6913=ORIENTED_EDGE('',*,*,#8464,.F.);
#6914=CARTESIAN_POINT('',(0.615000000000001,-11.844,0.0999999999998797));
#6915=DIRECTION('',(0.707106781186546,6.81463740748168E-15,-0.707106781186549));
#6916=DIRECTION('',(0.0,-1.0,-9.6373526443156E-15));
#6917=ORIENTED_EDGE('',*,*,#7033,.F.);
#6918=ORIENTED_EDGE('',*,*,#8470,.T.);
#6919=ORIENTED_EDGE('',*,*,#7611,.T.);
#6920=CARTESIAN_POINT('',(0.475,-11.844,0.0599999999998798));
#6921=DIRECTION('',(-0.707106781186546,6.81463740748168E-15,-0.707106781186549));
#6922=DIRECTION('',(-0.707106781186549,0.0,0.707106781186546));
#6923=ORIENTED_EDGE('',*,*,#7035,.F.);
#6924=ORIENTED_EDGE('',*,*,#7610,.T.);
#6925=ORIENTED_EDGE('',*,*,#8445,.F.);
#6926=CARTESIAN_POINT('',(0.265000000000001,-11.844,0.0999999999998797));
#6927=DIRECTION('',(0.707106781186546,6.81463740748168E-15,-0.707106781186549));
#6928=DIRECTION('',(0.0,-1.0,-9.6373526443156E-15));
#6929=ORIENTED_EDGE('',*,*,#7039,.F.);
#6930=ORIENTED_EDGE('',*,*,#8451,.T.);
#6931=ORIENTED_EDGE('',*,*,#7608,.T.);
#6932=CARTESIAN_POINT('',(0.125,-11.844,0.0599999999998798));
#6933=DIRECTION('',(-0.707106781186546,6.81463740748168E-15,-0.707106781186549));
#6934=DIRECTION('',(-0.707106781186549,0.0,0.707106781186546));
#6935=ORIENTED_EDGE('',*,*,#7041,.F.);
#6936=ORIENTED_EDGE('',*,*,#7607,.T.);
#6937=ORIENTED_EDGE('',*,*,#8426,.F.);
#6938=CARTESIAN_POINT('',(-0.0849999999999991,-11.844,0.0999999999998797));
#6939=DIRECTION('',(0.707106781186546,6.81463740748168E-15,-0.707106781186549));
#6940=DIRECTION('',(0.0,-1.0,-9.6373526443156E-15));
#6941=ORIENTED_EDGE('',*,*,#7045,.F.);
#6942=ORIENTED_EDGE('',*,*,#8432,.T.);
#6943=ORIENTED_EDGE('',*,*,#7605,.T.);
#6944=CARTESIAN_POINT('',(-0.225,-11.844,0.0599999999998798));
#6945=DIRECTION('',(-0.707106781186546,6.81463740748168E-15,-0.707106781186549));
#6946=DIRECTION('',(-0.707106781186549,0.0,0.707106781186546));
#6947=ORIENTED_EDGE('',*,*,#7047,.F.);
#6948=ORIENTED_EDGE('',*,*,#7604,.T.);
#6949=ORIENTED_EDGE('',*,*,#8407,.F.);
#6950=CARTESIAN_POINT('',(-0.434999999999999,-11.844,0.0999999999998797));
#6951=DIRECTION('',(0.707106781186546,6.81463740748168E-15,-0.707106781186549));
#6952=DIRECTION('',(0.0,-1.0,-9.6373526443156E-15));
#6953=ORIENTED_EDGE('',*,*,#7051,.F.);
#6954=ORIENTED_EDGE('',*,*,#8413,.T.);
#6955=ORIENTED_EDGE('',*,*,#7602,.T.);
#6956=CARTESIAN_POINT('',(-0.575,-11.844,0.0599999999998798));
#6957=DIRECTION('',(-0.707106781186546,6.81463740748168E-15,-0.707106781186549));
#6958=DIRECTION('',(-0.707106781186549,0.0,0.707106781186546));
#6959=ORIENTED_EDGE('',*,*,#7053,.F.);
#6960=ORIENTED_EDGE('',*,*,#7601,.T.);
#6961=ORIENTED_EDGE('',*,*,#8388,.F.);
#6962=CARTESIAN_POINT('',(-0.784999999999999,-11.844,0.0999999999998797));
#6963=DIRECTION('',(0.707106781186546,6.81463740748168E-15,-0.707106781186549));
#6964=DIRECTION('',(0.0,-1.0,-9.6373526443156E-15));
#6965=ORIENTED_EDGE('',*,*,#7057,.F.);
#6966=ORIENTED_EDGE('',*,*,#8394,.T.);
#6967=ORIENTED_EDGE('',*,*,#7599,.T.);
#6968=CARTESIAN_POINT('',(-0.925,-11.844,0.0599999999998798));
#6969=DIRECTION('',(-0.707106781186546,6.81463740748168E-15,-0.707106781186549));
#6970=DIRECTION('',(-0.707106781186549,0.0,0.707106781186546));
#6971=ORIENTED_EDGE('',*,*,#7257,.F.);
#6972=ORIENTED_EDGE('',*,*,#8374,.F.);
#6973=ORIENTED_EDGE('',*,*,#7631,.F.);
#6974=CARTESIAN_POINT('',(0.615000000000001,-11.844,0.0999999999998797));
#6975=DIRECTION('',(0.707106781186546,6.81463740748168E-15,-0.707106781186549));
#6976=DIRECTION('',(0.0,-1.0,-9.6373526443156E-15));
#6977=ORIENTED_EDGE('',*,*,#7062,.F.);
#6978=ORIENTED_EDGE('',*,*,#7632,.F.);
#6979=ORIENTED_EDGE('',*,*,#8375,.T.);
#6980=CARTESIAN_POINT('',(0.475,-11.844,0.0599999999998798));
#6981=DIRECTION('',(-0.707106781186546,6.81463740748168E-15,-0.707106781186549));
#6982=DIRECTION('',(-0.707106781186549,0.0,0.707106781186546));
#6983=ORIENTED_EDGE('',*,*,#7066,.F.);
#6984=ORIENTED_EDGE('',*,*,#8358,.F.);
#6985=ORIENTED_EDGE('',*,*,#7633,.F.);
#6986=CARTESIAN_POINT('',(0.265000000000001,-11.844,0.0999999999998797));
#6987=DIRECTION('',(0.707106781186546,6.81463740748168E-15,-0.707106781186549));
#6988=DIRECTION('',(0.0,-1.0,-9.6373526443156E-15));
#6989=ORIENTED_EDGE('',*,*,#7068,.F.);
#6990=ORIENTED_EDGE('',*,*,#7634,.F.);
#6991=ORIENTED_EDGE('',*,*,#8359,.T.);
#6992=CARTESIAN_POINT('',(0.125,-11.844,0.0599999999998798));
#6993=DIRECTION('',(-0.707106781186546,6.81463740748168E-15,-0.707106781186549));
#6994=DIRECTION('',(-0.707106781186549,0.0,0.707106781186546));
#6995=ORIENTED_EDGE('',*,*,#7072,.F.);
#6996=ORIENTED_EDGE('',*,*,#8342,.F.);
#6997=ORIENTED_EDGE('',*,*,#7635,.F.);
#6998=CARTESIAN_POINT('',(-0.0849999999999991,-11.844,0.0999999999998797));
#6999=DIRECTION('',(0.707106781186546,6.81463740748168E-15,-0.707106781186549));
#7000=DIRECTION('',(0.0,-1.0,-9.6373526443156E-15));
#7001=ORIENTED_EDGE('',*,*,#7074,.F.);
#7002=ORIENTED_EDGE('',*,*,#7636,.F.);
#7003=ORIENTED_EDGE('',*,*,#8343,.T.);
#7004=CARTESIAN_POINT('',(-0.225,-11.844,0.0599999999998798));
#7005=DIRECTION('',(-0.707106781186546,6.81463740748168E-15,-0.707106781186549));
#7006=DIRECTION('',(-0.707106781186549,0.0,0.707106781186546));
#7007=ORIENTED_EDGE('',*,*,#7078,.F.);
#7008=ORIENTED_EDGE('',*,*,#8326,.F.);
#7009=ORIENTED_EDGE('',*,*,#7637,.F.);
#7010=CARTESIAN_POINT('',(-0.434999999999999,-11.844,0.0999999999998797));
#7011=DIRECTION('',(0.707106781186546,6.81463740748168E-15,-0.707106781186549));
#7012=DIRECTION('',(0.0,-1.0,-9.6373526443156E-15));
#7013=ORIENTED_EDGE('',*,*,#7080,.F.);
#7014=ORIENTED_EDGE('',*,*,#7638,.F.);
#7015=ORIENTED_EDGE('',*,*,#8327,.T.);
#7016=CARTESIAN_POINT('',(-0.575,-11.844,0.0599999999998798));
#7017=DIRECTION('',(-0.707106781186546,6.81463740748168E-15,-0.707106781186549));
#7018=DIRECTION('',(-0.707106781186549,0.0,0.707106781186546));
#7019=ORIENTED_EDGE('',*,*,#7084,.F.);
#7020=ORIENTED_EDGE('',*,*,#8310,.F.);
#7021=ORIENTED_EDGE('',*,*,#7639,.F.);
#7022=CARTESIAN_POINT('',(-0.784999999999999,-11.844,0.0999999999998797));
#7023=DIRECTION('',(0.707106781186546,6.81463740748168E-15,-0.707106781186549));
#7024=DIRECTION('',(0.0,-1.0,-9.6373526443156E-15));
#7025=ORIENTED_EDGE('',*,*,#7086,.F.);
#7026=ORIENTED_EDGE('',*,*,#7640,.F.);
#7027=ORIENTED_EDGE('',*,*,#8311,.T.);
#7028=CARTESIAN_POINT('',(-0.925,-11.844,0.0599999999998798));
#7029=DIRECTION('',(-0.707106781186546,6.81463740748168E-15,-0.707106781186549));
#7030=DIRECTION('',(-0.707106781186549,0.0,0.707106781186546));
#7031=COLOUR_RGB('',0.596063196659088,0.666666686534882,0.686259269714355);
#7032=EDGE_CURVE('',#8480,#8481,#8482,.T.);
#7033=EDGE_CURVE('',#8480,#8483,#8484,.T.);
#7034=EDGE_CURVE('',#8483,#8485,#8486,.T.);
#7035=EDGE_CURVE('',#8485,#8487,#8488,.T.);
#7036=EDGE_CURVE('',#8487,#8489,#8490,.T.);
#7037=EDGE_CURVE('',#8481,#8489,#8491,.T.);
#7038=EDGE_CURVE('',#8492,#8493,#8494,.T.);
#7039=EDGE_CURVE('',#8492,#8495,#8496,.T.);
#7040=EDGE_CURVE('',#8495,#8497,#8498,.T.);
#7041=EDGE_CURVE('',#8497,#8499,#8500,.T.);
#7042=EDGE_CURVE('',#8499,#8501,#8502,.T.);
#7043=EDGE_CURVE('',#8493,#8501,#8503,.T.);
#7044=EDGE_CURVE('',#8504,#8505,#8506,.T.);
#7045=EDGE_CURVE('',#8504,#8507,#8508,.T.);
#7046=EDGE_CURVE('',#8507,#8509,#8510,.T.);
#7047=EDGE_CURVE('',#8509,#8511,#8512,.T.);
#7048=EDGE_CURVE('',#8511,#8513,#8514,.T.);
#7049=EDGE_CURVE('',#8505,#8513,#8515,.T.);
#7050=EDGE_CURVE('',#8516,#8517,#8518,.T.);
#7051=EDGE_CURVE('',#8516,#8519,#8520,.T.);
#7052=EDGE_CURVE('',#8519,#8521,#8522,.T.);
#7053=EDGE_CURVE('',#8521,#8523,#8524,.T.);
#7054=EDGE_CURVE('',#8523,#8525,#8526,.T.);
#7055=EDGE_CURVE('',#8517,#8525,#8527,.T.);
#7056=EDGE_CURVE('',#8528,#8529,#8530,.T.);
#7057=EDGE_CURVE('',#8528,#8531,#8532,.T.);
#7058=EDGE_CURVE('',#8531,#8533,#8534,.T.);
#7059=EDGE_CURVE('',#8533,#8535,#8536,.T.);
#7060=EDGE_CURVE('',#8529,#8535,#8537,.T.);
#7061=EDGE_CURVE('',#8538,#8539,#8540,.T.);
#7062=EDGE_CURVE('',#8538,#8541,#8542,.T.);
#7063=EDGE_CURVE('',#8543,#8541,#8544,.T.);
#7064=EDGE_CURVE('',#8543,#8545,#8546,.T.);
#7065=EDGE_CURVE('',#8545,#8547,#8548,.T.);
#7066=EDGE_CURVE('',#8547,#8539,#8549,.T.);
#7067=EDGE_CURVE('',#8550,#8551,#8552,.T.);
#7068=EDGE_CURVE('',#8550,#8553,#8554,.T.);
#7069=EDGE_CURVE('',#8555,#8553,#8556,.T.);
#7070=EDGE_CURVE('',#8555,#8557,#8558,.T.);
#7071=EDGE_CURVE('',#8557,#8559,#8560,.T.);
#7072=EDGE_CURVE('',#8559,#8551,#8561,.T.);
#7073=EDGE_CURVE('',#8562,#8563,#8564,.T.);
#7074=EDGE_CURVE('',#8562,#8565,#8566,.T.);
#7075=EDGE_CURVE('',#8567,#8565,#8568,.T.);
#7076=EDGE_CURVE('',#8567,#8569,#8570,.T.);
#7077=EDGE_CURVE('',#8569,#8571,#8572,.T.);
#7078=EDGE_CURVE('',#8571,#8563,#8573,.T.);
#7079=EDGE_CURVE('',#8574,#8575,#8576,.T.);
#7080=EDGE_CURVE('',#8574,#8577,#8578,.T.);
#7081=EDGE_CURVE('',#8579,#8577,#8580,.T.);
#7082=EDGE_CURVE('',#8579,#8581,#8582,.T.);
#7083=EDGE_CURVE('',#8581,#8583,#8584,.T.);
#7084=EDGE_CURVE('',#8583,#8575,#8585,.T.);
#7085=EDGE_CURVE('',#8586,#8587,#8588,.T.);
#7086=EDGE_CURVE('',#8586,#8589,#8590,.T.);
#7087=EDGE_CURVE('',#8591,#8589,#8592,.T.);
#7088=EDGE_CURVE('',#8591,#8593,#8594,.T.);
#7089=EDGE_CURVE('',#8593,#8587,#8595,.T.);
#7090=EDGE_CURVE('',#8596,#8597,#8598,.T.);
#7091=EDGE_CURVE('',#8599,#8596,#8600,.T.);
#7092=EDGE_CURVE('',#8599,#8601,#8602,.T.);
#7093=EDGE_CURVE('',#8601,#8597,#8603,.T.);
#7094=EDGE_CURVE('',#8604,#8605,#8606,.T.);
#7095=EDGE_CURVE('',#8607,#8604,#8608,.T.);
#7096=EDGE_CURVE('',#8607,#8609,#8610,.T.);
#7097=EDGE_CURVE('',#8609,#8605,#8611,.T.);
#7098=EDGE_CURVE('',#8612,#8613,#8614,.T.);
#7099=EDGE_CURVE('',#8615,#8612,#8616,.T.);
#7100=EDGE_CURVE('',#8615,#8617,#8618,.T.);
#7101=EDGE_CURVE('',#8617,#8613,#8619,.T.);
#7102=EDGE_CURVE('',#8620,#8621,#8622,.T.);
#7103=EDGE_CURVE('',#8623,#8620,#8624,.T.);
#7104=EDGE_CURVE('',#8623,#8625,#8626,.T.);
#7105=EDGE_CURVE('',#8625,#8621,#8627,.T.);
#7106=EDGE_CURVE('',#8628,#8629,#8630,.T.);
#7107=EDGE_CURVE('',#8631,#8628,#8632,.T.);
#7108=EDGE_CURVE('',#8631,#8633,#8634,.T.);
#7109=EDGE_CURVE('',#8633,#8629,#8635,.T.);
#7110=EDGE_CURVE('',#8481,#8636,#8637,.T.);
#7111=EDGE_CURVE('',#8489,#8638,#8639,.T.);
#7112=EDGE_CURVE('',#8636,#8638,#8640,.T.);
#7113=EDGE_CURVE('',#8493,#8641,#8642,.T.);
#7114=EDGE_CURVE('',#8501,#8643,#8644,.T.);
#7115=EDGE_CURVE('',#8641,#8643,#8645,.T.);
#7116=EDGE_CURVE('',#8505,#8646,#8647,.T.);
#7117=EDGE_CURVE('',#8513,#8648,#8649,.T.);
#7118=EDGE_CURVE('',#8646,#8648,#8650,.T.);
#7119=EDGE_CURVE('',#8517,#8651,#8652,.T.);
#7120=EDGE_CURVE('',#8525,#8653,#8654,.T.);
#7121=EDGE_CURVE('',#8651,#8653,#8655,.T.);
#7122=EDGE_CURVE('',#8529,#8656,#8657,.T.);
#7123=EDGE_CURVE('',#8535,#8658,#8659,.T.);
#7124=EDGE_CURVE('',#8656,#8658,#8660,.T.);
#7125=EDGE_CURVE('',#8661,#8543,#8662,.T.);
#7126=EDGE_CURVE('',#8661,#8663,#8664,.T.);
#7127=EDGE_CURVE('',#8663,#8545,#8665,.T.);
#7128=EDGE_CURVE('',#8666,#8555,#8667,.T.);
#7129=EDGE_CURVE('',#8666,#8668,#8669,.T.);
#7130=EDGE_CURVE('',#8668,#8557,#8670,.T.);
#7131=EDGE_CURVE('',#8671,#8567,#8672,.T.);
#7132=EDGE_CURVE('',#8671,#8673,#8674,.T.);
#7133=EDGE_CURVE('',#8673,#8569,#8675,.T.);
#7134=EDGE_CURVE('',#8676,#8579,#8677,.T.);
#7135=EDGE_CURVE('',#8676,#8678,#8679,.T.);
#7136=EDGE_CURVE('',#8678,#8581,#8680,.T.);
#7137=EDGE_CURVE('',#8681,#8591,#8682,.T.);
#7138=EDGE_CURVE('',#8681,#8683,#8684,.T.);
#7139=EDGE_CURVE('',#8683,#8593,#8685,.T.);
#7140=EDGE_CURVE('',#8686,#8687,#8688,.T.);
#7141=EDGE_CURVE('',#8686,#8689,#8690,.T.);
#7142=EDGE_CURVE('',#8689,#8691,#8692,.T.);
#7143=EDGE_CURVE('',#8687,#8691,#8693,.T.);
#7144=EDGE_CURVE('',#8694,#8695,#8696,.T.);
#7145=EDGE_CURVE('',#8694,#8697,#8698,.T.);
#7146=EDGE_CURVE('',#8697,#8699,#8700,.T.);
#7147=EDGE_CURVE('',#8695,#8699,#8701,.T.);
#7148=EDGE_CURVE('',#8702,#8703,#8704,.T.);
#7149=EDGE_CURVE('',#8702,#8705,#8706,.T.);
#7150=EDGE_CURVE('',#8705,#8707,#8708,.T.);
#7151=EDGE_CURVE('',#8703,#8707,#8709,.T.);
#7152=EDGE_CURVE('',#8710,#8711,#8712,.T.);
#7153=EDGE_CURVE('',#8710,#8713,#8714,.T.);
#7154=EDGE_CURVE('',#8713,#8715,#8716,.T.);
#7155=EDGE_CURVE('',#8711,#8715,#8717,.T.);
#7156=EDGE_CURVE('',#8718,#8719,#8720,.T.);
#7157=EDGE_CURVE('',#8718,#8721,#8722,.T.);
#7158=EDGE_CURVE('',#8721,#8723,#8724,.T.);
#7159=EDGE_CURVE('',#8719,#8723,#8725,.T.);
#7160=EDGE_CURVE('',#8687,#8726,#8727,.T.);
#7161=EDGE_CURVE('',#8691,#8728,#8729,.T.);
#7162=EDGE_CURVE('',#8726,#8728,#8730,.T.);
#7163=EDGE_CURVE('',#8695,#8731,#8732,.T.);
#7164=EDGE_CURVE('',#8699,#8733,#8734,.T.);
#7165=EDGE_CURVE('',#8731,#8733,#8735,.T.);
#7166=EDGE_CURVE('',#8703,#8736,#8737,.T.);
#7167=EDGE_CURVE('',#8707,#8738,#8739,.T.);
#7168=EDGE_CURVE('',#8736,#8738,#8740,.T.);
#7169=EDGE_CURVE('',#8711,#8741,#8742,.T.);
#7170=EDGE_CURVE('',#8715,#8743,#8744,.T.);
#7171=EDGE_CURVE('',#8741,#8743,#8745,.T.);
#7172=EDGE_CURVE('',#8719,#8746,#8747,.T.);
#7173=EDGE_CURVE('',#8723,#8748,#8749,.T.);
#7174=EDGE_CURVE('',#8746,#8748,#8750,.T.);
#7175=EDGE_CURVE('',#8751,#8752,#8753,.T.);
#7176=EDGE_CURVE('',#8752,#8754,#8755,.T.);
#7177=EDGE_CURVE('',#8754,#8756,#8757,.T.);
#7178=EDGE_CURVE('',#8751,#8756,#8758,.T.);
#7179=EDGE_CURVE('',#8754,#8759,#8760,.T.);
#7180=EDGE_CURVE('',#8759,#8726,#8761,.T.);
#7181=EDGE_CURVE('',#8762,#8728,#8763,.T.);
#7182=EDGE_CURVE('',#8762,#8764,#8765,.T.);
#7183=EDGE_CURVE('',#8764,#8731,#8766,.T.);
#7184=EDGE_CURVE('',#8767,#8733,#8768,.T.);
#7185=EDGE_CURVE('',#8767,#8769,#8770,.T.);
#7186=EDGE_CURVE('',#8769,#8736,#8771,.T.);
#7187=EDGE_CURVE('',#8772,#8738,#8773,.T.);
#7188=EDGE_CURVE('',#8772,#8774,#8775,.T.);
#7189=EDGE_CURVE('',#8776,#8774,#8777,.T.);
#7190=EDGE_CURVE('',#8776,#8756,#8778,.T.);
#7191=EDGE_CURVE('',#8779,#8780,#8781,.T.);
#7192=EDGE_CURVE('',#8782,#8779,#8783,.T.);
#7193=EDGE_CURVE('',#8782,#8784,#8785,.T.);
#7194=EDGE_CURVE('',#8780,#8784,#8786,.T.);
#7195=EDGE_CURVE('',#8787,#8788,#8789,.T.);
#7196=EDGE_CURVE('',#8790,#8787,#8791,.T.);
#7197=EDGE_CURVE('',#8790,#8792,#8793,.T.);
#7198=EDGE_CURVE('',#8788,#8792,#8794,.T.);
#7199=EDGE_CURVE('',#8795,#8796,#8797,.T.);
#7200=EDGE_CURVE('',#8798,#8795,#8799,.T.);
#7201=EDGE_CURVE('',#8798,#8800,#8801,.T.);
#7202=EDGE_CURVE('',#8796,#8800,#8802,.T.);
#7203=EDGE_CURVE('',#8803,#8804,#8805,.T.);
#7204=EDGE_CURVE('',#8803,#8806,#8807,.T.);
#7205=EDGE_CURVE('',#8806,#8808,#8809,.T.);
#7206=EDGE_CURVE('',#8804,#8808,#8810,.T.);
#7207=EDGE_CURVE('',#8811,#8812,#8813,.T.);
#7208=EDGE_CURVE('',#8811,#8814,#8815,.T.);
#7209=EDGE_CURVE('',#8814,#8816,#8817,.T.);
#7210=EDGE_CURVE('',#8812,#8816,#8818,.T.);
#7211=EDGE_CURVE('',#8780,#8819,#8820,.T.);
#7212=EDGE_CURVE('',#8784,#8821,#8822,.T.);
#7213=EDGE_CURVE('',#8819,#8821,#8823,.T.);
#7214=EDGE_CURVE('',#8788,#8824,#8825,.T.);
#7215=EDGE_CURVE('',#8792,#8826,#8827,.T.);
#7216=EDGE_CURVE('',#8824,#8826,#8828,.T.);
#7217=EDGE_CURVE('',#8796,#8829,#8830,.T.);
#7218=EDGE_CURVE('',#8800,#8831,#8832,.T.);
#7219=EDGE_CURVE('',#8829,#8831,#8833,.T.);
#7220=EDGE_CURVE('',#8804,#8834,#8835,.T.);
#7221=EDGE_CURVE('',#8808,#8836,#8837,.T.);
#7222=EDGE_CURVE('',#8834,#8836,#8838,.T.);
#7223=EDGE_CURVE('',#8812,#8839,#8840,.T.);
#7224=EDGE_CURVE('',#8816,#8841,#8842,.T.);
#7225=EDGE_CURVE('',#8839,#8841,#8843,.T.);
#7226=EDGE_CURVE('',#8844,#8845,#8846,.T.);
#7227=EDGE_CURVE('',#8847,#8844,#8848,.T.);
#7228=EDGE_CURVE('',#8849,#8847,#8850,.T.);
#7229=EDGE_CURVE('',#8849,#8845,#8851,.T.);
#7230=EDGE_CURVE('',#8852,#8853,#8854,.T.);
#7231=EDGE_CURVE('',#8853,#8855,#8856,.T.);
#7232=EDGE_CURVE('',#8855,#8857,#8858,.T.);
#7233=EDGE_CURVE('',#8857,#8852,#8859,.T.);
#7234=EDGE_CURVE('',#8779,#8860,#8861,.T.);
#7235=EDGE_CURVE('',#8853,#8860,#8862,.T.);
#7236=EDGE_CURVE('',#8852,#8863,#8864,.T.);
#7237=EDGE_CURVE('',#8865,#8863,#8866,.T.);
#7238=EDGE_CURVE('',#8867,#8865,#8868,.T.);
#7239=EDGE_CURVE('',#8798,#8867,#8869,.T.);
#7240=EDGE_CURVE('',#8795,#8870,#8871,.T.);
#7241=EDGE_CURVE('',#8872,#8870,#8873,.T.);
#7242=EDGE_CURVE('',#8790,#8872,#8874,.T.);
#7243=EDGE_CURVE('',#8787,#8875,#8876,.T.);
#7244=EDGE_CURVE('',#8877,#8875,#8878,.T.);
#7245=EDGE_CURVE('',#8782,#8877,#8879,.T.);
#7246=EDGE_CURVE('',#8880,#8881,#8882,.T.);
#7247=EDGE_CURVE('',#8883,#8880,#8884,.T.);
#7248=EDGE_CURVE('',#8883,#8885,#8886,.T.);
#7249=EDGE_CURVE('',#8885,#8881,#8887,.T.);
#7250=EDGE_CURVE('',#8888,#8889,#8890,.T.);
#7251=EDGE_CURVE('',#8889,#8891,#8892,.T.);
#7252=EDGE_CURVE('',#8891,#8893,#8894,.T.);
#7253=EDGE_CURVE('',#8895,#8893,#8896,.T.);
#7254=EDGE_CURVE('',#8897,#8895,#8898,.T.);
#7255=EDGE_CURVE('',#8897,#8888,#8899,.T.);
#7256=EDGE_CURVE('',#8900,#8901,#8902,.T.);
#7257=EDGE_CURVE('',#8901,#8903,#8904,.T.);
#7258=EDGE_CURVE('',#8905,#8903,#8906,.T.);
#7259=EDGE_CURVE('',#8905,#8907,#8908,.T.);
#7260=EDGE_CURVE('',#8909,#8907,#8910,.T.);
#7261=EDGE_CURVE('',#8909,#8900,#8911,.T.);
#7262=EDGE_CURVE('',#8893,#8912,#8913,.T.);
#7263=EDGE_CURVE('',#8914,#8912,#8915,.T.);
#7264=EDGE_CURVE('',#8895,#8914,#8916,.T.);
#7265=EDGE_CURVE('',#8917,#8918,#8919,.T.);
#7266=EDGE_CURVE('',#8918,#8900,#8920,.T.);
#7267=EDGE_CURVE('',#8917,#8909,#8921,.T.);
#7268=EDGE_CURVE('',#8922,#8923,#8924,.T.);
#7269=EDGE_CURVE('',#8923,#8925,#8926,.T.);
#7270=EDGE_CURVE('',#8927,#8925,#8928,.T.);
#7271=EDGE_CURVE('',#8922,#8927,#8929,.T.);
#7272=EDGE_CURVE('',#8925,#8930,#8931,.T.);
#7273=EDGE_CURVE('',#8932,#8930,#8933,.T.);
#7274=EDGE_CURVE('',#8927,#8932,#8934,.T.);
#7275=EDGE_CURVE('',#8935,#8936,#8937,.T.);
#7276=EDGE_CURVE('',#8935,#8938,#8939,.T.);
#7277=EDGE_CURVE('',#8938,#8940,#8941,.T.);
#7278=EDGE_CURVE('',#8936,#8940,#8942,.T.);
#7279=EDGE_CURVE('',#8943,#8944,#8945,.T.);
#7280=EDGE_CURVE('',#8944,#8946,#8947,.T.);
#7281=EDGE_CURVE('',#8948,#8946,#8949,.T.);
#7282=EDGE_CURVE('',#8943,#8948,#8950,.T.);
#7283=EDGE_CURVE('',#8946,#8951,#8952,.T.);
#7284=EDGE_CURVE('',#8953,#8951,#8954,.T.);
#7285=EDGE_CURVE('',#8948,#8953,#8955,.T.);
#7286=EDGE_CURVE('',#8956,#8957,#8958,.T.);
#7287=EDGE_CURVE('',#8956,#8959,#8960,.T.);
#7288=EDGE_CURVE('',#8959,#8961,#8962,.T.);
#7289=EDGE_CURVE('',#8961,#8806,#8963,.T.);
#7290=EDGE_CURVE('',#8957,#8803,#8964,.T.);
#7291=EDGE_CURVE('',#8855,#8944,#8965,.T.);
#7292=EDGE_CURVE('',#8966,#8943,#8967,.T.);
#7293=EDGE_CURVE('',#8968,#8966,#8969,.T.);
#7294=EDGE_CURVE('',#8968,#8857,#8970,.T.);
#7295=EDGE_CURVE('',#8741,#8971,#8972,.T.);
#7296=EDGE_CURVE('',#8743,#8973,#8974,.T.);
#7297=EDGE_CURVE('',#8973,#8975,#8976,.T.);
#7298=EDGE_CURVE('',#8977,#8975,#8978,.T.);
#7299=EDGE_CURVE('',#8971,#8977,#8979,.T.);
#7300=EDGE_CURVE('',#8980,#8751,#8981,.T.);
#7301=EDGE_CURVE('',#8982,#8980,#8983,.T.);
#7302=EDGE_CURVE('',#8932,#8982,#8984,.T.);
#7303=EDGE_CURVE('',#8930,#8752,#8985,.T.);
#7304=EDGE_CURVE('',#8986,#8987,#8988,.T.);
#7305=EDGE_CURVE('',#8986,#8989,#8990,.T.);
#7306=EDGE_CURVE('',#8991,#8989,#8992,.T.);
#7307=EDGE_CURVE('',#8987,#8991,#8993,.T.);
#7308=EDGE_CURVE('',#8994,#8995,#8996,.T.);
#7309=EDGE_CURVE('',#8994,#8997,#8998,.T.);
#7310=EDGE_CURVE('',#8999,#8997,#9000,.T.);
#7311=EDGE_CURVE('',#8995,#8999,#9001,.T.);
#7312=EDGE_CURVE('',#9002,#9003,#9004,.T.);
#7313=EDGE_CURVE('',#9002,#9005,#9006,.T.);
#7314=EDGE_CURVE('',#9007,#9005,#9008,.T.);
#7315=EDGE_CURVE('',#9003,#9007,#9009,.T.);
#7316=EDGE_CURVE('',#9010,#9011,#9012,.T.);
#7317=EDGE_CURVE('',#9010,#9013,#9014,.T.);
#7318=EDGE_CURVE('',#9015,#9013,#9016,.T.);
#7319=EDGE_CURVE('',#9011,#9015,#9017,.T.);
#7320=EDGE_CURVE('',#9018,#9019,#9020,.T.);
#7321=EDGE_CURVE('',#9018,#9021,#9022,.T.);
#7322=EDGE_CURVE('',#9023,#9021,#9024,.T.);
#7323=EDGE_CURVE('',#9019,#9023,#9025,.T.);
#7324=EDGE_CURVE('',#9026,#9027,#9028,.T.);
#7325=EDGE_CURVE('',#9026,#9029,#9030,.T.);
#7326=EDGE_CURVE('',#9031,#9029,#9032,.T.);
#7327=EDGE_CURVE('',#9033,#9031,#9034,.T.);
#7328=EDGE_CURVE('',#9035,#9033,#9036,.T.);
#7329=EDGE_CURVE('',#9027,#9035,#9037,.T.);
#7330=EDGE_CURVE('',#9038,#9039,#9040,.T.);
#7331=EDGE_CURVE('',#9038,#9041,#9042,.T.);
#7332=EDGE_CURVE('',#9043,#9041,#9044,.T.);
#7333=EDGE_CURVE('',#9039,#9043,#9045,.T.);
#7334=EDGE_CURVE('',#9046,#9047,#9048,.T.);
#7335=EDGE_CURVE('',#9049,#9046,#9050,.T.);
#7336=EDGE_CURVE('',#9049,#9051,#9052,.T.);
#7337=EDGE_CURVE('',#9047,#9051,#9053,.T.);
#7338=EDGE_CURVE('',#9054,#9055,#9056,.T.);
#7339=EDGE_CURVE('',#9057,#9054,#9058,.T.);
#7340=EDGE_CURVE('',#9057,#9059,#9060,.T.);
#7341=EDGE_CURVE('',#9055,#9059,#9061,.T.);
#7342=EDGE_CURVE('',#9062,#9063,#9064,.T.);
#7343=EDGE_CURVE('',#9065,#9062,#9066,.T.);
#7344=EDGE_CURVE('',#9065,#9067,#9068,.T.);
#7345=EDGE_CURVE('',#9063,#9067,#9069,.T.);
#7346=EDGE_CURVE('',#9070,#9071,#9072,.T.);
#7347=EDGE_CURVE('',#9073,#9070,#9074,.T.);
#7348=EDGE_CURVE('',#9073,#9075,#9076,.T.);
#7349=EDGE_CURVE('',#9071,#9075,#9077,.T.);
#7350=EDGE_CURVE('',#9078,#9079,#9080,.T.);
#7351=EDGE_CURVE('',#9081,#9078,#9082,.T.);
#7352=EDGE_CURVE('',#9081,#9083,#9084,.T.);
#7353=EDGE_CURVE('',#9079,#9083,#9085,.T.);
#7354=EDGE_CURVE('',#9086,#9087,#9088,.T.);
#7355=EDGE_CURVE('',#9089,#9086,#9090,.T.);
#7356=EDGE_CURVE('',#9089,#9091,#9092,.T.);
#7357=EDGE_CURVE('',#9087,#9091,#9093,.T.);
#7358=EDGE_CURVE('',#9094,#9095,#9096,.T.);
#7359=EDGE_CURVE('',#9094,#9097,#9098,.T.);
#7360=EDGE_CURVE('',#9099,#9097,#9100,.T.);
#7361=EDGE_CURVE('',#9101,#9099,#9102,.T.);
#7362=EDGE_CURVE('',#9103,#9101,#9104,.T.);
#7363=EDGE_CURVE('',#9095,#9103,#9105,.T.);
#7364=EDGE_CURVE('',#9106,#9107,#9108,.T.);
#7365=EDGE_CURVE('',#9106,#9109,#9110,.T.);
#7366=EDGE_CURVE('',#9109,#8814,#9111,.T.);
#7367=EDGE_CURVE('',#9107,#8811,#9112,.T.);
#7368=EDGE_CURVE('',#8746,#9113,#9114,.T.);
#7369=EDGE_CURVE('',#8748,#9115,#9116,.T.);
#7370=EDGE_CURVE('',#9117,#9115,#9118,.T.);
#7371=EDGE_CURVE('',#9113,#9117,#9119,.T.);
#7372=EDGE_CURVE('',#9120,#9121,#9122,.T.);
#7373=EDGE_CURVE('',#9123,#9120,#9124,.T.);
#7374=EDGE_CURVE('',#9125,#9123,#9126,.T.);
#7375=EDGE_CURVE('',#9127,#9125,#9128,.T.);
#7376=EDGE_CURVE('',#9129,#9127,#9130,.T.);
#7377=EDGE_CURVE('',#9131,#9129,#9132,.T.);
#7378=EDGE_CURVE('',#9133,#9131,#9134,.T.);
#7379=EDGE_CURVE('',#9135,#9133,#9136,.T.);
#7380=EDGE_CURVE('',#9137,#9135,#9138,.T.);
#7381=EDGE_CURVE('',#9137,#9139,#9140,.T.);
#7382=EDGE_CURVE('',#9139,#9141,#9142,.T.);
#7383=EDGE_CURVE('',#9141,#9143,#9144,.T.);
#7384=EDGE_CURVE('',#9143,#9145,#9146,.T.);
#7385=EDGE_CURVE('',#9145,#9147,#9148,.T.);
#7386=EDGE_CURVE('',#9149,#9147,#9150,.T.);
#7387=EDGE_CURVE('',#9121,#9149,#9151,.T.);
#7388=EDGE_CURVE('',#9152,#8912,#9153,.T.);
#7389=EDGE_CURVE('',#9152,#9154,#9155,.T.);
#7390=EDGE_CURVE('',#9154,#8636,#9156,.T.);
#7391=EDGE_CURVE('',#9157,#8638,#9158,.T.);
#7392=EDGE_CURVE('',#9157,#9159,#9160,.T.);
#7393=EDGE_CURVE('',#9159,#8641,#9161,.T.);
#7394=EDGE_CURVE('',#9162,#8643,#9163,.T.);
#7395=EDGE_CURVE('',#9162,#9164,#9165,.T.);
#7396=EDGE_CURVE('',#9164,#8646,#9166,.T.);
#7397=EDGE_CURVE('',#9167,#8648,#9168,.T.);
#7398=EDGE_CURVE('',#9167,#9169,#9170,.T.);
#7399=EDGE_CURVE('',#9169,#8651,#9171,.T.);
#7400=EDGE_CURVE('',#9172,#8653,#9173,.T.);
#7401=EDGE_CURVE('',#9172,#9174,#9175,.T.);
#7402=EDGE_CURVE('',#9174,#8656,#9176,.T.);
#7403=EDGE_CURVE('',#8658,#9177,#9178,.T.);
#7404=EDGE_CURVE('',#9177,#9179,#9180,.T.);
#7405=EDGE_CURVE('',#9179,#9181,#9182,.T.);
#7406=EDGE_CURVE('',#9183,#9181,#9184,.T.);
#7407=EDGE_CURVE('',#9185,#9183,#9186,.T.);
#7408=EDGE_CURVE('',#9185,#9187,#9188,.T.);
#7409=EDGE_CURVE('',#9189,#9187,#9190,.T.);
#7410=EDGE_CURVE('',#9189,#9191,#9192,.T.);
#7411=EDGE_CURVE('',#9193,#9191,#9194,.T.);
#7412=EDGE_CURVE('',#9195,#9193,#9196,.T.);
#7413=EDGE_CURVE('',#9197,#9195,#9198,.T.);
#7414=EDGE_CURVE('',#9199,#9197,#9200,.T.);
#7415=EDGE_CURVE('',#9201,#9199,#9202,.T.);
#7416=EDGE_CURVE('',#9201,#9203,#9204,.T.);
#7417=EDGE_CURVE('',#9205,#9203,#9206,.T.);
#7418=EDGE_CURVE('',#9207,#9205,#9208,.T.);
#7419=EDGE_CURVE('',#9207,#9209,#9210,.T.);
#7420=EDGE_CURVE('',#9211,#9209,#9212,.T.);
#7421=EDGE_CURVE('',#9213,#9211,#9214,.T.);
#7422=EDGE_CURVE('',#9215,#9213,#9216,.T.);
#7423=EDGE_CURVE('',#9215,#8683,#9217,.T.);
#7424=EDGE_CURVE('',#8681,#9218,#9219,.T.);
#7425=EDGE_CURVE('',#9220,#9218,#9221,.T.);
#7426=EDGE_CURVE('',#8678,#9220,#9222,.T.);
#7427=EDGE_CURVE('',#8676,#9223,#9224,.T.);
#7428=EDGE_CURVE('',#9225,#9223,#9226,.T.);
#7429=EDGE_CURVE('',#8673,#9225,#9227,.T.);
#7430=EDGE_CURVE('',#8671,#9228,#9229,.T.);
#7431=EDGE_CURVE('',#9230,#9228,#9231,.T.);
#7432=EDGE_CURVE('',#8668,#9230,#9232,.T.);
#7433=EDGE_CURVE('',#8666,#9233,#9234,.T.);
#7434=EDGE_CURVE('',#9235,#9233,#9236,.T.);
#7435=EDGE_CURVE('',#8663,#9235,#9237,.T.);
#7436=EDGE_CURVE('',#8661,#9238,#9239,.T.);
#7437=EDGE_CURVE('',#9240,#9238,#9241,.T.);
#7438=EDGE_CURVE('',#8918,#9240,#9242,.T.);
#7439=EDGE_CURVE('',#8917,#9243,#9244,.T.);
#7440=EDGE_CURVE('',#9245,#9243,#9246,.T.);
#7441=EDGE_CURVE('',#9247,#9245,#9248,.T.);
#7442=EDGE_CURVE('',#9249,#9247,#9250,.T.);
#7443=EDGE_CURVE('',#9251,#9249,#9252,.T.);
#7444=EDGE_CURVE('',#9251,#9253,#9254,.T.);
#7445=EDGE_CURVE('',#9253,#9255,#9256,.T.);
#7446=EDGE_CURVE('',#9255,#9257,#9258,.T.);
#7447=EDGE_CURVE('',#9259,#9257,#9260,.T.);
#7448=EDGE_CURVE('',#9259,#9261,#9262,.T.);
#7449=EDGE_CURVE('',#9261,#9263,#9264,.T.);
#7450=EDGE_CURVE('',#9265,#9263,#9266,.T.);
#7451=EDGE_CURVE('',#9267,#9265,#9268,.T.);
#7452=EDGE_CURVE('',#9269,#9267,#9270,.T.);
#7453=EDGE_CURVE('',#9271,#9269,#9272,.T.);
#7454=EDGE_CURVE('',#9273,#9271,#9274,.T.);
#7455=EDGE_CURVE('',#9275,#9273,#9276,.T.);
#7456=EDGE_CURVE('',#9277,#9275,#9278,.T.);
#7457=EDGE_CURVE('',#9277,#9279,#9280,.T.);
#7458=EDGE_CURVE('',#9281,#9279,#9282,.T.);
#7459=EDGE_CURVE('',#9281,#9283,#9284,.T.);
#7460=EDGE_CURVE('',#9283,#9285,#9286,.T.);
#7461=EDGE_CURVE('',#9287,#9285,#9288,.T.);
#7462=EDGE_CURVE('',#9289,#9287,#9290,.T.);
#7463=EDGE_CURVE('',#9291,#9289,#9292,.T.);
#7464=EDGE_CURVE('',#9291,#9293,#9294,.T.);
#7465=EDGE_CURVE('',#9295,#9293,#9296,.T.);
#7466=EDGE_CURVE('',#9295,#9297,#9298,.T.);
#7467=EDGE_CURVE('',#9297,#8914,#9299,.T.);
#7468=EDGE_CURVE('',#9300,#9301,#9302,.T.);
#7469=EDGE_CURVE('',#9303,#9300,#9304,.T.);
#7470=EDGE_CURVE('',#9303,#9305,#9306,.T.);
#7471=EDGE_CURVE('',#9307,#9305,#9308,.T.);
#7472=EDGE_CURVE('',#9309,#9307,#9310,.T.);
#7473=EDGE_CURVE('',#9309,#9311,#9312,.T.);
#7474=EDGE_CURVE('',#9313,#9311,#9314,.T.);
#7475=EDGE_CURVE('',#9301,#9313,#9315,.T.);
#7476=EDGE_CURVE('',#9316,#9205,#9317,.T.);
#7477=EDGE_CURVE('',#9137,#9316,#9318,.T.);
#7478=EDGE_CURVE('',#9319,#9135,#9320,.T.);
#7479=EDGE_CURVE('',#9319,#9321,#9322,.T.);
#7480=EDGE_CURVE('',#9323,#9321,#9324,.T.);
#7481=EDGE_CURVE('',#9207,#9323,#9325,.T.);
#7482=EDGE_CURVE('',#9147,#9326,#9327,.T.);
#7483=EDGE_CURVE('',#9187,#9326,#9328,.T.);
#7484=EDGE_CURVE('',#9185,#9329,#9330,.T.);
#7485=EDGE_CURVE('',#9329,#9331,#9332,.T.);
#7486=EDGE_CURVE('',#9331,#9333,#9334,.T.);
#7487=EDGE_CURVE('',#9333,#9149,#9335,.T.);
#7488=EDGE_CURVE('',#9336,#9337,#9338,.T.);
#7489=EDGE_CURVE('',#9337,#9179,#9339,.T.);
#7490=EDGE_CURVE('',#9340,#9177,#9341,.T.);
#7491=EDGE_CURVE('',#9340,#9342,#9343,.T.);
#7492=EDGE_CURVE('',#9342,#9336,#9344,.T.);
#7493=EDGE_CURVE('',#9340,#9035,#9345,.T.);
#7494=EDGE_CURVE('',#9033,#9346,#9347,.T.);
#7495=EDGE_CURVE('',#9346,#9342,#9348,.T.);
#7496=EDGE_CURVE('',#9333,#9349,#9350,.T.);
#7497=EDGE_CURVE('',#9349,#9351,#9352,.T.);
#7498=EDGE_CURVE('',#9351,#9121,#9353,.T.);
#7499=EDGE_CURVE('',#9133,#9354,#9355,.T.);
#7500=EDGE_CURVE('',#9354,#9356,#9357,.T.);
#7501=EDGE_CURVE('',#9356,#9319,#9358,.T.);
#7502=EDGE_CURVE('',#9359,#9360,#9361,.T.);
#7503=EDGE_CURVE('',#9360,#9362,#9363,.T.);
#7504=EDGE_CURVE('',#9362,#9364,#9365,.T.);
#7505=EDGE_CURVE('',#9364,#9366,#9367,.T.);
#7506=EDGE_CURVE('',#9366,#9359,#9368,.T.);
#7507=EDGE_CURVE('',#9369,#9370,#9371,.T.);
#7508=EDGE_CURVE('',#9370,#9360,#9372,.T.);
#7509=EDGE_CURVE('',#9373,#9359,#9374,.T.);
#7510=EDGE_CURVE('',#9373,#9375,#9376,.T.);
#7511=EDGE_CURVE('',#9369,#9375,#9377,.T.);
#7512=EDGE_CURVE('',#9378,#9379,#9380,.T.);
#7513=EDGE_CURVE('',#9379,#9203,#9381,.T.);
#7514=EDGE_CURVE('',#9382,#9201,#9383,.T.);
#7515=EDGE_CURVE('',#9384,#9382,#9385,.T.);
#7516=EDGE_CURVE('',#9384,#9378,#9386,.T.);
#7517=EDGE_CURVE('',#9387,#9388,#9389,.T.);
#7518=EDGE_CURVE('',#9388,#9143,#9390,.T.);
#7519=EDGE_CURVE('',#9141,#9384,#9391,.T.);
#7520=EDGE_CURVE('',#9392,#9382,#9393,.T.);
#7521=EDGE_CURVE('',#9394,#9392,#9395,.T.);
#7522=EDGE_CURVE('',#9396,#9394,#9397,.T.);
#7523=EDGE_CURVE('',#9398,#9396,#9399,.T.);
#7524=EDGE_CURVE('',#9387,#9398,#9400,.T.);
#7525=EDGE_CURVE('',#9401,#9402,#9403,.T.);
#7526=EDGE_CURVE('',#9401,#9366,#9404,.T.);
#7527=EDGE_CURVE('',#9215,#9364,#9405,.T.);
#7528=EDGE_CURVE('',#9402,#9213,#9406,.T.);
#7529=EDGE_CURVE('',#9407,#9041,#9408,.T.);
#7530=EDGE_CURVE('',#9407,#9409,#9410,.T.);
#7531=EDGE_CURVE('',#9409,#9047,#9411,.T.);
#7532=EDGE_CURVE('',#9412,#9051,#9413,.T.);
#7533=EDGE_CURVE('',#9412,#9414,#9415,.T.);
#7534=EDGE_CURVE('',#9414,#9055,#9416,.T.);
#7535=EDGE_CURVE('',#9417,#9059,#9418,.T.);
#7536=EDGE_CURVE('',#9417,#9419,#9420,.T.);
#7537=EDGE_CURVE('',#9419,#9063,#9421,.T.);
#7538=EDGE_CURVE('',#9422,#9067,#9423,.T.);
#7539=EDGE_CURVE('',#9422,#9424,#9425,.T.);
#7540=EDGE_CURVE('',#9424,#9071,#9426,.T.);
#7541=EDGE_CURVE('',#9427,#9075,#9428,.T.);
#7542=EDGE_CURVE('',#9427,#9429,#9430,.T.);
#7543=EDGE_CURVE('',#9429,#9079,#9431,.T.);
#7544=EDGE_CURVE('',#9432,#9083,#9433,.T.);
#7545=EDGE_CURVE('',#9432,#9434,#9435,.T.);
#7546=EDGE_CURVE('',#9434,#9436,#9437,.T.);
#7547=EDGE_CURVE('',#9436,#9370,#9438,.T.);
#7548=EDGE_CURVE('',#9369,#9439,#9440,.T.);
#7549=EDGE_CURVE('',#9439,#9441,#9442,.T.);
#7550=EDGE_CURVE('',#9443,#9441,#9444,.T.);
#7551=EDGE_CURVE('',#9445,#9443,#9446,.T.);
#7552=EDGE_CURVE('',#9445,#9447,#9448,.T.);
#7553=EDGE_CURVE('',#9447,#9449,#9450,.T.);
#7554=EDGE_CURVE('',#9451,#9449,#9452,.T.);
#7555=EDGE_CURVE('',#9453,#9451,#9454,.T.);
#7556=EDGE_CURVE('',#9455,#9453,#9456,.T.);
#7557=EDGE_CURVE('',#9455,#9099,#9457,.T.);
#7558=EDGE_CURVE('',#9458,#9097,#9459,.T.);
#7559=EDGE_CURVE('',#9458,#9460,#9461,.T.);
#7560=EDGE_CURVE('',#9460,#9043,#9462,.T.);
#7561=EDGE_CURVE('',#8989,#9463,#9464,.T.);
#7562=EDGE_CURVE('',#9465,#9463,#9466,.T.);
#7563=EDGE_CURVE('',#9087,#9465,#9467,.T.);
#7564=EDGE_CURVE('',#9091,#9468,#9469,.T.);
#7565=EDGE_CURVE('',#9470,#9468,#9471,.T.);
#7566=EDGE_CURVE('',#9472,#9470,#9473,.T.);
#7567=EDGE_CURVE('',#9472,#9474,#9475,.T.);
#7568=EDGE_CURVE('',#9476,#9474,#9477,.T.);
#7569=EDGE_CURVE('',#9478,#9476,#9479,.T.);
#7570=EDGE_CURVE('',#9478,#9480,#9481,.T.);
#7571=EDGE_CURVE('',#9480,#9482,#9483,.T.);
#7572=EDGE_CURVE('',#9484,#9482,#9485,.T.);
#7573=EDGE_CURVE('',#9484,#9486,#9487,.T.);
#7574=EDGE_CURVE('',#9486,#9488,#9489,.T.);
#7575=EDGE_CURVE('',#9488,#9490,#9491,.T.);
#7576=EDGE_CURVE('',#9492,#9490,#9493,.T.);
#7577=EDGE_CURVE('',#9492,#9494,#9495,.T.);
#7578=EDGE_CURVE('',#9494,#9031,#9496,.T.);
#7579=EDGE_CURVE('',#9029,#9497,#9498,.T.);
#7580=EDGE_CURVE('',#9499,#9497,#9500,.T.);
#7581=EDGE_CURVE('',#9023,#9499,#9501,.T.);
#7582=EDGE_CURVE('',#9021,#9502,#9503,.T.);
#7583=EDGE_CURVE('',#9504,#9502,#9505,.T.);
#7584=EDGE_CURVE('',#9015,#9504,#9506,.T.);
#7585=EDGE_CURVE('',#9013,#9507,#9508,.T.);
#7586=EDGE_CURVE('',#9509,#9507,#9510,.T.);
#7587=EDGE_CURVE('',#9007,#9509,#9511,.T.);
#7588=EDGE_CURVE('',#9005,#9512,#9513,.T.);
#7589=EDGE_CURVE('',#9514,#9512,#9515,.T.);
#7590=EDGE_CURVE('',#8999,#9514,#9516,.T.);
#7591=EDGE_CURVE('',#8997,#9517,#9518,.T.);
#7592=EDGE_CURVE('',#9519,#9517,#9520,.T.);
#7593=EDGE_CURVE('',#8991,#9519,#9521,.T.);
#7594=EDGE_CURVE('',#8977,#8776,#9522,.T.);
#7595=EDGE_CURVE('',#8975,#9523,#9524,.T.);
#7596=EDGE_CURVE('',#9525,#9523,#9526,.T.);
#7597=EDGE_CURVE('',#9117,#9525,#9527,.T.);
#7598=EDGE_CURVE('',#9115,#8533,#9528,.T.);
#7599=EDGE_CURVE('',#9529,#8531,#9530,.T.);
#7600=EDGE_CURVE('',#9531,#9529,#9532,.T.);
#7601=EDGE_CURVE('',#8521,#9531,#9533,.T.);
#7602=EDGE_CURVE('',#9534,#8519,#9535,.T.);
#7603=EDGE_CURVE('',#9536,#9534,#9537,.T.);
#7604=EDGE_CURVE('',#8509,#9536,#9538,.T.);
#7605=EDGE_CURVE('',#9539,#8507,#9540,.T.);
#7606=EDGE_CURVE('',#9541,#9539,#9542,.T.);
#7607=EDGE_CURVE('',#8497,#9541,#9543,.T.);
#7608=EDGE_CURVE('',#9544,#8495,#9545,.T.);
#7609=EDGE_CURVE('',#9546,#9544,#9547,.T.);
#7610=EDGE_CURVE('',#8485,#9546,#9548,.T.);
#7611=EDGE_CURVE('',#9549,#8483,#9550,.T.);
#7612=EDGE_CURVE('',#9551,#9549,#9552,.T.);
#7613=EDGE_CURVE('',#8889,#9551,#9553,.T.);
#7614=EDGE_CURVE('',#9554,#8888,#9555,.T.);
#7615=EDGE_CURVE('',#9556,#9554,#9557,.T.);
#7616=EDGE_CURVE('',#9558,#9556,#9559,.T.);
#7617=EDGE_CURVE('',#9560,#9558,#9561,.T.);
#7618=EDGE_CURVE('',#9562,#9560,#9563,.T.);
#7619=EDGE_CURVE('',#9562,#9564,#9565,.T.);
#7620=EDGE_CURVE('',#9564,#8936,#9566,.T.);
#7621=EDGE_CURVE('',#8980,#8940,#9567,.T.);
#7622=EDGE_CURVE('',#8956,#8863,#9568,.T.);
#7623=EDGE_CURVE('',#9569,#8968,#9570,.T.);
#7624=EDGE_CURVE('',#9571,#9569,#9572,.T.);
#7625=EDGE_CURVE('',#9571,#9573,#9574,.T.);
#7626=EDGE_CURVE('',#9575,#9573,#9576,.T.);
#7627=EDGE_CURVE('',#9577,#9575,#9578,.T.);
#7628=EDGE_CURVE('',#9577,#9579,#9580,.T.);
#7629=EDGE_CURVE('',#9579,#8880,#9581,.T.);
#7630=EDGE_CURVE('',#8881,#8905,#9582,.T.);
#7631=EDGE_CURVE('',#8903,#8628,#9583,.T.);
#7632=EDGE_CURVE('',#8629,#8538,#9584,.T.);
#7633=EDGE_CURVE('',#8539,#8620,#9585,.T.);
#7634=EDGE_CURVE('',#8621,#8550,#9586,.T.);
#7635=EDGE_CURVE('',#8551,#8612,#9587,.T.);
#7636=EDGE_CURVE('',#8613,#8562,#9588,.T.);
#7637=EDGE_CURVE('',#8563,#8604,#9589,.T.);
#7638=EDGE_CURVE('',#8605,#8574,#9590,.T.);
#7639=EDGE_CURVE('',#8575,#8596,#9591,.T.);
#7640=EDGE_CURVE('',#8597,#8586,#9592,.T.);
#7641=EDGE_CURVE('',#8587,#9109,#9593,.T.);
#7642=EDGE_CURVE('',#8849,#9106,#9594,.T.);
#7643=EDGE_CURVE('',#8847,#8959,#9595,.T.);
#7644=EDGE_CURVE('',#9596,#9597,#9598,.T.);
#7645=EDGE_CURVE('',#9597,#9599,#9600,.T.);
#7646=EDGE_CURVE('',#9599,#9601,#9602,.T.);
#7647=EDGE_CURVE('',#9601,#9603,#9604,.T.);
#7648=EDGE_CURVE('',#9605,#9603,#9606,.T.);
#7649=EDGE_CURVE('',#9607,#9605,#9608,.T.);
#7650=EDGE_CURVE('',#9609,#9607,#9610,.T.);
#7651=EDGE_CURVE('',#9611,#9609,#9612,.T.);
#7652=EDGE_CURVE('',#9613,#9611,#9614,.T.);
#7653=EDGE_CURVE('',#9613,#9615,#9616,.T.);
#7654=EDGE_CURVE('',#9615,#9617,#9618,.T.);
#7655=EDGE_CURVE('',#9617,#9619,#9620,.T.);
#7656=EDGE_CURVE('',#9619,#9621,#9622,.T.);
#7657=EDGE_CURVE('',#9621,#9623,#9624,.T.);
#7658=EDGE_CURVE('',#9623,#9625,#9626,.T.);
#7659=EDGE_CURVE('',#9625,#9596,#9627,.T.);
#7660=EDGE_CURVE('',#9628,#9629,#9630,.T.);
#7661=EDGE_CURVE('',#9628,#9631,#9632,.T.);
#7662=EDGE_CURVE('',#9631,#9633,#9634,.T.);
#7663=EDGE_CURVE('',#9633,#9635,#9636,.T.);
#7664=EDGE_CURVE('',#9635,#9637,#9638,.T.);
#7665=EDGE_CURVE('',#9639,#9637,#9640,.T.);
#7666=EDGE_CURVE('',#9639,#9641,#9642,.T.);
#7667=EDGE_CURVE('',#9641,#9629,#9643,.T.);
#7668=EDGE_CURVE('',#9644,#9645,#9646,.T.);
#7669=EDGE_CURVE('',#9644,#9647,#9648,.T.);
#7670=EDGE_CURVE('',#9647,#9253,#9649,.T.);
#7671=EDGE_CURVE('',#9251,#9650,#9651,.T.);
#7672=EDGE_CURVE('',#9650,#9645,#9652,.T.);
#7673=EDGE_CURVE('',#9279,#9653,#9654,.T.);
#7674=EDGE_CURVE('',#9603,#9653,#9655,.T.);
#7675=EDGE_CURVE('',#9656,#9601,#9657,.T.);
#7676=EDGE_CURVE('',#9658,#9656,#9659,.T.);
#7677=EDGE_CURVE('',#9660,#9658,#9661,.T.);
#7678=EDGE_CURVE('',#9281,#9660,#9662,.T.);
#7679=EDGE_CURVE('',#9663,#9664,#9665,.T.);
#7680=EDGE_CURVE('',#9666,#9663,#9667,.T.);
#7681=EDGE_CURVE('',#9668,#9666,#9669,.T.);
#7682=EDGE_CURVE('',#9668,#9289,#9670,.T.);
#7683=EDGE_CURVE('',#9664,#9287,#9671,.T.);
#7684=EDGE_CURVE('',#9672,#9673,#9674,.T.);
#7685=EDGE_CURVE('',#9672,#9675,#9676,.T.);
#7686=EDGE_CURVE('',#9668,#9675,#9677,.T.);
#7687=EDGE_CURVE('',#9673,#9666,#9678,.T.);
#7688=EDGE_CURVE('',#9656,#9679,#9680,.T.);
#7689=EDGE_CURVE('',#9681,#9599,#9682,.T.);
#7690=EDGE_CURVE('',#9679,#9681,#9683,.T.);
#7691=EDGE_CURVE('',#9617,#9684,#9685,.T.);
#7692=EDGE_CURVE('',#9686,#9615,#9687,.T.);
#7693=EDGE_CURVE('',#9688,#9686,#9689,.T.);
#7694=EDGE_CURVE('',#9684,#9688,#9690,.T.);
#7695=EDGE_CURVE('',#9103,#9650,#9691,.T.);
#7696=EDGE_CURVE('',#9692,#9101,#9693,.T.);
#7697=EDGE_CURVE('',#9645,#9692,#9694,.T.);
#7698=EDGE_CURVE('',#9695,#9696,#9697,.T.);
#7699=EDGE_CURVE('',#9698,#9695,#9699,.T.);
#7700=EDGE_CURVE('',#9451,#9698,#9700,.T.);
#7701=EDGE_CURVE('',#9482,#9449,#9701,.T.);
#7702=EDGE_CURVE('',#9702,#9480,#9703,.T.);
#7703=EDGE_CURVE('',#9704,#9702,#9705,.T.);
#7704=EDGE_CURVE('',#9706,#9704,#9707,.T.);
#7705=EDGE_CURVE('',#9708,#9706,#9709,.T.);
#7706=EDGE_CURVE('',#9710,#9708,#9711,.T.);
#7707=EDGE_CURVE('',#9712,#9710,#9713,.T.);
#7708=EDGE_CURVE('',#9714,#9712,#9715,.T.);
#7709=EDGE_CURVE('',#9716,#9714,#9717,.T.);
#7710=EDGE_CURVE('',#9718,#9716,#9719,.T.);
#7711=EDGE_CURVE('',#9696,#9718,#9720,.T.);
#7712=EDGE_CURVE('',#9613,#9721,#9722,.T.);
#7713=EDGE_CURVE('',#9721,#9261,#9723,.T.);
#7714=EDGE_CURVE('',#9259,#9724,#9725,.T.);
#7715=EDGE_CURVE('',#9724,#9726,#9727,.T.);
#7716=EDGE_CURVE('',#9686,#9726,#9728,.T.);
#7717=EDGE_CURVE('',#9704,#9729,#9730,.T.);
#7718=EDGE_CURVE('',#9702,#9731,#9732,.T.);
#7719=EDGE_CURVE('',#9731,#9729,#9733,.T.);
#7720=EDGE_CURVE('',#9455,#9734,#9735,.T.);
#7721=EDGE_CURVE('',#9736,#9734,#9737,.T.);
#7722=EDGE_CURVE('',#9736,#9692,#9738,.T.);
#7723=EDGE_CURVE('',#9739,#9695,#9740,.T.);
#7724=EDGE_CURVE('',#9739,#9741,#9742,.T.);
#7725=EDGE_CURVE('',#9698,#9741,#9743,.T.);
#7726=EDGE_CURVE('',#9744,#9745,#9746,.T.);
#7727=EDGE_CURVE('',#9744,#9277,#9747,.T.);
#7728=EDGE_CURVE('',#9748,#9275,#9749,.T.);
#7729=EDGE_CURVE('',#9750,#9748,#9751,.T.);
#7730=EDGE_CURVE('',#9745,#9750,#9752,.T.);
#7731=EDGE_CURVE('',#9038,#9753,#9754,.T.);
#7732=EDGE_CURVE('',#9039,#9755,#9756,.T.);
#7733=EDGE_CURVE('',#9757,#9755,#9758,.T.);
#7734=EDGE_CURVE('',#9094,#9757,#9759,.T.);
#7735=EDGE_CURVE('',#9760,#9095,#9761,.T.);
#7736=EDGE_CURVE('',#9760,#9762,#9763,.T.);
#7737=EDGE_CURVE('',#9762,#9764,#9765,.T.);
#7738=EDGE_CURVE('',#9764,#9766,#9767,.T.);
#7739=EDGE_CURVE('',#9766,#9768,#9769,.T.);
#7740=EDGE_CURVE('',#9770,#9768,#9771,.T.);
#7741=EDGE_CURVE('',#9081,#9770,#9772,.T.);
#7742=EDGE_CURVE('',#9078,#9773,#9774,.T.);
#7743=EDGE_CURVE('',#9775,#9773,#9776,.T.);
#7744=EDGE_CURVE('',#9073,#9775,#9777,.T.);
#7745=EDGE_CURVE('',#9070,#9778,#9779,.T.);
#7746=EDGE_CURVE('',#9780,#9778,#9781,.T.);
#7747=EDGE_CURVE('',#9065,#9780,#9782,.T.);
#7748=EDGE_CURVE('',#9062,#9783,#9784,.T.);
#7749=EDGE_CURVE('',#9785,#9783,#9786,.T.);
#7750=EDGE_CURVE('',#9057,#9785,#9787,.T.);
#7751=EDGE_CURVE('',#9054,#9788,#9789,.T.);
#7752=EDGE_CURVE('',#9790,#9788,#9791,.T.);
#7753=EDGE_CURVE('',#9049,#9790,#9792,.T.);
#7754=EDGE_CURVE('',#9046,#9793,#9794,.T.);
#7755=EDGE_CURVE('',#9753,#9793,#9795,.T.);
#7756=EDGE_CURVE('',#9796,#9086,#9797,.T.);
#7757=EDGE_CURVE('',#9796,#9798,#9799,.T.);
#7758=EDGE_CURVE('',#9798,#8986,#9800,.T.);
#7759=EDGE_CURVE('',#9801,#8987,#9802,.T.);
#7760=EDGE_CURVE('',#9801,#9803,#9804,.T.);
#7761=EDGE_CURVE('',#9803,#8994,#9805,.T.);
#7762=EDGE_CURVE('',#9806,#8995,#9807,.T.);
#7763=EDGE_CURVE('',#9806,#9808,#9809,.T.);
#7764=EDGE_CURVE('',#9808,#9002,#9810,.T.);
#7765=EDGE_CURVE('',#9811,#9003,#9812,.T.);
#7766=EDGE_CURVE('',#9811,#9813,#9814,.T.);
#7767=EDGE_CURVE('',#9813,#9010,#9815,.T.);
#7768=EDGE_CURVE('',#9816,#9011,#9817,.T.);
#7769=EDGE_CURVE('',#9816,#9818,#9819,.T.);
#7770=EDGE_CURVE('',#9818,#9018,#9820,.T.);
#7771=EDGE_CURVE('',#9821,#9019,#9822,.T.);
#7772=EDGE_CURVE('',#9821,#9823,#9824,.T.);
#7773=EDGE_CURVE('',#9823,#9026,#9825,.T.);
#7774=EDGE_CURVE('',#9027,#9826,#9827,.T.);
#7775=EDGE_CURVE('',#9828,#9826,#9829,.T.);
#7776=EDGE_CURVE('',#9830,#9828,#9831,.T.);
#7777=EDGE_CURVE('',#9830,#9832,#9833,.T.);
#7778=EDGE_CURVE('',#9834,#9832,#9835,.T.);
#7779=EDGE_CURVE('',#9834,#9836,#9837,.T.);
#7780=EDGE_CURVE('',#9836,#9089,#9838,.T.);
#7781=EDGE_CURVE('',#9558,#9839,#9840,.T.);
#7782=EDGE_CURVE('',#9839,#9841,#9842,.T.);
#7783=EDGE_CURVE('',#9843,#9841,#9844,.T.);
#7784=EDGE_CURVE('',#9560,#9843,#9845,.T.);
#7785=EDGE_CURVE('',#9841,#9293,#9846,.T.);
#7786=EDGE_CURVE('',#9843,#9291,#9847,.T.);
#7787=EDGE_CURVE('',#9247,#9848,#9849,.T.);
#7788=EDGE_CURVE('',#9850,#9848,#9851,.T.);
#7789=EDGE_CURVE('',#9249,#9850,#9852,.T.);
#7790=EDGE_CURVE('',#9848,#9853,#9854,.T.);
#7791=EDGE_CURVE('',#9853,#9579,#9855,.T.);
#7792=EDGE_CURVE('',#9850,#9577,#9856,.T.);
#7793=EDGE_CURVE('',#9573,#9857,#9858,.T.);
#7794=EDGE_CURVE('',#9857,#9859,#9860,.T.);
#7795=EDGE_CURVE('',#9861,#9859,#9862,.T.);
#7796=EDGE_CURVE('',#9575,#9861,#9863,.T.);
#7797=EDGE_CURVE('',#9859,#9864,#9865,.T.);
#7798=EDGE_CURVE('',#9866,#9864,#9867,.T.);
#7799=EDGE_CURVE('',#9861,#9866,#9868,.T.);
#7800=EDGE_CURVE('',#9864,#9869,#9870,.T.);
#7801=EDGE_CURVE('',#9871,#9869,#9872,.T.);
#7802=EDGE_CURVE('',#9866,#9871,#9873,.T.);
#7803=EDGE_CURVE('',#8951,#8819,#9874,.T.);
#7804=EDGE_CURVE('',#8821,#8824,#9875,.T.);
#7805=EDGE_CURVE('',#8826,#8829,#9876,.T.);
#7806=EDGE_CURVE('',#8831,#8834,#9877,.T.);
#7807=EDGE_CURVE('',#8836,#8839,#9878,.T.);
#7808=EDGE_CURVE('',#8841,#9762,#9879,.T.);
#7809=EDGE_CURVE('',#9871,#9760,#9880,.T.);
#7810=EDGE_CURVE('',#9869,#8953,#9881,.T.);
#7811=EDGE_CURVE('',#9826,#8721,#9882,.T.);
#7812=EDGE_CURVE('',#8713,#8718,#9883,.T.);
#7813=EDGE_CURVE('',#8705,#8710,#9884,.T.);
#7814=EDGE_CURVE('',#8697,#8702,#9885,.T.);
#7815=EDGE_CURVE('',#8689,#8694,#9886,.T.);
#7816=EDGE_CURVE('',#8923,#8686,#9887,.T.);
#7817=EDGE_CURVE('',#9888,#8922,#9889,.T.);
#7818=EDGE_CURVE('',#9890,#9888,#9891,.T.);
#7819=EDGE_CURVE('',#9828,#9890,#9892,.T.);
#7820=EDGE_CURVE('',#9888,#9893,#9894,.T.);
#7821=EDGE_CURVE('',#9895,#9893,#9896,.T.);
#7822=EDGE_CURVE('',#9890,#9895,#9897,.T.);
#7823=EDGE_CURVE('',#9893,#9898,#9899,.T.);
#7824=EDGE_CURVE('',#9900,#9898,#9901,.T.);
#7825=EDGE_CURVE('',#9895,#9900,#9902,.T.);
#7826=EDGE_CURVE('',#9898,#9903,#9904,.T.);
#7827=EDGE_CURVE('',#9903,#9564,#9905,.T.);
#7828=EDGE_CURVE('',#9900,#9562,#9906,.T.);
#7829=EDGE_CURVE('',#9907,#9447,#9908,.T.);
#7830=EDGE_CURVE('',#9445,#9909,#9910,.T.);
#7831=EDGE_CURVE('',#9909,#9911,#9912,.T.);
#7832=EDGE_CURVE('',#9911,#9913,#9914,.T.);
#7833=EDGE_CURVE('',#9915,#9913,#9916,.T.);
#7834=EDGE_CURVE('',#9915,#9486,#9917,.T.);
#7835=EDGE_CURVE('',#9484,#9918,#9919,.T.);
#7836=EDGE_CURVE('',#9920,#9918,#9921,.T.);
#7837=EDGE_CURVE('',#9922,#9920,#9923,.T.);
#7838=EDGE_CURVE('',#9922,#9907,#9924,.T.);
#7839=EDGE_CURVE('',#9925,#9926,#9927,.T.);
#7840=EDGE_CURVE('',#9926,#9928,#9929,.T.);
#7841=EDGE_CURVE('',#9928,#9930,#9931,.T.);
#7842=EDGE_CURVE('',#9930,#9932,#9933,.T.);
#7843=EDGE_CURVE('',#9932,#9934,#9935,.T.);
#7844=EDGE_CURVE('',#9934,#9936,#9937,.T.);
#7845=EDGE_CURVE('',#9936,#9938,#9939,.T.);
#7846=EDGE_CURVE('',#9938,#9940,#9941,.T.);
#7847=EDGE_CURVE('',#9940,#9942,#9943,.T.);
#7848=EDGE_CURVE('',#9942,#9944,#9945,.T.);
#7849=EDGE_CURVE('',#9944,#9946,#9947,.T.);
#7850=EDGE_CURVE('',#9946,#9490,#9948,.T.);
#7851=EDGE_CURVE('',#9443,#9488,#9949,.T.);
#7852=EDGE_CURVE('',#9441,#9925,#9950,.T.);
#7853=EDGE_CURVE('',#9263,#9951,#9952,.T.);
#7854=EDGE_CURVE('',#9953,#9951,#9954,.T.);
#7855=EDGE_CURVE('',#9955,#9953,#9956,.T.);
#7856=EDGE_CURVE('',#9957,#9955,#9958,.T.);
#7857=EDGE_CURVE('',#9957,#9265,#9959,.T.);
#7858=EDGE_CURVE('',#9189,#9960,#9961,.T.);
#7859=EDGE_CURVE('',#9960,#9962,#9963,.T.);
#7860=EDGE_CURVE('',#9962,#9388,#9964,.T.);
#7861=EDGE_CURVE('',#9387,#9191,#9965,.T.);
#7862=EDGE_CURVE('',#9199,#9392,#9966,.T.);
#7863=EDGE_CURVE('',#9197,#9394,#9967,.T.);
#7864=EDGE_CURVE('',#9195,#9396,#9968,.T.);
#7865=EDGE_CURVE('',#9193,#9398,#9969,.T.);
#7866=EDGE_CURVE('',#9267,#9970,#9971,.T.);
#7867=EDGE_CURVE('',#9970,#9972,#9973,.T.);
#7868=EDGE_CURVE('',#9269,#9972,#9974,.T.);
#7869=EDGE_CURVE('',#9957,#9970,#9975,.T.);
#7870=EDGE_CURVE('',#9273,#9976,#9977,.T.);
#7871=EDGE_CURVE('',#9976,#9748,#9978,.T.);
#7872=EDGE_CURVE('',#9271,#9979,#9980,.T.);
#7873=EDGE_CURVE('',#9979,#9976,#9981,.T.);
#7874=EDGE_CURVE('',#9972,#9979,#9982,.T.);
#7875=EDGE_CURVE('',#9750,#9607,#9983,.T.);
#7876=EDGE_CURVE('',#9609,#9955,#9984,.T.);
#7877=EDGE_CURVE('',#9985,#9986,#9987,.T.);
#7878=EDGE_CURVE('',#9986,#9918,#9988,.T.);
#7879=EDGE_CURVE('',#9907,#9985,#9989,.T.);
#7880=EDGE_CURVE('',#9915,#9990,#9991,.T.);
#7881=EDGE_CURVE('',#9992,#9990,#9993,.T.);
#7882=EDGE_CURVE('',#9992,#9909,#9994,.T.);
#7883=EDGE_CURVE('',#9911,#9995,#9996,.T.);
#7884=EDGE_CURVE('',#9995,#9997,#9998,.T.);
#7885=EDGE_CURVE('',#9997,#9913,#9999,.T.);
#7886=EDGE_CURVE('',#9995,#9992,#10000,.T.);
#7887=EDGE_CURVE('',#9990,#9997,#10001,.T.);
#7888=EDGE_CURVE('',#10002,#10003,#10004,.T.);
#7889=EDGE_CURVE('',#10002,#9922,#10005,.T.);
#7890=EDGE_CURVE('',#9920,#10003,#10006,.T.);
#7891=EDGE_CURVE('',#9985,#10002,#10007,.T.);
#7892=EDGE_CURVE('',#10003,#9986,#10008,.T.);
#7893=EDGE_CURVE('',#9675,#9830,#10009,.T.);
#7894=EDGE_CURVE('',#9474,#9672,#10010,.T.);
#7895=EDGE_CURVE('',#9673,#10011,#10012,.T.);
#7896=EDGE_CURVE('',#10011,#10013,#10014,.T.);
#7897=EDGE_CURVE('',#10013,#9476,#10015,.T.);
#7898=EDGE_CURVE('',#9478,#9731,#10016,.T.);
#7899=EDGE_CURVE('',#10017,#10013,#10018,.T.);
#7900=EDGE_CURVE('',#9729,#10017,#10019,.T.);
#7901=EDGE_CURVE('',#9741,#9453,#10020,.T.);
#7902=EDGE_CURVE('',#10021,#9739,#10022,.T.);
#7903=EDGE_CURVE('',#9734,#10021,#10023,.T.);
#7904=EDGE_CURVE('',#9653,#9744,#10024,.T.);
#7905=EDGE_CURVE('',#9745,#9605,#10025,.T.);
#7906=EDGE_CURVE('',#9953,#9611,#10026,.T.);
#7907=EDGE_CURVE('',#9951,#9721,#10027,.T.);
#7908=EDGE_CURVE('',#10028,#9679,#10029,.T.);
#7909=EDGE_CURVE('',#10030,#9681,#10031,.T.);
#7910=EDGE_CURVE('',#10028,#10030,#10032,.T.);
#7911=EDGE_CURVE('',#10033,#9684,#10034,.T.);
#7912=EDGE_CURVE('',#10035,#9688,#10036,.T.);
#7913=EDGE_CURVE('',#10033,#10035,#10037,.T.);
#7914=EDGE_CURVE('',#10038,#9718,#10039,.T.);
#7915=EDGE_CURVE('',#10038,#10040,#10041,.T.);
#7916=EDGE_CURVE('',#10040,#9696,#10042,.T.);
#7917=EDGE_CURVE('',#10043,#9716,#10044,.T.);
#7918=EDGE_CURVE('',#10038,#10043,#10045,.T.);
#7919=EDGE_CURVE('',#10046,#9714,#10047,.T.);
#7920=EDGE_CURVE('',#10043,#10046,#10048,.T.);
#7921=EDGE_CURVE('',#10049,#9712,#10050,.T.);
#7922=EDGE_CURVE('',#10046,#10049,#10051,.T.);
#7923=EDGE_CURVE('',#10052,#9710,#10053,.T.);
#7924=EDGE_CURVE('',#10049,#10052,#10054,.T.);
#7925=EDGE_CURVE('',#10055,#9708,#10056,.T.);
#7926=EDGE_CURVE('',#10052,#10055,#10057,.T.);
#7927=EDGE_CURVE('',#10058,#9706,#10059,.T.);
#7928=EDGE_CURVE('',#10058,#10055,#10060,.T.);
#7929=EDGE_CURVE('',#10061,#10062,#10063,.T.);
#7930=EDGE_CURVE('',#10061,#9673,#10064,.T.);
#7931=EDGE_CURVE('',#9663,#9633,#10065,.T.);
#7932=EDGE_CURVE('',#9631,#10062,#10066,.T.);
#7933=EDGE_CURVE('',#10028,#9628,#10067,.T.);
#7934=EDGE_CURVE('',#9658,#9629,#10068,.T.);
#7935=EDGE_CURVE('',#10069,#10070,#10071,.T.);
#7936=EDGE_CURVE('',#10069,#10035,#10072,.T.);
#7937=EDGE_CURVE('',#9726,#10070,#10073,.T.);
#7938=EDGE_CURVE('',#9692,#10074,#10075,.T.);
#7939=EDGE_CURVE('',#10076,#10074,#10077,.T.);
#7940=EDGE_CURVE('',#10076,#10078,#10079,.T.);
#7941=EDGE_CURVE('',#10078,#10080,#10081,.T.);
#7942=EDGE_CURVE('',#9644,#10080,#10082,.T.);
#7943=EDGE_CURVE('',#10083,#10017,#10084,.T.);
#7944=EDGE_CURVE('',#10083,#10058,#10085,.T.);
#7945=EDGE_CURVE('',#10040,#10086,#10087,.T.);
#7946=EDGE_CURVE('',#10086,#10021,#10088,.T.);
#7947=EDGE_CURVE('',#10089,#10090,#10091,.T.);
#7948=EDGE_CURVE('',#10089,#10030,#10092,.T.);
#7949=EDGE_CURVE('',#9597,#10090,#10093,.T.);
#7950=EDGE_CURVE('',#10033,#10094,#10095,.T.);
#7951=EDGE_CURVE('',#10094,#10096,#10097,.T.);
#7952=EDGE_CURVE('',#9619,#10096,#10098,.T.);
#7953=EDGE_CURVE('',#10094,#10089,#10099,.T.);
#7954=EDGE_CURVE('',#10090,#10100,#10101,.T.);
#7955=EDGE_CURVE('',#10100,#10102,#10103,.T.);
#7956=EDGE_CURVE('',#10102,#10104,#10105,.T.);
#7957=EDGE_CURVE('',#10104,#10106,#10107,.T.);
#7958=EDGE_CURVE('',#10106,#10096,#10108,.T.);
#7959=EDGE_CURVE('',#10078,#10069,#10109,.T.);
#7960=EDGE_CURVE('',#10110,#10070,#10111,.T.);
#7961=EDGE_CURVE('',#10112,#10110,#10113,.T.);
#7962=EDGE_CURVE('',#10112,#10114,#10115,.T.);
#7963=EDGE_CURVE('',#10116,#10114,#10117,.T.);
#7964=EDGE_CURVE('',#10080,#10116,#10118,.T.);
#7965=EDGE_CURVE('',#10086,#9736,#10119,.T.);
#7966=EDGE_CURVE('',#10011,#10083,#10120,.T.);
#7967=EDGE_CURVE('',#10074,#10038,#10121,.T.);
#7968=EDGE_CURVE('',#10055,#10061,#10122,.T.);
#7969=EDGE_CURVE('',#10062,#10028,#10123,.T.);
#7970=EDGE_CURVE('',#10030,#10033,#10124,.T.);
#7971=EDGE_CURVE('',#10035,#10076,#10125,.T.);
#7972=EDGE_CURVE('',#9664,#9635,#10126,.T.);
#7973=EDGE_CURVE('',#9285,#10127,#10128,.T.);
#7974=EDGE_CURVE('',#10127,#10129,#10130,.T.);
#7975=EDGE_CURVE('',#10129,#10131,#10132,.T.);
#7976=EDGE_CURVE('',#10131,#10133,#10134,.T.);
#7977=EDGE_CURVE('',#10133,#9637,#10135,.T.);
#7978=EDGE_CURVE('',#9660,#9641,#10136,.T.);
#7979=EDGE_CURVE('',#9639,#10137,#10138,.T.);
#7980=EDGE_CURVE('',#10137,#10139,#10140,.T.);
#7981=EDGE_CURVE('',#10139,#10141,#10142,.T.);
#7982=EDGE_CURVE('',#10141,#10143,#10144,.T.);
#7983=EDGE_CURVE('',#10143,#9283,#10145,.T.);
#7984=EDGE_CURVE('',#9647,#10116,#10146,.T.);
#7985=EDGE_CURVE('',#10114,#10147,#10148,.T.);
#7986=EDGE_CURVE('',#10147,#10149,#10150,.T.);
#7987=EDGE_CURVE('',#10149,#10151,#10152,.T.);
#7988=EDGE_CURVE('',#10151,#10153,#10154,.T.);
#7989=EDGE_CURVE('',#10153,#9255,#10155,.T.);
#7990=EDGE_CURVE('',#9257,#10156,#10157,.T.);
#7991=EDGE_CURVE('',#10156,#10158,#10159,.T.);
#7992=EDGE_CURVE('',#10158,#10160,#10161,.T.);
#7993=EDGE_CURVE('',#10160,#10162,#10163,.T.);
#7994=EDGE_CURVE('',#10162,#10112,#10164,.T.);
#7995=EDGE_CURVE('',#9724,#10110,#10165,.T.);
#7996=EDGE_CURVE('',#10143,#10127,#10166,.T.);
#7997=EDGE_CURVE('',#10139,#10131,#10167,.T.);
#7998=EDGE_CURVE('',#10141,#10129,#10168,.T.);
#7999=EDGE_CURVE('',#10137,#10133,#10169,.T.);
#8000=EDGE_CURVE('',#10156,#10153,#10170,.T.);
#8001=EDGE_CURVE('',#10162,#10147,#10171,.T.);
#8002=EDGE_CURVE('',#10160,#10149,#10172,.T.);
#8003=EDGE_CURVE('',#10158,#10151,#10173,.T.);
#8004=EDGE_CURVE('',#9596,#10100,#10174,.T.);
#8005=EDGE_CURVE('',#9625,#10102,#10175,.T.);
#8006=EDGE_CURVE('',#9623,#10104,#10176,.T.);
#8007=EDGE_CURVE('',#9621,#10106,#10177,.T.);
#8008=EDGE_CURVE('',#9903,#8935,#10178,.T.);
#8009=EDGE_CURVE('',#8982,#8938,#10179,.T.);
#8010=EDGE_CURVE('',#9571,#10180,#10181,.T.);
#8011=EDGE_CURVE('',#10180,#9857,#10182,.T.);
#8012=EDGE_CURVE('',#10183,#8966,#10184,.T.);
#8013=EDGE_CURVE('',#9569,#10183,#10185,.T.);
#8014=EDGE_CURVE('',#10180,#10183,#10186,.T.);
#8015=EDGE_CURVE('',#9362,#9764,#10187,.T.);
#8016=EDGE_CURVE('',#10188,#9439,#10189,.T.);
#8017=EDGE_CURVE('',#9925,#10188,#10190,.T.);
#8018=EDGE_CURVE('',#10191,#9926,#10192,.T.);
#8019=EDGE_CURVE('',#10191,#10188,#10193,.T.);
#8020=EDGE_CURVE('',#9375,#10194,#10195,.T.);
#8021=EDGE_CURVE('',#10194,#10191,#10196,.T.);
#8022=EDGE_CURVE('',#10197,#9494,#10198,.T.);
#8023=EDGE_CURVE('',#10199,#10197,#10200,.T.);
#8024=EDGE_CURVE('',#9346,#10199,#10201,.T.);
#8025=EDGE_CURVE('',#9944,#10202,#10203,.T.);
#8026=EDGE_CURVE('',#10204,#10202,#10205,.T.);
#8027=EDGE_CURVE('',#9946,#10204,#10206,.T.);
#8028=EDGE_CURVE('',#9492,#10204,#10207,.T.);
#8029=EDGE_CURVE('',#10202,#10208,#10209,.T.);
#8030=EDGE_CURVE('',#10208,#10197,#10210,.T.);
#8031=EDGE_CURVE('',#9326,#9960,#10211,.T.);
#8032=EDGE_CURVE('',#9962,#9145,#10212,.T.);
#8033=EDGE_CURVE('',#9378,#9139,#10213,.T.);
#8034=EDGE_CURVE('',#9379,#9316,#10214,.T.);
#8035=EDGE_CURVE('',#10215,#9349,#10216,.T.);
#8036=EDGE_CURVE('',#10215,#10217,#10218,.T.);
#8037=EDGE_CURVE('',#10217,#9351,#10219,.T.);
#8038=EDGE_CURVE('',#10220,#9354,#10221,.T.);
#8039=EDGE_CURVE('',#10220,#10222,#10223,.T.);
#8040=EDGE_CURVE('',#10222,#9356,#10224,.T.);
#8041=EDGE_CURVE('',#10225,#9928,#10226,.T.);
#8042=EDGE_CURVE('',#10227,#10225,#10228,.T.);
#8043=EDGE_CURVE('',#10227,#9930,#10229,.T.);
#8044=EDGE_CURVE('',#10227,#10230,#10231,.T.);
#8045=EDGE_CURVE('',#10230,#9932,#10232,.T.);
#8046=EDGE_CURVE('',#10230,#10233,#10234,.T.);
#8047=EDGE_CURVE('',#10233,#9934,#10235,.T.);
#8048=EDGE_CURVE('',#10233,#10236,#10237,.T.);
#8049=EDGE_CURVE('',#10236,#9936,#10238,.T.);
#8050=EDGE_CURVE('',#10236,#10239,#10240,.T.);
#8051=EDGE_CURVE('',#10239,#9938,#10241,.T.);
#8052=EDGE_CURVE('',#10239,#10242,#10243,.T.);
#8053=EDGE_CURVE('',#10242,#9940,#10244,.T.);
#8054=EDGE_CURVE('',#10245,#10242,#10246,.T.);
#8055=EDGE_CURVE('',#10245,#9942,#10247,.T.);
#8056=EDGE_CURVE('',#10248,#10194,#10249,.T.);
#8057=EDGE_CURVE('',#10225,#10248,#10250,.T.);
#8058=EDGE_CURVE('',#10251,#10245,#10252,.T.);
#8059=EDGE_CURVE('',#10251,#10208,#10253,.T.);
#8060=EDGE_CURVE('',#10254,#10217,#10255,.T.);
#8061=EDGE_CURVE('',#10254,#10256,#10257,.T.);
#8062=EDGE_CURVE('',#9120,#10256,#10258,.T.);
#8063=EDGE_CURVE('',#10259,#10260,#10261,.T.);
#8064=EDGE_CURVE('',#10220,#10259,#10262,.T.);
#8065=EDGE_CURVE('',#9131,#10260,#10263,.T.);
#8066=EDGE_CURVE('',#10264,#9346,#10265,.T.);
#8067=EDGE_CURVE('',#10264,#10266,#10267,.T.);
#8068=EDGE_CURVE('',#9300,#10266,#10268,.T.);
#8069=EDGE_CURVE('',#9336,#9301,#10269,.T.);
#8070=EDGE_CURVE('',#10215,#9303,#10270,.T.);
#8071=EDGE_CURVE('',#9331,#9305,#10271,.T.);
#8072=EDGE_CURVE('',#10259,#10254,#10272,.T.);
#8073=EDGE_CURVE('',#10273,#10260,#10274,.T.);
#8074=EDGE_CURVE('',#10275,#10273,#10276,.T.);
#8075=EDGE_CURVE('',#10277,#10275,#10278,.T.);
#8076=EDGE_CURVE('',#10279,#10277,#10280,.T.);
#8077=EDGE_CURVE('',#10256,#10279,#10281,.T.);
#8078=EDGE_CURVE('',#10282,#10222,#10283,.T.);
#8079=EDGE_CURVE('',#10282,#10284,#10285,.T.);
#8080=EDGE_CURVE('',#9321,#10284,#10286,.T.);
#8081=EDGE_CURVE('',#10287,#10282,#10288,.T.);
#8082=EDGE_CURVE('',#10287,#10289,#10290,.T.);
#8083=EDGE_CURVE('',#10289,#10291,#10292,.T.);
#8084=EDGE_CURVE('',#10291,#10293,#10294,.T.);
#8085=EDGE_CURVE('',#10295,#10293,#10296,.T.);
#8086=EDGE_CURVE('',#10295,#10297,#10298,.T.);
#8087=EDGE_CURVE('',#10297,#10284,#10299,.T.);
#8088=EDGE_CURVE('',#10300,#10301,#10302,.T.);
#8089=EDGE_CURVE('',#9359,#10301,#10303,.T.);
#8090=EDGE_CURVE('',#9401,#10289,#10304,.T.);
#8091=EDGE_CURVE('',#10300,#10287,#10305,.T.);
#8092=EDGE_CURVE('',#10248,#9373,#10306,.T.);
#8093=EDGE_CURVE('',#10199,#10251,#10307,.T.);
#8094=EDGE_CURVE('',#10301,#10227,#10308,.T.);
#8095=EDGE_CURVE('',#10222,#10300,#10309,.T.);
#8096=EDGE_CURVE('',#10217,#10220,#10310,.T.);
#8097=EDGE_CURVE('',#10266,#10215,#10311,.T.);
#8098=EDGE_CURVE('',#10242,#10264,#10312,.T.);
#8099=EDGE_CURVE('',#9337,#9313,#10313,.T.);
#8100=EDGE_CURVE('',#9181,#10314,#10315,.T.);
#8101=EDGE_CURVE('',#10316,#9311,#10317,.T.);
#8102=EDGE_CURVE('',#10318,#10316,#10319,.T.);
#8103=EDGE_CURVE('',#10320,#10318,#10321,.T.);
#8104=EDGE_CURVE('',#10314,#10320,#10322,.T.);
#8105=EDGE_CURVE('',#9329,#9307,#10323,.T.);
#8106=EDGE_CURVE('',#10324,#9183,#10325,.T.);
#8107=EDGE_CURVE('',#10326,#10324,#10327,.T.);
#8108=EDGE_CURVE('',#10328,#10326,#10329,.T.);
#8109=EDGE_CURVE('',#10330,#10328,#10331,.T.);
#8110=EDGE_CURVE('',#9309,#10330,#10332,.T.);
#8111=EDGE_CURVE('',#9402,#10291,#10333,.T.);
#8112=EDGE_CURVE('',#10334,#9211,#10335,.T.);
#8113=EDGE_CURVE('',#10336,#10334,#10337,.T.);
#8114=EDGE_CURVE('',#10338,#10336,#10339,.T.);
#8115=EDGE_CURVE('',#10340,#10338,#10341,.T.);
#8116=EDGE_CURVE('',#10293,#10340,#10342,.T.);
#8117=EDGE_CURVE('',#9209,#10343,#10344,.T.);
#8118=EDGE_CURVE('',#9323,#10297,#10345,.T.);
#8119=EDGE_CURVE('',#10346,#10295,#10347,.T.);
#8120=EDGE_CURVE('',#10348,#10346,#10349,.T.);
#8121=EDGE_CURVE('',#10350,#10348,#10351,.T.);
#8122=EDGE_CURVE('',#10343,#10350,#10352,.T.);
#8123=EDGE_CURVE('',#10324,#10314,#10353,.T.);
#8124=EDGE_CURVE('',#10326,#10320,#10354,.T.);
#8125=EDGE_CURVE('',#10328,#10318,#10355,.T.);
#8126=EDGE_CURVE('',#10330,#10316,#10356,.T.);
#8127=EDGE_CURVE('',#10343,#10334,#10357,.T.);
#8128=EDGE_CURVE('',#10346,#10340,#10358,.T.);
#8129=EDGE_CURVE('',#10348,#10338,#10359,.T.);
#8130=EDGE_CURVE('',#10350,#10336,#10360,.T.);
#8131=EDGE_CURVE('',#9123,#10279,#10361,.T.);
#8132=EDGE_CURVE('',#9125,#10277,#10362,.T.);
#8133=EDGE_CURVE('',#9127,#10275,#10363,.T.);
#8134=EDGE_CURVE('',#9129,#10273,#10364,.T.);
#8135=EDGE_CURVE('',#9113,#10365,#10366,.T.);
#8136=EDGE_CURVE('',#10365,#9525,#10367,.T.);
#8137=EDGE_CURVE('',#8973,#10368,#10369,.T.);
#8138=EDGE_CURVE('',#10368,#9523,#10370,.T.);
#8139=EDGE_CURVE('',#10368,#10365,#10371,.T.);
#8140=EDGE_CURVE('',#8845,#9107,#10372,.T.);
#8141=EDGE_CURVE('',#8844,#8961,#10373,.T.);
#8142=EDGE_CURVE('',#9766,#9436,#10374,.T.);
#8143=EDGE_CURVE('',#9832,#9472,#10375,.T.);
#8144=EDGE_CURVE('',#9755,#9460,#10376,.T.);
#8145=EDGE_CURVE('',#9757,#9458,#10377,.T.);
#8146=EDGE_CURVE('',#9468,#9836,#10378,.T.);
#8147=EDGE_CURVE('',#9470,#9834,#10379,.T.);
#8148=EDGE_CURVE('',#9768,#9434,#10380,.T.);
#8149=EDGE_CURVE('',#9770,#9432,#10381,.T.);
#8150=EDGE_CURVE('',#9773,#9429,#10382,.T.);
#8151=EDGE_CURVE('',#9775,#9427,#10383,.T.);
#8152=EDGE_CURVE('',#9778,#9424,#10384,.T.);
#8153=EDGE_CURVE('',#9780,#9422,#10385,.T.);
#8154=EDGE_CURVE('',#9783,#9419,#10386,.T.);
#8155=EDGE_CURVE('',#9785,#9417,#10387,.T.);
#8156=EDGE_CURVE('',#9788,#9414,#10388,.T.);
#8157=EDGE_CURVE('',#9790,#9412,#10389,.T.);
#8158=EDGE_CURVE('',#9793,#9409,#10390,.T.);
#8159=EDGE_CURVE('',#9753,#9407,#10391,.T.);
#8160=EDGE_CURVE('',#9497,#9823,#10392,.T.);
#8161=EDGE_CURVE('',#9499,#9821,#10393,.T.);
#8162=EDGE_CURVE('',#9502,#9818,#10394,.T.);
#8163=EDGE_CURVE('',#9504,#9816,#10395,.T.);
#8164=EDGE_CURVE('',#9507,#9813,#10396,.T.);
#8165=EDGE_CURVE('',#9509,#9811,#10397,.T.);
#8166=EDGE_CURVE('',#9512,#9808,#10398,.T.);
#8167=EDGE_CURVE('',#9514,#9806,#10399,.T.);
#8168=EDGE_CURVE('',#9517,#9803,#10400,.T.);
#8169=EDGE_CURVE('',#9519,#9801,#10401,.T.);
#8170=EDGE_CURVE('',#9463,#9798,#10402,.T.);
#8171=EDGE_CURVE('',#9465,#9796,#10403,.T.);
#8172=EDGE_CURVE('',#8971,#8774,#10404,.T.);
#8173=EDGE_CURVE('',#8865,#8957,#10405,.T.);
#8174=EDGE_CURVE('',#9857,#10406,#10407,.T.);
#8175=EDGE_CURVE('',#10406,#10408,#10409,.T.);
#8176=EDGE_CURVE('',#10408,#9869,#10410,.T.);
#8177=EDGE_CURVE('',#8966,#10411,#10412,.T.);
#8178=EDGE_CURVE('',#10413,#8953,#10414,.T.);
#8179=EDGE_CURVE('',#10411,#10413,#10415,.T.);
#8180=EDGE_CURVE('',#10406,#10411,#10416,.T.);
#8181=EDGE_CURVE('',#10408,#10413,#10417,.T.);
#8182=EDGE_CURVE('',#9888,#10418,#10419,.T.);
#8183=EDGE_CURVE('',#10418,#10420,#10421,.T.);
#8184=EDGE_CURVE('',#10420,#9903,#10422,.T.);
#8185=EDGE_CURVE('',#10423,#8982,#10424,.T.);
#8186=EDGE_CURVE('',#10425,#10423,#10426,.T.);
#8187=EDGE_CURVE('',#8922,#10425,#10427,.T.);
#8188=EDGE_CURVE('',#10418,#10425,#10428,.T.);
#8189=EDGE_CURVE('',#10420,#10423,#10429,.T.);
#8190=EDGE_CURVE('',#9245,#10430,#10431,.T.);
#8191=EDGE_CURVE('',#10430,#10432,#10433,.T.);
#8192=EDGE_CURVE('',#10432,#10434,#10435,.T.);
#8193=EDGE_CURVE('',#10434,#10436,#10437,.T.);
#8194=EDGE_CURVE('',#10436,#8883,#10438,.T.);
#8195=EDGE_CURVE('',#9853,#8880,#10439,.T.);
#8196=EDGE_CURVE('',#8907,#8881,#10440,.T.);
#8197=EDGE_CURVE('',#10441,#8885,#10442,.T.);
#8198=EDGE_CURVE('',#10443,#10441,#10444,.T.);
#8199=EDGE_CURVE('',#10445,#10443,#10446,.T.);
#8200=EDGE_CURVE('',#10447,#10445,#10448,.T.);
#8201=EDGE_CURVE('',#9243,#10447,#10449,.T.);
#8202=EDGE_CURVE('',#10430,#10447,#10450,.T.);
#8203=EDGE_CURVE('',#10432,#10445,#10451,.T.);
#8204=EDGE_CURVE('',#10434,#10443,#10452,.T.);
#8205=EDGE_CURVE('',#10436,#10441,#10453,.T.);
#8206=EDGE_CURVE('',#9556,#10454,#10455,.T.);
#8207=EDGE_CURVE('',#9554,#10456,#10457,.T.);
#8208=EDGE_CURVE('',#10454,#10456,#10458,.T.);
#8209=EDGE_CURVE('',#9839,#9556,#10459,.T.);
#8210=EDGE_CURVE('',#10454,#10460,#10461,.T.);
#8211=EDGE_CURVE('',#10460,#10462,#10463,.T.);
#8212=EDGE_CURVE('',#10462,#10464,#10465,.T.);
#8213=EDGE_CURVE('',#10464,#10466,#10467,.T.);
#8214=EDGE_CURVE('',#10466,#9295,#10468,.T.);
#8215=EDGE_CURVE('',#8897,#9554,#10469,.T.);
#8216=EDGE_CURVE('',#10470,#9297,#10471,.T.);
#8217=EDGE_CURVE('',#10472,#10470,#10473,.T.);
#8218=EDGE_CURVE('',#10474,#10472,#10475,.T.);
#8219=EDGE_CURVE('',#10476,#10474,#10477,.T.);
#8220=EDGE_CURVE('',#10456,#10476,#10478,.T.);
#8221=EDGE_CURVE('',#10464,#10472,#10479,.T.);
#8222=EDGE_CURVE('',#10462,#10474,#10480,.T.);
#8223=EDGE_CURVE('',#10466,#10470,#10481,.T.);
#8224=EDGE_CURVE('',#10460,#10476,#10482,.T.);
#8225=EDGE_CURVE('',#8867,#10483,#10484,.T.);
#8226=EDGE_CURVE('',#10483,#10485,#10486,.T.);
#8227=EDGE_CURVE('',#10485,#8831,#10487,.T.);
#8228=EDGE_CURVE('',#10488,#8834,#10489,.T.);
#8229=EDGE_CURVE('',#10490,#10488,#10491,.T.);
#8230=EDGE_CURVE('',#8957,#10490,#10492,.T.);
#8231=EDGE_CURVE('',#10483,#10490,#10493,.T.);
#8232=EDGE_CURVE('',#10485,#10488,#10494,.T.);
#8233=EDGE_CURVE('',#8872,#10495,#10496,.T.);
#8234=EDGE_CURVE('',#10495,#10497,#10498,.T.);
#8235=EDGE_CURVE('',#10497,#8826,#10499,.T.);
#8236=EDGE_CURVE('',#10500,#8829,#10501,.T.);
#8237=EDGE_CURVE('',#10502,#10500,#10503,.T.);
#8238=EDGE_CURVE('',#8870,#10502,#10504,.T.);
#8239=EDGE_CURVE('',#10495,#10502,#10505,.T.);
#8240=EDGE_CURVE('',#10497,#10500,#10506,.T.);
#8241=EDGE_CURVE('',#8877,#10507,#10508,.T.);
#8242=EDGE_CURVE('',#10507,#10509,#10510,.T.);
#8243=EDGE_CURVE('',#10509,#8821,#10511,.T.);
#8244=EDGE_CURVE('',#10512,#8824,#10513,.T.);
#8245=EDGE_CURVE('',#10514,#10512,#10515,.T.);
#8246=EDGE_CURVE('',#8875,#10514,#10516,.T.);
#8247=EDGE_CURVE('',#10507,#10514,#10517,.T.);
#8248=EDGE_CURVE('',#10509,#10512,#10518,.T.);
#8249=EDGE_CURVE('',#8855,#10519,#10520,.T.);
#8250=EDGE_CURVE('',#10519,#10521,#10522,.T.);
#8251=EDGE_CURVE('',#10521,#8951,#10523,.T.);
#8252=EDGE_CURVE('',#10524,#8819,#10525,.T.);
#8253=EDGE_CURVE('',#10526,#10524,#10527,.T.);
#8254=EDGE_CURVE('',#8860,#10526,#10528,.T.);
#8255=EDGE_CURVE('',#10519,#10526,#10529,.T.);
#8256=EDGE_CURVE('',#10521,#10524,#10530,.T.);
#8257=EDGE_CURVE('',#8961,#10531,#10532,.T.);
#8258=EDGE_CURVE('',#10531,#10533,#10534,.T.);
#8259=EDGE_CURVE('',#10533,#8836,#10535,.T.);
#8260=EDGE_CURVE('',#10536,#8839,#10537,.T.);
#8261=EDGE_CURVE('',#10538,#10536,#10539,.T.);
#8262=EDGE_CURVE('',#9107,#10538,#10540,.T.);
#8263=EDGE_CURVE('',#10531,#10538,#10541,.T.);
#8264=EDGE_CURVE('',#10533,#10536,#10542,.T.);
#8265=EDGE_CURVE('',#8705,#10543,#10544,.T.);
#8266=EDGE_CURVE('',#10543,#10545,#10546,.T.);
#8267=EDGE_CURVE('',#10545,#8772,#10547,.T.);
#8268=EDGE_CURVE('',#8710,#10548,#10549,.T.);
#8269=EDGE_CURVE('',#10550,#8971,#10551,.T.);
#8270=EDGE_CURVE('',#10548,#10550,#10552,.T.);
#8271=EDGE_CURVE('',#10543,#10548,#10553,.T.);
#8272=EDGE_CURVE('',#10545,#10550,#10554,.T.);
#8273=EDGE_CURVE('',#8697,#10555,#10556,.T.);
#8274=EDGE_CURVE('',#10555,#10557,#10558,.T.);
#8275=EDGE_CURVE('',#10557,#8767,#10559,.T.);
#8276=EDGE_CURVE('',#8702,#10560,#10561,.T.);
#8277=EDGE_CURVE('',#10562,#8769,#10563,.T.);
#8278=EDGE_CURVE('',#10560,#10562,#10564,.T.);
#8279=EDGE_CURVE('',#10555,#10560,#10565,.T.);
#8280=EDGE_CURVE('',#10557,#10562,#10566,.T.);
#8281=EDGE_CURVE('',#8689,#10567,#10568,.T.);
#8282=EDGE_CURVE('',#10567,#10569,#10570,.T.);
#8283=EDGE_CURVE('',#10569,#8762,#10571,.T.);
#8284=EDGE_CURVE('',#8694,#10572,#10573,.T.);
#8285=EDGE_CURVE('',#10574,#8764,#10575,.T.);
#8286=EDGE_CURVE('',#10572,#10574,#10576,.T.);
#8287=EDGE_CURVE('',#10567,#10572,#10577,.T.);
#8288=EDGE_CURVE('',#10569,#10574,#10578,.T.);
#8289=EDGE_CURVE('',#8923,#10579,#10580,.T.);
#8290=EDGE_CURVE('',#10579,#10581,#10582,.T.);
#8291=EDGE_CURVE('',#10581,#8752,#10583,.T.);
#8292=EDGE_CURVE('',#8686,#10584,#10585,.T.);
#8293=EDGE_CURVE('',#10586,#8759,#10587,.T.);
#8294=EDGE_CURVE('',#10584,#10586,#10588,.T.);
#8295=EDGE_CURVE('',#10579,#10584,#10589,.T.);
#8296=EDGE_CURVE('',#10581,#10586,#10590,.T.);
#8297=EDGE_CURVE('',#8713,#10591,#10592,.T.);
#8298=EDGE_CURVE('',#10591,#10593,#10594,.T.);
#8299=EDGE_CURVE('',#10593,#8973,#10595,.T.);
#8300=EDGE_CURVE('',#8718,#10596,#10597,.T.);
#8301=EDGE_CURVE('',#10598,#9113,#10599,.T.);
#8302=EDGE_CURVE('',#10596,#10598,#10600,.T.);
#8303=EDGE_CURVE('',#10591,#10596,#10601,.T.);
#8304=EDGE_CURVE('',#10593,#10598,#10602,.T.);
#8305=EDGE_CURVE('',#9220,#10603,#10604,.T.);
#8306=EDGE_CURVE('',#10603,#10605,#10606,.T.);
#8307=EDGE_CURVE('',#10605,#10607,#10608,.T.);
#8308=EDGE_CURVE('',#10607,#10609,#10610,.T.);
#8309=EDGE_CURVE('',#10609,#8599,#10611,.T.);
#8310=EDGE_CURVE('',#8596,#8583,#10612,.T.);
#8311=EDGE_CURVE('',#8597,#8589,#10613,.T.);
#8312=EDGE_CURVE('',#10614,#8601,#10615,.T.);
#8313=EDGE_CURVE('',#10616,#10614,#10617,.T.);
#8314=EDGE_CURVE('',#10618,#10616,#10619,.T.);
#8315=EDGE_CURVE('',#10620,#10618,#10621,.T.);
#8316=EDGE_CURVE('',#9218,#10620,#10622,.T.);
#8317=EDGE_CURVE('',#10603,#10620,#10623,.T.);
#8318=EDGE_CURVE('',#10605,#10618,#10624,.T.);
#8319=EDGE_CURVE('',#10607,#10616,#10625,.T.);
#8320=EDGE_CURVE('',#10609,#10614,#10626,.T.);
#8321=EDGE_CURVE('',#9225,#10627,#10628,.T.);
#8322=EDGE_CURVE('',#10627,#10629,#10630,.T.);
#8323=EDGE_CURVE('',#10629,#10631,#10632,.T.);
#8324=EDGE_CURVE('',#10631,#10633,#10634,.T.);
#8325=EDGE_CURVE('',#10633,#8607,#10635,.T.);
#8326=EDGE_CURVE('',#8604,#8571,#10636,.T.);
#8327=EDGE_CURVE('',#8605,#8577,#10637,.T.);
#8328=EDGE_CURVE('',#10638,#8609,#10639,.T.);
#8329=EDGE_CURVE('',#10640,#10638,#10641,.T.);
#8330=EDGE_CURVE('',#10642,#10640,#10643,.T.);
#8331=EDGE_CURVE('',#10644,#10642,#10645,.T.);
#8332=EDGE_CURVE('',#9223,#10644,#10646,.T.);
#8333=EDGE_CURVE('',#10627,#10644,#10647,.T.);
#8334=EDGE_CURVE('',#10629,#10642,#10648,.T.);
#8335=EDGE_CURVE('',#10631,#10640,#10649,.T.);
#8336=EDGE_CURVE('',#10633,#10638,#10650,.T.);
#8337=EDGE_CURVE('',#9230,#10651,#10652,.T.);
#8338=EDGE_CURVE('',#10651,#10653,#10654,.T.);
#8339=EDGE_CURVE('',#10653,#10655,#10656,.T.);
#8340=EDGE_CURVE('',#10655,#10657,#10658,.T.);
#8341=EDGE_CURVE('',#10657,#8615,#10659,.T.);
#8342=EDGE_CURVE('',#8612,#8559,#10660,.T.);
#8343=EDGE_CURVE('',#8613,#8565,#10661,.T.);
#8344=EDGE_CURVE('',#10662,#8617,#10663,.T.);
#8345=EDGE_CURVE('',#10664,#10662,#10665,.T.);
#8346=EDGE_CURVE('',#10666,#10664,#10667,.T.);
#8347=EDGE_CURVE('',#10668,#10666,#10669,.T.);
#8348=EDGE_CURVE('',#9228,#10668,#10670,.T.);
#8349=EDGE_CURVE('',#10651,#10668,#10671,.T.);
#8350=EDGE_CURVE('',#10653,#10666,#10672,.T.);
#8351=EDGE_CURVE('',#10655,#10664,#10673,.T.);
#8352=EDGE_CURVE('',#10657,#10662,#10674,.T.);
#8353=EDGE_CURVE('',#9235,#10675,#10676,.T.);
#8354=EDGE_CURVE('',#10675,#10677,#10678,.T.);
#8355=EDGE_CURVE('',#10677,#10679,#10680,.T.);
#8356=EDGE_CURVE('',#10679,#10681,#10682,.T.);
#8357=EDGE_CURVE('',#10681,#8623,#10683,.T.);
#8358=EDGE_CURVE('',#8620,#8547,#10684,.T.);
#8359=EDGE_CURVE('',#8621,#8553,#10685,.T.);
#8360=EDGE_CURVE('',#10686,#8625,#10687,.T.);
#8361=EDGE_CURVE('',#10688,#10686,#10689,.T.);
#8362=EDGE_CURVE('',#10690,#10688,#10691,.T.);
#8363=EDGE_CURVE('',#10692,#10690,#10693,.T.);
#8364=EDGE_CURVE('',#9233,#10692,#10694,.T.);
#8365=EDGE_CURVE('',#10675,#10692,#10695,.T.);
#8366=EDGE_CURVE('',#10677,#10690,#10696,.T.);
#8367=EDGE_CURVE('',#10679,#10688,#10697,.T.);
#8368=EDGE_CURVE('',#10681,#10686,#10698,.T.);
#8369=EDGE_CURVE('',#9240,#10699,#10700,.T.);
#8370=EDGE_CURVE('',#10699,#10701,#10702,.T.);
#8371=EDGE_CURVE('',#10701,#10703,#10704,.T.);
#8372=EDGE_CURVE('',#10703,#10705,#10706,.T.);
#8373=EDGE_CURVE('',#10705,#8631,#10707,.T.);
#8374=EDGE_CURVE('',#8628,#8901,#10708,.T.);
#8375=EDGE_CURVE('',#8629,#8541,#10709,.T.);
#8376=EDGE_CURVE('',#10710,#8633,#10711,.T.);
#8377=EDGE_CURVE('',#10712,#10710,#10713,.T.);
#8378=EDGE_CURVE('',#10714,#10712,#10715,.T.);
#8379=EDGE_CURVE('',#10716,#10714,#10717,.T.);
#8380=EDGE_CURVE('',#9238,#10716,#10718,.T.);
#8381=EDGE_CURVE('',#10699,#10716,#10719,.T.);
#8382=EDGE_CURVE('',#10701,#10714,#10720,.T.);
#8383=EDGE_CURVE('',#10703,#10712,#10721,.T.);
#8384=EDGE_CURVE('',#10705,#10710,#10722,.T.);
#8385=EDGE_CURVE('',#9531,#10723,#10724,.T.);
#8386=EDGE_CURVE('',#9529,#10725,#10726,.T.);
#8387=EDGE_CURVE('',#10723,#10725,#10727,.T.);
#8388=EDGE_CURVE('',#8523,#9531,#10728,.T.);
#8389=EDGE_CURVE('',#10723,#10729,#10730,.T.);
#8390=EDGE_CURVE('',#10729,#10731,#10732,.T.);
#8391=EDGE_CURVE('',#10731,#10733,#10734,.T.);
#8392=EDGE_CURVE('',#10733,#10735,#10736,.T.);
#8393=EDGE_CURVE('',#10735,#9172,#10737,.T.);
#8394=EDGE_CURVE('',#8528,#9529,#10738,.T.);
#8395=EDGE_CURVE('',#10739,#9174,#10740,.T.);
#8396=EDGE_CURVE('',#10741,#10739,#10742,.T.);
#8397=EDGE_CURVE('',#10743,#10741,#10744,.T.);
#8398=EDGE_CURVE('',#10745,#10743,#10746,.T.);
#8399=EDGE_CURVE('',#10725,#10745,#10747,.T.);
#8400=EDGE_CURVE('',#10733,#10741,#10748,.T.);
#8401=EDGE_CURVE('',#10731,#10743,#10749,.T.);
#8402=EDGE_CURVE('',#10735,#10739,#10750,.T.);
#8403=EDGE_CURVE('',#10729,#10745,#10751,.T.);
#8404=EDGE_CURVE('',#9536,#10752,#10753,.T.);
#8405=EDGE_CURVE('',#9534,#10754,#10755,.T.);
#8406=EDGE_CURVE('',#10752,#10754,#10756,.T.);
#8407=EDGE_CURVE('',#8511,#9536,#10757,.T.);
#8408=EDGE_CURVE('',#10752,#10758,#10759,.T.);
#8409=EDGE_CURVE('',#10758,#10760,#10761,.T.);
#8410=EDGE_CURVE('',#10760,#10762,#10763,.T.);
#8411=EDGE_CURVE('',#10762,#10764,#10765,.T.);
#8412=EDGE_CURVE('',#10764,#9167,#10766,.T.);
#8413=EDGE_CURVE('',#8516,#9534,#10767,.T.);
#8414=EDGE_CURVE('',#10768,#9169,#10769,.T.);
#8415=EDGE_CURVE('',#10770,#10768,#10771,.T.);
#8416=EDGE_CURVE('',#10772,#10770,#10773,.T.);
#8417=EDGE_CURVE('',#10774,#10772,#10775,.T.);
#8418=EDGE_CURVE('',#10754,#10774,#10776,.T.);
#8419=EDGE_CURVE('',#10762,#10770,#10777,.T.);
#8420=EDGE_CURVE('',#10760,#10772,#10778,.T.);
#8421=EDGE_CURVE('',#10764,#10768,#10779,.T.);
#8422=EDGE_CURVE('',#10758,#10774,#10780,.T.);
#8423=EDGE_CURVE('',#9541,#10781,#10782,.T.);
#8424=EDGE_CURVE('',#9539,#10783,#10784,.T.);
#8425=EDGE_CURVE('',#10781,#10783,#10785,.T.);
#8426=EDGE_CURVE('',#8499,#9541,#10786,.T.);
#8427=EDGE_CURVE('',#10781,#10787,#10788,.T.);
#8428=EDGE_CURVE('',#10787,#10789,#10790,.T.);
#8429=EDGE_CURVE('',#10789,#10791,#10792,.T.);
#8430=EDGE_CURVE('',#10791,#10793,#10794,.T.);
#8431=EDGE_CURVE('',#10793,#9162,#10795,.T.);
#8432=EDGE_CURVE('',#8504,#9539,#10796,.T.);
#8433=EDGE_CURVE('',#10797,#9164,#10798,.T.);
#8434=EDGE_CURVE('',#10799,#10797,#10800,.T.);
#8435=EDGE_CURVE('',#10801,#10799,#10802,.T.);
#8436=EDGE_CURVE('',#10803,#10801,#10804,.T.);
#8437=EDGE_CURVE('',#10783,#10803,#10805,.T.);
#8438=EDGE_CURVE('',#10791,#10799,#10806,.T.);
#8439=EDGE_CURVE('',#10789,#10801,#10807,.T.);
#8440=EDGE_CURVE('',#10793,#10797,#10808,.T.);
#8441=EDGE_CURVE('',#10787,#10803,#10809,.T.);
#8442=EDGE_CURVE('',#9546,#10810,#10811,.T.);
#8443=EDGE_CURVE('',#9544,#10812,#10813,.T.);
#8444=EDGE_CURVE('',#10810,#10812,#10814,.T.);
#8445=EDGE_CURVE('',#8487,#9546,#10815,.T.);
#8446=EDGE_CURVE('',#10810,#10816,#10817,.T.);
#8447=EDGE_CURVE('',#10816,#10818,#10819,.T.);
#8448=EDGE_CURVE('',#10818,#10820,#10821,.T.);
#8449=EDGE_CURVE('',#10820,#10822,#10823,.T.);
#8450=EDGE_CURVE('',#10822,#9157,#10824,.T.);
#8451=EDGE_CURVE('',#8492,#9544,#10825,.T.);
#8452=EDGE_CURVE('',#10826,#9159,#10827,.T.);
#8453=EDGE_CURVE('',#10828,#10826,#10829,.T.);
#8454=EDGE_CURVE('',#10830,#10828,#10831,.T.);
#8455=EDGE_CURVE('',#10832,#10830,#10833,.T.);
#8456=EDGE_CURVE('',#10812,#10832,#10834,.T.);
#8457=EDGE_CURVE('',#10820,#10828,#10835,.T.);
#8458=EDGE_CURVE('',#10818,#10830,#10836,.T.);
#8459=EDGE_CURVE('',#10822,#10826,#10837,.T.);
#8460=EDGE_CURVE('',#10816,#10832,#10838,.T.);
#8461=EDGE_CURVE('',#9551,#10839,#10840,.T.);
#8462=EDGE_CURVE('',#9549,#10841,#10842,.T.);
#8463=EDGE_CURVE('',#10839,#10841,#10843,.T.);
#8464=EDGE_CURVE('',#8891,#9551,#10844,.T.);
#8465=EDGE_CURVE('',#10839,#10845,#10846,.T.);
#8466=EDGE_CURVE('',#10845,#10847,#10848,.T.);
#8467=EDGE_CURVE('',#10847,#10849,#10850,.T.);
#8468=EDGE_CURVE('',#10849,#10851,#10852,.T.);
#8469=EDGE_CURVE('',#10851,#9152,#10853,.T.);
#8470=EDGE_CURVE('',#8480,#9549,#10854,.T.);
#8471=EDGE_CURVE('',#10855,#9154,#10856,.T.);
#8472=EDGE_CURVE('',#10857,#10855,#10858,.T.);
#8473=EDGE_CURVE('',#10859,#10857,#10860,.T.);
#8474=EDGE_CURVE('',#10861,#10859,#10862,.T.);
#8475=EDGE_CURVE('',#10841,#10861,#10863,.T.);
#8476=EDGE_CURVE('',#10849,#10857,#10864,.T.);
#8477=EDGE_CURVE('',#10847,#10859,#10865,.T.);
#8478=EDGE_CURVE('',#10851,#10855,#10866,.T.);
#8479=EDGE_CURVE('',#10845,#10861,#10867,.T.);
#8480=VERTEX_POINT('',#10868);
#8481=VERTEX_POINT('',#10869);
#8482=LINE('',#10870,#10871);
#8483=VERTEX_POINT('',#10872);
#8484=LINE('',#10873,#10874);
#8485=VERTEX_POINT('',#10875);
#8486=LINE('',#10876,#10877);
#8487=VERTEX_POINT('',#10878);
#8488=LINE('',#10879,#10880);
#8489=VERTEX_POINT('',#10881);
#8490=LINE('',#10882,#10883);
#8491=LINE('',#10884,#10885);
#8492=VERTEX_POINT('',#10886);
#8493=VERTEX_POINT('',#10887);
#8494=LINE('',#10888,#10889);
#8495=VERTEX_POINT('',#10890);
#8496=LINE('',#10891,#10892);
#8497=VERTEX_POINT('',#10893);
#8498=LINE('',#10894,#10895);
#8499=VERTEX_POINT('',#10896);
#8500=LINE('',#10897,#10898);
#8501=VERTEX_POINT('',#10899);
#8502=LINE('',#10900,#10901);
#8503=LINE('',#10902,#10903);
#8504=VERTEX_POINT('',#10904);
#8505=VERTEX_POINT('',#10905);
#8506=LINE('',#10906,#10907);
#8507=VERTEX_POINT('',#10908);
#8508=LINE('',#10909,#10910);
#8509=VERTEX_POINT('',#10911);
#8510=LINE('',#10912,#10913);
#8511=VERTEX_POINT('',#10914);
#8512=LINE('',#10915,#10916);
#8513=VERTEX_POINT('',#10917);
#8514=LINE('',#10918,#10919);
#8515=LINE('',#10920,#10921);
#8516=VERTEX_POINT('',#10922);
#8517=VERTEX_POINT('',#10923);
#8518=LINE('',#10924,#10925);
#8519=VERTEX_POINT('',#10926);
#8520=LINE('',#10927,#10928);
#8521=VERTEX_POINT('',#10929);
#8522=LINE('',#10930,#10931);
#8523=VERTEX_POINT('',#10932);
#8524=LINE('',#10933,#10934);
#8525=VERTEX_POINT('',#10935);
#8526=LINE('',#10936,#10937);
#8527=LINE('',#10938,#10939);
#8528=VERTEX_POINT('',#10940);
#8529=VERTEX_POINT('',#10941);
#8530=LINE('',#10942,#10943);
#8531=VERTEX_POINT('',#10944);
#8532=LINE('',#10945,#10946);
#8533=VERTEX_POINT('',#10947);
#8534=LINE('',#10948,#10949);
#8535=VERTEX_POINT('',#10950);
#8536=LINE('',#10951,#10952);
#8537=LINE('',#10953,#10954);
#8538=VERTEX_POINT('',#10955);
#8539=VERTEX_POINT('',#10956);
#8540=LINE('',#10957,#10958);
#8541=VERTEX_POINT('',#10959);
#8542=LINE('',#10960,#10961);
#8543=VERTEX_POINT('',#10962);
#8544=LINE('',#10963,#10964);
#8545=VERTEX_POINT('',#10965);
#8546=LINE('',#10966,#10967);
#8547=VERTEX_POINT('',#10968);
#8548=LINE('',#10969,#10970);
#8549=LINE('',#10971,#10972);
#8550=VERTEX_POINT('',#10973);
#8551=VERTEX_POINT('',#10974);
#8552=LINE('',#10975,#10976);
#8553=VERTEX_POINT('',#10977);
#8554=LINE('',#10978,#10979);
#8555=VERTEX_POINT('',#10980);
#8556=LINE('',#10981,#10982);
#8557=VERTEX_POINT('',#10983);
#8558=LINE('',#10984,#10985);
#8559=VERTEX_POINT('',#10986);
#8560=LINE('',#10987,#10988);
#8561=LINE('',#10989,#10990);
#8562=VERTEX_POINT('',#10991);
#8563=VERTEX_POINT('',#10992);
#8564=LINE('',#10993,#10994);
#8565=VERTEX_POINT('',#10995);
#8566=LINE('',#10996,#10997);
#8567=VERTEX_POINT('',#10998);
#8568=LINE('',#10999,#11000);
#8569=VERTEX_POINT('',#11001);
#8570=LINE('',#11002,#11003);
#8571=VERTEX_POINT('',#11004);
#8572=LINE('',#11005,#11006);
#8573=LINE('',#11007,#11008);
#8574=VERTEX_POINT('',#11009);
#8575=VERTEX_POINT('',#11010);
#8576=LINE('',#11011,#11012);
#8577=VERTEX_POINT('',#11013);
#8578=LINE('',#11014,#11015);
#8579=VERTEX_POINT('',#11016);
#8580=LINE('',#11017,#11018);
#8581=VERTEX_POINT('',#11019);
#8582=LINE('',#11020,#11021);
#8583=VERTEX_POINT('',#11022);
#8584=LINE('',#11023,#11024);
#8585=LINE('',#11025,#11026);
#8586=VERTEX_POINT('',#11027);
#8587=VERTEX_POINT('',#11028);
#8588=LINE('',#11029,#11030);
#8589=VERTEX_POINT('',#11031);
#8590=LINE('',#11032,#11033);
#8591=VERTEX_POINT('',#11034);
#8592=LINE('',#11035,#11036);
#8593=VERTEX_POINT('',#11037);
#8594=LINE('',#11038,#11039);
#8595=LINE('',#11040,#11041);
#8596=VERTEX_POINT('',#11042);
#8597=VERTEX_POINT('',#11043);
#8598=LINE('',#11044,#11045);
#8599=VERTEX_POINT('',#11046);
#8600=LINE('',#11047,#11048);
#8601=VERTEX_POINT('',#11049);
#8602=LINE('',#11050,#11051);
#8603=LINE('',#11052,#11053);
#8604=VERTEX_POINT('',#11054);
#8605=VERTEX_POINT('',#11055);
#8606=LINE('',#11056,#11057);
#8607=VERTEX_POINT('',#11058);
#8608=LINE('',#11059,#11060);
#8609=VERTEX_POINT('',#11061);
#8610=LINE('',#11062,#11063);
#8611=LINE('',#11064,#11065);
#8612=VERTEX_POINT('',#11066);
#8613=VERTEX_POINT('',#11067);
#8614=LINE('',#11068,#11069);
#8615=VERTEX_POINT('',#11070);
#8616=LINE('',#11071,#11072);
#8617=VERTEX_POINT('',#11073);
#8618=LINE('',#11074,#11075);
#8619=LINE('',#11076,#11077);
#8620=VERTEX_POINT('',#11078);
#8621=VERTEX_POINT('',#11079);
#8622=LINE('',#11080,#11081);
#8623=VERTEX_POINT('',#11082);
#8624=LINE('',#11083,#11084);
#8625=VERTEX_POINT('',#11085);
#8626=LINE('',#11086,#11087);
#8627=LINE('',#11088,#11089);
#8628=VERTEX_POINT('',#11090);
#8629=VERTEX_POINT('',#11091);
#8630=LINE('',#11092,#11093);
#8631=VERTEX_POINT('',#11094);
#8632=LINE('',#11095,#11096);
#8633=VERTEX_POINT('',#11097);
#8634=LINE('',#11098,#11099);
#8635=LINE('',#11100,#11101);
#8636=VERTEX_POINT('',#11102);
#8637=LINE('',#11103,#11104);
#8638=VERTEX_POINT('',#11105);
#8639=LINE('',#11106,#11107);
#8640=LINE('',#11108,#11109);
#8641=VERTEX_POINT('',#11110);
#8642=LINE('',#11111,#11112);
#8643=VERTEX_POINT('',#11113);
#8644=LINE('',#11114,#11115);
#8645=LINE('',#11116,#11117);
#8646=VERTEX_POINT('',#11118);
#8647=LINE('',#11119,#11120);
#8648=VERTEX_POINT('',#11121);
#8649=LINE('',#11122,#11123);
#8650=LINE('',#11124,#11125);
#8651=VERTEX_POINT('',#11126);
#8652=LINE('',#11127,#11128);
#8653=VERTEX_POINT('',#11129);
#8654=LINE('',#11130,#11131);
#8655=LINE('',#11132,#11133);
#8656=VERTEX_POINT('',#11134);
#8657=LINE('',#11135,#11136);
#8658=VERTEX_POINT('',#11137);
#8659=LINE('',#11138,#11139);
#8660=LINE('',#11140,#11141);
#8661=VERTEX_POINT('',#11142);
#8662=LINE('',#11143,#11144);
#8663=VERTEX_POINT('',#11145);
#8664=LINE('',#11146,#11147);
#8665=LINE('',#11148,#11149);
#8666=VERTEX_POINT('',#11150);
#8667=LINE('',#11151,#11152);
#8668=VERTEX_POINT('',#11153);
#8669=LINE('',#11154,#11155);
#8670=LINE('',#11156,#11157);
#8671=VERTEX_POINT('',#11158);
#8672=LINE('',#11159,#11160);
#8673=VERTEX_POINT('',#11161);
#8674=LINE('',#11162,#11163);
#8675=LINE('',#11164,#11165);
#8676=VERTEX_POINT('',#11166);
#8677=LINE('',#11167,#11168);
#8678=VERTEX_POINT('',#11169);
#8679=LINE('',#11170,#11171);
#8680=LINE('',#11172,#11173);
#8681=VERTEX_POINT('',#11174);
#8682=LINE('',#11175,#11176);
#8683=VERTEX_POINT('',#11177);
#8684=LINE('',#11178,#11179);
#8685=LINE('',#11180,#11181);
#8686=VERTEX_POINT('',#11182);
#8687=VERTEX_POINT('',#11183);
#8688=LINE('',#11184,#11185);
#8689=VERTEX_POINT('',#11186);
#8690=LINE('',#11187,#11188);
#8691=VERTEX_POINT('',#11189);
#8692=LINE('',#11190,#11191);
#8693=LINE('',#11192,#11193);
#8694=VERTEX_POINT('',#11194);
#8695=VERTEX_POINT('',#11195);
#8696=LINE('',#11196,#11197);
#8697=VERTEX_POINT('',#11198);
#8698=LINE('',#11199,#11200);
#8699=VERTEX_POINT('',#11201);
#8700=LINE('',#11202,#11203);
#8701=LINE('',#11204,#11205);
#8702=VERTEX_POINT('',#11206);
#8703=VERTEX_POINT('',#11207);
#8704=LINE('',#11208,#11209);
#8705=VERTEX_POINT('',#11210);
#8706=LINE('',#11211,#11212);
#8707=VERTEX_POINT('',#11213);
#8708=LINE('',#11214,#11215);
#8709=LINE('',#11216,#11217);
#8710=VERTEX_POINT('',#11218);
#8711=VERTEX_POINT('',#11219);
#8712=LINE('',#11220,#11221);
#8713=VERTEX_POINT('',#11222);
#8714=LINE('',#11223,#11224);
#8715=VERTEX_POINT('',#11225);
#8716=LINE('',#11226,#11227);
#8717=LINE('',#11228,#11229);
#8718=VERTEX_POINT('',#11230);
#8719=VERTEX_POINT('',#11231);
#8720=LINE('',#11232,#11233);
#8721=VERTEX_POINT('',#11234);
#8722=LINE('',#11235,#11236);
#8723=VERTEX_POINT('',#11237);
#8724=LINE('',#11238,#11239);
#8725=LINE('',#11240,#11241);
#8726=VERTEX_POINT('',#11242);
#8727=LINE('',#11243,#11244);
#8728=VERTEX_POINT('',#11245);
#8729=LINE('',#11246,#11247);
#8730=LINE('',#11248,#11249);
#8731=VERTEX_POINT('',#11250);
#8732=LINE('',#11251,#11252);
#8733=VERTEX_POINT('',#11253);
#8734=LINE('',#11254,#11255);
#8735=LINE('',#11256,#11257);
#8736=VERTEX_POINT('',#11258);
#8737=LINE('',#11259,#11260);
#8738=VERTEX_POINT('',#11261);
#8739=LINE('',#11262,#11263);
#8740=LINE('',#11264,#11265);
#8741=VERTEX_POINT('',#11266);
#8742=LINE('',#11267,#11268);
#8743=VERTEX_POINT('',#11269);
#8744=LINE('',#11270,#11271);
#8745=LINE('',#11272,#11273);
#8746=VERTEX_POINT('',#11274);
#8747=LINE('',#11275,#11276);
#8748=VERTEX_POINT('',#11277);
#8749=LINE('',#11278,#11279);
#8750=LINE('',#11280,#11281);
#8751=VERTEX_POINT('',#11282);
#8752=VERTEX_POINT('',#11283);
#8753=CIRCLE('',#11284,0.045);
#8754=VERTEX_POINT('',#11285);
#8755=LINE('',#11286,#11287);
#8756=VERTEX_POINT('',#11288);
#8757=LINE('',#11289,#11290);
#8758=LINE('',#11291,#11292);
#8759=VERTEX_POINT('',#11293);
#8760=LINE('',#11294,#11295);
#8761=LINE('',#11296,#11297);
#8762=VERTEX_POINT('',#11298);
#8763=LINE('',#11299,#11300);
#8764=VERTEX_POINT('',#11301);
#8765=LINE('',#11302,#11303);
#8766=LINE('',#11304,#11305);
#8767=VERTEX_POINT('',#11306);
#8768=LINE('',#11307,#11308);
#8769=VERTEX_POINT('',#11309);
#8770=LINE('',#11310,#11311);
#8771=LINE('',#11312,#11313);
#8772=VERTEX_POINT('',#11314);
#8773=LINE('',#11315,#11316);
#8774=VERTEX_POINT('',#11317);
#8775=LINE('',#11318,#11319);
#8776=VERTEX_POINT('',#11320);
#8777=LINE('',#11321,#11322);
#8778=LINE('',#11323,#11324);
#8779=VERTEX_POINT('',#11325);
#8780=VERTEX_POINT('',#11326);
#8781=LINE('',#11327,#11328);
#8782=VERTEX_POINT('',#11329);
#8783=LINE('',#11330,#11331);
#8784=VERTEX_POINT('',#11332);
#8785=LINE('',#11333,#11334);
#8786=LINE('',#11335,#11336);
#8787=VERTEX_POINT('',#11337);
#8788=VERTEX_POINT('',#11338);
#8789=LINE('',#11339,#11340);
#8790=VERTEX_POINT('',#11341);
#8791=LINE('',#11342,#11343);
#8792=VERTEX_POINT('',#11344);
#8793=LINE('',#11345,#11346);
#8794=LINE('',#11347,#11348);
#8795=VERTEX_POINT('',#11349);
#8796=VERTEX_POINT('',#11350);
#8797=LINE('',#11351,#11352);
#8798=VERTEX_POINT('',#11353);
#8799=LINE('',#11354,#11355);
#8800=VERTEX_POINT('',#11356);
#8801=LINE('',#11357,#11358);
#8802=LINE('',#11359,#11360);
#8803=VERTEX_POINT('',#11361);
#8804=VERTEX_POINT('',#11362);
#8805=LINE('',#11363,#11364);
#8806=VERTEX_POINT('',#11365);
#8807=LINE('',#11366,#11367);
#8808=VERTEX_POINT('',#11368);
#8809=LINE('',#11369,#11370);
#8810=LINE('',#11371,#11372);
#8811=VERTEX_POINT('',#11373);
#8812=VERTEX_POINT('',#11374);
#8813=LINE('',#11375,#11376);
#8814=VERTEX_POINT('',#11377);
#8815=LINE('',#11378,#11379);
#8816=VERTEX_POINT('',#11380);
#8817=LINE('',#11381,#11382);
#8818=LINE('',#11383,#11384);
#8819=VERTEX_POINT('',#11385);
#8820=LINE('',#11386,#11387);
#8821=VERTEX_POINT('',#11388);
#8822=LINE('',#11389,#11390);
#8823=LINE('',#11391,#11392);
#8824=VERTEX_POINT('',#11393);
#8825=LINE('',#11394,#11395);
#8826=VERTEX_POINT('',#11396);
#8827=LINE('',#11397,#11398);
#8828=LINE('',#11399,#11400);
#8829=VERTEX_POINT('',#11401);
#8830=LINE('',#11402,#11403);
#8831=VERTEX_POINT('',#11404);
#8832=LINE('',#11405,#11406);
#8833=LINE('',#11407,#11408);
#8834=VERTEX_POINT('',#11409);
#8835=LINE('',#11410,#11411);
#8836=VERTEX_POINT('',#11412);
#8837=LINE('',#11413,#11414);
#8838=LINE('',#11415,#11416);
#8839=VERTEX_POINT('',#11417);
#8840=LINE('',#11418,#11419);
#8841=VERTEX_POINT('',#11420);
#8842=LINE('',#11421,#11422);
#8843=LINE('',#11423,#11424);
#8844=VERTEX_POINT('',#11425);
#8845=VERTEX_POINT('',#11426);
#8846=LINE('',#11427,#11428);
#8847=VERTEX_POINT('',#11429);
#8848=LINE('',#11430,#11431);
#8849=VERTEX_POINT('',#11432);
#8850=LINE('',#11433,#11434);
#8851=LINE('',#11435,#11436);
#8852=VERTEX_POINT('',#11437);
#8853=VERTEX_POINT('',#11438);
#8854=LINE('',#11439,#11440);
#8855=VERTEX_POINT('',#11441);
#8856=LINE('',#11442,#11443);
#8857=VERTEX_POINT('',#11444);
#8858=CIRCLE('',#11445,0.045);
#8859=LINE('',#11446,#11447);
#8860=VERTEX_POINT('',#11448);
#8861=LINE('',#11449,#11450);
#8862=LINE('',#11451,#11452);
#8863=VERTEX_POINT('',#11453);
#8864=LINE('',#11454,#11455);
#8865=VERTEX_POINT('',#11456);
#8866=LINE('',#11457,#11458);
#8867=VERTEX_POINT('',#11459);
#8868=LINE('',#11460,#11461);
#8869=LINE('',#11462,#11463);
#8870=VERTEX_POINT('',#11464);
#8871=LINE('',#11465,#11466);
#8872=VERTEX_POINT('',#11467);
#8873=LINE('',#11468,#11469);
#8874=LINE('',#11470,#11471);
#8875=VERTEX_POINT('',#11472);
#8876=LINE('',#11473,#11474);
#8877=VERTEX_POINT('',#11475);
#8878=LINE('',#11476,#11477);
#8879=LINE('',#11478,#11479);
#8880=VERTEX_POINT('',#11480);
#8881=VERTEX_POINT('',#11481);
#8882=LINE('',#11482,#11483);
#8883=VERTEX_POINT('',#11484);
#8884=LINE('',#11485,#11486);
#8885=VERTEX_POINT('',#11487);
#8886=LINE('',#11488,#11489);
#8887=LINE('',#11490,#11491);
#8888=VERTEX_POINT('',#11492);
#8889=VERTEX_POINT('',#11493);
#8890=LINE('',#11494,#11495);
#8891=VERTEX_POINT('',#11496);
#8892=LINE('',#11497,#11498);
#8893=VERTEX_POINT('',#11499);
#8894=LINE('',#11500,#11501);
#8895=VERTEX_POINT('',#11502);
#8896=LINE('',#11503,#11504);
#8897=VERTEX_POINT('',#11505);
#8898=LINE('',#11506,#11507);
#8899=LINE('',#11508,#11509);
#8900=VERTEX_POINT('',#11510);
#8901=VERTEX_POINT('',#11511);
#8902=LINE('',#11512,#11513);
#8903=VERTEX_POINT('',#11514);
#8904=LINE('',#11515,#11516);
#8905=VERTEX_POINT('',#11517);
#8906=LINE('',#11518,#11519);
#8907=VERTEX_POINT('',#11520);
#8908=LINE('',#11521,#11522);
#8909=VERTEX_POINT('',#11523);
#8910=LINE('',#11524,#11525);
#8911=LINE('',#11526,#11527);
#8912=VERTEX_POINT('',#11528);
#8913=LINE('',#11529,#11530);
#8914=VERTEX_POINT('',#11531);
#8915=LINE('',#11532,#11533);
#8916=LINE('',#11534,#11535);
#8917=VERTEX_POINT('',#11536);
#8918=VERTEX_POINT('',#11537);
#8919=LINE('',#11538,#11539);
#8920=LINE('',#11540,#11541);
#8921=LINE('',#11542,#11543);
#8922=VERTEX_POINT('',#11544);
#8923=VERTEX_POINT('',#11545);
#8924=LINE('',#11546,#11547);
#8925=VERTEX_POINT('',#11548);
#8926=LINE('',#11549,#11550);
#8927=VERTEX_POINT('',#11551);
#8928=LINE('',#11552,#11553);
#8929=LINE('',#11554,#11555);
#8930=VERTEX_POINT('',#11556);
#8931=LINE('',#11557,#11558);
#8932=VERTEX_POINT('',#11559);
#8933=LINE('',#11560,#11561);
#8934=LINE('',#11562,#11563);
#8935=VERTEX_POINT('',#11564);
#8936=VERTEX_POINT('',#11565);
#8937=LINE('',#11566,#11567);
#8938=VERTEX_POINT('',#11568);
#8939=LINE('',#11569,#11570);
#8940=VERTEX_POINT('',#11571);
#8941=LINE('',#11572,#11573);
#8942=LINE('',#11574,#11575);
#8943=VERTEX_POINT('',#11576);
#8944=VERTEX_POINT('',#11577);
#8945=LINE('',#11578,#11579);
#8946=VERTEX_POINT('',#11580);
#8947=LINE('',#11581,#11582);
#8948=VERTEX_POINT('',#11583);
#8949=LINE('',#11584,#11585);
#8950=LINE('',#11586,#11587);
#8951=VERTEX_POINT('',#11588);
#8952=LINE('',#11589,#11590);
#8953=VERTEX_POINT('',#11591);
#8954=LINE('',#11592,#11593);
#8955=LINE('',#11594,#11595);
#8956=VERTEX_POINT('',#11596);
#8957=VERTEX_POINT('',#11597);
#8958=CIRCLE('',#11598,0.045);
#8959=VERTEX_POINT('',#11599);
#8960=LINE('',#11600,#11601);
#8961=VERTEX_POINT('',#11602);
#8962=CIRCLE('',#11603,0.045);
#8963=CIRCLE('',#11604,0.045);
#8964=CIRCLE('',#11605,0.045);
#8965=CIRCLE('',#11606,0.045);
#8966=VERTEX_POINT('',#11607);
#8967=CIRCLE('',#11608,0.045);
#8968=VERTEX_POINT('',#11609);
#8969=CIRCLE('',#11610,0.045);
#8970=LINE('',#11611,#11612);
#8971=VERTEX_POINT('',#11613);
#8972=CIRCLE('',#11614,0.045);
#8973=VERTEX_POINT('',#11615);
#8974=CIRCLE('',#11616,0.045);
#8975=VERTEX_POINT('',#11617);
#8976=CIRCLE('',#11618,0.045);
#8977=VERTEX_POINT('',#11619);
#8978=LINE('',#11620,#11621);
#8979=CIRCLE('',#11622,0.045);
#8980=VERTEX_POINT('',#11623);
#8981=LINE('',#11624,#11625);
#8982=VERTEX_POINT('',#11626);
#8983=CIRCLE('',#11627,0.045);
#8984=CIRCLE('',#11628,0.045);
#8985=CIRCLE('',#11629,0.045);
#8986=VERTEX_POINT('',#11630);
#8987=VERTEX_POINT('',#11631);
#8988=LINE('',#11632,#11633);
#8989=VERTEX_POINT('',#11634);
#8990=CIRCLE('',#11635,0.09);
#8991=VERTEX_POINT('',#11636);
#8992=LINE('',#11637,#11638);
#8993=CIRCLE('',#11639,0.09);
#8994=VERTEX_POINT('',#11640);
#8995=VERTEX_POINT('',#11641);
#8996=LINE('',#11642,#11643);
#8997=VERTEX_POINT('',#11644);
#8998=CIRCLE('',#11645,0.09);
#8999=VERTEX_POINT('',#11646);
#9000=LINE('',#11647,#11648);
#9001=CIRCLE('',#11649,0.09);
#9002=VERTEX_POINT('',#11650);
#9003=VERTEX_POINT('',#11651);
#9004=LINE('',#11652,#11653);
#9005=VERTEX_POINT('',#11654);
#9006=CIRCLE('',#11655,0.09);
#9007=VERTEX_POINT('',#11656);
#9008=LINE('',#11657,#11658);
#9009=CIRCLE('',#11659,0.09);
#9010=VERTEX_POINT('',#11660);
#9011=VERTEX_POINT('',#11661);
#9012=LINE('',#11662,#11663);
#9013=VERTEX_POINT('',#11664);
#9014=CIRCLE('',#11665,0.09);
#9015=VERTEX_POINT('',#11666);
#9016=LINE('',#11667,#11668);
#9017=CIRCLE('',#11669,0.09);
#9018=VERTEX_POINT('',#11670);
#9019=VERTEX_POINT('',#11671);
#9020=LINE('',#11672,#11673);
#9021=VERTEX_POINT('',#11674);
#9022=CIRCLE('',#11675,0.09);
#9023=VERTEX_POINT('',#11676);
#9024=LINE('',#11677,#11678);
#9025=CIRCLE('',#11679,0.09);
#9026=VERTEX_POINT('',#11680);
#9027=VERTEX_POINT('',#11681);
#9028=LINE('',#11682,#11683);
#9029=VERTEX_POINT('',#11684);
#9030=CIRCLE('',#11685,0.09);
#9031=VERTEX_POINT('',#11686);
#9032=LINE('',#11687,#11688);
#9033=VERTEX_POINT('',#11689);
#9034=CIRCLE('',#11690,0.09);
#9035=VERTEX_POINT('',#11691);
#9036=LINE('',#11692,#11693);
#9037=CIRCLE('',#11694,0.09);
#9038=VERTEX_POINT('',#11695);
#9039=VERTEX_POINT('',#11696);
#9040=LINE('',#11697,#11698);
#9041=VERTEX_POINT('',#11699);
#9042=CIRCLE('',#11700,0.09);
#9043=VERTEX_POINT('',#11701);
#9044=LINE('',#11702,#11703);
#9045=CIRCLE('',#11704,0.09);
#9046=VERTEX_POINT('',#11705);
#9047=VERTEX_POINT('',#11706);
#9048=CIRCLE('',#11707,0.09);
#9049=VERTEX_POINT('',#11708);
#9050=LINE('',#11709,#11710);
#9051=VERTEX_POINT('',#11711);
#9052=CIRCLE('',#11712,0.09);
#9053=LINE('',#11713,#11714);
#9054=VERTEX_POINT('',#11715);
#9055=VERTEX_POINT('',#11716);
#9056=CIRCLE('',#11717,0.09);
#9057=VERTEX_POINT('',#11718);
#9058=LINE('',#11719,#11720);
#9059=VERTEX_POINT('',#11721);
#9060=CIRCLE('',#11722,0.09);
#9061=LINE('',#11723,#11724);
#9062=VERTEX_POINT('',#11725);
#9063=VERTEX_POINT('',#11726);
#9064=CIRCLE('',#11727,0.09);
#9065=VERTEX_POINT('',#11728);
#9066=LINE('',#11729,#11730);
#9067=VERTEX_POINT('',#11731);
#9068=CIRCLE('',#11732,0.09);
#9069=LINE('',#11733,#11734);
#9070=VERTEX_POINT('',#11735);
#9071=VERTEX_POINT('',#11736);
#9072=CIRCLE('',#11737,0.09);
#9073=VERTEX_POINT('',#11738);
#9074=LINE('',#11739,#11740);
#9075=VERTEX_POINT('',#11741);
#9076=CIRCLE('',#11742,0.09);
#9077=LINE('',#11743,#11744);
#9078=VERTEX_POINT('',#11745);
#9079=VERTEX_POINT('',#11746);
#9080=CIRCLE('',#11747,0.09);
#9081=VERTEX_POINT('',#11748);
#9082=LINE('',#11749,#11750);
#9083=VERTEX_POINT('',#11751);
#9084=CIRCLE('',#11752,0.09);
#9085=LINE('',#11753,#11754);
#9086=VERTEX_POINT('',#11755);
#9087=VERTEX_POINT('',#11756);
#9088=CIRCLE('',#11757,0.09);
#9089=VERTEX_POINT('',#11758);
#9090=LINE('',#11759,#11760);
#9091=VERTEX_POINT('',#11761);
#9092=CIRCLE('',#11762,0.09);
#9093=LINE('',#11763,#11764);
#9094=VERTEX_POINT('',#11765);
#9095=VERTEX_POINT('',#11766);
#9096=LINE('',#11767,#11768);
#9097=VERTEX_POINT('',#11769);
#9098=CIRCLE('',#11770,0.09);
#9099=VERTEX_POINT('',#11771);
#9100=LINE('',#11772,#11773);
#9101=VERTEX_POINT('',#11774);
#9102=CIRCLE('',#11775,0.09);
#9103=VERTEX_POINT('',#11776);
#9104=LINE('',#11777,#11778);
#9105=CIRCLE('',#11779,0.09);
#9106=VERTEX_POINT('',#11780);
#9107=VERTEX_POINT('',#11781);
#9108=CIRCLE('',#11782,0.045);
#9109=VERTEX_POINT('',#11783);
#9110=LINE('',#11784,#11785);
#9111=CIRCLE('',#11786,0.045);
#9112=CIRCLE('',#11787,0.045);
#9113=VERTEX_POINT('',#11788);
#9114=CIRCLE('',#11789,0.045);
#9115=VERTEX_POINT('',#11790);
#9116=CIRCLE('',#11791,0.045);
#9117=VERTEX_POINT('',#11792);
#9118=LINE('',#11793,#11794);
#9119=CIRCLE('',#11795,0.045);
#9120=VERTEX_POINT('',#11796);
#9121=VERTEX_POINT('',#11797);
#9122=LINE('',#11798,#11799);
#9123=VERTEX_POINT('',#11800);
#9124=LINE('',#11801,#11802);
#9125=VERTEX_POINT('',#11803);
#9126=LINE('',#11804,#11805);
#9127=VERTEX_POINT('',#11806);
#9128=LINE('',#11807,#11808);
#9129=VERTEX_POINT('',#11809);
#9130=LINE('',#11810,#11811);
#9131=VERTEX_POINT('',#11812);
#9132=LINE('',#11813,#11814);
#9133=VERTEX_POINT('',#11815);
#9134=LINE('',#11816,#11817);
#9135=VERTEX_POINT('',#11818);
#9136=LINE('',#11819,#11820);
#9137=VERTEX_POINT('',#11821);
#9138=LINE('',#11822,#11823);
#9139=VERTEX_POINT('',#11824);
#9140=LINE('',#11825,#11826);
#9141=VERTEX_POINT('',#11827);
#9142=LINE('',#11828,#11829);
#9143=VERTEX_POINT('',#11830);
#9144=LINE('',#11831,#11832);
#9145=VERTEX_POINT('',#11833);
#9146=LINE('',#11834,#11835);
#9147=VERTEX_POINT('',#11836);
#9148=LINE('',#11837,#11838);
#9149=VERTEX_POINT('',#11839);
#9150=LINE('',#11840,#11841);
#9151=LINE('',#11842,#11843);
#9152=VERTEX_POINT('',#11844);
#9153=LINE('',#11845,#11846);
#9154=VERTEX_POINT('',#11847);
#9155=LINE('',#11848,#11849);
#9156=LINE('',#11850,#11851);
#9157=VERTEX_POINT('',#11852);
#9158=LINE('',#11853,#11854);
#9159=VERTEX_POINT('',#11855);
#9160=LINE('',#11856,#11857);
#9161=LINE('',#11858,#11859);
#9162=VERTEX_POINT('',#11860);
#9163=LINE('',#11861,#11862);
#9164=VERTEX_POINT('',#11863);
#9165=LINE('',#11864,#11865);
#9166=LINE('',#11866,#11867);
#9167=VERTEX_POINT('',#11868);
#9168=LINE('',#11869,#11870);
#9169=VERTEX_POINT('',#11871);
#9170=LINE('',#11872,#11873);
#9171=LINE('',#11874,#11875);
#9172=VERTEX_POINT('',#11876);
#9173=LINE('',#11877,#11878);
#9174=VERTEX_POINT('',#11879);
#9175=LINE('',#11880,#11881);
#9176=LINE('',#11882,#11883);
#9177=VERTEX_POINT('',#11884);
#9178=LINE('',#11885,#11886);
#9179=VERTEX_POINT('',#11887);
#9180=LINE('',#11888,#11889);
#9181=VERTEX_POINT('',#11890);
#9182=LINE('',#11891,#11892);
#9183=VERTEX_POINT('',#11893);
#9184=LINE('',#11894,#11895);
#9185=VERTEX_POINT('',#11896);
#9186=LINE('',#11897,#11898);
#9187=VERTEX_POINT('',#11899);
#9188=LINE('',#11900,#11901);
#9189=VERTEX_POINT('',#11902);
#9190=CIRCLE('',#11903,0.05);
#9191=VERTEX_POINT('',#11904);
#9192=LINE('',#11905,#11906);
#9193=VERTEX_POINT('',#11907);
#9194=LINE('',#11908,#11909);
#9195=VERTEX_POINT('',#11910);
#9196=CIRCLE('',#11911,0.25);
#9197=VERTEX_POINT('',#11912);
#9198=LINE('',#11913,#11914);
#9199=VERTEX_POINT('',#11915);
#9200=CIRCLE('',#11916,0.25);
#9201=VERTEX_POINT('',#11917);
#9202=LINE('',#11918,#11919);
#9203=VERTEX_POINT('',#11920);
#9204=LINE('',#11921,#11922);
#9205=VERTEX_POINT('',#11923);
#9206=CIRCLE('',#11924,0.05);
#9207=VERTEX_POINT('',#11925);
#9208=LINE('',#11926,#11927);
#9209=VERTEX_POINT('',#11928);
#9210=LINE('',#11929,#11930);
#9211=VERTEX_POINT('',#11931);
#9212=LINE('',#11932,#11933);
#9213=VERTEX_POINT('',#11934);
#9214=LINE('',#11935,#11936);
#9215=VERTEX_POINT('',#11937);
#9216=LINE('',#11938,#11939);
#9217=LINE('',#11940,#11941);
#9218=VERTEX_POINT('',#11942);
#9219=LINE('',#11943,#11944);
#9220=VERTEX_POINT('',#11945);
#9221=LINE('',#11946,#11947);
#9222=LINE('',#11948,#11949);
#9223=VERTEX_POINT('',#11950);
#9224=LINE('',#11951,#11952);
#9225=VERTEX_POINT('',#11953);
#9226=LINE('',#11954,#11955);
#9227=LINE('',#11956,#11957);
#9228=VERTEX_POINT('',#11958);
#9229=LINE('',#11959,#11960);
#9230=VERTEX_POINT('',#11961);
#9231=LINE('',#11962,#11963);
#9232=LINE('',#11964,#11965);
#9233=VERTEX_POINT('',#11966);
#9234=LINE('',#11967,#11968);
#9235=VERTEX_POINT('',#11969);
#9236=LINE('',#11970,#11971);
#9237=LINE('',#11972,#11973);
#9238=VERTEX_POINT('',#11974);
#9239=LINE('',#11975,#11976);
#9240=VERTEX_POINT('',#11977);
#9241=LINE('',#11978,#11979);
#9242=LINE('',#11980,#11981);
#9243=VERTEX_POINT('',#11982);
#9244=LINE('',#11983,#11984);
#9245=VERTEX_POINT('',#11985);
#9246=LINE('',#11986,#11987);
#9247=VERTEX_POINT('',#11988);
#9248=LINE('',#11989,#11990);
#9249=VERTEX_POINT('',#11991);
#9250=LINE('',#11992,#11993);
#9251=VERTEX_POINT('',#11994);
#9252=LINE('',#11995,#11996);
#9253=VERTEX_POINT('',#11997);
#9254=LINE('',#11998,#11999);
#9255=VERTEX_POINT('',#12000);
#9256=LINE('',#12001,#12002);
#9257=VERTEX_POINT('',#12003);
#9258=LINE('',#12004,#12005);
#9259=VERTEX_POINT('',#12006);
#9260=LINE('',#12007,#12008);
#9261=VERTEX_POINT('',#12009);
#9262=LINE('',#12010,#12011);
#9263=VERTEX_POINT('',#12012);
#9264=CIRCLE('',#12013,0.05);
#9265=VERTEX_POINT('',#12014);
#9266=LINE('',#12015,#12016);
#9267=VERTEX_POINT('',#12017);
#9268=LINE('',#12018,#12019);
#9269=VERTEX_POINT('',#12020);
#9270=CIRCLE('',#12021,0.25);
#9271=VERTEX_POINT('',#12022);
#9272=LINE('',#12023,#12024);
#9273=VERTEX_POINT('',#12025);
#9274=CIRCLE('',#12026,0.25);
#9275=VERTEX_POINT('',#12027);
#9276=LINE('',#12028,#12029);
#9277=VERTEX_POINT('',#12030);
#9278=LINE('',#12031,#12032);
#9279=VERTEX_POINT('',#12033);
#9280=CIRCLE('',#12034,0.05);
#9281=VERTEX_POINT('',#12035);
#9282=LINE('',#12036,#12037);
#9283=VERTEX_POINT('',#12038);
#9284=LINE('',#12039,#12040);
#9285=VERTEX_POINT('',#12041);
#9286=LINE('',#12042,#12043);
#9287=VERTEX_POINT('',#12044);
#9288=LINE('',#12045,#12046);
#9289=VERTEX_POINT('',#12047);
#9290=LINE('',#12048,#12049);
#9291=VERTEX_POINT('',#12050);
#9292=LINE('',#12051,#12052);
#9293=VERTEX_POINT('',#12053);
#9294=LINE('',#12054,#12055);
#9295=VERTEX_POINT('',#12056);
#9296=LINE('',#12057,#12058);
#9297=VERTEX_POINT('',#12059);
#9298=LINE('',#12060,#12061);
#9299=LINE('',#12062,#12063);
#9300=VERTEX_POINT('',#12064);
#9301=VERTEX_POINT('',#12065);
#9302=LINE('',#12066,#12067);
#9303=VERTEX_POINT('',#12068);
#9304=LINE('',#12069,#12070);
#9305=VERTEX_POINT('',#12071);
#9306=LINE('',#12072,#12073);
#9307=VERTEX_POINT('',#12074);
#9308=LINE('',#12075,#12076);
#9309=VERTEX_POINT('',#12077);
#9310=LINE('',#12078,#12079);
#9311=VERTEX_POINT('',#12080);
#9312=LINE('',#12081,#12082);
#9313=VERTEX_POINT('',#12083);
#9314=LINE('',#12084,#12085);
#9315=LINE('',#12086,#12087);
#9316=VERTEX_POINT('',#12088);
#9317=LINE('',#12089,#12090);
#9318=LINE('',#12091,#12092);
#9319=VERTEX_POINT('',#12093);
#9320=LINE('',#12094,#12095);
#9321=VERTEX_POINT('',#12096);
#9322=LINE('',#12097,#12098);
#9323=VERTEX_POINT('',#12099);
#9324=LINE('',#12100,#12101);
#9325=LINE('',#12102,#12103);
#9326=VERTEX_POINT('',#12104);
#9327=LINE('',#12105,#12106);
#9328=LINE('',#12107,#12108);
#9329=VERTEX_POINT('',#12109);
#9330=LINE('',#12110,#12111);
#9331=VERTEX_POINT('',#12112);
#9332=LINE('',#12113,#12114);
#9333=VERTEX_POINT('',#12115);
#9334=LINE('',#12116,#12117);
#9335=LINE('',#12118,#12119);
#9336=VERTEX_POINT('',#12120);
#9337=VERTEX_POINT('',#12121);
#9338=LINE('',#12122,#12123);
#9339=LINE('',#12124,#12125);
#9340=VERTEX_POINT('',#12126);
#9341=LINE('',#12127,#12128);
#9342=VERTEX_POINT('',#12129);
#9343=LINE('',#12130,#12131);
#9344=LINE('',#12132,#12133);
#9345=LINE('',#12134,#12135);
#9346=VERTEX_POINT('',#12136);
#9347=LINE('',#12137,#12138);
#9348=LINE('',#12139,#12140);
#9349=VERTEX_POINT('',#12141);
#9350=LINE('',#12142,#12143);
#9351=VERTEX_POINT('',#12144);
#9352=CIRCLE('',#12145,0.0299999999999998);
#9353=LINE('',#12146,#12147);
#9354=VERTEX_POINT('',#12148);
#9355=LINE('',#12149,#12150);
#9356=VERTEX_POINT('',#12151);
#9357=CIRCLE('',#12152,0.0299999999999998);
#9358=LINE('',#12153,#12154);
#9359=VERTEX_POINT('',#12155);
#9360=VERTEX_POINT('',#12156);
#9361=LINE('',#12157,#12158);
#9362=VERTEX_POINT('',#12159);
#9363=LINE('',#12160,#12161);
#9364=VERTEX_POINT('',#12162);
#9365=LINE('',#12163,#12164);
#9366=VERTEX_POINT('',#12165);
#9367=LINE('',#12166,#12167);
#9368=LINE('',#12168,#12169);
#9369=VERTEX_POINT('',#12170);
#9370=VERTEX_POINT('',#12171);
#9371=LINE('',#12172,#12173);
#9372=CIRCLE('',#12174,0.09);
#9373=VERTEX_POINT('',#12175);
#9374=CIRCLE('',#12176,0.09);
#9375=VERTEX_POINT('',#12177);
#9376=LINE('',#12178,#12179);
#9377=LINE('',#12180,#12181);
#9378=VERTEX_POINT('',#12182);
#9379=VERTEX_POINT('',#12183);
#9380=LINE('',#12184,#12185);
#9381=LINE('',#12186,#12187);
#9382=VERTEX_POINT('',#12188);
#9383=LINE('',#12189,#12190);
#9384=VERTEX_POINT('',#12191);
#9385=LINE('',#12192,#12193);
#9386=LINE('',#12194,#12195);
#9387=VERTEX_POINT('',#12196);
#9388=VERTEX_POINT('',#12197);
#9389=LINE('',#12198,#12199);
#9390=LINE('',#12200,#12201);
#9391=LINE('',#12202,#12203);
#9392=VERTEX_POINT('',#12204);
#9393=LINE('',#12205,#12206);
#9394=VERTEX_POINT('',#12207);
#9395=CIRCLE('',#12208,0.25);
#9396=VERTEX_POINT('',#12209);
#9397=LINE('',#12210,#12211);
#9398=VERTEX_POINT('',#12212);
#9399=CIRCLE('',#12213,0.25);
#9400=LINE('',#12214,#12215);
#9401=VERTEX_POINT('',#12216);
#9402=VERTEX_POINT('',#12217);
#9403=LINE('',#12218,#12219);
#9404=LINE('',#12220,#12221);
#9405=LINE('',#12222,#12223);
#9406=LINE('',#12224,#12225);
#9407=VERTEX_POINT('',#12226);
#9408=LINE('',#12227,#12228);
#9409=VERTEX_POINT('',#12229);
#9410=LINE('',#12230,#12231);
#9411=LINE('',#12232,#12233);
#9412=VERTEX_POINT('',#12234);
#9413=LINE('',#12235,#12236);
#9414=VERTEX_POINT('',#12237);
#9415=LINE('',#12238,#12239);
#9416=LINE('',#12240,#12241);
#9417=VERTEX_POINT('',#12242);
#9418=LINE('',#12243,#12244);
#9419=VERTEX_POINT('',#12245);
#9420=LINE('',#12246,#12247);
#9421=LINE('',#12248,#12249);
#9422=VERTEX_POINT('',#12250);
#9423=LINE('',#12251,#12252);
#9424=VERTEX_POINT('',#12253);
#9425=LINE('',#12254,#12255);
#9426=LINE('',#12256,#12257);
#9427=VERTEX_POINT('',#12258);
#9428=LINE('',#12259,#12260);
#9429=VERTEX_POINT('',#12261);
#9430=LINE('',#12262,#12263);
#9431=LINE('',#12264,#12265);
#9432=VERTEX_POINT('',#12266);
#9433=LINE('',#12267,#12268);
#9434=VERTEX_POINT('',#12269);
#9435=LINE('',#12270,#12271);
#9436=VERTEX_POINT('',#12272);
#9437=LINE('',#12273,#12274);
#9438=LINE('',#12275,#12276);
#9439=VERTEX_POINT('',#12277);
#9440=LINE('',#12278,#12279);
#9441=VERTEX_POINT('',#12280);
#9442=LINE('',#12281,#12282);
#9443=VERTEX_POINT('',#12283);
#9444=LINE('',#12284,#12285);
#9445=VERTEX_POINT('',#12286);
#9446=LINE('',#12287,#12288);
#9447=VERTEX_POINT('',#12289);
#9448=LINE('',#12290,#12291);
#9449=VERTEX_POINT('',#12292);
#9450=LINE('',#12293,#12294);
#9451=VERTEX_POINT('',#12295);
#9452=LINE('',#12296,#12297);
#9453=VERTEX_POINT('',#12298);
#9454=LINE('',#12299,#12300);
#9455=VERTEX_POINT('',#12301);
#9456=LINE('',#12302,#12303);
#9457=LINE('',#12304,#12305);
#9458=VERTEX_POINT('',#12306);
#9459=LINE('',#12307,#12308);
#9460=VERTEX_POINT('',#12309);
#9461=LINE('',#12310,#12311);
#9462=LINE('',#12312,#12313);
#9463=VERTEX_POINT('',#12314);
#9464=LINE('',#12315,#12316);
#9465=VERTEX_POINT('',#12317);
#9466=LINE('',#12318,#12319);
#9467=LINE('',#12320,#12321);
#9468=VERTEX_POINT('',#12322);
#9469=LINE('',#12323,#12324);
#9470=VERTEX_POINT('',#12325);
#9471=LINE('',#12326,#12327);
#9472=VERTEX_POINT('',#12328);
#9473=LINE('',#12329,#12330);
#9474=VERTEX_POINT('',#12331);
#9475=LINE('',#12332,#12333);
#9476=VERTEX_POINT('',#12334);
#9477=LINE('',#12335,#12336);
#9478=VERTEX_POINT('',#12337);
#9479=LINE('',#12338,#12339);
#9480=VERTEX_POINT('',#12340);
#9481=LINE('',#12341,#12342);
#9482=VERTEX_POINT('',#12343);
#9483=LINE('',#12344,#12345);
#9484=VERTEX_POINT('',#12346);
#9485=LINE('',#12347,#12348);
#9486=VERTEX_POINT('',#12349);
#9487=LINE('',#12350,#12351);
#9488=VERTEX_POINT('',#12352);
#9489=LINE('',#12353,#12354);
#9490=VERTEX_POINT('',#12355);
#9491=LINE('',#12356,#12357);
#9492=VERTEX_POINT('',#12358);
#9493=LINE('',#12359,#12360);
#9494=VERTEX_POINT('',#12361);
#9495=LINE('',#12362,#12363);
#9496=LINE('',#12364,#12365);
#9497=VERTEX_POINT('',#12366);
#9498=LINE('',#12367,#12368);
#9499=VERTEX_POINT('',#12369);
#9500=LINE('',#12370,#12371);
#9501=LINE('',#12372,#12373);
#9502=VERTEX_POINT('',#12374);
#9503=LINE('',#12375,#12376);
#9504=VERTEX_POINT('',#12377);
#9505=LINE('',#12378,#12379);
#9506=LINE('',#12380,#12381);
#9507=VERTEX_POINT('',#12382);
#9508=LINE('',#12383,#12384);
#9509=VERTEX_POINT('',#12385);
#9510=LINE('',#12386,#12387);
#9511=LINE('',#12388,#12389);
#9512=VERTEX_POINT('',#12390);
#9513=LINE('',#12391,#12392);
#9514=VERTEX_POINT('',#12393);
#9515=LINE('',#12394,#12395);
#9516=LINE('',#12396,#12397);
#9517=VERTEX_POINT('',#12398);
#9518=LINE('',#12399,#12400);
#9519=VERTEX_POINT('',#12401);
#9520=LINE('',#12402,#12403);
#9521=LINE('',#12404,#12405);
#9522=LINE('',#12406,#12407);
#9523=VERTEX_POINT('',#12408);
#9524=LINE('',#12409,#12410);
#9525=VERTEX_POINT('',#12411);
#9526=LINE('',#12412,#12413);
#9527=LINE('',#12414,#12415);
#9528=LINE('',#12416,#12417);
#9529=VERTEX_POINT('',#12418);
#9530=LINE('',#12419,#12420);
#9531=VERTEX_POINT('',#12421);
#9532=LINE('',#12422,#12423);
#9533=LINE('',#12424,#12425);
#9534=VERTEX_POINT('',#12426);
#9535=LINE('',#12427,#12428);
#9536=VERTEX_POINT('',#12429);
#9537=LINE('',#12430,#12431);
#9538=LINE('',#12432,#12433);
#9539=VERTEX_POINT('',#12434);
#9540=LINE('',#12435,#12436);
#9541=VERTEX_POINT('',#12437);
#9542=LINE('',#12438,#12439);
#9543=LINE('',#12440,#12441);
#9544=VERTEX_POINT('',#12442);
#9545=LINE('',#12443,#12444);
#9546=VERTEX_POINT('',#12445);
#9547=LINE('',#12446,#12447);
#9548=LINE('',#12448,#12449);
#9549=VERTEX_POINT('',#12450);
#9550=LINE('',#12451,#12452);
#9551=VERTEX_POINT('',#12453);
#9552=LINE('',#12454,#12455);
#9553=LINE('',#12456,#12457);
#9554=VERTEX_POINT('',#12458);
#9555=LINE('',#12459,#12460);
#9556=VERTEX_POINT('',#12461);
#9557=LINE('',#12462,#12463);
#9558=VERTEX_POINT('',#12464);
#9559=LINE('',#12465,#12466);
#9560=VERTEX_POINT('',#12467);
#9561=LINE('',#12468,#12469);
#9562=VERTEX_POINT('',#12470);
#9563=LINE('',#12471,#12472);
#9564=VERTEX_POINT('',#12473);
#9565=LINE('',#12474,#12475);
#9566=LINE('',#12476,#12477);
#9567=LINE('',#12478,#12479);
#9568=LINE('',#12480,#12481);
#9569=VERTEX_POINT('',#12482);
#9570=LINE('',#12483,#12484);
#9571=VERTEX_POINT('',#12485);
#9572=LINE('',#12486,#12487);
#9573=VERTEX_POINT('',#12488);
#9574=LINE('',#12489,#12490);
#9575=VERTEX_POINT('',#12491);
#9576=LINE('',#12492,#12493);
#9577=VERTEX_POINT('',#12494);
#9578=LINE('',#12495,#12496);
#9579=VERTEX_POINT('',#12497);
#9580=LINE('',#12498,#12499);
#9581=LINE('',#12500,#12501);
#9582=LINE('',#12502,#12503);
#9583=LINE('',#12504,#12505);
#9584=LINE('',#12506,#12507);
#9585=LINE('',#12508,#12509);
#9586=LINE('',#12510,#12511);
#9587=LINE('',#12512,#12513);
#9588=LINE('',#12514,#12515);
#9589=LINE('',#12516,#12517);
#9590=LINE('',#12518,#12519);
#9591=LINE('',#12520,#12521);
#9592=LINE('',#12522,#12523);
#9593=LINE('',#12524,#12525);
#9594=LINE('',#12526,#12527);
#9595=LINE('',#12528,#12529);
#9596=VERTEX_POINT('',#12530);
#9597=VERTEX_POINT('',#12531);
#9598=LINE('',#12532,#12533);
#9599=VERTEX_POINT('',#12534);
#9600=LINE('',#12535,#12536);
#9601=VERTEX_POINT('',#12537);
#9602=LINE('',#12538,#12539);
#9603=VERTEX_POINT('',#12540);
#9604=LINE('',#12541,#12542);
#9605=VERTEX_POINT('',#12543);
#9606=LINE('',#12544,#12545);
#9607=VERTEX_POINT('',#12546);
#9608=LINE('',#12547,#12548);
#9609=VERTEX_POINT('',#12549);
#9610=LINE('',#12550,#12551);
#9611=VERTEX_POINT('',#12552);
#9612=LINE('',#12553,#12554);
#9613=VERTEX_POINT('',#12555);
#9614=LINE('',#12556,#12557);
#9615=VERTEX_POINT('',#12558);
#9616=LINE('',#12559,#12560);
#9617=VERTEX_POINT('',#12561);
#9618=LINE('',#12562,#12563);
#9619=VERTEX_POINT('',#12564);
#9620=LINE('',#12565,#12566);
#9621=VERTEX_POINT('',#12567);
#9622=LINE('',#12568,#12569);
#9623=VERTEX_POINT('',#12570);
#9624=LINE('',#12571,#12572);
#9625=VERTEX_POINT('',#12573);
#9626=LINE('',#12574,#12575);
#9627=LINE('',#12576,#12577);
#9628=VERTEX_POINT('',#12578);
#9629=VERTEX_POINT('',#12579);
#9630=LINE('',#12580,#12581);
#9631=VERTEX_POINT('',#12582);
#9632=LINE('',#12583,#12584);
#9633=VERTEX_POINT('',#12585);
#9634=LINE('',#12586,#12587);
#9635=VERTEX_POINT('',#12588);
#9636=LINE('',#12589,#12590);
#9637=VERTEX_POINT('',#12591);
#9638=LINE('',#12592,#12593);
#9639=VERTEX_POINT('',#12594);
#9640=LINE('',#12595,#12596);
#9641=VERTEX_POINT('',#12597);
#9642=LINE('',#12598,#12599);
#9643=LINE('',#12600,#12601);
#9644=VERTEX_POINT('',#12602);
#9645=VERTEX_POINT('',#12603);
#9646=LINE('',#12604,#12605);
#9647=VERTEX_POINT('',#12606);
#9648=LINE('',#12607,#12608);
#9649=LINE('',#12609,#12610);
#9650=VERTEX_POINT('',#12611);
#9651=LINE('',#12612,#12613);
#9652=LINE('',#12614,#12615);
#9653=VERTEX_POINT('',#12616);
#9654=LINE('',#12617,#12618);
#9655=LINE('',#12619,#12620);
#9656=VERTEX_POINT('',#12621);
#9657=LINE('',#12622,#12623);
#9658=VERTEX_POINT('',#12624);
#9659=LINE('',#12625,#12626);
#9660=VERTEX_POINT('',#12627);
#9661=LINE('',#12628,#12629);
#9662=LINE('',#12630,#12631);
#9663=VERTEX_POINT('',#12632);
#9664=VERTEX_POINT('',#12633);
#9665=LINE('',#12634,#12635);
#9666=VERTEX_POINT('',#12636);
#9667=LINE('',#12637,#12638);
#9668=VERTEX_POINT('',#12639);
#9669=LINE('',#12640,#12641);
#9670=LINE('',#12642,#12643);
#9671=LINE('',#12644,#12645);
#9672=VERTEX_POINT('',#12646);
#9673=VERTEX_POINT('',#12647);
#9674=LINE('',#12648,#12649);
#9675=VERTEX_POINT('',#12650);
#9676=LINE('',#12651,#12652);
#9677=LINE('',#12653,#12654);
#9678=LINE('',#12655,#12656);
#9679=VERTEX_POINT('',#12657);
#9680=LINE('',#12658,#12659);
#9681=VERTEX_POINT('',#12660);
#9682=LINE('',#12661,#12662);
#9683=CIRCLE('',#12663,0.0299999999999998);
#9684=VERTEX_POINT('',#12664);
#9685=LINE('',#12665,#12666);
#9686=VERTEX_POINT('',#12667);
#9687=LINE('',#12668,#12669);
#9688=VERTEX_POINT('',#12670);
#9689=LINE('',#12671,#12672);
#9690=CIRCLE('',#12673,0.0299999999999998);
#9691=LINE('',#12674,#12675);
#9692=VERTEX_POINT('',#12676);
#9693=LINE('',#12677,#12678);
#9694=LINE('',#12679,#12680);
#9695=VERTEX_POINT('',#12681);
#9696=VERTEX_POINT('',#12682);
#9697=LINE('',#12683,#12684);
#9698=VERTEX_POINT('',#12685);
#9699=LINE('',#12686,#12687);
#9700=LINE('',#12688,#12689);
#9701=LINE('',#12690,#12691);
#9702=VERTEX_POINT('',#12692);
#9703=LINE('',#12693,#12694);
#9704=VERTEX_POINT('',#12695);
#9705=LINE('',#12696,#12697);
#9706=VERTEX_POINT('',#12698);
#9707=LINE('',#12699,#12700);
#9708=VERTEX_POINT('',#12701);
#9709=CIRCLE('',#12702,0.0299999999999999);
#9710=VERTEX_POINT('',#12703);
#9711=LINE('',#12704,#12705);
#9712=VERTEX_POINT('',#12706);
#9713=CIRCLE('',#12707,0.0300000000000002);
#9714=VERTEX_POINT('',#12708);
#9715=LINE('',#12709,#12710);
#9716=VERTEX_POINT('',#12711);
#9717=CIRCLE('',#12712,0.0300000000000002);
#9718=VERTEX_POINT('',#12713);
#9719=LINE('',#12714,#12715);
#9720=CIRCLE('',#12716,0.03);
#9721=VERTEX_POINT('',#12717);
#9722=LINE('',#12718,#12719);
#9723=LINE('',#12720,#12721);
#9724=VERTEX_POINT('',#12722);
#9725=LINE('',#12723,#12724);
#9726=VERTEX_POINT('',#12725);
#9727=LINE('',#12726,#12727);
#9728=LINE('',#12728,#12729);
#9729=VERTEX_POINT('',#12730);
#9730=LINE('',#12731,#12732);
#9731=VERTEX_POINT('',#12733);
#9732=LINE('',#12734,#12735);
#9733=LINE('',#12736,#12737);
#9734=VERTEX_POINT('',#12738);
#9735=LINE('',#12739,#12740);
#9736=VERTEX_POINT('',#12741);
#9737=LINE('',#12742,#12743);
#9738=CIRCLE('',#12744,0.09);
#9739=VERTEX_POINT('',#12745);
#9740=LINE('',#12746,#12747);
#9741=VERTEX_POINT('',#12748);
#9742=LINE('',#12749,#12750);
#9743=LINE('',#12751,#12752);
#9744=VERTEX_POINT('',#12753);
#9745=VERTEX_POINT('',#12754);
#9746=LINE('',#12755,#12756);
#9747=LINE('',#12757,#12758);
#9748=VERTEX_POINT('',#12759);
#9749=LINE('',#12760,#12761);
#9750=VERTEX_POINT('',#12762);
#9751=LINE('',#12763,#12764);
#9752=LINE('',#12765,#12766);
#9753=VERTEX_POINT('',#12767);
#9754=LINE('',#12768,#12769);
#9755=VERTEX_POINT('',#12770);
#9756=LINE('',#12771,#12772);
#9757=VERTEX_POINT('',#12773);
#9758=LINE('',#12774,#12775);
#9759=LINE('',#12776,#12777);
#9760=VERTEX_POINT('',#12778);
#9761=LINE('',#12779,#12780);
#9762=VERTEX_POINT('',#12781);
#9763=LINE('',#12782,#12783);
#9764=VERTEX_POINT('',#12784);
#9765=LINE('',#12785,#12786);
#9766=VERTEX_POINT('',#12787);
#9767=LINE('',#12788,#12789);
#9768=VERTEX_POINT('',#12790);
#9769=LINE('',#12791,#12792);
#9770=VERTEX_POINT('',#12793);
#9771=LINE('',#12794,#12795);
#9772=LINE('',#12796,#12797);
#9773=VERTEX_POINT('',#12798);
#9774=LINE('',#12799,#12800);
#9775=VERTEX_POINT('',#12801);
#9776=LINE('',#12802,#12803);
#9777=LINE('',#12804,#12805);
#9778=VERTEX_POINT('',#12806);
#9779=LINE('',#12807,#12808);
#9780=VERTEX_POINT('',#12809);
#9781=LINE('',#12810,#12811);
#9782=LINE('',#12812,#12813);
#9783=VERTEX_POINT('',#12814);
#9784=LINE('',#12815,#12816);
#9785=VERTEX_POINT('',#12817);
#9786=LINE('',#12818,#12819);
#9787=LINE('',#12820,#12821);
#9788=VERTEX_POINT('',#12822);
#9789=LINE('',#12823,#12824);
#9790=VERTEX_POINT('',#12825);
#9791=LINE('',#12826,#12827);
#9792=LINE('',#12828,#12829);
#9793=VERTEX_POINT('',#12830);
#9794=LINE('',#12831,#12832);
#9795=LINE('',#12833,#12834);
#9796=VERTEX_POINT('',#12835);
#9797=LINE('',#12836,#12837);
#9798=VERTEX_POINT('',#12838);
#9799=LINE('',#12839,#12840);
#9800=LINE('',#12841,#12842);
#9801=VERTEX_POINT('',#12843);
#9802=LINE('',#12844,#12845);
#9803=VERTEX_POINT('',#12846);
#9804=LINE('',#12847,#12848);
#9805=LINE('',#12849,#12850);
#9806=VERTEX_POINT('',#12851);
#9807=LINE('',#12852,#12853);
#9808=VERTEX_POINT('',#12854);
#9809=LINE('',#12855,#12856);
#9810=LINE('',#12857,#12858);
#9811=VERTEX_POINT('',#12859);
#9812=LINE('',#12860,#12861);
#9813=VERTEX_POINT('',#12862);
#9814=LINE('',#12863,#12864);
#9815=LINE('',#12865,#12866);
#9816=VERTEX_POINT('',#12867);
#9817=LINE('',#12868,#12869);
#9818=VERTEX_POINT('',#12870);
#9819=LINE('',#12871,#12872);
#9820=LINE('',#12873,#12874);
#9821=VERTEX_POINT('',#12875);
#9822=LINE('',#12876,#12877);
#9823=VERTEX_POINT('',#12878);
#9824=LINE('',#12879,#12880);
#9825=LINE('',#12881,#12882);
#9826=VERTEX_POINT('',#12883);
#9827=LINE('',#12884,#12885);
#9828=VERTEX_POINT('',#12886);
#9829=LINE('',#12887,#12888);
#9830=VERTEX_POINT('',#12889);
#9831=LINE('',#12890,#12891);
#9832=VERTEX_POINT('',#12892);
#9833=LINE('',#12893,#12894);
#9834=VERTEX_POINT('',#12895);
#9835=LINE('',#12896,#12897);
#9836=VERTEX_POINT('',#12898);
#9837=LINE('',#12899,#12900);
#9838=LINE('',#12901,#12902);
#9839=VERTEX_POINT('',#12903);
#9840=LINE('',#12904,#12905);
#9841=VERTEX_POINT('',#12906);
#9842=LINE('',#12907,#12908);
#9843=VERTEX_POINT('',#12909);
#9844=LINE('',#12910,#12911);
#9845=LINE('',#12912,#12913);
#9846=LINE('',#12914,#12915);
#9847=LINE('',#12916,#12917);
#9848=VERTEX_POINT('',#12918);
#9849=LINE('',#12919,#12920);
#9850=VERTEX_POINT('',#12921);
#9851=LINE('',#12922,#12923);
#9852=LINE('',#12924,#12925);
#9853=VERTEX_POINT('',#12926);
#9854=LINE('',#12927,#12928);
#9855=LINE('',#12929,#12930);
#9856=LINE('',#12931,#12932);
#9857=VERTEX_POINT('',#12933);
#9858=CIRCLE('',#12934,0.045);
#9859=VERTEX_POINT('',#12935);
#9860=CIRCLE('',#12936,0.045);
#9861=VERTEX_POINT('',#12937);
#9862=LINE('',#12938,#12939);
#9863=CIRCLE('',#12940,0.045);
#9864=VERTEX_POINT('',#12941);
#9865=LINE('',#12942,#12943);
#9866=VERTEX_POINT('',#12944);
#9867=LINE('',#12945,#12946);
#9868=LINE('',#12947,#12948);
#9869=VERTEX_POINT('',#12949);
#9870=LINE('',#12950,#12951);
#9871=VERTEX_POINT('',#12952);
#9872=LINE('',#12953,#12954);
#9873=LINE('',#12955,#12956);
#9874=LINE('',#12957,#12958);
#9875=LINE('',#12959,#12960);
#9876=LINE('',#12961,#12962);
#9877=LINE('',#12963,#12964);
#9878=LINE('',#12965,#12966);
#9879=CIRCLE('',#12967,0.09);
#9880=CIRCLE('',#12968,0.09);
#9881=LINE('',#12969,#12970);
#9882=CIRCLE('',#12971,0.09);
#9883=LINE('',#12972,#12973);
#9884=LINE('',#12974,#12975);
#9885=LINE('',#12976,#12977);
#9886=LINE('',#12978,#12979);
#9887=LINE('',#12980,#12981);
#9888=VERTEX_POINT('',#12982);
#9889=LINE('',#12983,#12984);
#9890=VERTEX_POINT('',#12985);
#9891=LINE('',#12986,#12987);
#9892=CIRCLE('',#12988,0.09);
#9893=VERTEX_POINT('',#12989);
#9894=LINE('',#12990,#12991);
#9895=VERTEX_POINT('',#12992);
#9896=LINE('',#12993,#12994);
#9897=LINE('',#12995,#12996);
#9898=VERTEX_POINT('',#12997);
#9899=LINE('',#12998,#12999);
#9900=VERTEX_POINT('',#13000);
#9901=LINE('',#13001,#13002);
#9902=LINE('',#13003,#13004);
#9903=VERTEX_POINT('',#13005);
#9904=CIRCLE('',#13006,0.045);
#9905=CIRCLE('',#13007,0.045);
#9906=CIRCLE('',#13008,0.045);
#9907=VERTEX_POINT('',#13009);
#9908=LINE('',#13010,#13011);
#9909=VERTEX_POINT('',#13012);
#9910=LINE('',#13013,#13014);
#9911=VERTEX_POINT('',#13015);
#9912=LINE('',#13016,#13017);
#9913=VERTEX_POINT('',#13018);
#9914=LINE('',#13019,#13020);
#9915=VERTEX_POINT('',#13021);
#9916=LINE('',#13022,#13023);
#9917=LINE('',#13024,#13025);
#9918=VERTEX_POINT('',#13026);
#9919=LINE('',#13027,#13028);
#9920=VERTEX_POINT('',#13029);
#9921=LINE('',#13030,#13031);
#9922=VERTEX_POINT('',#13032);
#9923=LINE('',#13033,#13034);
#9924=LINE('',#13035,#13036);
#9925=VERTEX_POINT('',#13037);
#9926=VERTEX_POINT('',#13038);
#9927=LINE('',#13039,#13040);
#9928=VERTEX_POINT('',#13041);
#9929=LINE('',#13042,#13043);
#9930=VERTEX_POINT('',#13044);
#9931=CIRCLE('',#13045,0.03);
#9932=VERTEX_POINT('',#13046);
#9933=LINE('',#13047,#13048);
#9934=VERTEX_POINT('',#13049);
#9935=CIRCLE('',#13050,0.0300000000000002);
#9936=VERTEX_POINT('',#13051);
#9937=LINE('',#13052,#13053);
#9938=VERTEX_POINT('',#13054);
#9939=CIRCLE('',#13055,0.0300000000000002);
#9940=VERTEX_POINT('',#13056);
#9941=LINE('',#13057,#13058);
#9942=VERTEX_POINT('',#13059);
#9943=CIRCLE('',#13060,0.0299999999999999);
#9944=VERTEX_POINT('',#13061);
#9945=LINE('',#13062,#13063);
#9946=VERTEX_POINT('',#13064);
#9947=LINE('',#13065,#13066);
#9948=LINE('',#13067,#13068);
#9949=LINE('',#13069,#13070);
#9950=LINE('',#13071,#13072);
#9951=VERTEX_POINT('',#13073);
#9952=LINE('',#13074,#13075);
#9953=VERTEX_POINT('',#13076);
#9954=LINE('',#13077,#13078);
#9955=VERTEX_POINT('',#13079);
#9956=LINE('',#13080,#13081);
#9957=VERTEX_POINT('',#13082);
#9958=LINE('',#13083,#13084);
#9959=LINE('',#13085,#13086);
#9960=VERTEX_POINT('',#13087);
#9961=LINE('',#13088,#13089);
#9962=VERTEX_POINT('',#13090);
#9963=LINE('',#13091,#13092);
#9964=LINE('',#13093,#13094);
#9965=LINE('',#13095,#13096);
#9966=LINE('',#13097,#13098);
#9967=LINE('',#13099,#13100);
#9968=LINE('',#13101,#13102);
#9969=LINE('',#13103,#13104);
#9970=VERTEX_POINT('',#13105);
#9971=LINE('',#13106,#13107);
#9972=VERTEX_POINT('',#13108);
#9973=CIRCLE('',#13109,0.25);
#9974=LINE('',#13110,#13111);
#9975=LINE('',#13112,#13113);
#9976=VERTEX_POINT('',#13114);
#9977=LINE('',#13115,#13116);
#9978=LINE('',#13117,#13118);
#9979=VERTEX_POINT('',#13119);
#9980=LINE('',#13120,#13121);
#9981=CIRCLE('',#13122,0.25);
#9982=LINE('',#13123,#13124);
#9983=LINE('',#13125,#13126);
#9984=LINE('',#13127,#13128);
#9985=VERTEX_POINT('',#13129);
#9986=VERTEX_POINT('',#13130);
#9987=LINE('',#13131,#13132);
#9988=CIRCLE('',#13133,0.05);
#9989=CIRCLE('',#13134,0.05);
#9990=VERTEX_POINT('',#13135);
#9991=CIRCLE('',#13136,0.05);
#9992=VERTEX_POINT('',#13137);
#9993=LINE('',#13138,#13139);
#9994=CIRCLE('',#13140,0.05);
#9995=VERTEX_POINT('',#13141);
#9996=ELLIPSE('',#13142,0.0773369252039407,0.05);
#9997=VERTEX_POINT('',#13143);
#9998=LINE('',#13144,#13145);
#9999=ELLIPSE('',#13146,0.0773369252039407,0.05);
#10000=LINE('',#13147,#13148);
#10001=LINE('',#13149,#13150);
#10002=VERTEX_POINT('',#13151);
#10003=VERTEX_POINT('',#13152);
#10004=LINE('',#13153,#13154);
#10005=ELLIPSE('',#13155,0.0773369252039407,0.05);
#10006=ELLIPSE('',#13156,0.0773369252039407,0.05);
#10007=LINE('',#13157,#13158);
#10008=LINE('',#13159,#13160);
#10009=CIRCLE('',#13161,0.09);
#10010=CIRCLE('',#13162,0.09);
#10011=VERTEX_POINT('',#13163);
#10012=CIRCLE('',#13164,0.09);
#10013=VERTEX_POINT('',#13165);
#10014=LINE('',#13166,#13167);
#10015=LINE('',#13168,#13169);
#10016=LINE('',#13170,#13171);
#10017=VERTEX_POINT('',#13172);
#10018=LINE('',#13173,#13174);
#10019=LINE('',#13175,#13176);
#10020=LINE('',#13177,#13178);
#10021=VERTEX_POINT('',#13179);
#10022=LINE('',#13180,#13181);
#10023=LINE('',#13182,#13183);
#10024=CIRCLE('',#13184,0.05);
#10025=LINE('',#13185,#13186);
#10026=LINE('',#13187,#13188);
#10027=CIRCLE('',#13189,0.05);
#10028=VERTEX_POINT('',#13190);
#10029=LINE('',#13191,#13192);
#10030=VERTEX_POINT('',#13193);
#10031=LINE('',#13194,#13195);
#10032=CIRCLE('',#13196,0.0299999999999998);
#10033=VERTEX_POINT('',#13197);
#10034=LINE('',#13198,#13199);
#10035=VERTEX_POINT('',#13200);
#10036=LINE('',#13201,#13202);
#10037=CIRCLE('',#13203,0.0299999999999998);
#10038=VERTEX_POINT('',#13204);
#10039=LINE('',#13205,#13206);
#10040=VERTEX_POINT('',#13207);
#10041=B_SPLINE_CURVE_WITH_KNOTS('',3,(#13208,#13209,#13210,#13211,#13212,#13213),.UNSPECIFIED.,.F.,.F.,(4,2,4),(0.0,0.500000000000049,1.00000000000019),.UNSPECIFIED.);
#10042=LINE('',#13214,#13215);
#10043=VERTEX_POINT('',#13216);
#10044=LINE('',#13217,#13218);
#10045=LINE('',#13219,#13220);
#10046=VERTEX_POINT('',#13221);
#10047=LINE('',#13222,#13223);
#10048=CIRCLE('',#13224,0.0300000000000002);
#10049=VERTEX_POINT('',#13225);
#10050=LINE('',#13226,#13227);
#10051=LINE('',#13228,#13229);
#10052=VERTEX_POINT('',#13230);
#10053=LINE('',#13231,#13232);
#10054=CIRCLE('',#13233,0.0300000000000002);
#10055=VERTEX_POINT('',#13234);
#10056=LINE('',#13235,#13236);
#10057=LINE('',#13237,#13238);
#10058=VERTEX_POINT('',#13239);
#10059=LINE('',#13240,#13241);
#10060=B_SPLINE_CURVE_WITH_KNOTS('',3,(#13242,#13243,#13244,#13245,#13246,#13247),.UNSPECIFIED.,.F.,.F.,(4,2,4),(0.0,0.5,1.0),.UNSPECIFIED.);
#10061=VERTEX_POINT('',#13248);
#10062=VERTEX_POINT('',#13249);
#10063=LINE('',#13250,#13251);
#10064=CIRCLE('',#13252,0.09);
#10065=LINE('',#13253,#13254);
#10066=CIRCLE('',#13255,0.09);
#10067=CIRCLE('',#13256,0.09);
#10068=LINE('',#13257,#13258);
#10069=VERTEX_POINT('',#13259);
#10070=VERTEX_POINT('',#13260);
#10071=LINE('',#13261,#13262);
#10072=CIRCLE('',#13263,0.09);
#10073=LINE('',#13264,#13265);
#10074=VERTEX_POINT('',#13266);
#10075=CIRCLE('',#13267,0.09);
#10076=VERTEX_POINT('',#13268);
#10077=LINE('',#13269,#13270);
#10078=VERTEX_POINT('',#13271);
#10079=CIRCLE('',#13272,0.09);
#10080=VERTEX_POINT('',#13273);
#10081=LINE('',#13274,#13275);
#10082=LINE('',#13276,#13277);
#10083=VERTEX_POINT('',#13278);
#10084=LINE('',#13279,#13280);
#10085=CIRCLE('',#13281,0.09);
#10086=VERTEX_POINT('',#13282);
#10087=CIRCLE('',#13283,0.09);
#10088=LINE('',#13284,#13285);
#10089=VERTEX_POINT('',#13286);
#10090=VERTEX_POINT('',#13287);
#10091=LINE('',#13288,#13289);
#10092=CIRCLE('',#13290,0.09);
#10093=LINE('',#13291,#13292);
#10094=VERTEX_POINT('',#13293);
#10095=CIRCLE('',#13294,0.09);
#10096=VERTEX_POINT('',#13295);
#10097=LINE('',#13296,#13297);
#10098=LINE('',#13298,#13299);
#10099=LINE('',#13300,#13301);
#10100=VERTEX_POINT('',#13302);
#10101=LINE('',#13303,#13304);
#10102=VERTEX_POINT('',#13305);
#10103=LINE('',#13306,#13307);
#10104=VERTEX_POINT('',#13308);
#10105=LINE('',#13309,#13310);
#10106=VERTEX_POINT('',#13311);
#10107=LINE('',#13312,#13313);
#10108=LINE('',#13314,#13315);
#10109=LINE('',#13316,#13317);
#10110=VERTEX_POINT('',#13318);
#10111=LINE('',#13319,#13320);
#10112=VERTEX_POINT('',#13321);
#10113=LINE('',#13322,#13323);
#10114=VERTEX_POINT('',#13324);
#10115=LINE('',#13325,#13326);
#10116=VERTEX_POINT('',#13327);
#10117=LINE('',#13328,#13329);
#10118=LINE('',#13330,#13331);
#10119=LINE('',#13332,#13333);
#10120=LINE('',#13334,#13335);
#10121=LINE('',#13336,#13337);
#10122=LINE('',#13338,#13339);
#10123=LINE('',#13340,#13341);
#10124=LINE('',#13342,#13343);
#10125=LINE('',#13344,#13345);
#10126=LINE('',#13346,#13347);
#10127=VERTEX_POINT('',#13348);
#10128=CIRCLE('',#13349,0.09);
#10129=VERTEX_POINT('',#13350);
#10130=LINE('',#13351,#13352);
#10131=VERTEX_POINT('',#13353);
#10132=LINE('',#13354,#13355);
#10133=VERTEX_POINT('',#13356);
#10134=LINE('',#13357,#13358);
#10135=CIRCLE('',#13359,0.0299999999999999);
#10136=LINE('',#13360,#13361);
#10137=VERTEX_POINT('',#13362);
#10138=CIRCLE('',#13363,0.0299999999999999);
#10139=VERTEX_POINT('',#13364);
#10140=LINE('',#13365,#13366);
#10141=VERTEX_POINT('',#13367);
#10142=LINE('',#13368,#13369);
#10143=VERTEX_POINT('',#13370);
#10144=LINE('',#13371,#13372);
#10145=CIRCLE('',#13373,0.09);
#10146=LINE('',#13374,#13375);
#10147=VERTEX_POINT('',#13376);
#10148=CIRCLE('',#13377,0.0299999999999999);
#10149=VERTEX_POINT('',#13378);
#10150=LINE('',#13379,#13380);
#10151=VERTEX_POINT('',#13381);
#10152=LINE('',#13382,#13383);
#10153=VERTEX_POINT('',#13384);
#10154=LINE('',#13385,#13386);
#10155=CIRCLE('',#13387,0.09);
#10156=VERTEX_POINT('',#13388);
#10157=CIRCLE('',#13389,0.09);
#10158=VERTEX_POINT('',#13390);
#10159=LINE('',#13391,#13392);
#10160=VERTEX_POINT('',#13393);
#10161=LINE('',#13394,#13395);
#10162=VERTEX_POINT('',#13396);
#10163=LINE('',#13397,#13398);
#10164=CIRCLE('',#13399,0.0299999999999999);
#10165=LINE('',#13400,#13401);
#10166=LINE('',#13402,#13403);
#10167=LINE('',#13404,#13405);
#10168=LINE('',#13406,#13407);
#10169=LINE('',#13408,#13409);
#10170=LINE('',#13410,#13411);
#10171=LINE('',#13412,#13413);
#10172=LINE('',#13414,#13415);
#10173=LINE('',#13416,#13417);
#10174=LINE('',#13418,#13419);
#10175=LINE('',#13420,#13421);
#10176=LINE('',#13422,#13423);
#10177=LINE('',#13424,#13425);
#10178=LINE('',#13426,#13427);
#10179=LINE('',#13428,#13429);
#10180=VERTEX_POINT('',#13430);
#10181=LINE('',#13431,#13432);
#10182=LINE('',#13433,#13434);
#10183=VERTEX_POINT('',#13435);
#10184=LINE('',#13436,#13437);
#10185=LINE('',#13438,#13439);
#10186=LINE('',#13440,#13441);
#10187=CIRCLE('',#13442,0.09);
#10188=VERTEX_POINT('',#13443);
#10189=LINE('',#13444,#13445);
#10190=LINE('',#13446,#13447);
#10191=VERTEX_POINT('',#13448);
#10192=LINE('',#13449,#13450);
#10193=LINE('',#13451,#13452);
#10194=VERTEX_POINT('',#13453);
#10195=LINE('',#13454,#13455);
#10196=LINE('',#13456,#13457);
#10197=VERTEX_POINT('',#13458);
#10198=LINE('',#13459,#13460);
#10199=VERTEX_POINT('',#13461);
#10200=LINE('',#13462,#13463);
#10201=CIRCLE('',#13464,0.09);
#10202=VERTEX_POINT('',#13465);
#10203=LINE('',#13466,#13467);
#10204=VERTEX_POINT('',#13468);
#10205=LINE('',#13469,#13470);
#10206=LINE('',#13471,#13472);
#10207=LINE('',#13473,#13474);
#10208=VERTEX_POINT('',#13475);
#10209=LINE('',#13476,#13477);
#10210=LINE('',#13478,#13479);
#10211=CIRCLE('',#13480,0.05);
#10212=LINE('',#13481,#13482);
#10213=LINE('',#13483,#13484);
#10214=CIRCLE('',#13485,0.05);
#10215=VERTEX_POINT('',#13486);
#10216=LINE('',#13487,#13488);
#10217=VERTEX_POINT('',#13489);
#10218=CIRCLE('',#13490,0.0299999999999998);
#10219=LINE('',#13491,#13492);
#10220=VERTEX_POINT('',#13493);
#10221=LINE('',#13494,#13495);
#10222=VERTEX_POINT('',#13496);
#10223=CIRCLE('',#13497,0.0299999999999998);
#10224=LINE('',#13498,#13499);
#10225=VERTEX_POINT('',#13500);
#10226=LINE('',#13501,#13502);
#10227=VERTEX_POINT('',#13503);
#10228=B_SPLINE_CURVE_WITH_KNOTS('',3,(#13504,#13505,#13506,#13507,#13508,#13509),.UNSPECIFIED.,.F.,.F.,(4,2,4),(0.0,0.5,1.0),.UNSPECIFIED.);
#10229=LINE('',#13510,#13511);
#10230=VERTEX_POINT('',#13512);
#10231=LINE('',#13513,#13514);
#10232=LINE('',#13515,#13516);
#10233=VERTEX_POINT('',#13517);
#10234=CIRCLE('',#13518,0.0300000000000002);
#10235=LINE('',#13519,#13520);
#10236=VERTEX_POINT('',#13521);
#10237=LINE('',#13522,#13523);
#10238=LINE('',#13524,#13525);
#10239=VERTEX_POINT('',#13526);
#10240=CIRCLE('',#13527,0.0300000000000002);
#10241=LINE('',#13528,#13529);
#10242=VERTEX_POINT('',#13530);
#10243=LINE('',#13531,#13532);
#10244=LINE('',#13533,#13534);
#10245=VERTEX_POINT('',#13535);
#10246=B_SPLINE_CURVE_WITH_KNOTS('',3,(#13536,#13537,#13538,#13539,#13540,#13541),.UNSPECIFIED.,.F.,.F.,(4,2,4),(2.34270868552854E-13,0.500000000000059,1.0),.UNSPECIFIED.);
#10247=LINE('',#13542,#13543);
#10248=VERTEX_POINT('',#13544);
#10249=LINE('',#13545,#13546);
#10250=CIRCLE('',#13547,0.09);
#10251=VERTEX_POINT('',#13548);
#10252=CIRCLE('',#13549,0.09);
#10253=LINE('',#13550,#13551);
#10254=VERTEX_POINT('',#13552);
#10255=CIRCLE('',#13553,0.09);
#10256=VERTEX_POINT('',#13554);
#10257=LINE('',#13555,#13556);
#10258=LINE('',#13557,#13558);
#10259=VERTEX_POINT('',#13559);
#10260=VERTEX_POINT('',#13560);
#10261=LINE('',#13561,#13562);
#10262=CIRCLE('',#13563,0.09);
#10263=LINE('',#13564,#13565);
#10264=VERTEX_POINT('',#13566);
#10265=CIRCLE('',#13567,0.09);
#10266=VERTEX_POINT('',#13568);
#10267=LINE('',#13569,#13570);
#10268=CIRCLE('',#13571,0.09);
#10269=LINE('',#13572,#13573);
#10270=CIRCLE('',#13574,0.09);
#10271=LINE('',#13575,#13576);
#10272=LINE('',#13577,#13578);
#10273=VERTEX_POINT('',#13579);
#10274=LINE('',#13580,#13581);
#10275=VERTEX_POINT('',#13582);
#10276=LINE('',#13583,#13584);
#10277=VERTEX_POINT('',#13585);
#10278=LINE('',#13586,#13587);
#10279=VERTEX_POINT('',#13588);
#10280=LINE('',#13589,#13590);
#10281=LINE('',#13591,#13592);
#10282=VERTEX_POINT('',#13593);
#10283=CIRCLE('',#13594,0.09);
#10284=VERTEX_POINT('',#13595);
#10285=LINE('',#13596,#13597);
#10286=LINE('',#13598,#13599);
#10287=VERTEX_POINT('',#13600);
#10288=LINE('',#13601,#13602);
#10289=VERTEX_POINT('',#13603);
#10290=LINE('',#13604,#13605);
#10291=VERTEX_POINT('',#13606);
#10292=LINE('',#13607,#13608);
#10293=VERTEX_POINT('',#13609);
#10294=LINE('',#13610,#13611);
#10295=VERTEX_POINT('',#13612);
#10296=LINE('',#13613,#13614);
#10297=VERTEX_POINT('',#13615);
#10298=LINE('',#13616,#13617);
#10299=LINE('',#13618,#13619);
#10300=VERTEX_POINT('',#13620);
#10301=VERTEX_POINT('',#13621);
#10302=LINE('',#13622,#13623);
#10303=CIRCLE('',#13624,0.09);
#10304=LINE('',#13625,#13626);
#10305=CIRCLE('',#13627,0.09);
#10306=LINE('',#13628,#13629);
#10307=LINE('',#13630,#13631);
#10308=LINE('',#13632,#13633);
#10309=LINE('',#13634,#13635);
#10310=LINE('',#13636,#13637);
#10311=LINE('',#13638,#13639);
#10312=LINE('',#13640,#13641);
#10313=LINE('',#13642,#13643);
#10314=VERTEX_POINT('',#13644);
#10315=CIRCLE('',#13645,0.09);
#10316=VERTEX_POINT('',#13646);
#10317=CIRCLE('',#13647,0.0299999999999999);
#10318=VERTEX_POINT('',#13648);
#10319=LINE('',#13649,#13650);
#10320=VERTEX_POINT('',#13651);
#10321=LINE('',#13652,#13653);
#10322=LINE('',#13654,#13655);
#10323=LINE('',#13656,#13657);
#10324=VERTEX_POINT('',#13658);
#10325=CIRCLE('',#13659,0.09);
#10326=VERTEX_POINT('',#13660);
#10327=LINE('',#13661,#13662);
#10328=VERTEX_POINT('',#13663);
#10329=LINE('',#13664,#13665);
#10330=VERTEX_POINT('',#13666);
#10331=LINE('',#13667,#13668);
#10332=CIRCLE('',#13669,0.0299999999999999);
#10333=LINE('',#13670,#13671);
#10334=VERTEX_POINT('',#13672);
#10335=CIRCLE('',#13673,0.09);
#10336=VERTEX_POINT('',#13674);
#10337=LINE('',#13675,#13676);
#10338=VERTEX_POINT('',#13677);
#10339=LINE('',#13678,#13679);
#10340=VERTEX_POINT('',#13680);
#10341=LINE('',#13681,#13682);
#10342=CIRCLE('',#13683,0.0299999999999999);
#10343=VERTEX_POINT('',#13684);
#10344=CIRCLE('',#13685,0.09);
#10345=LINE('',#13686,#13687);
#10346=VERTEX_POINT('',#13688);
#10347=CIRCLE('',#13689,0.0299999999999999);
#10348=VERTEX_POINT('',#13690);
#10349=LINE('',#13691,#13692);
#10350=VERTEX_POINT('',#13693);
#10351=LINE('',#13694,#13695);
#10352=LINE('',#13696,#13697);
#10353=LINE('',#13698,#13699);
#10354=LINE('',#13700,#13701);
#10355=LINE('',#13702,#13703);
#10356=LINE('',#13704,#13705);
#10357=LINE('',#13706,#13707);
#10358=LINE('',#13708,#13709);
#10359=LINE('',#13710,#13711);
#10360=LINE('',#13712,#13713);
#10361=LINE('',#13714,#13715);
#10362=LINE('',#13716,#13717);
#10363=LINE('',#13718,#13719);
#10364=LINE('',#13720,#13721);
#10365=VERTEX_POINT('',#13722);
#10366=LINE('',#13723,#13724);
#10367=LINE('',#13725,#13726);
#10368=VERTEX_POINT('',#13727);
#10369=LINE('',#13728,#13729);
#10370=LINE('',#13730,#13731);
#10371=LINE('',#13732,#13733);
#10372=LINE('',#13734,#13735);
#10373=LINE('',#13736,#13737);
#10374=CIRCLE('',#13738,0.09);
#10375=CIRCLE('',#13739,0.09);
#10376=LINE('',#13740,#13741);
#10377=LINE('',#13742,#13743);
#10378=LINE('',#13744,#13745);
#10379=LINE('',#13746,#13747);
#10380=LINE('',#13748,#13749);
#10381=LINE('',#13750,#13751);
#10382=LINE('',#13752,#13753);
#10383=LINE('',#13754,#13755);
#10384=LINE('',#13756,#13757);
#10385=LINE('',#13758,#13759);
#10386=LINE('',#13760,#13761);
#10387=LINE('',#13762,#13763);
#10388=LINE('',#13764,#13765);
#10389=LINE('',#13766,#13767);
#10390=LINE('',#13768,#13769);
#10391=LINE('',#13770,#13771);
#10392=LINE('',#13772,#13773);
#10393=LINE('',#13774,#13775);
#10394=LINE('',#13776,#13777);
#10395=LINE('',#13778,#13779);
#10396=LINE('',#13780,#13781);
#10397=LINE('',#13782,#13783);
#10398=LINE('',#13784,#13785);
#10399=LINE('',#13786,#13787);
#10400=LINE('',#13788,#13789);
#10401=LINE('',#13790,#13791);
#10402=LINE('',#13792,#13793);
#10403=LINE('',#13794,#13795);
#10404=LINE('',#13796,#13797);
#10405=LINE('',#13798,#13799);
#10406=VERTEX_POINT('',#13800);
#10407=LINE('',#13801,#13802);
#10408=VERTEX_POINT('',#13803);
#10409=LINE('',#13804,#13805);
#10410=LINE('',#13806,#13807);
#10411=VERTEX_POINT('',#13808);
#10412=LINE('',#13809,#13810);
#10413=VERTEX_POINT('',#13811);
#10414=LINE('',#13812,#13813);
#10415=LINE('',#13814,#13815);
#10416=LINE('',#13816,#13817);
#10417=LINE('',#13818,#13819);
#10418=VERTEX_POINT('',#13820);
#10419=LINE('',#13821,#13822);
#10420=VERTEX_POINT('',#13823);
#10421=LINE('',#13824,#13825);
#10422=LINE('',#13826,#13827);
#10423=VERTEX_POINT('',#13828);
#10424=LINE('',#13829,#13830);
#10425=VERTEX_POINT('',#13831);
#10426=LINE('',#13832,#13833);
#10427=LINE('',#13834,#13835);
#10428=LINE('',#13836,#13837);
#10429=LINE('',#13838,#13839);
#10430=VERTEX_POINT('',#13840);
#10431=CIRCLE('',#13841,0.02);
#10432=VERTEX_POINT('',#13842);
#10433=LINE('',#13843,#13844);
#10434=VERTEX_POINT('',#13845);
#10435=LINE('',#13846,#13847);
#10436=VERTEX_POINT('',#13848);
#10437=LINE('',#13849,#13850);
#10438=CIRCLE('',#13851,0.02);
#10439=LINE('',#13852,#13853);
#10440=LINE('',#13854,#13855);
#10441=VERTEX_POINT('',#13856);
#10442=CIRCLE('',#13857,0.02);
#10443=VERTEX_POINT('',#13858);
#10444=LINE('',#13859,#13860);
#10445=VERTEX_POINT('',#13861);
#10446=LINE('',#13862,#13863);
#10447=VERTEX_POINT('',#13864);
#10448=LINE('',#13865,#13866);
#10449=CIRCLE('',#13867,0.02);
#10450=LINE('',#13868,#13869);
#10451=LINE('',#13870,#13871);
#10452=LINE('',#13872,#13873);
#10453=LINE('',#13874,#13875);
#10454=VERTEX_POINT('',#13876);
#10455=LINE('',#13877,#13878);
#10456=VERTEX_POINT('',#13879);
#10457=LINE('',#13880,#13881);
#10458=LINE('',#13882,#13883);
#10459=LINE('',#13884,#13885);
#10460=VERTEX_POINT('',#13886);
#10461=CIRCLE('',#13887,0.02);
#10462=VERTEX_POINT('',#13888);
#10463=LINE('',#13889,#13890);
#10464=VERTEX_POINT('',#13891);
#10465=LINE('',#13892,#13893);
#10466=VERTEX_POINT('',#13894);
#10467=LINE('',#13895,#13896);
#10468=CIRCLE('',#13897,0.02);
#10469=LINE('',#13898,#13899);
#10470=VERTEX_POINT('',#13900);
#10471=CIRCLE('',#13901,0.02);
#10472=VERTEX_POINT('',#13902);
#10473=LINE('',#13903,#13904);
#10474=VERTEX_POINT('',#13905);
#10475=LINE('',#13906,#13907);
#10476=VERTEX_POINT('',#13908);
#10477=LINE('',#13909,#13910);
#10478=CIRCLE('',#13911,0.02);
#10479=LINE('',#13912,#13913);
#10480=LINE('',#13914,#13915);
#10481=LINE('',#13916,#13917);
#10482=LINE('',#13918,#13919);
#10483=VERTEX_POINT('',#13920);
#10484=LINE('',#13921,#13922);
#10485=VERTEX_POINT('',#13923);
#10486=LINE('',#13924,#13925);
#10487=LINE('',#13926,#13927);
#10488=VERTEX_POINT('',#13928);
#10489=LINE('',#13929,#13930);
#10490=VERTEX_POINT('',#13931);
#10491=LINE('',#13932,#13933);
#10492=LINE('',#13934,#13935);
#10493=LINE('',#13936,#13937);
#10494=LINE('',#13938,#13939);
#10495=VERTEX_POINT('',#13940);
#10496=LINE('',#13941,#13942);
#10497=VERTEX_POINT('',#13943);
#10498=LINE('',#13944,#13945);
#10499=LINE('',#13946,#13947);
#10500=VERTEX_POINT('',#13948);
#10501=LINE('',#13949,#13950);
#10502=VERTEX_POINT('',#13951);
#10503=LINE('',#13952,#13953);
#10504=LINE('',#13954,#13955);
#10505=LINE('',#13956,#13957);
#10506=LINE('',#13958,#13959);
#10507=VERTEX_POINT('',#13960);
#10508=LINE('',#13961,#13962);
#10509=VERTEX_POINT('',#13963);
#10510=LINE('',#13964,#13965);
#10511=LINE('',#13966,#13967);
#10512=VERTEX_POINT('',#13968);
#10513=LINE('',#13969,#13970);
#10514=VERTEX_POINT('',#13971);
#10515=LINE('',#13972,#13973);
#10516=LINE('',#13974,#13975);
#10517=LINE('',#13976,#13977);
#10518=LINE('',#13978,#13979);
#10519=VERTEX_POINT('',#13980);
#10520=LINE('',#13981,#13982);
#10521=VERTEX_POINT('',#13983);
#10522=LINE('',#13984,#13985);
#10523=LINE('',#13986,#13987);
#10524=VERTEX_POINT('',#13988);
#10525=LINE('',#13989,#13990);
#10526=VERTEX_POINT('',#13991);
#10527=LINE('',#13992,#13993);
#10528=LINE('',#13994,#13995);
#10529=LINE('',#13996,#13997);
#10530=LINE('',#13998,#13999);
#10531=VERTEX_POINT('',#14000);
#10532=LINE('',#14001,#14002);
#10533=VERTEX_POINT('',#14003);
#10534=LINE('',#14004,#14005);
#10535=LINE('',#14006,#14007);
#10536=VERTEX_POINT('',#14008);
#10537=LINE('',#14009,#14010);
#10538=VERTEX_POINT('',#14011);
#10539=LINE('',#14012,#14013);
#10540=LINE('',#14014,#14015);
#10541=LINE('',#14016,#14017);
#10542=LINE('',#14018,#14019);
#10543=VERTEX_POINT('',#14020);
#10544=LINE('',#14021,#14022);
#10545=VERTEX_POINT('',#14023);
#10546=LINE('',#14024,#14025);
#10547=LINE('',#14026,#14027);
#10548=VERTEX_POINT('',#14028);
#10549=LINE('',#14029,#14030);
#10550=VERTEX_POINT('',#14031);
#10551=LINE('',#14032,#14033);
#10552=LINE('',#14034,#14035);
#10553=LINE('',#14036,#14037);
#10554=LINE('',#14038,#14039);
#10555=VERTEX_POINT('',#14040);
#10556=LINE('',#14041,#14042);
#10557=VERTEX_POINT('',#14043);
#10558=LINE('',#14044,#14045);
#10559=LINE('',#14046,#14047);
#10560=VERTEX_POINT('',#14048);
#10561=LINE('',#14049,#14050);
#10562=VERTEX_POINT('',#14051);
#10563=LINE('',#14052,#14053);
#10564=LINE('',#14054,#14055);
#10565=LINE('',#14056,#14057);
#10566=LINE('',#14058,#14059);
#10567=VERTEX_POINT('',#14060);
#10568=LINE('',#14061,#14062);
#10569=VERTEX_POINT('',#14063);
#10570=LINE('',#14064,#14065);
#10571=LINE('',#14066,#14067);
#10572=VERTEX_POINT('',#14068);
#10573=LINE('',#14069,#14070);
#10574=VERTEX_POINT('',#14071);
#10575=LINE('',#14072,#14073);
#10576=LINE('',#14074,#14075);
#10577=LINE('',#14076,#14077);
#10578=LINE('',#14078,#14079);
#10579=VERTEX_POINT('',#14080);
#10580=LINE('',#14081,#14082);
#10581=VERTEX_POINT('',#14083);
#10582=LINE('',#14084,#14085);
#10583=LINE('',#14086,#14087);
#10584=VERTEX_POINT('',#14088);
#10585=LINE('',#14089,#14090);
#10586=VERTEX_POINT('',#14091);
#10587=LINE('',#14092,#14093);
#10588=LINE('',#14094,#14095);
#10589=LINE('',#14096,#14097);
#10590=LINE('',#14098,#14099);
#10591=VERTEX_POINT('',#14100);
#10592=LINE('',#14101,#14102);
#10593=VERTEX_POINT('',#14103);
#10594=LINE('',#14104,#14105);
#10595=LINE('',#14106,#14107);
#10596=VERTEX_POINT('',#14108);
#10597=LINE('',#14109,#14110);
#10598=VERTEX_POINT('',#14111);
#10599=LINE('',#14112,#14113);
#10600=LINE('',#14114,#14115);
#10601=LINE('',#14116,#14117);
#10602=LINE('',#14118,#14119);
#10603=VERTEX_POINT('',#14120);
#10604=CIRCLE('',#14121,0.02);
#10605=VERTEX_POINT('',#14122);
#10606=LINE('',#14123,#14124);
#10607=VERTEX_POINT('',#14125);
#10608=LINE('',#14126,#14127);
#10609=VERTEX_POINT('',#14128);
#10610=LINE('',#14129,#14130);
#10611=CIRCLE('',#14131,0.02);
#10612=LINE('',#14132,#14133);
#10613=LINE('',#14134,#14135);
#10614=VERTEX_POINT('',#14136);
#10615=CIRCLE('',#14137,0.02);
#10616=VERTEX_POINT('',#14138);
#10617=LINE('',#14139,#14140);
#10618=VERTEX_POINT('',#14141);
#10619=LINE('',#14142,#14143);
#10620=VERTEX_POINT('',#14144);
#10621=LINE('',#14145,#14146);
#10622=CIRCLE('',#14147,0.02);
#10623=LINE('',#14148,#14149);
#10624=LINE('',#14150,#14151);
#10625=LINE('',#14152,#14153);
#10626=LINE('',#14154,#14155);
#10627=VERTEX_POINT('',#14156);
#10628=CIRCLE('',#14157,0.02);
#10629=VERTEX_POINT('',#14158);
#10630=LINE('',#14159,#14160);
#10631=VERTEX_POINT('',#14161);
#10632=LINE('',#14162,#14163);
#10633=VERTEX_POINT('',#14164);
#10634=LINE('',#14165,#14166);
#10635=CIRCLE('',#14167,0.02);
#10636=LINE('',#14168,#14169);
#10637=LINE('',#14170,#14171);
#10638=VERTEX_POINT('',#14172);
#10639=CIRCLE('',#14173,0.02);
#10640=VERTEX_POINT('',#14174);
#10641=LINE('',#14175,#14176);
#10642=VERTEX_POINT('',#14177);
#10643=LINE('',#14178,#14179);
#10644=VERTEX_POINT('',#14180);
#10645=LINE('',#14181,#14182);
#10646=CIRCLE('',#14183,0.02);
#10647=LINE('',#14184,#14185);
#10648=LINE('',#14186,#14187);
#10649=LINE('',#14188,#14189);
#10650=LINE('',#14190,#14191);
#10651=VERTEX_POINT('',#14192);
#10652=CIRCLE('',#14193,0.02);
#10653=VERTEX_POINT('',#14194);
#10654=LINE('',#14195,#14196);
#10655=VERTEX_POINT('',#14197);
#10656=LINE('',#14198,#14199);
#10657=VERTEX_POINT('',#14200);
#10658=LINE('',#14201,#14202);
#10659=CIRCLE('',#14203,0.02);
#10660=LINE('',#14204,#14205);
#10661=LINE('',#14206,#14207);
#10662=VERTEX_POINT('',#14208);
#10663=CIRCLE('',#14209,0.02);
#10664=VERTEX_POINT('',#14210);
#10665=LINE('',#14211,#14212);
#10666=VERTEX_POINT('',#14213);
#10667=LINE('',#14214,#14215);
#10668=VERTEX_POINT('',#14216);
#10669=LINE('',#14217,#14218);
#10670=CIRCLE('',#14219,0.02);
#10671=LINE('',#14220,#14221);
#10672=LINE('',#14222,#14223);
#10673=LINE('',#14224,#14225);
#10674=LINE('',#14226,#14227);
#10675=VERTEX_POINT('',#14228);
#10676=CIRCLE('',#14229,0.02);
#10677=VERTEX_POINT('',#14230);
#10678=LINE('',#14231,#14232);
#10679=VERTEX_POINT('',#14233);
#10680=LINE('',#14234,#14235);
#10681=VERTEX_POINT('',#14236);
#10682=LINE('',#14237,#14238);
#10683=CIRCLE('',#14239,0.02);
#10684=LINE('',#14240,#14241);
#10685=LINE('',#14242,#14243);
#10686=VERTEX_POINT('',#14244);
#10687=CIRCLE('',#14245,0.02);
#10688=VERTEX_POINT('',#14246);
#10689=LINE('',#14247,#14248);
#10690=VERTEX_POINT('',#14249);
#10691=LINE('',#14250,#14251);
#10692=VERTEX_POINT('',#14252);
#10693=LINE('',#14253,#14254);
#10694=CIRCLE('',#14255,0.02);
#10695=LINE('',#14256,#14257);
#10696=LINE('',#14258,#14259);
#10697=LINE('',#14260,#14261);
#10698=LINE('',#14262,#14263);
#10699=VERTEX_POINT('',#14264);
#10700=CIRCLE('',#14265,0.02);
#10701=VERTEX_POINT('',#14266);
#10702=LINE('',#14267,#14268);
#10703=VERTEX_POINT('',#14269);
#10704=LINE('',#14270,#14271);
#10705=VERTEX_POINT('',#14272);
#10706=LINE('',#14273,#14274);
#10707=CIRCLE('',#14275,0.02);
#10708=LINE('',#14276,#14277);
#10709=LINE('',#14278,#14279);
#10710=VERTEX_POINT('',#14280);
#10711=CIRCLE('',#14281,0.02);
#10712=VERTEX_POINT('',#14282);
#10713=LINE('',#14283,#14284);
#10714=VERTEX_POINT('',#14285);
#10715=LINE('',#14286,#14287);
#10716=VERTEX_POINT('',#14288);
#10717=LINE('',#14289,#14290);
#10718=CIRCLE('',#14291,0.02);
#10719=LINE('',#14292,#14293);
#10720=LINE('',#14294,#14295);
#10721=LINE('',#14296,#14297);
#10722=LINE('',#14298,#14299);
#10723=VERTEX_POINT('',#14300);
#10724=LINE('',#14301,#14302);
#10725=VERTEX_POINT('',#14303);
#10726=LINE('',#14304,#14305);
#10727=LINE('',#14306,#14307);
#10728=LINE('',#14308,#14309);
#10729=VERTEX_POINT('',#14310);
#10730=CIRCLE('',#14311,0.02);
#10731=VERTEX_POINT('',#14312);
#10732=LINE('',#14313,#14314);
#10733=VERTEX_POINT('',#14315);
#10734=LINE('',#14316,#14317);
#10735=VERTEX_POINT('',#14318);
#10736=LINE('',#14319,#14320);
#10737=CIRCLE('',#14321,0.02);
#10738=LINE('',#14322,#14323);
#10739=VERTEX_POINT('',#14324);
#10740=CIRCLE('',#14325,0.02);
#10741=VERTEX_POINT('',#14326);
#10742=LINE('',#14327,#14328);
#10743=VERTEX_POINT('',#14329);
#10744=LINE('',#14330,#14331);
#10745=VERTEX_POINT('',#14332);
#10746=LINE('',#14333,#14334);
#10747=CIRCLE('',#14335,0.02);
#10748=LINE('',#14336,#14337);
#10749=LINE('',#14338,#14339);
#10750=LINE('',#14340,#14341);
#10751=LINE('',#14342,#14343);
#10752=VERTEX_POINT('',#14344);
#10753=LINE('',#14345,#14346);
#10754=VERTEX_POINT('',#14347);
#10755=LINE('',#14348,#14349);
#10756=LINE('',#14350,#14351);
#10757=LINE('',#14352,#14353);
#10758=VERTEX_POINT('',#14354);
#10759=CIRCLE('',#14355,0.02);
#10760=VERTEX_POINT('',#14356);
#10761=LINE('',#14357,#14358);
#10762=VERTEX_POINT('',#14359);
#10763=LINE('',#14360,#14361);
#10764=VERTEX_POINT('',#14362);
#10765=LINE('',#14363,#14364);
#10766=CIRCLE('',#14365,0.02);
#10767=LINE('',#14366,#14367);
#10768=VERTEX_POINT('',#14368);
#10769=CIRCLE('',#14369,0.02);
#10770=VERTEX_POINT('',#14370);
#10771=LINE('',#14371,#14372);
#10772=VERTEX_POINT('',#14373);
#10773=LINE('',#14374,#14375);
#10774=VERTEX_POINT('',#14376);
#10775=LINE('',#14377,#14378);
#10776=CIRCLE('',#14379,0.02);
#10777=LINE('',#14380,#14381);
#10778=LINE('',#14382,#14383);
#10779=LINE('',#14384,#14385);
#10780=LINE('',#14386,#14387);
#10781=VERTEX_POINT('',#14388);
#10782=LINE('',#14389,#14390);
#10783=VERTEX_POINT('',#14391);
#10784=LINE('',#14392,#14393);
#10785=LINE('',#14394,#14395);
#10786=LINE('',#14396,#14397);
#10787=VERTEX_POINT('',#14398);
#10788=CIRCLE('',#14399,0.02);
#10789=VERTEX_POINT('',#14400);
#10790=LINE('',#14401,#14402);
#10791=VERTEX_POINT('',#14403);
#10792=LINE('',#14404,#14405);
#10793=VERTEX_POINT('',#14406);
#10794=LINE('',#14407,#14408);
#10795=CIRCLE('',#14409,0.02);
#10796=LINE('',#14410,#14411);
#10797=VERTEX_POINT('',#14412);
#10798=CIRCLE('',#14413,0.02);
#10799=VERTEX_POINT('',#14414);
#10800=LINE('',#14415,#14416);
#10801=VERTEX_POINT('',#14417);
#10802=LINE('',#14418,#14419);
#10803=VERTEX_POINT('',#14420);
#10804=LINE('',#14421,#14422);
#10805=CIRCLE('',#14423,0.02);
#10806=LINE('',#14424,#14425);
#10807=LINE('',#14426,#14427);
#10808=LINE('',#14428,#14429);
#10809=LINE('',#14430,#14431);
#10810=VERTEX_POINT('',#14432);
#10811=LINE('',#14433,#14434);
#10812=VERTEX_POINT('',#14435);
#10813=LINE('',#14436,#14437);
#10814=LINE('',#14438,#14439);
#10815=LINE('',#14440,#14441);
#10816=VERTEX_POINT('',#14442);
#10817=CIRCLE('',#14443,0.02);
#10818=VERTEX_POINT('',#14444);
#10819=LINE('',#14445,#14446);
#10820=VERTEX_POINT('',#14447);
#10821=LINE('',#14448,#14449);
#10822=VERTEX_POINT('',#14450);
#10823=LINE('',#14451,#14452);
#10824=CIRCLE('',#14453,0.02);
#10825=LINE('',#14454,#14455);
#10826=VERTEX_POINT('',#14456);
#10827=CIRCLE('',#14457,0.02);
#10828=VERTEX_POINT('',#14458);
#10829=LINE('',#14459,#14460);
#10830=VERTEX_POINT('',#14461);
#10831=LINE('',#14462,#14463);
#10832=VERTEX_POINT('',#14464);
#10833=LINE('',#14465,#14466);
#10834=CIRCLE('',#14467,0.02);
#10835=LINE('',#14468,#14469);
#10836=LINE('',#14470,#14471);
#10837=LINE('',#14472,#14473);
#10838=LINE('',#14474,#14475);
#10839=VERTEX_POINT('',#14476);
#10840=LINE('',#14477,#14478);
#10841=VERTEX_POINT('',#14479);
#10842=LINE('',#14480,#14481);
#10843=LINE('',#14482,#14483);
#10844=LINE('',#14484,#14485);
#10845=VERTEX_POINT('',#14486);
#10846=CIRCLE('',#14487,0.02);
#10847=VERTEX_POINT('',#14488);
#10848=LINE('',#14489,#14490);
#10849=VERTEX_POINT('',#14491);
#10850=LINE('',#14492,#14493);
#10851=VERTEX_POINT('',#14494);
#10852=LINE('',#14495,#14496);
#10853=CIRCLE('',#14497,0.02);
#10854=LINE('',#14498,#14499);
#10855=VERTEX_POINT('',#14500);
#10856=CIRCLE('',#14501,0.02);
#10857=VERTEX_POINT('',#14502);
#10858=LINE('',#14503,#14504);
#10859=VERTEX_POINT('',#14505);
#10860=LINE('',#14506,#14507);
#10861=VERTEX_POINT('',#14508);
#10862=LINE('',#14509,#14510);
#10863=CIRCLE('',#14511,0.02);
#10864=LINE('',#14512,#14513);
#10865=LINE('',#14514,#14515);
#10866=LINE('',#14516,#14517);
#10867=LINE('',#14518,#14519);
#10868=CARTESIAN_POINT('',(0.475,-0.603333333333334,0.06));
#10869=CARTESIAN_POINT('',(0.475,-0.590000000000001,0.04));
#10870=CARTESIAN_POINT('',(0.475,-0.630000000000001,0.1));
#10871=VECTOR('',#14520,1.0);
#10872=CARTESIAN_POINT('',(0.435,-0.630000000000001,0.1));
#10873=CARTESIAN_POINT('',(0.954545454545454,-0.283636363636361,-0.419545454545461));
#10874=VECTOR('',#14521,1.0);
#10875=CARTESIAN_POINT('',(0.265000000000012,-0.630000000000001,0.1));
#10876=CARTESIAN_POINT('',(1.705,-0.630000000000001,0.1));
#10877=VECTOR('',#14522,1.0);
#10878=CARTESIAN_POINT('',(0.225,-0.603333333333334,0.06));
#10879=CARTESIAN_POINT('',(0.854090909090924,-1.02272727272727,0.689090909090905));
#10880=VECTOR('',#14523,1.0);
#10881=CARTESIAN_POINT('',(0.225,-0.590000000000001,0.04));
#10882=CARTESIAN_POINT('',(0.225,-0.630000000000001,0.1));
#10883=VECTOR('',#14524,1.0);
#10884=CARTESIAN_POINT('',(1.705,-0.590000000000001,0.04));
#10885=VECTOR('',#14525,1.0);
#10886=CARTESIAN_POINT('',(0.125,-0.603333333333334,0.06));
#10887=CARTESIAN_POINT('',(0.125,-0.590000000000001,0.04));
#10888=CARTESIAN_POINT('',(0.125,-0.630000000000001,0.1));
#10889=VECTOR('',#14526,1.0);
#10890=CARTESIAN_POINT('',(0.085,-0.630000000000001,0.1));
#10891=CARTESIAN_POINT('',(0.747727272727274,-0.188181818181815,-0.562727272727279));
#10892=VECTOR('',#14527,1.0);
#10893=CARTESIAN_POINT('',(-0.084999999999987,-0.630000000000001,0.0999999999999999));
#10894=CARTESIAN_POINT('',(1.705,-0.630000000000001,0.1));
#10895=VECTOR('',#14528,1.0);
#10896=CARTESIAN_POINT('',(-0.125,-0.603333333333334,0.06));
#10897=CARTESIAN_POINT('',(0.647272727272744,-1.11818181818182,0.832272727272723));
#10898=VECTOR('',#14529,1.0);
#10899=CARTESIAN_POINT('',(-0.125,-0.590000000000001,0.04));
#10900=CARTESIAN_POINT('',(-0.125,-0.630000000000001,0.1));
#10901=VECTOR('',#14530,1.0);
#10902=CARTESIAN_POINT('',(1.705,-0.590000000000001,0.04));
#10903=VECTOR('',#14531,1.0);
#10904=CARTESIAN_POINT('',(-0.225,-0.603333333333334,0.06));
#10905=CARTESIAN_POINT('',(-0.225,-0.590000000000001,0.04));
#10906=CARTESIAN_POINT('',(-0.225,-0.630000000000001,0.1));
#10907=VECTOR('',#14532,1.0);
#10908=CARTESIAN_POINT('',(-0.265,-0.630000000000001,0.1));
#10909=CARTESIAN_POINT('',(0.540909090909094,-0.0927272727272695,-0.705909090909097));
#10910=VECTOR('',#14533,1.0);
#10911=CARTESIAN_POINT('',(-0.434999999999988,-0.630000000000001,0.0999999999999999));
#10912=CARTESIAN_POINT('',(1.705,-0.630000000000001,0.1));
#10913=VECTOR('',#14534,1.0);
#10914=CARTESIAN_POINT('',(-0.475,-0.603333333333334,0.06));
#10915=CARTESIAN_POINT('',(0.440454545454564,-1.21363636363636,0.975454545454542));
#10916=VECTOR('',#14535,1.0);
#10917=CARTESIAN_POINT('',(-0.475,-0.590000000000001,0.04));
#10918=CARTESIAN_POINT('',(-0.475,-0.630000000000001,0.1));
#10919=VECTOR('',#14536,1.0);
#10920=CARTESIAN_POINT('',(1.705,-0.590000000000001,0.04));
#10921=VECTOR('',#14537,1.0);
#10922=CARTESIAN_POINT('',(-0.575,-0.603333333333334,0.06));
#10923=CARTESIAN_POINT('',(-0.575,-0.590000000000001,0.04));
#10924=CARTESIAN_POINT('',(-0.575,-0.630000000000001,0.1));
#10925=VECTOR('',#14538,1.0);
#10926=CARTESIAN_POINT('',(-0.615,-0.630000000000001,0.1));
#10927=CARTESIAN_POINT('',(0.334090909090914,0.0027272727272762,-0.849090909090916));
#10928=VECTOR('',#14539,1.0);
#10929=CARTESIAN_POINT('',(-0.784999999999987,-0.630000000000001,0.0999999999999999));
#10930=CARTESIAN_POINT('',(1.705,-0.630000000000001,0.1));
#10931=VECTOR('',#14540,1.0);
#10932=CARTESIAN_POINT('',(-0.825,-0.603333333333334,0.06));
#10933=CARTESIAN_POINT('',(0.233636363636384,-1.30909090909091,1.11863636363636));
#10934=VECTOR('',#14541,1.0);
#10935=CARTESIAN_POINT('',(-0.825,-0.590000000000001,0.04));
#10936=CARTESIAN_POINT('',(-0.825,-0.630000000000001,0.1));
#10937=VECTOR('',#14542,1.0);
#10938=CARTESIAN_POINT('',(1.705,-0.590000000000001,0.04));
#10939=VECTOR('',#14543,1.0);
#10940=CARTESIAN_POINT('',(-0.925,-0.603333333333334,0.06));
#10941=CARTESIAN_POINT('',(-0.925,-0.590000000000001,0.04));
#10942=CARTESIAN_POINT('',(-0.925,-0.630000000000001,0.1));
#10943=VECTOR('',#14544,1.0);
#10944=CARTESIAN_POINT('',(-0.965,-0.630000000000001,0.1));
#10945=CARTESIAN_POINT('',(0.127272727272733,0.0981818181818218,-0.992272727272734));
#10946=VECTOR('',#14545,1.0);
#10947=CARTESIAN_POINT('',(-1.115,-0.63,0.0999999999999977));
#10948=CARTESIAN_POINT('',(1.705,-0.630000000000001,0.1));
#10949=VECTOR('',#14546,1.0);
#10950=CARTESIAN_POINT('',(-1.115,-0.590000000000001,0.04));
#10951=CARTESIAN_POINT('',(-1.115,-0.630000000000001,0.1));
#10952=VECTOR('',#14547,1.0);
#10953=CARTESIAN_POINT('',(1.705,-0.590000000000001,0.04));
#10954=VECTOR('',#14548,1.0);
#10955=CARTESIAN_POINT('',(0.435,0.630000000000001,0.1));
#10956=CARTESIAN_POINT('',(0.265000000000001,0.630000000000001,0.0999999999999999));
#10957=CARTESIAN_POINT('',(1.705,0.630000000000001,0.1));
#10958=VECTOR('',#14549,1.0);
#10959=CARTESIAN_POINT('',(0.475,0.603333333333334,0.0599999999999997));
#10960=CARTESIAN_POINT('',(0.989999999999998,0.260000000000001,-0.455));
#10961=VECTOR('',#14550,1.0);
#10962=CARTESIAN_POINT('',(0.475,0.590000000000001,0.04));
#10963=CARTESIAN_POINT('',(0.475,0.590000000000001,0.04));
#10964=VECTOR('',#14551,1.0);
#10965=CARTESIAN_POINT('',(0.225,0.590000000000001,0.04));
#10966=CARTESIAN_POINT('',(1.705,0.590000000000001,0.04));
#10967=VECTOR('',#14552,1.0);
#10968=CARTESIAN_POINT('',(0.225,0.603333333333335,0.0600000000000001));
#10969=CARTESIAN_POINT('',(0.225,0.590000000000001,0.04));
#10970=VECTOR('',#14553,1.0);
#10971=CARTESIAN_POINT('',(0.818636363636362,0.99909090909091,0.653636363636363));
#10972=VECTOR('',#14554,1.0);
#10973=CARTESIAN_POINT('',(0.0850000000000002,0.630000000000001,0.1));
#10974=CARTESIAN_POINT('',(-0.0849999999999993,0.630000000000001,0.0999999999999999));
#10975=CARTESIAN_POINT('',(1.705,0.630000000000001,0.1));
#10976=VECTOR('',#14555,1.0);
#10977=CARTESIAN_POINT('',(0.125,0.603333333333334,0.0599999999999997));
#10978=CARTESIAN_POINT('',(0.783181818181816,0.164545454545456,-0.598181818181818));
#10979=VECTOR('',#14556,1.0);
#10980=CARTESIAN_POINT('',(0.125,0.590000000000001,0.04));
#10981=CARTESIAN_POINT('',(0.125,0.590000000000001,0.04));
#10982=VECTOR('',#14557,1.0);
#10983=CARTESIAN_POINT('',(-0.125,0.590000000000001,0.04));
#10984=CARTESIAN_POINT('',(1.705,0.590000000000001,0.04));
#10985=VECTOR('',#14558,1.0);
#10986=CARTESIAN_POINT('',(-0.125,0.603333333333335,0.0600000000000001));
#10987=CARTESIAN_POINT('',(-0.125,0.590000000000001,0.04));
#10988=VECTOR('',#14559,1.0);
#10989=CARTESIAN_POINT('',(0.61181818181818,1.09454545454546,0.796818181818181));
#10990=VECTOR('',#14560,1.0);
#10991=CARTESIAN_POINT('',(-0.265,0.630000000000001,0.1));
#10992=CARTESIAN_POINT('',(-0.434999999999999,0.630000000000001,0.0999999999999999));
#10993=CARTESIAN_POINT('',(1.705,0.630000000000001,0.1));
#10994=VECTOR('',#14561,1.0);
#10995=CARTESIAN_POINT('',(-0.225,0.603333333333334,0.0599999999999997));
#10996=CARTESIAN_POINT('',(0.576363636363634,0.0690909090909104,-0.741363636363636));
#10997=VECTOR('',#14562,1.0);
#10998=CARTESIAN_POINT('',(-0.225,0.590000000000001,0.04));
#10999=CARTESIAN_POINT('',(-0.225,0.590000000000001,0.04));
#11000=VECTOR('',#14563,1.0);
#11001=CARTESIAN_POINT('',(-0.475,0.590000000000001,0.04));
#11002=CARTESIAN_POINT('',(1.705,0.590000000000001,0.04));
#11003=VECTOR('',#14564,1.0);
#11004=CARTESIAN_POINT('',(-0.475,0.603333333333335,0.0600000000000001));
#11005=CARTESIAN_POINT('',(-0.475,0.590000000000001,0.04));
#11006=VECTOR('',#14565,1.0);
#11007=CARTESIAN_POINT('',(0.404999999999998,1.19,0.939999999999999));
#11008=VECTOR('',#14566,1.0);
#11009=CARTESIAN_POINT('',(-0.615,0.630000000000001,0.1));
#11010=CARTESIAN_POINT('',(-0.784999999999999,0.630000000000001,0.0999999999999999));
#11011=CARTESIAN_POINT('',(1.705,0.630000000000001,0.1));
#11012=VECTOR('',#14567,1.0);
#11013=CARTESIAN_POINT('',(-0.575,0.603333333333334,0.0599999999999997));
#11014=CARTESIAN_POINT('',(0.369545454545452,-0.026363636363635,-0.884545454545454));
#11015=VECTOR('',#14568,1.0);
#11016=CARTESIAN_POINT('',(-0.575,0.590000000000001,0.04));
#11017=CARTESIAN_POINT('',(-0.575,0.590000000000001,0.04));
#11018=VECTOR('',#14569,1.0);
#11019=CARTESIAN_POINT('',(-0.825,0.590000000000001,0.04));
#11020=CARTESIAN_POINT('',(1.705,0.590000000000001,0.04));
#11021=VECTOR('',#14570,1.0);
#11022=CARTESIAN_POINT('',(-0.825,0.603333333333335,0.0600000000000001));
#11023=CARTESIAN_POINT('',(-0.825,0.590000000000001,0.04));
#11024=VECTOR('',#14571,1.0);
#11025=CARTESIAN_POINT('',(0.198181818181816,1.28545454545455,1.08318181818182));
#11026=VECTOR('',#14572,1.0);
#11027=CARTESIAN_POINT('',(-0.965,0.630000000000001,0.1));
#11028=CARTESIAN_POINT('',(-1.115,0.629999999999999,0.0999999999999974));
#11029=CARTESIAN_POINT('',(1.705,0.630000000000001,0.1));
#11030=VECTOR('',#14573,1.0);
#11031=CARTESIAN_POINT('',(-0.925,0.603333333333334,0.0599999999999997));
#11032=CARTESIAN_POINT('',(0.162727272727269,-0.121818181818181,-1.02772727272727));
#11033=VECTOR('',#14574,1.0);
#11034=CARTESIAN_POINT('',(-0.925,0.590000000000001,0.04));
#11035=CARTESIAN_POINT('',(-0.925,0.590000000000001,0.04));
#11036=VECTOR('',#14575,1.0);
#11037=CARTESIAN_POINT('',(-1.115,0.590000000000001,0.04));
#11038=CARTESIAN_POINT('',(1.705,0.590000000000001,0.04));
#11039=VECTOR('',#14576,1.0);
#11040=CARTESIAN_POINT('',(-1.115,0.590000000000001,0.04));
#11041=VECTOR('',#14577,1.0);
#11042=CARTESIAN_POINT('',(-0.825,0.630000000000003,0.0600000000000001));
#11043=CARTESIAN_POINT('',(-0.925,0.630000000000003,0.0600000000000001));
#11044=CARTESIAN_POINT('',(-0.824999999999999,0.630000000000003,0.06));
#11045=VECTOR('',#14578,1.0);
#11046=CARTESIAN_POINT('',(-0.825,0.779999999999992,0.06));
#11047=CARTESIAN_POINT('',(-0.825,0.779999999999992,0.06));
#11048=VECTOR('',#14579,1.0);
#11049=CARTESIAN_POINT('',(-0.925,0.779999999999992,0.06));
#11050=CARTESIAN_POINT('',(-0.825,0.779999999999992,0.06));
#11051=VECTOR('',#14580,1.0);
#11052=CARTESIAN_POINT('',(-0.925,0.779999999999992,0.06));
#11053=VECTOR('',#14581,1.0);
#11054=CARTESIAN_POINT('',(-0.475,0.630000000000003,0.0600000000000001));
#11055=CARTESIAN_POINT('',(-0.575,0.630000000000003,0.0600000000000001));
#11056=CARTESIAN_POINT('',(-0.474999999999999,0.630000000000003,0.06));
#11057=VECTOR('',#14582,1.0);
#11058=CARTESIAN_POINT('',(-0.475,0.779999999999992,0.06));
#11059=CARTESIAN_POINT('',(-0.475,0.779999999999992,0.06));
#11060=VECTOR('',#14583,1.0);
#11061=CARTESIAN_POINT('',(-0.575,0.779999999999992,0.06));
#11062=CARTESIAN_POINT('',(-0.475,0.779999999999992,0.06));
#11063=VECTOR('',#14584,1.0);
#11064=CARTESIAN_POINT('',(-0.575,0.779999999999992,0.06));
#11065=VECTOR('',#14585,1.0);
#11066=CARTESIAN_POINT('',(-0.125,0.630000000000003,0.0600000000000001));
#11067=CARTESIAN_POINT('',(-0.225,0.630000000000003,0.0600000000000001));
#11068=CARTESIAN_POINT('',(-0.124999999999999,0.630000000000003,0.06));
#11069=VECTOR('',#14586,1.0);
#11070=CARTESIAN_POINT('',(-0.125,0.779999999999992,0.06));
#11071=CARTESIAN_POINT('',(-0.125,0.779999999999992,0.06));
#11072=VECTOR('',#14587,1.0);
#11073=CARTESIAN_POINT('',(-0.225,0.779999999999992,0.06));
#11074=CARTESIAN_POINT('',(-0.125,0.779999999999992,0.06));
#11075=VECTOR('',#14588,1.0);
#11076=CARTESIAN_POINT('',(-0.225,0.779999999999992,0.06));
#11077=VECTOR('',#14589,1.0);
#11078=CARTESIAN_POINT('',(0.225,0.630000000000003,0.0600000000000001));
#11079=CARTESIAN_POINT('',(0.125,0.630000000000003,0.0600000000000001));
#11080=CARTESIAN_POINT('',(0.225000000000001,0.630000000000003,0.06));
#11081=VECTOR('',#14590,1.0);
#11082=CARTESIAN_POINT('',(0.225,0.779999999999992,0.06));
#11083=CARTESIAN_POINT('',(0.225,0.779999999999992,0.06));
#11084=VECTOR('',#14591,1.0);
#11085=CARTESIAN_POINT('',(0.125,0.779999999999992,0.06));
#11086=CARTESIAN_POINT('',(0.225,0.779999999999992,0.06));
#11087=VECTOR('',#14592,1.0);
#11088=CARTESIAN_POINT('',(0.125,0.779999999999992,0.06));
#11089=VECTOR('',#14593,1.0);
#11090=CARTESIAN_POINT('',(0.575,0.630000000000003,0.0600000000000001));
#11091=CARTESIAN_POINT('',(0.475,0.630000000000003,0.0600000000000001));
#11092=CARTESIAN_POINT('',(0.575000000000001,0.630000000000003,0.06));
#11093=VECTOR('',#14594,1.0);
#11094=CARTESIAN_POINT('',(0.575,0.779999999999992,0.06));
#11095=CARTESIAN_POINT('',(0.575,0.779999999999992,0.06));
#11096=VECTOR('',#14595,1.0);
#11097=CARTESIAN_POINT('',(0.475,0.779999999999992,0.06));
#11098=CARTESIAN_POINT('',(0.575,0.779999999999992,0.06));
#11099=VECTOR('',#14596,1.0);
#11100=CARTESIAN_POINT('',(0.475,0.779999999999992,0.06));
#11101=VECTOR('',#14597,1.0);
#11102=CARTESIAN_POINT('',(0.475,-0.590000000000001,0.0));
#11103=CARTESIAN_POINT('',(0.475,-0.590000000000001,0.04));
#11104=VECTOR('',#14598,1.0);
#11105=CARTESIAN_POINT('',(0.225,-0.590000000000001,1.38777878078145E-17));
#11106=CARTESIAN_POINT('',(0.225,-0.590000000000001,0.04));
#11107=VECTOR('',#14599,1.0);
#11108=CARTESIAN_POINT('',(1.705,-0.590000000000001,0.0));
#11109=VECTOR('',#14600,1.0);
#11110=CARTESIAN_POINT('',(0.125,-0.590000000000001,0.0));
#11111=CARTESIAN_POINT('',(0.125,-0.590000000000001,0.04));
#11112=VECTOR('',#14601,1.0);
#11113=CARTESIAN_POINT('',(-0.125,-0.590000000000001,1.38777878078145E-17));
#11114=CARTESIAN_POINT('',(-0.125,-0.590000000000001,0.04));
#11115=VECTOR('',#14602,1.0);
#11116=CARTESIAN_POINT('',(1.705,-0.590000000000001,0.0));
#11117=VECTOR('',#14603,1.0);
#11118=CARTESIAN_POINT('',(-0.225,-0.590000000000001,0.0));
#11119=CARTESIAN_POINT('',(-0.225,-0.590000000000001,0.04));
#11120=VECTOR('',#14604,1.0);
#11121=CARTESIAN_POINT('',(-0.475,-0.590000000000001,1.38777878078145E-17));
#11122=CARTESIAN_POINT('',(-0.475,-0.590000000000001,0.04));
#11123=VECTOR('',#14605,1.0);
#11124=CARTESIAN_POINT('',(1.705,-0.590000000000001,0.0));
#11125=VECTOR('',#14606,1.0);
#11126=CARTESIAN_POINT('',(-0.575,-0.590000000000001,0.0));
#11127=CARTESIAN_POINT('',(-0.575,-0.590000000000001,0.04));
#11128=VECTOR('',#14607,1.0);
#11129=CARTESIAN_POINT('',(-0.825,-0.590000000000001,1.38777878078145E-17));
#11130=CARTESIAN_POINT('',(-0.825,-0.590000000000001,0.04));
#11131=VECTOR('',#14608,1.0);
#11132=CARTESIAN_POINT('',(1.705,-0.590000000000001,0.0));
#11133=VECTOR('',#14609,1.0);
#11134=CARTESIAN_POINT('',(-0.925,-0.590000000000001,0.0));
#11135=CARTESIAN_POINT('',(-0.925,-0.590000000000001,0.04));
#11136=VECTOR('',#14610,1.0);
#11137=CARTESIAN_POINT('',(-1.115,-0.590000000000001,-3.43848600802543E-17));
#11138=CARTESIAN_POINT('',(-1.115,-0.590000000000001,0.04));
#11139=VECTOR('',#14611,1.0);
#11140=CARTESIAN_POINT('',(1.705,-0.590000000000001,0.0));
#11141=VECTOR('',#14612,1.0);
#11142=CARTESIAN_POINT('',(0.475,0.590000000000001,1.38777878078145E-17));
#11143=CARTESIAN_POINT('',(0.475,0.590000000000001,0.0));
#11144=VECTOR('',#14613,1.0);
#11145=CARTESIAN_POINT('',(0.225,0.590000000000001,4.64036822096838E-16));
#11146=CARTESIAN_POINT('',(1.705,0.590000000000001,4.64036822096838E-16));
#11147=VECTOR('',#14614,1.0);
#11148=CARTESIAN_POINT('',(0.225,0.590000000000001,0.0));
#11149=VECTOR('',#14615,1.0);
#11150=CARTESIAN_POINT('',(0.125,0.590000000000001,1.38777878078145E-17));
#11151=CARTESIAN_POINT('',(0.125,0.590000000000001,0.0));
#11152=VECTOR('',#14616,1.0);
#11153=CARTESIAN_POINT('',(-0.125,0.590000000000001,4.64036822096838E-16));
#11154=CARTESIAN_POINT('',(1.705,0.590000000000001,4.64036822096838E-16));
#11155=VECTOR('',#14617,1.0);
#11156=CARTESIAN_POINT('',(-0.125,0.590000000000001,0.0));
#11157=VECTOR('',#14618,1.0);
#11158=CARTESIAN_POINT('',(-0.225,0.590000000000001,1.38777878078145E-17));
#11159=CARTESIAN_POINT('',(-0.225,0.590000000000001,0.0));
#11160=VECTOR('',#14619,1.0);
#11161=CARTESIAN_POINT('',(-0.475,0.590000000000001,4.64036822096838E-16));
#11162=CARTESIAN_POINT('',(1.705,0.590000000000001,4.64036822096838E-16));
#11163=VECTOR('',#14620,1.0);
#11164=CARTESIAN_POINT('',(-0.475,0.590000000000001,0.0));
#11165=VECTOR('',#14621,1.0);
#11166=CARTESIAN_POINT('',(-0.575,0.590000000000001,1.38777878078145E-17));
#11167=CARTESIAN_POINT('',(-0.575,0.590000000000001,0.0));
#11168=VECTOR('',#14622,1.0);
#11169=CARTESIAN_POINT('',(-0.825,0.590000000000001,4.64036822096838E-16));
#11170=CARTESIAN_POINT('',(1.705,0.590000000000001,4.64036822096838E-16));
#11171=VECTOR('',#14623,1.0);
#11172=CARTESIAN_POINT('',(-0.825,0.590000000000001,0.0));
#11173=VECTOR('',#14624,1.0);
#11174=CARTESIAN_POINT('',(-0.925,0.590000000000001,1.38777878078145E-17));
#11175=CARTESIAN_POINT('',(-0.925,0.590000000000001,0.0));
#11176=VECTOR('',#14625,1.0);
#11177=CARTESIAN_POINT('',(-1.115,0.590000000000001,3.43848600802543E-17));
#11178=CARTESIAN_POINT('',(1.705,0.590000000000001,4.64036822096838E-16));
#11179=VECTOR('',#14626,1.0);
#11180=CARTESIAN_POINT('',(-1.115,0.590000000000001,0.0));
#11181=VECTOR('',#14627,1.0);
#11182=CARTESIAN_POINT('',(0.415,-0.629999999999992,0.37));
#11183=CARTESIAN_POINT('',(0.415,-0.585,0.35));
#11184=CARTESIAN_POINT('',(0.415,-0.629999999999992,0.37));
#11185=VECTOR('',#14628,1.0);
#11186=CARTESIAN_POINT('',(0.285,-0.629999999999992,0.37));
#11187=CARTESIAN_POINT('',(1.705,-0.629999999999992,0.37));
#11188=VECTOR('',#14629,1.0);
#11189=CARTESIAN_POINT('',(0.285,-0.585,0.35));
#11190=CARTESIAN_POINT('',(0.285,-0.629999999999992,0.37));
#11191=VECTOR('',#14630,1.0);
#11192=CARTESIAN_POINT('',(1.705,-0.585,0.35));
#11193=VECTOR('',#14631,1.0);
#11194=CARTESIAN_POINT('',(0.0650000000000001,-0.629999999999992,0.37));
#11195=CARTESIAN_POINT('',(0.0650000000000002,-0.585,0.35));
#11196=CARTESIAN_POINT('',(0.0650000000000002,-0.629999999999992,0.37));
#11197=VECTOR('',#14632,1.0);
#11198=CARTESIAN_POINT('',(-0.0649999999999999,-0.629999999999992,0.37));
#11199=CARTESIAN_POINT('',(1.705,-0.629999999999992,0.37));
#11200=VECTOR('',#14633,1.0);
#11201=CARTESIAN_POINT('',(-0.0649999999999999,-0.585,0.35));
#11202=CARTESIAN_POINT('',(-0.0649999999999999,-0.629999999999992,0.37));
#11203=VECTOR('',#14634,1.0);
#11204=CARTESIAN_POINT('',(1.705,-0.585,0.35));
#11205=VECTOR('',#14635,1.0);
#11206=CARTESIAN_POINT('',(-0.285,-0.629999999999992,0.37));
#11207=CARTESIAN_POINT('',(-0.285,-0.585,0.35));
#11208=CARTESIAN_POINT('',(-0.285,-0.629999999999992,0.37));
#11209=VECTOR('',#14636,1.0);
#11210=CARTESIAN_POINT('',(-0.415,-0.629999999999992,0.37));
#11211=CARTESIAN_POINT('',(1.705,-0.629999999999992,0.37));
#11212=VECTOR('',#14637,1.0);
#11213=CARTESIAN_POINT('',(-0.415,-0.585,0.35));
#11214=CARTESIAN_POINT('',(-0.415,-0.629999999999992,0.37));
#11215=VECTOR('',#14638,1.0);
#11216=CARTESIAN_POINT('',(1.705,-0.585,0.35));
#11217=VECTOR('',#14639,1.0);
#11218=CARTESIAN_POINT('',(-0.635,-0.629999999999992,0.37));
#11219=CARTESIAN_POINT('',(-0.635,-0.585,0.35));
#11220=CARTESIAN_POINT('',(-0.635,-0.629999999999992,0.37));
#11221=VECTOR('',#14640,1.0);
#11222=CARTESIAN_POINT('',(-0.765,-0.629999999999992,0.37));
#11223=CARTESIAN_POINT('',(1.705,-0.629999999999992,0.37));
#11224=VECTOR('',#14641,1.0);
#11225=CARTESIAN_POINT('',(-0.765,-0.585,0.35));
#11226=CARTESIAN_POINT('',(-0.765,-0.629999999999992,0.37));
#11227=VECTOR('',#14642,1.0);
#11228=CARTESIAN_POINT('',(1.705,-0.585,0.35));
#11229=VECTOR('',#14643,1.0);
#11230=CARTESIAN_POINT('',(-0.985,-0.629999999999992,0.37));
#11231=CARTESIAN_POINT('',(-0.985,-0.585,0.35));
#11232=CARTESIAN_POINT('',(-0.985,-0.629999999999992,0.37));
#11233=VECTOR('',#14644,1.0);
#11234=CARTESIAN_POINT('',(-1.115,-0.63,0.370000000000004));
#11235=CARTESIAN_POINT('',(1.705,-0.629999999999992,0.37));
#11236=VECTOR('',#14645,1.0);
#11237=CARTESIAN_POINT('',(-1.115,-0.585,0.35));
#11238=CARTESIAN_POINT('',(-1.115,-0.629999999999992,0.37));
#11239=VECTOR('',#14646,1.0);
#11240=CARTESIAN_POINT('',(1.705,-0.585,0.35));
#11241=VECTOR('',#14647,1.0);
#11242=CARTESIAN_POINT('',(0.415,-0.585,0.14));
#11243=CARTESIAN_POINT('',(0.415,-0.585,0.35));
#11244=VECTOR('',#14648,1.0);
#11245=CARTESIAN_POINT('',(0.285,-0.585,0.14));
#11246=CARTESIAN_POINT('',(0.285,-0.585,0.35));
#11247=VECTOR('',#14649,1.0);
#11248=CARTESIAN_POINT('',(0.635,-0.585,0.14));
#11249=VECTOR('',#14650,1.0);
#11250=CARTESIAN_POINT('',(0.0650000000000001,-0.585,0.14));
#11251=CARTESIAN_POINT('',(0.0650000000000002,-0.585,0.35));
#11252=VECTOR('',#14651,1.0);
#11253=CARTESIAN_POINT('',(-0.0649999999999999,-0.585,0.14));
#11254=CARTESIAN_POINT('',(-0.0649999999999999,-0.585,0.35));
#11255=VECTOR('',#14652,1.0);
#11256=CARTESIAN_POINT('',(0.635,-0.585,0.14));
#11257=VECTOR('',#14653,1.0);
#11258=CARTESIAN_POINT('',(-0.285,-0.585,0.14));
#11259=CARTESIAN_POINT('',(-0.285,-0.585,0.35));
#11260=VECTOR('',#14654,1.0);
#11261=CARTESIAN_POINT('',(-0.415,-0.585,0.14));
#11262=CARTESIAN_POINT('',(-0.415,-0.585,0.35));
#11263=VECTOR('',#14655,1.0);
#11264=CARTESIAN_POINT('',(0.635,-0.585,0.14));
#11265=VECTOR('',#14656,1.0);
#11266=CARTESIAN_POINT('',(-0.635,-0.585,0.28));
#11267=CARTESIAN_POINT('',(-0.635,-0.585,0.35));
#11268=VECTOR('',#14657,1.0);
#11269=CARTESIAN_POINT('',(-0.765,-0.585,0.28));
#11270=CARTESIAN_POINT('',(-0.765,-0.585,0.35));
#11271=VECTOR('',#14658,1.0);
#11272=CARTESIAN_POINT('',(1.705,-0.584999999999987,0.28));
#11273=VECTOR('',#14659,1.0);
#11274=CARTESIAN_POINT('',(-0.985,-0.585,0.28));
#11275=CARTESIAN_POINT('',(-0.985,-0.585,0.35));
#11276=VECTOR('',#14660,1.0);
#11277=CARTESIAN_POINT('',(-1.115,-0.584999999999987,0.28));
#11278=CARTESIAN_POINT('',(-1.115,-0.585,0.35));
#11279=VECTOR('',#14661,1.0);
#11280=CARTESIAN_POINT('',(1.705,-0.584999999999987,0.28));
#11281=VECTOR('',#14662,1.0);
#11282=CARTESIAN_POINT('',(0.635,-0.63,0.235));
#11283=CARTESIAN_POINT('',(0.635,-0.614999999999992,0.268541019662504));
#11284=AXIS2_PLACEMENT_3D('',#14663,#14664,#14665);
#11285=CARTESIAN_POINT('',(0.635,-0.614999999999992,0.14));
#11286=CARTESIAN_POINT('',(0.635,-0.614999999999992,0.34));
#11287=VECTOR('',#14666,1.0);
#11288=CARTESIAN_POINT('',(0.635,-0.629999999999999,0.14));
#11289=CARTESIAN_POINT('',(0.635,-0.629999999999999,0.14));
#11290=VECTOR('',#14667,1.0);
#11291=CARTESIAN_POINT('',(0.635,-0.629999999999999,0.29));
#11292=VECTOR('',#14668,1.0);
#11293=CARTESIAN_POINT('',(0.415,-0.614999999999992,0.14));
#11294=CARTESIAN_POINT('',(0.635,-0.614999999999992,0.14));
#11295=VECTOR('',#14669,1.0);
#11296=CARTESIAN_POINT('',(0.415,-0.614999999999992,0.14));
#11297=VECTOR('',#14670,1.0);
#11298=CARTESIAN_POINT('',(0.285,-0.614999999999992,0.14));
#11299=CARTESIAN_POINT('',(0.285,-0.614999999999992,0.14));
#11300=VECTOR('',#14671,1.0);
#11301=CARTESIAN_POINT('',(0.0650000000000001,-0.614999999999992,0.14));
#11302=CARTESIAN_POINT('',(0.285,-0.614999999999992,0.14));
#11303=VECTOR('',#14672,1.0);
#11304=CARTESIAN_POINT('',(0.0650000000000001,-0.614999999999992,0.14));
#11305=VECTOR('',#14673,1.0);
#11306=CARTESIAN_POINT('',(-0.0649999999999999,-0.614999999999992,0.14));
#11307=CARTESIAN_POINT('',(-0.0649999999999999,-0.614999999999992,0.14));
#11308=VECTOR('',#14674,1.0);
#11309=CARTESIAN_POINT('',(-0.285,-0.614999999999992,0.14));
#11310=CARTESIAN_POINT('',(-0.0649999999999999,-0.614999999999992,0.14));
#11311=VECTOR('',#14675,1.0);
#11312=CARTESIAN_POINT('',(-0.285,-0.614999999999992,0.14));
#11313=VECTOR('',#14676,1.0);
#11314=CARTESIAN_POINT('',(-0.415,-0.614999999999992,0.14));
#11315=CARTESIAN_POINT('',(-0.415,-0.614999999999992,0.14));
#11316=VECTOR('',#14677,1.0);
#11317=CARTESIAN_POINT('',(-0.635,-0.614999999999992,0.14));
#11318=CARTESIAN_POINT('',(-0.415,-0.614999999999992,0.14));
#11319=VECTOR('',#14678,1.0);
#11320=CARTESIAN_POINT('',(-0.635,-0.629999999999999,0.14));
#11321=CARTESIAN_POINT('',(-0.635,-0.585,0.14));
#11322=VECTOR('',#14679,1.0);
#11323=CARTESIAN_POINT('',(-0.635,-0.629999999999999,0.14));
#11324=VECTOR('',#14680,1.0);
#11325=CARTESIAN_POINT('',(0.415,0.585,0.14));
#11326=CARTESIAN_POINT('',(0.415,0.585,0.35));
#11327=CARTESIAN_POINT('',(0.415,0.584999999999987,0.28));
#11328=VECTOR('',#14681,1.0);
#11329=CARTESIAN_POINT('',(0.285,0.585,0.14));
#11330=CARTESIAN_POINT('',(-0.635,0.585,0.14));
#11331=VECTOR('',#14682,1.0);
#11332=CARTESIAN_POINT('',(0.285,0.585,0.35));
#11333=CARTESIAN_POINT('',(0.285,0.584999999999987,0.28));
#11334=VECTOR('',#14683,1.0);
#11335=CARTESIAN_POINT('',(1.705,0.585,0.35));
#11336=VECTOR('',#14684,1.0);
#11337=CARTESIAN_POINT('',(0.0650000000000001,0.585,0.14));
#11338=CARTESIAN_POINT('',(0.0650000000000002,0.585,0.35));
#11339=CARTESIAN_POINT('',(0.0650000000000002,0.584999999999987,0.28));
#11340=VECTOR('',#14685,1.0);
#11341=CARTESIAN_POINT('',(-0.0649999999999999,0.585,0.14));
#11342=CARTESIAN_POINT('',(-0.635,0.585,0.14));
#11343=VECTOR('',#14686,1.0);
#11344=CARTESIAN_POINT('',(-0.0649999999999999,0.585,0.35));
#11345=CARTESIAN_POINT('',(-0.0649999999999999,0.584999999999987,0.28));
#11346=VECTOR('',#14687,1.0);
#11347=CARTESIAN_POINT('',(1.705,0.585,0.35));
#11348=VECTOR('',#14688,1.0);
#11349=CARTESIAN_POINT('',(-0.285,0.585,0.14));
#11350=CARTESIAN_POINT('',(-0.285,0.585,0.35));
#11351=CARTESIAN_POINT('',(-0.285,0.584999999999987,0.28));
#11352=VECTOR('',#14689,1.0);
#11353=CARTESIAN_POINT('',(-0.415,0.585,0.14));
#11354=CARTESIAN_POINT('',(-0.635,0.585,0.14));
#11355=VECTOR('',#14690,1.0);
#11356=CARTESIAN_POINT('',(-0.415,0.585,0.35));
#11357=CARTESIAN_POINT('',(-0.415,0.584999999999987,0.28));
#11358=VECTOR('',#14691,1.0);
#11359=CARTESIAN_POINT('',(1.705,0.585,0.35));
#11360=VECTOR('',#14692,1.0);
#11361=CARTESIAN_POINT('',(-0.635,0.585,0.28));
#11362=CARTESIAN_POINT('',(-0.635,0.585,0.35));
#11363=CARTESIAN_POINT('',(-0.635,0.584999999999987,0.28));
#11364=VECTOR('',#14693,1.0);
#11365=CARTESIAN_POINT('',(-0.765,0.585,0.28));
#11366=CARTESIAN_POINT('',(1.705,0.585,0.28));
#11367=VECTOR('',#14694,1.0);
#11368=CARTESIAN_POINT('',(-0.765,0.585,0.35));
#11369=CARTESIAN_POINT('',(-0.765,0.584999999999987,0.28));
#11370=VECTOR('',#14695,1.0);
#11371=CARTESIAN_POINT('',(1.705,0.585,0.35));
#11372=VECTOR('',#14696,1.0);
#11373=CARTESIAN_POINT('',(-0.985,0.585,0.28));
#11374=CARTESIAN_POINT('',(-0.985,0.585,0.35));
#11375=CARTESIAN_POINT('',(-0.985,0.584999999999987,0.28));
#11376=VECTOR('',#14697,1.0);
#11377=CARTESIAN_POINT('',(-1.115,0.584999999999987,0.28));
#11378=CARTESIAN_POINT('',(1.705,0.585,0.28));
#11379=VECTOR('',#14698,1.0);
#11380=CARTESIAN_POINT('',(-1.115,0.585,0.35));
#11381=CARTESIAN_POINT('',(-1.115,0.584999999999987,0.28));
#11382=VECTOR('',#14699,1.0);
#11383=CARTESIAN_POINT('',(1.705,0.585,0.35));
#11384=VECTOR('',#14700,1.0);
#11385=CARTESIAN_POINT('',(0.415,0.629999999999992,0.37));
#11386=CARTESIAN_POINT('',(0.415,0.585,0.35));
#11387=VECTOR('',#14701,1.0);
#11388=CARTESIAN_POINT('',(0.285,0.629999999999992,0.37));
#11389=CARTESIAN_POINT('',(0.285,0.585,0.35));
#11390=VECTOR('',#14702,1.0);
#11391=CARTESIAN_POINT('',(1.705,0.629999999999992,0.37));
#11392=VECTOR('',#14703,1.0);
#11393=CARTESIAN_POINT('',(0.0650000000000001,0.629999999999992,0.37));
#11394=CARTESIAN_POINT('',(0.0650000000000002,0.585,0.35));
#11395=VECTOR('',#14704,1.0);
#11396=CARTESIAN_POINT('',(-0.0649999999999999,0.629999999999992,0.37));
#11397=CARTESIAN_POINT('',(-0.0649999999999999,0.585,0.35));
#11398=VECTOR('',#14705,1.0);
#11399=CARTESIAN_POINT('',(1.705,0.629999999999992,0.37));
#11400=VECTOR('',#14706,1.0);
#11401=CARTESIAN_POINT('',(-0.285,0.629999999999992,0.37));
#11402=CARTESIAN_POINT('',(-0.285,0.585,0.35));
#11403=VECTOR('',#14707,1.0);
#11404=CARTESIAN_POINT('',(-0.415,0.629999999999992,0.37));
#11405=CARTESIAN_POINT('',(-0.415,0.585,0.35));
#11406=VECTOR('',#14708,1.0);
#11407=CARTESIAN_POINT('',(1.705,0.629999999999992,0.37));
#11408=VECTOR('',#14709,1.0);
#11409=CARTESIAN_POINT('',(-0.635,0.629999999999992,0.37));
#11410=CARTESIAN_POINT('',(-0.635,0.585,0.35));
#11411=VECTOR('',#14710,1.0);
#11412=CARTESIAN_POINT('',(-0.765,0.629999999999992,0.37));
#11413=CARTESIAN_POINT('',(-0.765,0.585,0.35));
#11414=VECTOR('',#14711,1.0);
#11415=CARTESIAN_POINT('',(1.705,0.629999999999992,0.37));
#11416=VECTOR('',#14712,1.0);
#11417=CARTESIAN_POINT('',(-0.985,0.629999999999992,0.37));
#11418=CARTESIAN_POINT('',(-0.985,0.585,0.35));
#11419=VECTOR('',#14713,1.0);
#11420=CARTESIAN_POINT('',(-1.115,0.63,0.37));
#11421=CARTESIAN_POINT('',(-1.115,0.585,0.35));
#11422=VECTOR('',#14714,1.0);
#11423=CARTESIAN_POINT('',(1.705,0.629999999999992,0.37));
#11424=VECTOR('',#14715,1.0);
#11425=CARTESIAN_POINT('',(-0.765,0.614999999999992,0.14));
#11426=CARTESIAN_POINT('',(-0.985,0.614999999999992,0.14));
#11427=CARTESIAN_POINT('',(-0.765,0.614999999999992,0.14));
#11428=VECTOR('',#14716,1.0);
#11429=CARTESIAN_POINT('',(-0.765,0.629999999999999,0.14));
#11430=CARTESIAN_POINT('',(-0.765,0.585,0.14));
#11431=VECTOR('',#14717,1.0);
#11432=CARTESIAN_POINT('',(-0.985,0.629999999999999,0.14));
#11433=CARTESIAN_POINT('',(-0.985,0.629999999999999,0.14));
#11434=VECTOR('',#14718,1.0);
#11435=CARTESIAN_POINT('',(-0.985,0.585,0.14));
#11436=VECTOR('',#14719,1.0);
#11437=CARTESIAN_POINT('',(0.635,0.629999999999999,0.14));
#11438=CARTESIAN_POINT('',(0.635,0.614999999999992,0.14));
#11439=CARTESIAN_POINT('',(0.635,0.585,0.14));
#11440=VECTOR('',#14720,1.0);
#11441=CARTESIAN_POINT('',(0.635,0.614999999999992,0.268541019662504));
#11442=CARTESIAN_POINT('',(0.635,0.614999999999992,0.14));
#11443=VECTOR('',#14721,1.0);
#11444=CARTESIAN_POINT('',(0.635,0.629999999999999,0.235));
#11445=AXIS2_PLACEMENT_3D('',#14722,#14723,#14724);
#11446=CARTESIAN_POINT('',(0.635,0.629999999999999,0.29));
#11447=VECTOR('',#14725,1.0);
#11448=CARTESIAN_POINT('',(0.415,0.614999999999992,0.14));
#11449=CARTESIAN_POINT('',(0.415,0.539999999999992,0.14));
#11450=VECTOR('',#14726,1.0);
#11451=CARTESIAN_POINT('',(0.635,0.614999999999992,0.14));
#11452=VECTOR('',#14727,1.0);
#11453=CARTESIAN_POINT('',(-0.635,0.629999999999999,0.14));
#11454=CARTESIAN_POINT('',(0.635,0.629999999999999,0.14));
#11455=VECTOR('',#14728,1.0);
#11456=CARTESIAN_POINT('',(-0.635,0.614999999999992,0.14));
#11457=CARTESIAN_POINT('',(-0.635,0.629999999999999,0.14));
#11458=VECTOR('',#14729,1.0);
#11459=CARTESIAN_POINT('',(-0.415,0.614999999999992,0.14));
#11460=CARTESIAN_POINT('',(-0.415,0.614999999999992,0.14));
#11461=VECTOR('',#14730,1.0);
#11462=CARTESIAN_POINT('',(-0.415,0.539999999999992,0.14));
#11463=VECTOR('',#14731,1.0);
#11464=CARTESIAN_POINT('',(-0.285,0.614999999999992,0.14));
#11465=CARTESIAN_POINT('',(-0.285,0.539999999999992,0.14));
#11466=VECTOR('',#14732,1.0);
#11467=CARTESIAN_POINT('',(-0.0649999999999999,0.614999999999992,0.14));
#11468=CARTESIAN_POINT('',(-0.0649999999999999,0.614999999999992,0.14));
#11469=VECTOR('',#14733,1.0);
#11470=CARTESIAN_POINT('',(-0.0649999999999999,0.539999999999992,0.14));
#11471=VECTOR('',#14734,1.0);
#11472=CARTESIAN_POINT('',(0.0650000000000001,0.614999999999992,0.14));
#11473=CARTESIAN_POINT('',(0.0650000000000001,0.539999999999992,0.14));
#11474=VECTOR('',#14735,1.0);
#11475=CARTESIAN_POINT('',(0.285,0.614999999999992,0.14));
#11476=CARTESIAN_POINT('',(0.285,0.614999999999992,0.14));
#11477=VECTOR('',#14736,1.0);
#11478=CARTESIAN_POINT('',(0.285,0.539999999999992,0.14));
#11479=VECTOR('',#14737,1.0);
#11480=CARTESIAN_POINT('',(0.925000000000001,0.630000000000003,0.06));
#11481=CARTESIAN_POINT('',(0.825,0.630000000000003,0.06));
#11482=CARTESIAN_POINT('',(0.925000000000001,0.630000000000003,0.06));
#11483=VECTOR('',#14738,1.0);
#11484=CARTESIAN_POINT('',(0.925,0.779999999999992,0.06));
#11485=CARTESIAN_POINT('',(0.925,0.779999999999992,0.06));
#11486=VECTOR('',#14739,1.0);
#11487=CARTESIAN_POINT('',(0.825,0.779999999999992,0.06));
#11488=CARTESIAN_POINT('',(0.925,0.779999999999992,0.06));
#11489=VECTOR('',#14740,1.0);
#11490=CARTESIAN_POINT('',(0.825,0.779999999999992,0.06));
#11491=VECTOR('',#14741,1.0);
#11492=CARTESIAN_POINT('',(0.785,-0.630000000000002,0.0999999999999878));
#11493=CARTESIAN_POINT('',(0.615000000000013,-0.630000000000001,0.1));
#11494=CARTESIAN_POINT('',(1.705,-0.630000000000001,0.1));
#11495=VECTOR('',#14742,1.0);
#11496=CARTESIAN_POINT('',(0.575,-0.603333333333334,0.06));
#11497=CARTESIAN_POINT('',(1.0609090909091,-0.927272727272726,0.545909090909086));
#11498=VECTOR('',#14743,1.0);
#11499=CARTESIAN_POINT('',(0.575,-0.590000000000001,0.04));
#11500=CARTESIAN_POINT('',(0.575,-0.630000000000001,0.1));
#11501=VECTOR('',#14744,1.0);
#11502=CARTESIAN_POINT('',(0.825,-0.590000000000001,0.04));
#11503=CARTESIAN_POINT('',(1.705,-0.590000000000001,0.04));
#11504=VECTOR('',#14745,1.0);
#11505=CARTESIAN_POINT('',(0.825,-0.603333333333334,0.0599999999999881));
#11506=CARTESIAN_POINT('',(0.825,-0.630000000000001,0.1));
#11507=VECTOR('',#14746,1.0);
#11508=CARTESIAN_POINT('',(1.16136363636363,-0.379090909090906,-0.276363636363642));
#11509=VECTOR('',#14747,1.0);
#11510=CARTESIAN_POINT('',(0.575,0.590000000000001,0.04));
#11511=CARTESIAN_POINT('',(0.575,0.603333333333335,0.0600000000000001));
#11512=CARTESIAN_POINT('',(0.575,0.590000000000001,0.04));
#11513=VECTOR('',#14748,1.0);
#11514=CARTESIAN_POINT('',(0.615000000000001,0.630000000000001,0.0999999999999999));
#11515=CARTESIAN_POINT('',(1.02545454545454,0.903636363636365,0.510454545454545));
#11516=VECTOR('',#14749,1.0);
#11517=CARTESIAN_POINT('',(0.785,0.630000000000001,0.0999999999999999));
#11518=CARTESIAN_POINT('',(1.705,0.630000000000001,0.1));
#11519=VECTOR('',#14750,1.0);
#11520=CARTESIAN_POINT('',(0.825,0.603333333333334,0.0599999999999997));
#11521=CARTESIAN_POINT('',(1.19681818181818,0.355454545454547,-0.311818181818182));
#11522=VECTOR('',#14751,1.0);
#11523=CARTESIAN_POINT('',(0.825,0.590000000000001,0.04));
#11524=CARTESIAN_POINT('',(0.825,0.590000000000001,0.04));
#11525=VECTOR('',#14752,1.0);
#11526=CARTESIAN_POINT('',(1.705,0.590000000000001,0.04));
#11527=VECTOR('',#14753,1.0);
#11528=CARTESIAN_POINT('',(0.575,-0.590000000000001,1.38777878078145E-17));
#11529=CARTESIAN_POINT('',(0.575,-0.590000000000001,0.04));
#11530=VECTOR('',#14754,1.0);
#11531=CARTESIAN_POINT('',(0.825,-0.590000000000001,1.38777878078145E-17));
#11532=CARTESIAN_POINT('',(1.705,-0.590000000000001,0.0));
#11533=VECTOR('',#14755,1.0);
#11534=CARTESIAN_POINT('',(0.825,-0.590000000000001,0.04));
#11535=VECTOR('',#14756,1.0);
#11536=CARTESIAN_POINT('',(0.825,0.590000000000001,4.64036822096838E-16));
#11537=CARTESIAN_POINT('',(0.575,0.590000000000001,4.64036822096838E-16));
#11538=CARTESIAN_POINT('',(1.705,0.590000000000001,4.64036822096838E-16));
#11539=VECTOR('',#14757,1.0);
#11540=CARTESIAN_POINT('',(0.575,0.590000000000001,0.0));
#11541=VECTOR('',#14758,1.0);
#11542=CARTESIAN_POINT('',(0.825,0.590000000000001,0.0));
#11543=VECTOR('',#14759,1.0);
#11544=CARTESIAN_POINT('',(0.765,-0.629999999999992,0.37));
#11545=CARTESIAN_POINT('',(0.635,-0.629999999999992,0.37));
#11546=CARTESIAN_POINT('',(1.705,-0.629999999999992,0.37));
#11547=VECTOR('',#14760,1.0);
#11548=CARTESIAN_POINT('',(0.635,-0.585,0.35));
#11549=CARTESIAN_POINT('',(0.635,-0.629999999999992,0.37));
#11550=VECTOR('',#14761,1.0);
#11551=CARTESIAN_POINT('',(0.765,-0.585,0.35));
#11552=CARTESIAN_POINT('',(1.705,-0.585,0.35));
#11553=VECTOR('',#14762,1.0);
#11554=CARTESIAN_POINT('',(0.765,-0.629999999999992,0.37));
#11555=VECTOR('',#14763,1.0);
#11556=CARTESIAN_POINT('',(0.635,-0.585,0.28));
#11557=CARTESIAN_POINT('',(0.635,-0.585,0.35));
#11558=VECTOR('',#14764,1.0);
#11559=CARTESIAN_POINT('',(0.765,-0.584999999999987,0.28));
#11560=CARTESIAN_POINT('',(1.705,-0.584999999999987,0.28));
#11561=VECTOR('',#14765,1.0);
#11562=CARTESIAN_POINT('',(0.765,-0.585,0.35));
#11563=VECTOR('',#14766,1.0);
#11564=CARTESIAN_POINT('',(0.985,-0.614999999999992,0.14));
#11565=CARTESIAN_POINT('',(0.985,-0.629999999999999,0.14));
#11566=CARTESIAN_POINT('',(0.985,-0.629999999999999,0.14));
#11567=VECTOR('',#14767,1.0);
#11568=CARTESIAN_POINT('',(0.765,-0.614999999999992,0.14));
#11569=CARTESIAN_POINT('',(0.985,-0.614999999999992,0.14));
#11570=VECTOR('',#14768,1.0);
#11571=CARTESIAN_POINT('',(0.765,-0.629999999999999,0.14));
#11572=CARTESIAN_POINT('',(0.765,-0.629999999999999,0.14));
#11573=VECTOR('',#14769,1.0);
#11574=CARTESIAN_POINT('',(0.985,-0.629999999999999,0.14));
#11575=VECTOR('',#14770,1.0);
#11576=CARTESIAN_POINT('',(0.765,0.585,0.28));
#11577=CARTESIAN_POINT('',(0.635,0.585,0.28));
#11578=CARTESIAN_POINT('',(1.705,0.585,0.28));
#11579=VECTOR('',#14771,1.0);
#11580=CARTESIAN_POINT('',(0.635,0.585,0.35));
#11581=CARTESIAN_POINT('',(0.635,0.584999999999987,0.28));
#11582=VECTOR('',#14772,1.0);
#11583=CARTESIAN_POINT('',(0.765,0.585,0.35));
#11584=CARTESIAN_POINT('',(1.705,0.585,0.35));
#11585=VECTOR('',#14773,1.0);
#11586=CARTESIAN_POINT('',(0.765,0.584999999999987,0.28));
#11587=VECTOR('',#14774,1.0);
#11588=CARTESIAN_POINT('',(0.635,0.629999999999992,0.37));
#11589=CARTESIAN_POINT('',(0.635,0.585,0.35));
#11590=VECTOR('',#14775,1.0);
#11591=CARTESIAN_POINT('',(0.765,0.629999999999992,0.37));
#11592=CARTESIAN_POINT('',(1.705,0.629999999999992,0.37));
#11593=VECTOR('',#14776,1.0);
#11594=CARTESIAN_POINT('',(0.765,0.585,0.35));
#11595=VECTOR('',#14777,1.0);
#11596=CARTESIAN_POINT('',(-0.635,0.629999999999999,0.235));
#11597=CARTESIAN_POINT('',(-0.635,0.614999999999992,0.268541019662504));
#11598=AXIS2_PLACEMENT_3D('',#14778,#14779,#14780);
#11599=CARTESIAN_POINT('',(-0.765,0.63,0.235));
#11600=CARTESIAN_POINT('',(1.705,0.63,0.235));
#11601=VECTOR('',#14781,1.0);
#11602=CARTESIAN_POINT('',(-0.765,0.614999999999992,0.268541019662504));
#11603=AXIS2_PLACEMENT_3D('',#14782,#14783,#14784);
#11604=AXIS2_PLACEMENT_3D('',#14785,#14786,#14787);
#11605=AXIS2_PLACEMENT_3D('',#14788,#14789,#14790);
#11606=AXIS2_PLACEMENT_3D('',#14791,#14792,#14793);
#11607=CARTESIAN_POINT('',(0.765,0.614999999999992,0.268541019662504));
#11608=AXIS2_PLACEMENT_3D('',#14794,#14795,#14796);
#11609=CARTESIAN_POINT('',(0.765,0.63,0.235));
#11610=AXIS2_PLACEMENT_3D('',#14797,#14798,#14799);
#11611=CARTESIAN_POINT('',(1.705,0.63,0.235));
#11612=VECTOR('',#14800,1.0);
#11613=CARTESIAN_POINT('',(-0.635,-0.614999999999992,0.268541019662504));
#11614=AXIS2_PLACEMENT_3D('',#14801,#14802,#14803);
#11615=CARTESIAN_POINT('',(-0.765,-0.614999999999992,0.268541019662504));
#11616=AXIS2_PLACEMENT_3D('',#14804,#14805,#14806);
#11617=CARTESIAN_POINT('',(-0.765,-0.63,0.235));
#11618=AXIS2_PLACEMENT_3D('',#14807,#14808,#14809);
#11619=CARTESIAN_POINT('',(-0.635,-0.629999999999999,0.235));
#11620=CARTESIAN_POINT('',(1.705,-0.63,0.235));
#11621=VECTOR('',#14810,1.0);
#11622=AXIS2_PLACEMENT_3D('',#14811,#14812,#14813);
#11623=CARTESIAN_POINT('',(0.765,-0.63,0.235));
#11624=CARTESIAN_POINT('',(1.705,-0.63,0.235));
#11625=VECTOR('',#14814,1.0);
#11626=CARTESIAN_POINT('',(0.765,-0.614999999999992,0.268541019662504));
#11627=AXIS2_PLACEMENT_3D('',#14815,#14816,#14817);
#11628=AXIS2_PLACEMENT_3D('',#14818,#14819,#14820);
#11629=AXIS2_PLACEMENT_3D('',#14821,#14822,#14823);
#11630=CARTESIAN_POINT('',(0.655,-0.440000000000001,0.46));
#11631=CARTESIAN_POINT('',(0.395,-0.440000000000001,0.46));
#11632=CARTESIAN_POINT('',(1.705,-0.440000000000001,0.46));
#11633=VECTOR('',#14824,1.0);
#11634=CARTESIAN_POINT('',(0.655,-0.350000000000001,0.37));
#11635=AXIS2_PLACEMENT_3D('',#14825,#14826,#14827);
#11636=CARTESIAN_POINT('',(0.395,-0.350000000000001,0.37));
#11637=CARTESIAN_POINT('',(1.705,-0.350000000000001,0.37));
#11638=VECTOR('',#14828,1.0);
#11639=AXIS2_PLACEMENT_3D('',#14829,#14830,#14831);
#11640=CARTESIAN_POINT('',(0.305,-0.440000000000001,0.46));
#11641=CARTESIAN_POINT('',(0.0450000000000001,-0.440000000000001,0.46));
#11642=CARTESIAN_POINT('',(1.705,-0.440000000000001,0.46));
#11643=VECTOR('',#14832,1.0);
#11644=CARTESIAN_POINT('',(0.305,-0.350000000000001,0.37));
#11645=AXIS2_PLACEMENT_3D('',#14833,#14834,#14835);
#11646=CARTESIAN_POINT('',(0.0450000000000001,-0.350000000000001,0.37));
#11647=CARTESIAN_POINT('',(1.705,-0.350000000000001,0.37));
#11648=VECTOR('',#14836,1.0);
#11649=AXIS2_PLACEMENT_3D('',#14837,#14838,#14839);
#11650=CARTESIAN_POINT('',(-0.0449999999999999,-0.440000000000001,0.46));
#11651=CARTESIAN_POINT('',(-0.305,-0.440000000000001,0.46));
#11652=CARTESIAN_POINT('',(1.705,-0.440000000000001,0.46));
#11653=VECTOR('',#14840,1.0);
#11654=CARTESIAN_POINT('',(-0.0449999999999999,-0.350000000000001,0.37));
#11655=AXIS2_PLACEMENT_3D('',#14841,#14842,#14843);
#11656=CARTESIAN_POINT('',(-0.305,-0.350000000000001,0.37));
#11657=CARTESIAN_POINT('',(1.705,-0.350000000000001,0.37));
#11658=VECTOR('',#14844,1.0);
#11659=AXIS2_PLACEMENT_3D('',#14845,#14846,#14847);
#11660=CARTESIAN_POINT('',(-0.395,-0.440000000000001,0.46));
#11661=CARTESIAN_POINT('',(-0.655,-0.440000000000001,0.46));
#11662=CARTESIAN_POINT('',(1.705,-0.440000000000001,0.46));
#11663=VECTOR('',#14848,1.0);
#11664=CARTESIAN_POINT('',(-0.395,-0.350000000000001,0.37));
#11665=AXIS2_PLACEMENT_3D('',#14849,#14850,#14851);
#11666=CARTESIAN_POINT('',(-0.655,-0.350000000000001,0.37));
#11667=CARTESIAN_POINT('',(1.705,-0.350000000000001,0.37));
#11668=VECTOR('',#14852,1.0);
#11669=AXIS2_PLACEMENT_3D('',#14853,#14854,#14855);
#11670=CARTESIAN_POINT('',(-0.745,-0.440000000000001,0.46));
#11671=CARTESIAN_POINT('',(-1.005,-0.440000000000001,0.46));
#11672=CARTESIAN_POINT('',(1.705,-0.440000000000001,0.46));
#11673=VECTOR('',#14856,1.0);
#11674=CARTESIAN_POINT('',(-0.745,-0.350000000000001,0.37));
#11675=AXIS2_PLACEMENT_3D('',#14857,#14858,#14859);
#11676=CARTESIAN_POINT('',(-1.005,-0.350000000000001,0.37));
#11677=CARTESIAN_POINT('',(1.705,-0.350000000000001,0.37));
#11678=VECTOR('',#14860,1.0);
#11679=AXIS2_PLACEMENT_3D('',#14861,#14862,#14863);
#11680=CARTESIAN_POINT('',(-1.095,-0.440000000000001,0.46));
#11681=CARTESIAN_POINT('',(-1.115,-0.440000000000001,0.46));
#11682=CARTESIAN_POINT('',(1.705,-0.440000000000001,0.46));
#11683=VECTOR('',#14864,1.0);
#11684=CARTESIAN_POINT('',(-1.095,-0.350000000000001,0.37));
#11685=AXIS2_PLACEMENT_3D('',#14865,#14866,#14867);
#11686=CARTESIAN_POINT('',(-1.135,-0.350000000000001,0.37));
#11687=CARTESIAN_POINT('',(1.705,-0.350000000000001,0.37));
#11688=VECTOR('',#14868,1.0);
#11689=CARTESIAN_POINT('',(-1.135,-0.35055728090001,0.38));
#11690=AXIS2_PLACEMENT_3D('',#14869,#14870,#14871);
#11691=CARTESIAN_POINT('',(-1.115,-0.35055728090001,0.38));
#11692=CARTESIAN_POINT('',(-1.115,-0.35055728090001,0.38));
#11693=VECTOR('',#14872,1.0);
#11694=AXIS2_PLACEMENT_3D('',#14873,#14874,#14875);
#11695=CARTESIAN_POINT('',(0.745,0.440000000000001,0.46));
#11696=CARTESIAN_POINT('',(1.005,0.440000000000001,0.46));
#11697=CARTESIAN_POINT('',(1.705,0.440000000000001,0.46));
#11698=VECTOR('',#14876,1.0);
#11699=CARTESIAN_POINT('',(0.745,0.350000000000001,0.37));
#11700=AXIS2_PLACEMENT_3D('',#14877,#14878,#14879);
#11701=CARTESIAN_POINT('',(1.005,0.350000000000001,0.37));
#11702=CARTESIAN_POINT('',(1.705,0.350000000000001,0.37));
#11703=VECTOR('',#14880,1.0);
#11704=AXIS2_PLACEMENT_3D('',#14881,#14882,#14883);
#11705=CARTESIAN_POINT('',(0.655,0.440000000000001,0.46));
#11706=CARTESIAN_POINT('',(0.655,0.350000000000001,0.37));
#11707=AXIS2_PLACEMENT_3D('',#14884,#14885,#14886);
#11708=CARTESIAN_POINT('',(0.395,0.440000000000001,0.46));
#11709=CARTESIAN_POINT('',(1.705,0.440000000000001,0.46));
#11710=VECTOR('',#14887,1.0);
#11711=CARTESIAN_POINT('',(0.395,0.350000000000001,0.37));
#11712=AXIS2_PLACEMENT_3D('',#14888,#14889,#14890);
#11713=CARTESIAN_POINT('',(1.705,0.350000000000001,0.37));
#11714=VECTOR('',#14891,1.0);
#11715=CARTESIAN_POINT('',(0.305,0.440000000000001,0.46));
#11716=CARTESIAN_POINT('',(0.305,0.350000000000001,0.37));
#11717=AXIS2_PLACEMENT_3D('',#14892,#14893,#14894);
#11718=CARTESIAN_POINT('',(0.0450000000000001,0.440000000000001,0.46));
#11719=CARTESIAN_POINT('',(1.705,0.440000000000001,0.46));
#11720=VECTOR('',#14895,1.0);
#11721=CARTESIAN_POINT('',(0.0450000000000001,0.350000000000001,0.37));
#11722=AXIS2_PLACEMENT_3D('',#14896,#14897,#14898);
#11723=CARTESIAN_POINT('',(1.705,0.350000000000001,0.37));
#11724=VECTOR('',#14899,1.0);
#11725=CARTESIAN_POINT('',(-0.0449999999999999,0.440000000000001,0.46));
#11726=CARTESIAN_POINT('',(-0.0449999999999999,0.350000000000001,0.37));
#11727=AXIS2_PLACEMENT_3D('',#14900,#14901,#14902);
#11728=CARTESIAN_POINT('',(-0.305,0.440000000000001,0.46));
#11729=CARTESIAN_POINT('',(1.705,0.440000000000001,0.46));
#11730=VECTOR('',#14903,1.0);
#11731=CARTESIAN_POINT('',(-0.305,0.350000000000001,0.37));
#11732=AXIS2_PLACEMENT_3D('',#14904,#14905,#14906);
#11733=CARTESIAN_POINT('',(1.705,0.350000000000001,0.37));
#11734=VECTOR('',#14907,1.0);
#11735=CARTESIAN_POINT('',(-0.395,0.440000000000001,0.46));
#11736=CARTESIAN_POINT('',(-0.395,0.350000000000001,0.37));
#11737=AXIS2_PLACEMENT_3D('',#14908,#14909,#14910);
#11738=CARTESIAN_POINT('',(-0.655,0.440000000000001,0.46));
#11739=CARTESIAN_POINT('',(1.705,0.440000000000001,0.46));
#11740=VECTOR('',#14911,1.0);
#11741=CARTESIAN_POINT('',(-0.655,0.350000000000001,0.37));
#11742=AXIS2_PLACEMENT_3D('',#14912,#14913,#14914);
#11743=CARTESIAN_POINT('',(1.705,0.350000000000001,0.37));
#11744=VECTOR('',#14915,1.0);
#11745=CARTESIAN_POINT('',(-0.745,0.440000000000001,0.46));
#11746=CARTESIAN_POINT('',(-0.745,0.350000000000001,0.37));
#11747=AXIS2_PLACEMENT_3D('',#14916,#14917,#14918);
#11748=CARTESIAN_POINT('',(-1.005,0.440000000000001,0.46));
#11749=CARTESIAN_POINT('',(1.705,0.440000000000001,0.46));
#11750=VECTOR('',#14919,1.0);
#11751=CARTESIAN_POINT('',(-1.005,0.350000000000001,0.37));
#11752=AXIS2_PLACEMENT_3D('',#14920,#14921,#14922);
#11753=CARTESIAN_POINT('',(1.705,0.350000000000001,0.37));
#11754=VECTOR('',#14923,1.0);
#11755=CARTESIAN_POINT('',(0.745,-0.440000000000001,0.46));
#11756=CARTESIAN_POINT('',(0.745,-0.350000000000001,0.37));
#11757=AXIS2_PLACEMENT_3D('',#14924,#14925,#14926);
#11758=CARTESIAN_POINT('',(1.005,-0.440000000000001,0.46));
#11759=CARTESIAN_POINT('',(1.705,-0.440000000000001,0.46));
#11760=VECTOR('',#14927,1.0);
#11761=CARTESIAN_POINT('',(1.005,-0.350000000000001,0.37));
#11762=AXIS2_PLACEMENT_3D('',#14928,#14929,#14930);
#11763=CARTESIAN_POINT('',(1.705,-0.350000000000001,0.37));
#11764=VECTOR('',#14931,1.0);
#11765=CARTESIAN_POINT('',(1.095,0.440000000000001,0.46));
#11766=CARTESIAN_POINT('',(1.115,0.440000000000001,0.46));
#11767=CARTESIAN_POINT('',(1.705,0.440000000000001,0.46));
#11768=VECTOR('',#14932,1.0);
#11769=CARTESIAN_POINT('',(1.095,0.350000000000001,0.37));
#11770=AXIS2_PLACEMENT_3D('',#14933,#14934,#14935);
#11771=CARTESIAN_POINT('',(1.135,0.350000000000001,0.37));
#11772=CARTESIAN_POINT('',(1.705,0.350000000000001,0.37));
#11773=VECTOR('',#14936,1.0);
#11774=CARTESIAN_POINT('',(1.135,0.35055728090001,0.38));
#11775=AXIS2_PLACEMENT_3D('',#14937,#14938,#14939);
#11776=CARTESIAN_POINT('',(1.115,0.35055728090001,0.38));
#11777=CARTESIAN_POINT('',(1.115,0.35055728090001,0.38));
#11778=VECTOR('',#14940,1.0);
#11779=AXIS2_PLACEMENT_3D('',#14941,#14942,#14943);
#11780=CARTESIAN_POINT('',(-0.985,0.63,0.235));
#11781=CARTESIAN_POINT('',(-0.985,0.614999999999992,0.268541019662504));
#11782=AXIS2_PLACEMENT_3D('',#14944,#14945,#14946);
#11783=CARTESIAN_POINT('',(-1.115,0.63,0.235));
#11784=CARTESIAN_POINT('',(1.705,0.63,0.235));
#11785=VECTOR('',#14947,1.0);
#11786=AXIS2_PLACEMENT_3D('',#14948,#14949,#14950);
#11787=AXIS2_PLACEMENT_3D('',#14951,#14952,#14953);
#11788=CARTESIAN_POINT('',(-0.985,-0.614999999999992,0.268541019662504));
#11789=AXIS2_PLACEMENT_3D('',#14954,#14955,#14956);
#11790=CARTESIAN_POINT('',(-1.115,-0.63,0.235));
#11791=AXIS2_PLACEMENT_3D('',#14957,#14958,#14959);
#11792=CARTESIAN_POINT('',(-0.985,-0.63,0.235));
#11793=CARTESIAN_POINT('',(1.705,-0.63,0.235));
#11794=VECTOR('',#14960,1.0);
#11795=AXIS2_PLACEMENT_3D('',#14961,#14962,#14963);
#11796=CARTESIAN_POINT('',(-1.625,-0.49,0.200000000000001));
#11797=CARTESIAN_POINT('',(-1.625,-0.49,0.38));
#11798=CARTESIAN_POINT('',(-1.625,-0.49,0.0));
#11799=VECTOR('',#14964,1.0);
#11800=CARTESIAN_POINT('',(-1.625,-0.09,0.200000000000001));
#11801=CARTESIAN_POINT('',(-1.625,-0.49,0.200000000000001));
#11802=VECTOR('',#14965,1.0);
#11803=CARTESIAN_POINT('',(-1.625,-0.09,0.0700000000000008));
#11804=CARTESIAN_POINT('',(-1.625,-0.09,0.200000000000001));
#11805=VECTOR('',#14966,1.0);
#11806=CARTESIAN_POINT('',(-1.625,0.09,0.0700000000000008));
#11807=CARTESIAN_POINT('',(-1.625,-0.09,0.0700000000000008));
#11808=VECTOR('',#14967,1.0);
#11809=CARTESIAN_POINT('',(-1.625,0.09,0.200000000000001));
#11810=CARTESIAN_POINT('',(-1.625,0.09,0.0700000000000008));
#11811=VECTOR('',#14968,1.0);
#11812=CARTESIAN_POINT('',(-1.625,0.49,0.200000000000001));
#11813=CARTESIAN_POINT('',(-1.625,0.09,0.200000000000001));
#11814=VECTOR('',#14969,1.0);
#11815=CARTESIAN_POINT('',(-1.625,0.49,0.38));
#11816=CARTESIAN_POINT('',(-1.625,0.49,0.0));
#11817=VECTOR('',#14970,1.0);
#11818=CARTESIAN_POINT('',(-1.625,0.54,0.38));
#11819=CARTESIAN_POINT('',(-1.625,0.54,0.38));
#11820=VECTOR('',#14971,1.0);
#11821=CARTESIAN_POINT('',(-1.625,0.54,0.18));
#11822=CARTESIAN_POINT('',(-1.625,0.54,0.18));
#11823=VECTOR('',#14972,1.0);
#11824=CARTESIAN_POINT('',(-1.625,0.109999999999997,0.18));
#11825=CARTESIAN_POINT('',(-1.625,0.109999999999997,0.18));
#11826=VECTOR('',#14973,1.0);
#11827=CARTESIAN_POINT('',(-1.625,0.109999999999997,0.0500000000000001));
#11828=CARTESIAN_POINT('',(-1.625,0.109999999999997,1.38777878078145E-16));
#11829=VECTOR('',#14974,1.0);
#11830=CARTESIAN_POINT('',(-1.625,-0.109999999999997,0.0500000000000001));
#11831=CARTESIAN_POINT('',(-1.625,0.0999999999999998,0.0500000000000001));
#11832=VECTOR('',#14975,1.0);
#11833=CARTESIAN_POINT('',(-1.625,-0.109999999999997,0.18));
#11834=CARTESIAN_POINT('',(-1.625,-0.109999999999997,0.18));
#11835=VECTOR('',#14976,1.0);
#11836=CARTESIAN_POINT('',(-1.625,-0.54,0.18));
#11837=CARTESIAN_POINT('',(-1.625,-0.54,0.18));
#11838=VECTOR('',#14977,1.0);
#11839=CARTESIAN_POINT('',(-1.625,-0.54,0.38));
#11840=CARTESIAN_POINT('',(-1.625,-0.54,0.38));
#11841=VECTOR('',#14978,1.0);
#11842=CARTESIAN_POINT('',(-1.625,0.54,0.38));
#11843=VECTOR('',#14979,1.0);
#11844=CARTESIAN_POINT('',(0.575,-0.78,-1.22464679914735E-18));
#11845=CARTESIAN_POINT('',(0.575,-0.78,1.38777878078145E-17));
#11846=VECTOR('',#14980,1.0);
#11847=CARTESIAN_POINT('',(0.475,-0.78,-1.22464679914735E-18));
#11848=CARTESIAN_POINT('',(0.575,-0.78,-1.22464679914735E-18));
#11849=VECTOR('',#14981,1.0);
#11850=CARTESIAN_POINT('',(0.475,-0.78,1.38777878078145E-17));
#11851=VECTOR('',#14982,1.0);
#11852=CARTESIAN_POINT('',(0.225,-0.78,-1.22464679914735E-18));
#11853=CARTESIAN_POINT('',(0.225,-0.78,1.38777878078145E-17));
#11854=VECTOR('',#14983,1.0);
#11855=CARTESIAN_POINT('',(0.125,-0.78,-1.22464679914735E-18));
#11856=CARTESIAN_POINT('',(0.225,-0.78,-1.22464679914735E-18));
#11857=VECTOR('',#14984,1.0);
#11858=CARTESIAN_POINT('',(0.125,-0.78,1.38777878078145E-17));
#11859=VECTOR('',#14985,1.0);
#11860=CARTESIAN_POINT('',(-0.125,-0.78,-1.22464679914735E-18));
#11861=CARTESIAN_POINT('',(-0.125,-0.78,1.38777878078145E-17));
#11862=VECTOR('',#14986,1.0);
#11863=CARTESIAN_POINT('',(-0.225,-0.78,-1.22464679914735E-18));
#11864=CARTESIAN_POINT('',(-0.125,-0.78,-1.22464679914735E-18));
#11865=VECTOR('',#14987,1.0);
#11866=CARTESIAN_POINT('',(-0.225,-0.78,1.38777878078145E-17));
#11867=VECTOR('',#14988,1.0);
#11868=CARTESIAN_POINT('',(-0.475,-0.78,-1.22464679914735E-18));
#11869=CARTESIAN_POINT('',(-0.475,-0.78,1.38777878078145E-17));
#11870=VECTOR('',#14989,1.0);
#11871=CARTESIAN_POINT('',(-0.575,-0.78,-1.22464679914735E-18));
#11872=CARTESIAN_POINT('',(-0.475,-0.78,-1.22464679914735E-18));
#11873=VECTOR('',#14990,1.0);
#11874=CARTESIAN_POINT('',(-0.575,-0.78,1.38777878078145E-17));
#11875=VECTOR('',#14991,1.0);
#11876=CARTESIAN_POINT('',(-0.825,-0.78,-1.22464679914735E-18));
#11877=CARTESIAN_POINT('',(-0.825,-0.78,1.38777878078145E-17));
#11878=VECTOR('',#14992,1.0);
#11879=CARTESIAN_POINT('',(-0.925,-0.78,-1.22464679914735E-18));
#11880=CARTESIAN_POINT('',(-0.825,-0.78,-1.22464679914735E-18));
#11881=VECTOR('',#14993,1.0);
#11882=CARTESIAN_POINT('',(-0.925,-0.78,1.38777878078145E-17));
#11883=VECTOR('',#14994,1.0);
#11884=CARTESIAN_POINT('',(-1.115,-0.54,-3.14708888870123E-17));
#11885=CARTESIAN_POINT('',(-1.115,-0.629999999999999,-3.67160370348477E-17));
#11886=VECTOR('',#14995,1.0);
#11887=CARTESIAN_POINT('',(-1.175,-0.54,2.56784725062356E-16));
#11888=CARTESIAN_POINT('',(-1.115,-0.54,-3.14708888870123E-17));
#11889=VECTOR('',#14996,1.0);
#11890=CARTESIAN_POINT('',(-1.175,-0.583431457505077,1.89735380184963E-16));
#11891=CARTESIAN_POINT('',(-1.175,0.083000000000002,6.12288911093131E-16));
#11892=VECTOR('',#14997,1.0);
#11893=CARTESIAN_POINT('',(-1.325,-0.583431457505077,1.89735380184963E-16));
#11894=CARTESIAN_POINT('',(-2.66,-0.583431457505077,8.6931395303668E-18));
#11895=VECTOR('',#14998,1.0);
#11896=CARTESIAN_POINT('',(-1.325,-0.54,2.61988895490287E-16));
#11897=CARTESIAN_POINT('',(-1.325,0.083000000000002,6.17493081521061E-16));
#11898=VECTOR('',#14999,1.0);
#11899=CARTESIAN_POINT('',(-1.655,-0.54,-3.14708888870123E-17));
#11900=CARTESIAN_POINT('',(-1.115,-0.54,-3.14708888870123E-17));
#11901=VECTOR('',#15000,1.0);
#11902=CARTESIAN_POINT('',(-1.705,-0.49,3.93251544149867E-17));
#11903=AXIS2_PLACEMENT_3D('',#15001,#15002,#15003);
#11904=CARTESIAN_POINT('',(-1.705,-0.35,8.12784587773778E-17));
#11905=CARTESIAN_POINT('',(-1.705,-0.590000000000001,0.0));
#11906=VECTOR('',#15004,1.0);
#11907=CARTESIAN_POINT('',(-1.455,-0.35,3.19652604818749E-16));
#11908=CARTESIAN_POINT('',(-1.455,-0.35,8.12784587773778E-17));
#11909=VECTOR('',#15005,1.0);
#11910=CARTESIAN_POINT('',(-1.205,-0.0999999999999999,1.55456244096389E-16));
#11911=AXIS2_PLACEMENT_3D('',#15006,#15007,#15008);
#11912=CARTESIAN_POINT('',(-1.205,0.0999999999999999,6.3014449141585E-17));
#11913=CARTESIAN_POINT('',(-1.205,0.0999999999999999,2.27210809863945E-16));
#11914=VECTOR('',#15009,1.0);
#11915=CARTESIAN_POINT('',(-1.455,0.35,3.01388595182956E-16));
#11916=AXIS2_PLACEMENT_3D('',#15010,#15011,#15012);
#11917=CARTESIAN_POINT('',(-1.705,0.35,3.01388595182956E-16));
#11918=CARTESIAN_POINT('',(-1.705,0.35,3.01388595182956E-16));
#11919=VECTOR('',#15013,1.0);
#11920=CARTESIAN_POINT('',(-1.705,0.49,4.24711667681851E-16));
#11921=CARTESIAN_POINT('',(-1.705,-0.590000000000001,0.0));
#11922=VECTOR('',#15014,1.0);
#11923=CARTESIAN_POINT('',(-1.655,0.54,5.42101086242752E-17));
#11924=AXIS2_PLACEMENT_3D('',#15015,#15016,#15017);
#11925=CARTESIAN_POINT('',(-1.325,0.54,5.42101086242752E-17));
#11926=CARTESIAN_POINT('',(-1.115,0.54,5.42101086242752E-17));
#11927=VECTOR('',#15018,1.0);
#11928=CARTESIAN_POINT('',(-1.325,0.583431457505076,2.49120295900961E-16));
#11929=CARTESIAN_POINT('',(-1.325,-0.083000000000002,6.17493081521061E-16));
#11930=VECTOR('',#15019,1.0);
#11931=CARTESIAN_POINT('',(-1.175,0.583431457505076,2.35567768744892E-16));
#11932=CARTESIAN_POINT('',(-2.66,0.583431457505076,4.65645310932041E-16));
#11933=VECTOR('',#15020,1.0);
#11934=CARTESIAN_POINT('',(-1.175,0.54,5.42101086242752E-17));
#11935=CARTESIAN_POINT('',(-1.175,-0.083000000000002,6.12288911093131E-16));
#11936=VECTOR('',#15021,1.0);
#11937=CARTESIAN_POINT('',(-1.115,0.54,5.42101086242752E-17));
#11938=CARTESIAN_POINT('',(-1.115,0.54,5.42101086242752E-17));
#11939=VECTOR('',#15022,1.0);
#11940=CARTESIAN_POINT('',(-1.115,0.54,3.14708888870123E-17));
#11941=VECTOR('',#15023,1.0);
#11942=CARTESIAN_POINT('',(-0.925,0.78,1.38777878078145E-17));
#11943=CARTESIAN_POINT('',(-0.925,0.35,1.38777878078145E-17));
#11944=VECTOR('',#15024,1.0);
#11945=CARTESIAN_POINT('',(-0.825,0.78,1.38777878078145E-17));
#11946=CARTESIAN_POINT('',(-0.825,0.78,1.38777878078145E-17));
#11947=VECTOR('',#15025,1.0);
#11948=CARTESIAN_POINT('',(-0.825,0.35,1.38777878078145E-17));
#11949=VECTOR('',#15026,1.0);
#11950=CARTESIAN_POINT('',(-0.575,0.78,1.38777878078145E-17));
#11951=CARTESIAN_POINT('',(-0.575,0.35,1.38777878078145E-17));
#11952=VECTOR('',#15027,1.0);
#11953=CARTESIAN_POINT('',(-0.475,0.78,1.38777878078145E-17));
#11954=CARTESIAN_POINT('',(-0.475,0.78,1.38777878078145E-17));
#11955=VECTOR('',#15028,1.0);
#11956=CARTESIAN_POINT('',(-0.475,0.35,1.38777878078145E-17));
#11957=VECTOR('',#15029,1.0);
#11958=CARTESIAN_POINT('',(-0.225,0.78,1.38777878078145E-17));
#11959=CARTESIAN_POINT('',(-0.225,0.35,1.38777878078145E-17));
#11960=VECTOR('',#15030,1.0);
#11961=CARTESIAN_POINT('',(-0.125,0.78,1.38777878078145E-17));
#11962=CARTESIAN_POINT('',(-0.125,0.78,1.38777878078145E-17));
#11963=VECTOR('',#15031,1.0);
#11964=CARTESIAN_POINT('',(-0.125,0.35,1.38777878078145E-17));
#11965=VECTOR('',#15032,1.0);
#11966=CARTESIAN_POINT('',(0.125,0.78,1.38777878078145E-17));
#11967=CARTESIAN_POINT('',(0.125,0.35,1.38777878078145E-17));
#11968=VECTOR('',#15033,1.0);
#11969=CARTESIAN_POINT('',(0.225,0.78,1.38777878078145E-17));
#11970=CARTESIAN_POINT('',(0.225,0.78,1.38777878078145E-17));
#11971=VECTOR('',#15034,1.0);
#11972=CARTESIAN_POINT('',(0.225,0.35,1.38777878078145E-17));
#11973=VECTOR('',#15035,1.0);
#11974=CARTESIAN_POINT('',(0.475,0.78,1.38777878078145E-17));
#11975=CARTESIAN_POINT('',(0.475,0.35,1.38777878078145E-17));
#11976=VECTOR('',#15036,1.0);
#11977=CARTESIAN_POINT('',(0.575,0.78,1.38777878078145E-17));
#11978=CARTESIAN_POINT('',(0.575,0.78,1.38777878078145E-17));
#11979=VECTOR('',#15037,1.0);
#11980=CARTESIAN_POINT('',(0.575,0.35,1.38777878078145E-17));
#11981=VECTOR('',#15038,1.0);
#11982=CARTESIAN_POINT('',(0.825,0.78,1.38777878078145E-17));
#11983=CARTESIAN_POINT('',(0.825,0.35,1.38777878078145E-17));
#11984=VECTOR('',#15039,1.0);
#11985=CARTESIAN_POINT('',(0.925,0.78,1.38777878078145E-17));
#11986=CARTESIAN_POINT('',(0.925,0.78,1.38777878078145E-17));
#11987=VECTOR('',#15040,1.0);
#11988=CARTESIAN_POINT('',(0.925,0.590000000000001,4.64036822096838E-16));
#11989=CARTESIAN_POINT('',(0.925,0.35,1.38777878078145E-17));
#11990=VECTOR('',#15041,1.0);
#11991=CARTESIAN_POINT('',(1.115,0.590000000000001,3.43848600802543E-17));
#11992=CARTESIAN_POINT('',(1.705,0.590000000000001,4.64036822096838E-16));
#11993=VECTOR('',#15042,1.0);
#11994=CARTESIAN_POINT('',(1.115,0.54,5.42101086242752E-17));
#11995=CARTESIAN_POINT('',(1.115,0.54,3.14708888870123E-17));
#11996=VECTOR('',#15043,1.0);
#11997=CARTESIAN_POINT('',(1.175,0.54,5.42101086242752E-17));
#11998=CARTESIAN_POINT('',(1.115,0.54,5.42101086242752E-17));
#11999=VECTOR('',#15044,1.0);
#12000=CARTESIAN_POINT('',(1.175,0.583431457505076,2.43945488809238E-16));
#12001=CARTESIAN_POINT('',(1.175,-0.083000000000002,6.12288911093131E-16));
#12002=VECTOR('',#15045,1.0);
#12003=CARTESIAN_POINT('',(1.325,0.583431457505076,2.43945488809238E-16));
#12004=CARTESIAN_POINT('',(2.66,0.583431457505076,4.65645310932041E-16));
#12005=VECTOR('',#15046,1.0);
#12006=CARTESIAN_POINT('',(1.325,0.54,5.42101086242752E-17));
#12007=CARTESIAN_POINT('',(1.325,-0.083000000000002,6.17493081521061E-16));
#12008=VECTOR('',#15047,1.0);
#12009=CARTESIAN_POINT('',(1.655,0.54,5.42101086242752E-17));
#12010=CARTESIAN_POINT('',(1.115,0.54,5.42101086242752E-17));
#12011=VECTOR('',#15048,1.0);
#12012=CARTESIAN_POINT('',(1.705,0.49,4.24711667681851E-16));
#12013=AXIS2_PLACEMENT_3D('',#15049,#15050,#15051);
#12014=CARTESIAN_POINT('',(1.705,0.35,3.01388595182956E-16));
#12015=CARTESIAN_POINT('',(1.705,-0.590000000000001,0.0));
#12016=VECTOR('',#15052,1.0);
#12017=CARTESIAN_POINT('',(1.455,0.35,3.41039117791846E-16));
#12018=CARTESIAN_POINT('',(1.455,0.35,3.01388595182956E-16));
#12019=VECTOR('',#15053,1.0);
#12020=CARTESIAN_POINT('',(1.205,0.0999999999999999,2.34106552926361E-16));
#12021=AXIS2_PLACEMENT_3D('',#15054,#15055,#15056);
#12022=CARTESIAN_POINT('',(1.205,-0.0999999999999999,1.48560501033973E-16));
#12023=CARTESIAN_POINT('',(1.205,-0.0999999999999999,1.55456244096389E-16));
#12024=VECTOR('',#15057,1.0);
#12025=CARTESIAN_POINT('',(1.455,-0.35,8.12784587773778E-17));
#12026=AXIS2_PLACEMENT_3D('',#15058,#15059,#15060);
#12027=CARTESIAN_POINT('',(1.705,-0.35,8.12784587773778E-17));
#12028=CARTESIAN_POINT('',(1.705,-0.35,8.12784587773778E-17));
#12029=VECTOR('',#15061,1.0);
#12030=CARTESIAN_POINT('',(1.705,-0.49,3.93251544149868E-17));
#12031=CARTESIAN_POINT('',(1.705,-0.590000000000001,0.0));
#12032=VECTOR('',#15062,1.0);
#12033=CARTESIAN_POINT('',(1.655,-0.54,-3.14708888870123E-17));
#12034=AXIS2_PLACEMENT_3D('',#15063,#15064,#15065);
#12035=CARTESIAN_POINT('',(1.325,-0.54,2.61988895490287E-16));
#12036=CARTESIAN_POINT('',(1.115,-0.54,-3.14708888870123E-17));
#12037=VECTOR('',#15066,1.0);
#12038=CARTESIAN_POINT('',(1.325,-0.583431457505077,2.49120295900961E-16));
#12039=CARTESIAN_POINT('',(1.325,0.083000000000002,6.17493081521061E-16));
#12040=VECTOR('',#15067,1.0);
#12041=CARTESIAN_POINT('',(1.175,-0.583431457505077,2.35567768744892E-16));
#12042=CARTESIAN_POINT('',(2.66,-0.583431457505077,8.6931395303668E-18));
#12043=VECTOR('',#15068,1.0);
#12044=CARTESIAN_POINT('',(1.175,-0.54,2.56784725062356E-16));
#12045=CARTESIAN_POINT('',(1.175,0.083000000000002,6.12288911093131E-16));
#12046=VECTOR('',#15069,1.0);
#12047=CARTESIAN_POINT('',(1.115,-0.54,-3.14708888870123E-17));
#12048=CARTESIAN_POINT('',(1.115,-0.54,-3.14708888870123E-17));
#12049=VECTOR('',#15070,1.0);
#12050=CARTESIAN_POINT('',(1.115,-0.590000000000001,-3.43848600802543E-17));
#12051=CARTESIAN_POINT('',(1.115,-0.629999999999999,-3.67160370348477E-17));
#12052=VECTOR('',#15071,1.0);
#12053=CARTESIAN_POINT('',(0.925,-0.590000000000001,0.0));
#12054=CARTESIAN_POINT('',(1.705,-0.590000000000001,0.0));
#12055=VECTOR('',#15072,1.0);
#12056=CARTESIAN_POINT('',(0.925,-0.78,-1.22464679914735E-18));
#12057=CARTESIAN_POINT('',(0.925,-0.78,1.38777878078145E-17));
#12058=VECTOR('',#15073,1.0);
#12059=CARTESIAN_POINT('',(0.825,-0.78,-1.22464679914735E-18));
#12060=CARTESIAN_POINT('',(0.925,-0.78,-1.22464679914735E-18));
#12061=VECTOR('',#15074,1.0);
#12062=CARTESIAN_POINT('',(0.825,-0.78,1.38777878078145E-17));
#12063=VECTOR('',#15075,1.0);
#12064=CARTESIAN_POINT('',(-1.135,-0.61,0.350000000000001));
#12065=CARTESIAN_POINT('',(-1.135,-0.61,0.125000000000001));
#12066=CARTESIAN_POINT('',(-1.135,-0.61,0.44));
#12067=VECTOR('',#15076,1.0);
#12068=CARTESIAN_POINT('',(-1.575,-0.61,0.350000000000001));
#12069=CARTESIAN_POINT('',(-1.135,-0.61,0.350000000000001));
#12070=VECTOR('',#15077,1.0);
#12071=CARTESIAN_POINT('',(-1.575,-0.61,0.1));
#12072=CARTESIAN_POINT('',(-1.575,-0.61,0.44));
#12073=VECTOR('',#15078,1.0);
#12074=CARTESIAN_POINT('',(-1.325,-0.61,0.1));
#12075=CARTESIAN_POINT('',(-1.325,-0.61,0.1));
#12076=VECTOR('',#15079,1.0);
#12077=CARTESIAN_POINT('',(-1.325,-0.61,0.0700000000000005));
#12078=CARTESIAN_POINT('',(-1.325,-0.61,2.22044604925031E-16));
#12079=VECTOR('',#15080,1.0);
#12080=CARTESIAN_POINT('',(-1.175,-0.61,0.0700000000000005));
#12081=CARTESIAN_POINT('',(-2.66,-0.61,0.0700000000000005));
#12082=VECTOR('',#15081,1.0);
#12083=CARTESIAN_POINT('',(-1.175,-0.61,0.0850000000000003));
#12084=CARTESIAN_POINT('',(-1.175,-0.61,0.0850000000000003));
#12085=VECTOR('',#15082,1.0);
#12086=CARTESIAN_POINT('',(-1.135,-0.61,0.125000000000001));
#12087=VECTOR('',#15083,1.0);
#12088=CARTESIAN_POINT('',(-1.655,0.54,0.18));
#12089=CARTESIAN_POINT('',(-1.655,0.54,0.18));
#12090=VECTOR('',#15084,1.0);
#12091=CARTESIAN_POINT('',(-1.625,0.54,0.18));
#12092=VECTOR('',#15085,1.0);
#12093=CARTESIAN_POINT('',(-1.575,0.54,0.38));
#12094=CARTESIAN_POINT('',(-1.115,0.54,0.38));
#12095=VECTOR('',#15086,1.0);
#12096=CARTESIAN_POINT('',(-1.575,0.54,0.1));
#12097=CARTESIAN_POINT('',(-1.575,0.54,0.38));
#12098=VECTOR('',#15087,1.0);
#12099=CARTESIAN_POINT('',(-1.325,0.54,0.1));
#12100=CARTESIAN_POINT('',(-1.325,0.54,0.1));
#12101=VECTOR('',#15088,1.0);
#12102=CARTESIAN_POINT('',(-1.325,0.54,2.61988895490287E-16));
#12103=VECTOR('',#15089,1.0);
#12104=CARTESIAN_POINT('',(-1.655,-0.54,0.18));
#12105=CARTESIAN_POINT('',(-1.625,-0.54,0.18));
#12106=VECTOR('',#15090,1.0);
#12107=CARTESIAN_POINT('',(-1.655,-0.54,-2.85316361180395E-17));
#12108=VECTOR('',#15091,1.0);
#12109=CARTESIAN_POINT('',(-1.325,-0.54,0.1));
#12110=CARTESIAN_POINT('',(-1.325,-0.54,2.61988895490287E-16));
#12111=VECTOR('',#15092,1.0);
#12112=CARTESIAN_POINT('',(-1.575,-0.54,0.1));
#12113=CARTESIAN_POINT('',(-1.325,-0.54,0.1));
#12114=VECTOR('',#15093,1.0);
#12115=CARTESIAN_POINT('',(-1.575,-0.54,0.38));
#12116=CARTESIAN_POINT('',(-1.575,-0.54,-5.55111512312553E-17));
#12117=VECTOR('',#15094,1.0);
#12118=CARTESIAN_POINT('',(-1.115,-0.54,0.38));
#12119=VECTOR('',#15095,1.0);
#12120=CARTESIAN_POINT('',(-1.135,-0.54,0.125000000000001));
#12121=CARTESIAN_POINT('',(-1.175,-0.54,0.0850000000000003));
#12122=CARTESIAN_POINT('',(-1.135,-0.54,0.125000000000001));
#12123=VECTOR('',#15096,1.0);
#12124=CARTESIAN_POINT('',(-1.175,-0.54,0.0850000000000003));
#12125=VECTOR('',#15097,1.0);
#12126=CARTESIAN_POINT('',(-1.115,-0.54,0.38));
#12127=CARTESIAN_POINT('',(-1.115,-0.54,-5.55111512312578E-17));
#12128=VECTOR('',#15098,1.0);
#12129=CARTESIAN_POINT('',(-1.135,-0.54,0.38));
#12130=CARTESIAN_POINT('',(-1.115,-0.54,0.38));
#12131=VECTOR('',#15099,1.0);
#12132=CARTESIAN_POINT('',(-1.135,-0.54,-5.55111512312578E-17));
#12133=VECTOR('',#15100,1.0);
#12134=CARTESIAN_POINT('',(-1.115,-0.54,0.38));
#12135=VECTOR('',#15101,1.0);
#12136=CARTESIAN_POINT('',(-1.135,-0.375147186257614,0.38));
#12137=CARTESIAN_POINT('',(-1.135,-0.350000000000001,0.38));
#12138=VECTOR('',#15102,1.0);
#12139=CARTESIAN_POINT('',(-1.135,-0.350000000000001,0.38));
#12140=VECTOR('',#15103,1.0);
#12141=CARTESIAN_POINT('',(-1.575,-0.52,0.38));
#12142=CARTESIAN_POINT('',(-1.57500000000001,0.34999999999997,0.38));
#12143=VECTOR('',#15104,1.0);
#12144=CARTESIAN_POINT('',(-1.605,-0.49,0.38));
#12145=AXIS2_PLACEMENT_3D('',#15105,#15106,#15107);
#12146=CARTESIAN_POINT('',(1.705,-0.49,0.38));
#12147=VECTOR('',#15108,1.0);
#12148=CARTESIAN_POINT('',(-1.605,0.49,0.38));
#12149=CARTESIAN_POINT('',(1.705,0.49,0.38));
#12150=VECTOR('',#15109,1.0);
#12151=CARTESIAN_POINT('',(-1.575,0.52,0.38));
#12152=AXIS2_PLACEMENT_3D('',#15110,#15111,#15112);
#12153=CARTESIAN_POINT('',(-1.575,0.350000000000001,0.38));
#12154=VECTOR('',#15113,1.0);
#12155=CARTESIAN_POINT('',(-1.135,0.375147186257614,0.38));
#12156=CARTESIAN_POINT('',(-1.135,0.35055728090001,0.38));
#12157=CARTESIAN_POINT('',(-1.135,0.4,0.38));
#12158=VECTOR('',#15114,1.0);
#12159=CARTESIAN_POINT('',(-1.115,0.35055728090001,0.38));
#12160=CARTESIAN_POINT('',(-1.135,0.35055728090001,0.38));
#12161=VECTOR('',#15115,1.0);
#12162=CARTESIAN_POINT('',(-1.115,0.54,0.38));
#12163=CARTESIAN_POINT('',(-1.115,-0.54,0.38));
#12164=VECTOR('',#15116,1.0);
#12165=CARTESIAN_POINT('',(-1.135,0.54,0.38));
#12166=CARTESIAN_POINT('',(-1.115,0.54,0.38));
#12167=VECTOR('',#15117,1.0);
#12168=CARTESIAN_POINT('',(-1.135,0.4,0.38));
#12169=VECTOR('',#15118,1.0);
#12170=CARTESIAN_POINT('',(-1.135,0.350000000000001,0.28));
#12171=CARTESIAN_POINT('',(-1.135,0.350000000000001,0.37));
#12172=CARTESIAN_POINT('',(-1.135,0.350000000000001,0.28));
#12173=VECTOR('',#15119,1.0);
#12174=AXIS2_PLACEMENT_3D('',#15120,#15121,#15122);
#12175=CARTESIAN_POINT('',(-1.135,0.37,0.350000000000001));
#12176=AXIS2_PLACEMENT_3D('',#15123,#15124,#15125);
#12177=CARTESIAN_POINT('',(-1.135,0.37,0.28));
#12178=CARTESIAN_POINT('',(-1.135,0.37,0.44));
#12179=VECTOR('',#15126,1.0);
#12180=CARTESIAN_POINT('',(-1.135,0.4,0.28));
#12181=VECTOR('',#15127,1.0);
#12182=CARTESIAN_POINT('',(-1.705,0.109999999999997,0.18));
#12183=CARTESIAN_POINT('',(-1.705,0.49,0.18));
#12184=CARTESIAN_POINT('',(-1.705,0.109999999999997,0.18));
#12185=VECTOR('',#15128,1.0);
#12186=CARTESIAN_POINT('',(-1.705,0.49,5.42101086242752E-17));
#12187=VECTOR('',#15129,1.0);
#12188=CARTESIAN_POINT('',(-1.705,0.35,0.0500000000000003));
#12189=CARTESIAN_POINT('',(-1.705,0.35,0.0500000000000003));
#12190=VECTOR('',#15130,1.0);
#12191=CARTESIAN_POINT('',(-1.705,0.109999999999997,0.0500000000000001));
#12192=CARTESIAN_POINT('',(-1.705,-0.35,0.0500000000000001));
#12193=VECTOR('',#15131,1.0);
#12194=CARTESIAN_POINT('',(-1.705,0.109999999999997,1.38777878078145E-16));
#12195=VECTOR('',#15132,1.0);
#12196=CARTESIAN_POINT('',(-1.705,-0.35,0.0500000000000001));
#12197=CARTESIAN_POINT('',(-1.705,-0.109999999999997,0.0500000000000001));
#12198=CARTESIAN_POINT('',(-1.705,-0.35,0.0500000000000001));
#12199=VECTOR('',#15133,1.0);
#12200=CARTESIAN_POINT('',(-1.455,-0.109999999999997,0.0500000000000001));
#12201=VECTOR('',#15134,1.0);
#12202=CARTESIAN_POINT('',(-1.455,0.109999999999997,0.0500000000000001));
#12203=VECTOR('',#15135,1.0);
#12204=CARTESIAN_POINT('',(-1.455,0.35,0.0500000000000003));
#12205=CARTESIAN_POINT('',(-1.705,0.35,0.0500000000000003));
#12206=VECTOR('',#15136,1.0);
#12207=CARTESIAN_POINT('',(-1.205,0.0999999999999999,0.0500000000000001));
#12208=AXIS2_PLACEMENT_3D('',#15137,#15138,#15139);
#12209=CARTESIAN_POINT('',(-1.205,-0.0999999999999999,0.0500000000000002));
#12210=CARTESIAN_POINT('',(-1.205,0.0999999999999999,0.0500000000000002));
#12211=VECTOR('',#15140,1.0);
#12212=CARTESIAN_POINT('',(-1.455,-0.35,0.0500000000000003));
#12213=AXIS2_PLACEMENT_3D('',#15141,#15142,#15143);
#12214=CARTESIAN_POINT('',(-1.455,-0.35,0.0500000000000001));
#12215=VECTOR('',#15144,1.0);
#12216=CARTESIAN_POINT('',(-1.135,0.54,0.125000000000001));
#12217=CARTESIAN_POINT('',(-1.175,0.54,0.0850000000000004));
#12218=CARTESIAN_POINT('',(-1.135,0.54,0.125000000000001));
#12219=VECTOR('',#15145,1.0);
#12220=CARTESIAN_POINT('',(-1.135,0.54,0.38));
#12221=VECTOR('',#15146,1.0);
#12222=CARTESIAN_POINT('',(-1.115,0.54,0.38));
#12223=VECTOR('',#15147,1.0);
#12224=CARTESIAN_POINT('',(-1.175,0.54,0.0850000000000003));
#12225=VECTOR('',#15148,1.0);
#12226=CARTESIAN_POINT('',(0.745,0.350000000000001,0.43));
#12227=CARTESIAN_POINT('',(0.745,0.350000000000001,0.43));
#12228=VECTOR('',#15149,1.0);
#12229=CARTESIAN_POINT('',(0.655,0.350000000000001,0.43));
#12230=CARTESIAN_POINT('',(0.745,0.350000000000001,0.43));
#12231=VECTOR('',#15150,1.0);
#12232=CARTESIAN_POINT('',(0.655,0.350000000000001,0.43));
#12233=VECTOR('',#15151,1.0);
#12234=CARTESIAN_POINT('',(0.395,0.350000000000001,0.43));
#12235=CARTESIAN_POINT('',(0.395,0.350000000000001,0.43));
#12236=VECTOR('',#15152,1.0);
#12237=CARTESIAN_POINT('',(0.305,0.350000000000001,0.43));
#12238=CARTESIAN_POINT('',(0.395,0.350000000000001,0.43));
#12239=VECTOR('',#15153,1.0);
#12240=CARTESIAN_POINT('',(0.305,0.350000000000001,0.43));
#12241=VECTOR('',#15154,1.0);
#12242=CARTESIAN_POINT('',(0.0450000000000001,0.350000000000001,0.43));
#12243=CARTESIAN_POINT('',(0.0450000000000001,0.350000000000001,0.43));
#12244=VECTOR('',#15155,1.0);
#12245=CARTESIAN_POINT('',(-0.0449999999999999,0.350000000000001,0.43));
#12246=CARTESIAN_POINT('',(0.0450000000000001,0.350000000000001,0.43));
#12247=VECTOR('',#15156,1.0);
#12248=CARTESIAN_POINT('',(-0.0449999999999999,0.350000000000001,0.43));
#12249=VECTOR('',#15157,1.0);
#12250=CARTESIAN_POINT('',(-0.305,0.350000000000001,0.43));
#12251=CARTESIAN_POINT('',(-0.305,0.350000000000001,0.43));
#12252=VECTOR('',#15158,1.0);
#12253=CARTESIAN_POINT('',(-0.395,0.350000000000001,0.43));
#12254=CARTESIAN_POINT('',(-0.305,0.350000000000001,0.43));
#12255=VECTOR('',#15159,1.0);
#12256=CARTESIAN_POINT('',(-0.395,0.350000000000001,0.43));
#12257=VECTOR('',#15160,1.0);
#12258=CARTESIAN_POINT('',(-0.655,0.350000000000001,0.43));
#12259=CARTESIAN_POINT('',(-0.655,0.350000000000001,0.43));
#12260=VECTOR('',#15161,1.0);
#12261=CARTESIAN_POINT('',(-0.745,0.350000000000001,0.43));
#12262=CARTESIAN_POINT('',(-0.655,0.350000000000001,0.43));
#12263=VECTOR('',#15162,1.0);
#12264=CARTESIAN_POINT('',(-0.745,0.350000000000001,0.43));
#12265=VECTOR('',#15163,1.0);
#12266=CARTESIAN_POINT('',(-1.005,0.350000000000001,0.43));
#12267=CARTESIAN_POINT('',(-1.005,0.350000000000001,0.43));
#12268=VECTOR('',#15164,1.0);
#12269=CARTESIAN_POINT('',(-1.095,0.350000000000001,0.43));
#12270=CARTESIAN_POINT('',(-1.005,0.350000000000001,0.43));
#12271=VECTOR('',#15165,1.0);
#12272=CARTESIAN_POINT('',(-1.095,0.350000000000001,0.37));
#12273=CARTESIAN_POINT('',(-1.095,0.350000000000001,0.43));
#12274=VECTOR('',#15166,1.0);
#12275=CARTESIAN_POINT('',(1.705,0.350000000000001,0.37));
#12276=VECTOR('',#15167,1.0);
#12277=CARTESIAN_POINT('',(-1.31,0.350000000000001,0.28));
#12278=CARTESIAN_POINT('',(-1.135,0.350000000000001,0.28));
#12279=VECTOR('',#15168,1.0);
#12280=CARTESIAN_POINT('',(-1.31,0.350000000000001,0.38));
#12281=CARTESIAN_POINT('',(-1.31,0.350000000000001,0.28));
#12282=VECTOR('',#15169,1.0);
#12283=CARTESIAN_POINT('',(-1.355,0.35,0.38));
#12284=CARTESIAN_POINT('',(1.705,0.350000000000001,0.38));
#12285=VECTOR('',#15170,1.0);
#12286=CARTESIAN_POINT('',(-1.355,0.35,0.1));
#12287=CARTESIAN_POINT('',(-1.355,0.35,0.1));
#12288=VECTOR('',#15171,1.0);
#12289=CARTESIAN_POINT('',(1.355,0.35,0.1));
#12290=CARTESIAN_POINT('',(-1.355,0.35,0.1));
#12291=VECTOR('',#15172,1.0);
#12292=CARTESIAN_POINT('',(1.355,0.35,0.38));
#12293=CARTESIAN_POINT('',(1.355,0.35,0.1));
#12294=VECTOR('',#15173,1.0);
#12295=CARTESIAN_POINT('',(1.31,0.350000000000001,0.38));
#12296=CARTESIAN_POINT('',(1.705,0.350000000000001,0.38));
#12297=VECTOR('',#15174,1.0);
#12298=CARTESIAN_POINT('',(1.31,0.350000000000001,0.28));
#12299=CARTESIAN_POINT('',(1.31,0.350000000000001,0.28));
#12300=VECTOR('',#15175,1.0);
#12301=CARTESIAN_POINT('',(1.135,0.350000000000001,0.28));
#12302=CARTESIAN_POINT('',(1.135,0.350000000000001,0.28));
#12303=VECTOR('',#15176,1.0);
#12304=CARTESIAN_POINT('',(1.135,0.350000000000001,0.28));
#12305=VECTOR('',#15177,1.0);
#12306=CARTESIAN_POINT('',(1.095,0.350000000000001,0.43));
#12307=CARTESIAN_POINT('',(1.095,0.350000000000001,0.43));
#12308=VECTOR('',#15178,1.0);
#12309=CARTESIAN_POINT('',(1.005,0.350000000000001,0.43));
#12310=CARTESIAN_POINT('',(1.095,0.350000000000001,0.43));
#12311=VECTOR('',#15179,1.0);
#12312=CARTESIAN_POINT('',(1.005,0.350000000000001,0.43));
#12313=VECTOR('',#15180,1.0);
#12314=CARTESIAN_POINT('',(0.655,-0.350000000000001,0.43));
#12315=CARTESIAN_POINT('',(0.655,-0.350000000000001,0.36));
#12316=VECTOR('',#15181,1.0);
#12317=CARTESIAN_POINT('',(0.745,-0.350000000000001,0.43));
#12318=CARTESIAN_POINT('',(0.745,-0.350000000000001,0.43));
#12319=VECTOR('',#15182,1.0);
#12320=CARTESIAN_POINT('',(0.745,-0.350000000000001,0.36));
#12321=VECTOR('',#15183,1.0);
#12322=CARTESIAN_POINT('',(1.005,-0.350000000000001,0.43));
#12323=CARTESIAN_POINT('',(1.005,-0.350000000000001,0.36));
#12324=VECTOR('',#15184,1.0);
#12325=CARTESIAN_POINT('',(1.095,-0.350000000000001,0.43));
#12326=CARTESIAN_POINT('',(1.095,-0.350000000000001,0.43));
#12327=VECTOR('',#15185,1.0);
#12328=CARTESIAN_POINT('',(1.095,-0.350000000000001,0.37));
#12329=CARTESIAN_POINT('',(1.095,-0.350000000000001,0.36));
#12330=VECTOR('',#15186,1.0);
#12331=CARTESIAN_POINT('',(1.135,-0.350000000000001,0.37));
#12332=CARTESIAN_POINT('',(1.705,-0.350000000000001,0.37));
#12333=VECTOR('',#15187,1.0);
#12334=CARTESIAN_POINT('',(1.135,-0.350000000000001,0.28));
#12335=CARTESIAN_POINT('',(1.135,-0.350000000000001,0.28));
#12336=VECTOR('',#15188,1.0);
#12337=CARTESIAN_POINT('',(1.31,-0.350000000000001,0.28));
#12338=CARTESIAN_POINT('',(1.31,-0.350000000000001,0.28));
#12339=VECTOR('',#15189,1.0);
#12340=CARTESIAN_POINT('',(1.31,-0.350000000000001,0.38));
#12341=CARTESIAN_POINT('',(1.31,-0.350000000000001,0.28));
#12342=VECTOR('',#15190,1.0);
#12343=CARTESIAN_POINT('',(1.355,-0.35,0.38));
#12344=CARTESIAN_POINT('',(1.705,-0.350000000000001,0.38));
#12345=VECTOR('',#15191,1.0);
#12346=CARTESIAN_POINT('',(1.355,-0.35,0.1));
#12347=CARTESIAN_POINT('',(1.355,-0.35,0.1));
#12348=VECTOR('',#15192,1.0);
#12349=CARTESIAN_POINT('',(-1.355,-0.35,0.1));
#12350=CARTESIAN_POINT('',(1.355,-0.35,0.1));
#12351=VECTOR('',#15193,1.0);
#12352=CARTESIAN_POINT('',(-1.355,-0.35,0.38));
#12353=CARTESIAN_POINT('',(-1.355,-0.35,0.1));
#12354=VECTOR('',#15194,1.0);
#12355=CARTESIAN_POINT('',(-1.31,-0.350000000000001,0.38));
#12356=CARTESIAN_POINT('',(1.705,-0.350000000000001,0.38));
#12357=VECTOR('',#15195,1.0);
#12358=CARTESIAN_POINT('',(-1.31,-0.350000000000001,0.28));
#12359=CARTESIAN_POINT('',(-1.31,-0.350000000000001,0.28));
#12360=VECTOR('',#15196,1.0);
#12361=CARTESIAN_POINT('',(-1.135,-0.350000000000001,0.28));
#12362=CARTESIAN_POINT('',(-1.31,-0.350000000000001,0.28));
#12363=VECTOR('',#15197,1.0);
#12364=CARTESIAN_POINT('',(-1.135,-0.350000000000001,0.28));
#12365=VECTOR('',#15198,1.0);
#12366=CARTESIAN_POINT('',(-1.095,-0.350000000000001,0.43));
#12367=CARTESIAN_POINT('',(-1.095,-0.350000000000001,0.36));
#12368=VECTOR('',#15199,1.0);
#12369=CARTESIAN_POINT('',(-1.005,-0.350000000000001,0.43));
#12370=CARTESIAN_POINT('',(-1.005,-0.350000000000001,0.43));
#12371=VECTOR('',#15200,1.0);
#12372=CARTESIAN_POINT('',(-1.005,-0.350000000000001,0.36));
#12373=VECTOR('',#15201,1.0);
#12374=CARTESIAN_POINT('',(-0.745,-0.350000000000001,0.43));
#12375=CARTESIAN_POINT('',(-0.745,-0.350000000000001,0.36));
#12376=VECTOR('',#15202,1.0);
#12377=CARTESIAN_POINT('',(-0.655,-0.350000000000001,0.43));
#12378=CARTESIAN_POINT('',(-0.655,-0.350000000000001,0.43));
#12379=VECTOR('',#15203,1.0);
#12380=CARTESIAN_POINT('',(-0.655,-0.350000000000001,0.36));
#12381=VECTOR('',#15204,1.0);
#12382=CARTESIAN_POINT('',(-0.395,-0.350000000000001,0.43));
#12383=CARTESIAN_POINT('',(-0.395,-0.350000000000001,0.36));
#12384=VECTOR('',#15205,1.0);
#12385=CARTESIAN_POINT('',(-0.305,-0.350000000000001,0.43));
#12386=CARTESIAN_POINT('',(-0.305,-0.350000000000001,0.43));
#12387=VECTOR('',#15206,1.0);
#12388=CARTESIAN_POINT('',(-0.305,-0.350000000000001,0.36));
#12389=VECTOR('',#15207,1.0);
#12390=CARTESIAN_POINT('',(-0.0449999999999999,-0.350000000000001,0.43));
#12391=CARTESIAN_POINT('',(-0.0449999999999999,-0.350000000000001,0.36));
#12392=VECTOR('',#15208,1.0);
#12393=CARTESIAN_POINT('',(0.0450000000000001,-0.350000000000001,0.43));
#12394=CARTESIAN_POINT('',(0.0450000000000001,-0.350000000000001,0.43));
#12395=VECTOR('',#15209,1.0);
#12396=CARTESIAN_POINT('',(0.0450000000000001,-0.350000000000001,0.36));
#12397=VECTOR('',#15210,1.0);
#12398=CARTESIAN_POINT('',(0.305,-0.350000000000001,0.43));
#12399=CARTESIAN_POINT('',(0.305,-0.350000000000001,0.36));
#12400=VECTOR('',#15211,1.0);
#12401=CARTESIAN_POINT('',(0.395,-0.350000000000001,0.43));
#12402=CARTESIAN_POINT('',(0.395,-0.350000000000001,0.43));
#12403=VECTOR('',#15212,1.0);
#12404=CARTESIAN_POINT('',(0.395,-0.350000000000001,0.36));
#12405=VECTOR('',#15213,1.0);
#12406=CARTESIAN_POINT('',(-0.635,-0.629999999999999,0.29));
#12407=VECTOR('',#15214,1.0);
#12408=CARTESIAN_POINT('',(-0.765,-0.629999999999999,0.14));
#12409=CARTESIAN_POINT('',(-0.765,-0.63,0.370000000000004));
#12410=VECTOR('',#15215,1.0);
#12411=CARTESIAN_POINT('',(-0.985,-0.629999999999999,0.14));
#12412=CARTESIAN_POINT('',(-0.985,-0.629999999999999,0.14));
#12413=VECTOR('',#15216,1.0);
#12414=CARTESIAN_POINT('',(-0.985,-0.63,0.370000000000004));
#12415=VECTOR('',#15217,1.0);
#12416=CARTESIAN_POINT('',(-1.115,-0.63,0.46));
#12417=VECTOR('',#15218,1.0);
#12418=CARTESIAN_POINT('',(-0.925,-0.630000000000002,0.0599999999999878));
#12419=CARTESIAN_POINT('',(-0.924999999999892,-0.630000000000002,0.0599999999998798));
#12420=VECTOR('',#15219,1.0);
#12421=CARTESIAN_POINT('',(-0.825,-0.630000000000002,0.0600000000000001));
#12422=CARTESIAN_POINT('',(-0.824999999999999,-0.630000000000002,0.0599999999999878));
#12423=VECTOR('',#15220,1.0);
#12424=CARTESIAN_POINT('',(-0.785000000000107,-0.630000000000002,0.0999999999998797));
#12425=VECTOR('',#15221,1.0);
#12426=CARTESIAN_POINT('',(-0.575,-0.630000000000002,0.0599999999999878));
#12427=CARTESIAN_POINT('',(-0.574999999999892,-0.630000000000002,0.0599999999998798));
#12428=VECTOR('',#15222,1.0);
#12429=CARTESIAN_POINT('',(-0.475,-0.630000000000002,0.0600000000000001));
#12430=CARTESIAN_POINT('',(-0.474999999999999,-0.630000000000002,0.0599999999999878));
#12431=VECTOR('',#15223,1.0);
#12432=CARTESIAN_POINT('',(-0.435000000000107,-0.630000000000002,0.0999999999998797));
#12433=VECTOR('',#15224,1.0);
#12434=CARTESIAN_POINT('',(-0.225,-0.630000000000002,0.0599999999999878));
#12435=CARTESIAN_POINT('',(-0.224999999999892,-0.630000000000002,0.0599999999998798));
#12436=VECTOR('',#15225,1.0);
#12437=CARTESIAN_POINT('',(-0.125,-0.630000000000002,0.0600000000000001));
#12438=CARTESIAN_POINT('',(-0.124999999999999,-0.630000000000002,0.0599999999999878));
#12439=VECTOR('',#15226,1.0);
#12440=CARTESIAN_POINT('',(-0.0850000000001072,-0.630000000000002,0.0999999999998797));
#12441=VECTOR('',#15227,1.0);
#12442=CARTESIAN_POINT('',(0.125,-0.630000000000002,0.0599999999999878));
#12443=CARTESIAN_POINT('',(0.125000000000108,-0.630000000000002,0.0599999999998798));
#12444=VECTOR('',#15228,1.0);
#12445=CARTESIAN_POINT('',(0.225,-0.630000000000002,0.0600000000000001));
#12446=CARTESIAN_POINT('',(0.225000000000001,-0.630000000000002,0.0599999999999878));
#12447=VECTOR('',#15229,1.0);
#12448=CARTESIAN_POINT('',(0.264999999999893,-0.630000000000002,0.0999999999998797));
#12449=VECTOR('',#15230,1.0);
#12450=CARTESIAN_POINT('',(0.475,-0.630000000000002,0.0599999999999878));
#12451=CARTESIAN_POINT('',(0.475000000000108,-0.630000000000002,0.0599999999998798));
#12452=VECTOR('',#15231,1.0);
#12453=CARTESIAN_POINT('',(0.575,-0.630000000000002,0.0600000000000001));
#12454=CARTESIAN_POINT('',(0.575000000000001,-0.630000000000002,0.0599999999999878));
#12455=VECTOR('',#15232,1.0);
#12456=CARTESIAN_POINT('',(0.614999999999893,-0.630000000000002,0.0999999999998797));
#12457=VECTOR('',#15233,1.0);
#12458=CARTESIAN_POINT('',(0.825,-0.630000000000002,0.0599999999999878));
#12459=CARTESIAN_POINT('',(0.825000000000108,-0.630000000000002,0.0599999999998798));
#12460=VECTOR('',#15234,1.0);
#12461=CARTESIAN_POINT('',(0.925000000000001,-0.630000000000002,0.0599999999999878));
#12462=CARTESIAN_POINT('',(0.925000000000001,-0.630000000000002,0.0599999999999878));
#12463=VECTOR('',#15235,1.0);
#12464=CARTESIAN_POINT('',(0.965000000000001,-0.630000000000002,0.0999999999999878));
#12465=CARTESIAN_POINT('',(0.964999999999893,-0.630000000000002,0.0999999999998797));
#12466=VECTOR('',#15236,1.0);
#12467=CARTESIAN_POINT('',(1.115,-0.63,0.0999999999999977));
#12468=CARTESIAN_POINT('',(1.705,-0.630000000000001,0.1));
#12469=VECTOR('',#15237,1.0);
#12470=CARTESIAN_POINT('',(1.115,-0.63,0.235));
#12471=CARTESIAN_POINT('',(1.115,-0.63,0.46));
#12472=VECTOR('',#15238,1.0);
#12473=CARTESIAN_POINT('',(0.985,-0.63,0.235));
#12474=CARTESIAN_POINT('',(1.705,-0.63,0.235));
#12475=VECTOR('',#15239,1.0);
#12476=CARTESIAN_POINT('',(0.985,-0.63,0.370000000000004));
#12477=VECTOR('',#15240,1.0);
#12478=CARTESIAN_POINT('',(0.765,-0.63,0.370000000000004));
#12479=VECTOR('',#15241,1.0);
#12480=CARTESIAN_POINT('',(-0.635,0.629999999999999,0.29));
#12481=VECTOR('',#15242,1.0);
#12482=CARTESIAN_POINT('',(0.765,0.629999999999999,0.14));
#12483=CARTESIAN_POINT('',(0.765,0.629999999999999,0.14));
#12484=VECTOR('',#15243,1.0);
#12485=CARTESIAN_POINT('',(0.985,0.629999999999999,0.14));
#12486=CARTESIAN_POINT('',(0.985,0.629999999999999,0.14));
#12487=VECTOR('',#15244,1.0);
#12488=CARTESIAN_POINT('',(0.985,0.63,0.235));
#12489=CARTESIAN_POINT('',(0.985,0.629999999999999,0.14));
#12490=VECTOR('',#15245,1.0);
#12491=CARTESIAN_POINT('',(1.115,0.63,0.235));
#12492=CARTESIAN_POINT('',(1.705,0.63,0.235));
#12493=VECTOR('',#15246,1.0);
#12494=CARTESIAN_POINT('',(1.115,0.629999999999999,0.0999999999999974));
#12495=CARTESIAN_POINT('',(1.115,0.629999999999999,5.55111512312578E-17));
#12496=VECTOR('',#15247,1.0);
#12497=CARTESIAN_POINT('',(0.965000000000001,0.630000000000001,0.1));
#12498=CARTESIAN_POINT('',(1.705,0.630000000000001,0.1));
#12499=VECTOR('',#15248,1.0);
#12500=CARTESIAN_POINT('',(0.965000000000001,0.630000000000001,0.0999999999999999));
#12501=VECTOR('',#15249,1.0);
#12502=CARTESIAN_POINT('',(0.825,0.630000000000003,0.06));
#12503=VECTOR('',#15250,1.0);
#12504=CARTESIAN_POINT('',(0.615000000000001,0.630000000000001,0.0999999999999999));
#12505=VECTOR('',#15251,1.0);
#12506=CARTESIAN_POINT('',(0.475,0.630000000000003,0.06));
#12507=VECTOR('',#15252,1.0);
#12508=CARTESIAN_POINT('',(0.265000000000001,0.630000000000001,0.0999999999999999));
#12509=VECTOR('',#15253,1.0);
#12510=CARTESIAN_POINT('',(0.125,0.630000000000003,0.06));
#12511=VECTOR('',#15254,1.0);
#12512=CARTESIAN_POINT('',(-0.0849999999999991,0.630000000000001,0.0999999999999999));
#12513=VECTOR('',#15255,1.0);
#12514=CARTESIAN_POINT('',(-0.225,0.630000000000003,0.06));
#12515=VECTOR('',#15256,1.0);
#12516=CARTESIAN_POINT('',(-0.434999999999999,0.630000000000001,0.0999999999999999));
#12517=VECTOR('',#15257,1.0);
#12518=CARTESIAN_POINT('',(-0.575,0.630000000000003,0.06));
#12519=VECTOR('',#15258,1.0);
#12520=CARTESIAN_POINT('',(-0.784999999999999,0.630000000000001,0.0999999999999999));
#12521=VECTOR('',#15259,1.0);
#12522=CARTESIAN_POINT('',(-0.925,0.630000000000003,0.06));
#12523=VECTOR('',#15260,1.0);
#12524=CARTESIAN_POINT('',(-1.115,0.629999999999999,5.55111512312578E-17));
#12525=VECTOR('',#15261,1.0);
#12526=CARTESIAN_POINT('',(-0.985,0.629999999999999,0.14));
#12527=VECTOR('',#15262,1.0);
#12528=CARTESIAN_POINT('',(-0.765,0.629999999999999,0.14));
#12529=VECTOR('',#15263,1.0);
#12530=CARTESIAN_POINT('',(1.625,-0.09,0.200000000000001));
#12531=CARTESIAN_POINT('',(1.625,-0.49,0.200000000000001));
#12532=CARTESIAN_POINT('',(1.625,-0.49,0.200000000000001));
#12533=VECTOR('',#15264,1.0);
#12534=CARTESIAN_POINT('',(1.625,-0.49,0.38));
#12535=CARTESIAN_POINT('',(1.625,-0.49,0.0));
#12536=VECTOR('',#15265,1.0);
#12537=CARTESIAN_POINT('',(1.625,-0.54,0.38));
#12538=CARTESIAN_POINT('',(1.625,0.54,0.38));
#12539=VECTOR('',#15266,1.0);
#12540=CARTESIAN_POINT('',(1.625,-0.54,0.18));
#12541=CARTESIAN_POINT('',(1.625,-0.54,0.38));
#12542=VECTOR('',#15267,1.0);
#12543=CARTESIAN_POINT('',(1.625,-0.109999999999997,0.18));
#12544=CARTESIAN_POINT('',(1.625,-0.54,0.18));
#12545=VECTOR('',#15268,1.0);
#12546=CARTESIAN_POINT('',(1.625,-0.109999999999997,0.0500000000000001));
#12547=CARTESIAN_POINT('',(1.625,-0.109999999999997,0.18));
#12548=VECTOR('',#15269,1.0);
#12549=CARTESIAN_POINT('',(1.625,0.109999999999997,0.0500000000000002));
#12550=CARTESIAN_POINT('',(1.625,0.0999999999999998,0.0500000000000002));
#12551=VECTOR('',#15270,1.0);
#12552=CARTESIAN_POINT('',(1.625,0.109999999999997,0.18));
#12553=CARTESIAN_POINT('',(1.625,0.109999999999997,1.38777878078145E-16));
#12554=VECTOR('',#15271,1.0);
#12555=CARTESIAN_POINT('',(1.625,0.54,0.18));
#12556=CARTESIAN_POINT('',(1.625,0.109999999999997,0.18));
#12557=VECTOR('',#15272,1.0);
#12558=CARTESIAN_POINT('',(1.625,0.54,0.38));
#12559=CARTESIAN_POINT('',(1.625,0.54,0.18));
#12560=VECTOR('',#15273,1.0);
#12561=CARTESIAN_POINT('',(1.625,0.49,0.38));
#12562=CARTESIAN_POINT('',(1.625,0.54,0.38));
#12563=VECTOR('',#15274,1.0);
#12564=CARTESIAN_POINT('',(1.625,0.49,0.200000000000001));
#12565=CARTESIAN_POINT('',(1.625,0.49,0.0));
#12566=VECTOR('',#15275,1.0);
#12567=CARTESIAN_POINT('',(1.625,0.09,0.200000000000001));
#12568=CARTESIAN_POINT('',(1.625,0.09,0.200000000000001));
#12569=VECTOR('',#15276,1.0);
#12570=CARTESIAN_POINT('',(1.625,0.09,0.0700000000000008));
#12571=CARTESIAN_POINT('',(1.625,0.09,0.0700000000000008));
#12572=VECTOR('',#15277,1.0);
#12573=CARTESIAN_POINT('',(1.625,-0.09,0.0700000000000008));
#12574=CARTESIAN_POINT('',(1.625,-0.09,0.0700000000000008));
#12575=VECTOR('',#15278,1.0);
#12576=CARTESIAN_POINT('',(1.625,-0.09,0.200000000000001));
#12577=VECTOR('',#15279,1.0);
#12578=CARTESIAN_POINT('',(1.575,-0.61,0.349999999999999));
#12579=CARTESIAN_POINT('',(1.575,-0.61,0.1));
#12580=CARTESIAN_POINT('',(1.575,-0.61,0.44));
#12581=VECTOR('',#15280,1.0);
#12582=CARTESIAN_POINT('',(1.135,-0.61,0.349999999999999));
#12583=CARTESIAN_POINT('',(1.135,-0.61,0.349999999999999));
#12584=VECTOR('',#15281,1.0);
#12585=CARTESIAN_POINT('',(1.135,-0.61,0.125000000000001));
#12586=CARTESIAN_POINT('',(1.135,-0.61,0.44));
#12587=VECTOR('',#15282,1.0);
#12588=CARTESIAN_POINT('',(1.175,-0.61,0.0850000000000003));
#12589=CARTESIAN_POINT('',(1.135,-0.61,0.125000000000001));
#12590=VECTOR('',#15283,1.0);
#12591=CARTESIAN_POINT('',(1.175,-0.61,0.0700000000000005));
#12592=CARTESIAN_POINT('',(1.175,-0.61,0.0850000000000003));
#12593=VECTOR('',#15284,1.0);
#12594=CARTESIAN_POINT('',(1.325,-0.61,0.0700000000000005));
#12595=CARTESIAN_POINT('',(2.66,-0.61,0.0700000000000005));
#12596=VECTOR('',#15285,1.0);
#12597=CARTESIAN_POINT('',(1.325,-0.61,0.1));
#12598=CARTESIAN_POINT('',(1.325,-0.61,2.22044604925031E-16));
#12599=VECTOR('',#15286,1.0);
#12600=CARTESIAN_POINT('',(1.325,-0.61,0.1));
#12601=VECTOR('',#15287,1.0);
#12602=CARTESIAN_POINT('',(1.135,0.54,0.125000000000001));
#12603=CARTESIAN_POINT('',(1.135,0.54,0.38));
#12604=CARTESIAN_POINT('',(1.135,0.54,0.38));
#12605=VECTOR('',#15288,1.0);
#12606=CARTESIAN_POINT('',(1.175,0.54,0.0850000000000004));
#12607=CARTESIAN_POINT('',(1.135,0.54,0.125000000000001));
#12608=VECTOR('',#15289,1.0);
#12609=CARTESIAN_POINT('',(1.175,0.54,0.0850000000000003));
#12610=VECTOR('',#15290,1.0);
#12611=CARTESIAN_POINT('',(1.115,0.54,0.38));
#12612=CARTESIAN_POINT('',(1.115,0.54,0.38));
#12613=VECTOR('',#15291,1.0);
#12614=CARTESIAN_POINT('',(1.115,0.54,0.38));
#12615=VECTOR('',#15292,1.0);
#12616=CARTESIAN_POINT('',(1.655,-0.54,0.18));
#12617=CARTESIAN_POINT('',(1.655,-0.54,0.18));
#12618=VECTOR('',#15293,1.0);
#12619=CARTESIAN_POINT('',(1.625,-0.54,0.18));
#12620=VECTOR('',#15294,1.0);
#12621=CARTESIAN_POINT('',(1.575,-0.54,0.38));
#12622=CARTESIAN_POINT('',(1.115,-0.54,0.38));
#12623=VECTOR('',#15295,1.0);
#12624=CARTESIAN_POINT('',(1.575,-0.54,0.1));
#12625=CARTESIAN_POINT('',(1.575,-0.54,-5.55111512312553E-17));
#12626=VECTOR('',#15296,1.0);
#12627=CARTESIAN_POINT('',(1.325,-0.54,0.1));
#12628=CARTESIAN_POINT('',(1.325,-0.54,0.1));
#12629=VECTOR('',#15297,1.0);
#12630=CARTESIAN_POINT('',(1.325,-0.54,2.61988895490287E-16));
#12631=VECTOR('',#15298,1.0);
#12632=CARTESIAN_POINT('',(1.135,-0.54,0.125000000000001));
#12633=CARTESIAN_POINT('',(1.175,-0.54,0.0850000000000003));
#12634=CARTESIAN_POINT('',(1.135,-0.54,0.125000000000001));
#12635=VECTOR('',#15299,1.0);
#12636=CARTESIAN_POINT('',(1.135,-0.54,0.38));
#12637=CARTESIAN_POINT('',(1.135,-0.54,-5.55111512312578E-17));
#12638=VECTOR('',#15300,1.0);
#12639=CARTESIAN_POINT('',(1.115,-0.54,0.38));
#12640=CARTESIAN_POINT('',(1.115,-0.54,0.38));
#12641=VECTOR('',#15301,1.0);
#12642=CARTESIAN_POINT('',(1.115,-0.54,-5.55111512312578E-17));
#12643=VECTOR('',#15302,1.0);
#12644=CARTESIAN_POINT('',(1.175,-0.54,0.0850000000000003));
#12645=VECTOR('',#15303,1.0);
#12646=CARTESIAN_POINT('',(1.135,-0.35055728090001,0.38));
#12647=CARTESIAN_POINT('',(1.135,-0.375147186257615,0.38));
#12648=CARTESIAN_POINT('',(1.135,-0.350000000000001,0.38));
#12649=VECTOR('',#15304,1.0);
#12650=CARTESIAN_POINT('',(1.115,-0.35055728090001,0.38));
#12651=CARTESIAN_POINT('',(1.135,-0.35055728090001,0.38));
#12652=VECTOR('',#15305,1.0);
#12653=CARTESIAN_POINT('',(1.115,-0.54,0.38));
#12654=VECTOR('',#15306,1.0);
#12655=CARTESIAN_POINT('',(1.135,-0.350000000000001,0.38));
#12656=VECTOR('',#15307,1.0);
#12657=CARTESIAN_POINT('',(1.575,-0.52,0.38));
#12658=CARTESIAN_POINT('',(1.57500000000001,0.350000000000002,0.38));
#12659=VECTOR('',#15308,1.0);
#12660=CARTESIAN_POINT('',(1.605,-0.49,0.38));
#12661=CARTESIAN_POINT('',(1.705,-0.49,0.38));
#12662=VECTOR('',#15309,1.0);
#12663=AXIS2_PLACEMENT_3D('',#15310,#15311,#15312);
#12664=CARTESIAN_POINT('',(1.605,0.49,0.38));
#12665=CARTESIAN_POINT('',(1.705,0.49,0.38));
#12666=VECTOR('',#15313,1.0);
#12667=CARTESIAN_POINT('',(1.575,0.54,0.38));
#12668=CARTESIAN_POINT('',(1.115,0.54,0.38));
#12669=VECTOR('',#15314,1.0);
#12670=CARTESIAN_POINT('',(1.575,0.52,0.38));
#12671=CARTESIAN_POINT('',(1.575,0.350000000000001,0.38));
#12672=VECTOR('',#15315,1.0);
#12673=AXIS2_PLACEMENT_3D('',#15316,#15317,#15318);
#12674=CARTESIAN_POINT('',(1.115,-0.54,0.38));
#12675=VECTOR('',#15319,1.0);
#12676=CARTESIAN_POINT('',(1.135,0.375147186257614,0.38));
#12677=CARTESIAN_POINT('',(1.135,0.4,0.38));
#12678=VECTOR('',#15320,1.0);
#12679=CARTESIAN_POINT('',(1.135,0.4,0.38));
#12680=VECTOR('',#15321,1.0);
#12681=CARTESIAN_POINT('',(1.3,0.4,0.38));
#12682=CARTESIAN_POINT('',(1.3,0.43,0.38));
#12683=CARTESIAN_POINT('',(1.3,0.350000000000001,0.38));
#12684=VECTOR('',#15322,1.0);
#12685=CARTESIAN_POINT('',(1.31,0.4,0.38));
#12686=CARTESIAN_POINT('',(1.31,0.4,0.38));
#12687=VECTOR('',#15323,1.0);
#12688=CARTESIAN_POINT('',(1.31,0.350000000000001,0.38));
#12689=VECTOR('',#15324,1.0);
#12690=CARTESIAN_POINT('',(1.355,0.350000000000001,0.38));
#12691=VECTOR('',#15325,1.0);
#12692=CARTESIAN_POINT('',(1.31,-0.4,0.38));
#12693=CARTESIAN_POINT('',(1.31,-0.4,0.38));
#12694=VECTOR('',#15326,1.0);
#12695=CARTESIAN_POINT('',(1.3,-0.4,0.38));
#12696=CARTESIAN_POINT('',(1.135,-0.4,0.38));
#12697=VECTOR('',#15327,1.0);
#12698=CARTESIAN_POINT('',(1.3,-0.43,0.38));
#12699=CARTESIAN_POINT('',(1.3,0.350000000000001,0.38));
#12700=VECTOR('',#15328,1.0);
#12701=CARTESIAN_POINT('',(1.33,-0.46,0.38));
#12702=AXIS2_PLACEMENT_3D('',#15329,#15330,#15331);
#12703=CARTESIAN_POINT('',(1.385,-0.46,0.38));
#12704=CARTESIAN_POINT('',(1.705,-0.46,0.38));
#12705=VECTOR('',#15332,1.0);
#12706=CARTESIAN_POINT('',(1.415,-0.43,0.38));
#12707=AXIS2_PLACEMENT_3D('',#15333,#15334,#15335);
#12708=CARTESIAN_POINT('',(1.415,0.43,0.38));
#12709=CARTESIAN_POINT('',(1.415,0.350000000000001,0.38));
#12710=VECTOR('',#15336,1.0);
#12711=CARTESIAN_POINT('',(1.385,0.46,0.38));
#12712=AXIS2_PLACEMENT_3D('',#15337,#15338,#15339);
#12713=CARTESIAN_POINT('',(1.33,0.46,0.38));
#12714=CARTESIAN_POINT('',(1.705,0.46,0.38));
#12715=VECTOR('',#15340,1.0);
#12716=AXIS2_PLACEMENT_3D('',#15341,#15342,#15343);
#12717=CARTESIAN_POINT('',(1.655,0.54,0.18));
#12718=CARTESIAN_POINT('',(1.625,0.54,0.18));
#12719=VECTOR('',#15344,1.0);
#12720=CARTESIAN_POINT('',(1.655,0.54,5.42101086242752E-17));
#12721=VECTOR('',#15345,1.0);
#12722=CARTESIAN_POINT('',(1.325,0.54,0.1));
#12723=CARTESIAN_POINT('',(1.325,0.54,2.61988895490287E-16));
#12724=VECTOR('',#15346,1.0);
#12725=CARTESIAN_POINT('',(1.575,0.54,0.1));
#12726=CARTESIAN_POINT('',(1.325,0.54,0.1));
#12727=VECTOR('',#15347,1.0);
#12728=CARTESIAN_POINT('',(1.575,0.54,0.38));
#12729=VECTOR('',#15348,1.0);
#12730=CARTESIAN_POINT('',(1.3,-0.4,0.28));
#12731=CARTESIAN_POINT('',(1.3,-0.4,0.28));
#12732=VECTOR('',#15349,1.0);
#12733=CARTESIAN_POINT('',(1.31,-0.4,0.28));
#12734=CARTESIAN_POINT('',(1.31,-0.4,0.28));
#12735=VECTOR('',#15350,1.0);
#12736=CARTESIAN_POINT('',(1.135,-0.4,0.28));
#12737=VECTOR('',#15351,1.0);
#12738=CARTESIAN_POINT('',(1.135,0.37,0.28));
#12739=CARTESIAN_POINT('',(1.135,0.4,0.28));
#12740=VECTOR('',#15352,1.0);
#12741=CARTESIAN_POINT('',(1.135,0.37,0.35));
#12742=CARTESIAN_POINT('',(1.135,0.37,0.44));
#12743=VECTOR('',#15353,1.0);
#12744=AXIS2_PLACEMENT_3D('',#15354,#15355,#15356);
#12745=CARTESIAN_POINT('',(1.3,0.4,0.28));
#12746=CARTESIAN_POINT('',(1.3,0.4,0.28));
#12747=VECTOR('',#15357,1.0);
#12748=CARTESIAN_POINT('',(1.31,0.4,0.28));
#12749=CARTESIAN_POINT('',(1.31,0.4,0.28));
#12750=VECTOR('',#15358,1.0);
#12751=CARTESIAN_POINT('',(1.31,0.4,0.28));
#12752=VECTOR('',#15359,1.0);
#12753=CARTESIAN_POINT('',(1.705,-0.49,0.18));
#12754=CARTESIAN_POINT('',(1.705,-0.109999999999997,0.18));
#12755=CARTESIAN_POINT('',(1.705,-0.54,0.18));
#12756=VECTOR('',#15360,1.0);
#12757=CARTESIAN_POINT('',(1.705,-0.49,-2.93925276897274E-18));
#12758=VECTOR('',#15361,1.0);
#12759=CARTESIAN_POINT('',(1.705,-0.35,0.0500000000000001));
#12760=CARTESIAN_POINT('',(1.705,-0.35,0.0500000000000001));
#12761=VECTOR('',#15362,1.0);
#12762=CARTESIAN_POINT('',(1.705,-0.109999999999997,0.0500000000000001));
#12763=CARTESIAN_POINT('',(1.705,0.35,0.0500000000000003));
#12764=VECTOR('',#15363,1.0);
#12765=CARTESIAN_POINT('',(1.705,-0.109999999999997,0.18));
#12766=VECTOR('',#15364,1.0);
#12767=CARTESIAN_POINT('',(0.745,0.420000000000001,0.46));
#12768=CARTESIAN_POINT('',(0.745,0.490000000000001,0.46));
#12769=VECTOR('',#15365,1.0);
#12770=CARTESIAN_POINT('',(1.005,0.420000000000001,0.46));
#12771=CARTESIAN_POINT('',(1.005,0.490000000000001,0.46));
#12772=VECTOR('',#15366,1.0);
#12773=CARTESIAN_POINT('',(1.095,0.420000000000001,0.46));
#12774=CARTESIAN_POINT('',(1.095,0.420000000000001,0.46));
#12775=VECTOR('',#15367,1.0);
#12776=CARTESIAN_POINT('',(1.095,0.490000000000001,0.46));
#12777=VECTOR('',#15368,1.0);
#12778=CARTESIAN_POINT('',(1.115,0.539999999999992,0.46));
#12779=CARTESIAN_POINT('',(1.115,0.63,0.46));
#12780=VECTOR('',#15369,1.0);
#12781=CARTESIAN_POINT('',(-1.115,0.539999999999992,0.46));
#12782=CARTESIAN_POINT('',(1.705,0.539999999999992,0.46));
#12783=VECTOR('',#15370,1.0);
#12784=CARTESIAN_POINT('',(-1.115,0.440000000000001,0.46));
#12785=CARTESIAN_POINT('',(-1.115,0.63,0.46));
#12786=VECTOR('',#15371,1.0);
#12787=CARTESIAN_POINT('',(-1.095,0.440000000000001,0.46));
#12788=CARTESIAN_POINT('',(1.705,0.440000000000001,0.46));
#12789=VECTOR('',#15372,1.0);
#12790=CARTESIAN_POINT('',(-1.095,0.420000000000001,0.46));
#12791=CARTESIAN_POINT('',(-1.095,0.490000000000001,0.46));
#12792=VECTOR('',#15373,1.0);
#12793=CARTESIAN_POINT('',(-1.005,0.420000000000001,0.46));
#12794=CARTESIAN_POINT('',(-1.005,0.420000000000001,0.46));
#12795=VECTOR('',#15374,1.0);
#12796=CARTESIAN_POINT('',(-1.005,0.490000000000001,0.46));
#12797=VECTOR('',#15375,1.0);
#12798=CARTESIAN_POINT('',(-0.745,0.420000000000001,0.46));
#12799=CARTESIAN_POINT('',(-0.745,0.490000000000001,0.46));
#12800=VECTOR('',#15376,1.0);
#12801=CARTESIAN_POINT('',(-0.655,0.420000000000001,0.46));
#12802=CARTESIAN_POINT('',(-0.655,0.420000000000001,0.46));
#12803=VECTOR('',#15377,1.0);
#12804=CARTESIAN_POINT('',(-0.655,0.490000000000001,0.46));
#12805=VECTOR('',#15378,1.0);
#12806=CARTESIAN_POINT('',(-0.395,0.420000000000001,0.46));
#12807=CARTESIAN_POINT('',(-0.395,0.490000000000001,0.46));
#12808=VECTOR('',#15379,1.0);
#12809=CARTESIAN_POINT('',(-0.305,0.420000000000001,0.46));
#12810=CARTESIAN_POINT('',(-0.305,0.420000000000001,0.46));
#12811=VECTOR('',#15380,1.0);
#12812=CARTESIAN_POINT('',(-0.305,0.490000000000001,0.46));
#12813=VECTOR('',#15381,1.0);
#12814=CARTESIAN_POINT('',(-0.0449999999999999,0.420000000000001,0.46));
#12815=CARTESIAN_POINT('',(-0.0449999999999999,0.490000000000001,0.46));
#12816=VECTOR('',#15382,1.0);
#12817=CARTESIAN_POINT('',(0.0450000000000001,0.420000000000001,0.46));
#12818=CARTESIAN_POINT('',(0.0450000000000001,0.420000000000001,0.46));
#12819=VECTOR('',#15383,1.0);
#12820=CARTESIAN_POINT('',(0.0450000000000001,0.490000000000001,0.46));
#12821=VECTOR('',#15384,1.0);
#12822=CARTESIAN_POINT('',(0.305,0.420000000000001,0.46));
#12823=CARTESIAN_POINT('',(0.305,0.490000000000001,0.46));
#12824=VECTOR('',#15385,1.0);
#12825=CARTESIAN_POINT('',(0.395,0.420000000000001,0.46));
#12826=CARTESIAN_POINT('',(0.395,0.420000000000001,0.46));
#12827=VECTOR('',#15386,1.0);
#12828=CARTESIAN_POINT('',(0.395,0.490000000000001,0.46));
#12829=VECTOR('',#15387,1.0);
#12830=CARTESIAN_POINT('',(0.655,0.420000000000001,0.46));
#12831=CARTESIAN_POINT('',(0.655,0.490000000000001,0.46));
#12832=VECTOR('',#15388,1.0);
#12833=CARTESIAN_POINT('',(0.745,0.420000000000001,0.46));
#12834=VECTOR('',#15389,1.0);
#12835=CARTESIAN_POINT('',(0.745,-0.420000000000001,0.46));
#12836=CARTESIAN_POINT('',(0.745,-0.420000000000001,0.46));
#12837=VECTOR('',#15390,1.0);
#12838=CARTESIAN_POINT('',(0.655,-0.420000000000001,0.46));
#12839=CARTESIAN_POINT('',(0.745,-0.420000000000001,0.46));
#12840=VECTOR('',#15391,1.0);
#12841=CARTESIAN_POINT('',(0.655,-0.420000000000001,0.46));
#12842=VECTOR('',#15392,1.0);
#12843=CARTESIAN_POINT('',(0.395,-0.420000000000001,0.46));
#12844=CARTESIAN_POINT('',(0.395,-0.420000000000001,0.46));
#12845=VECTOR('',#15393,1.0);
#12846=CARTESIAN_POINT('',(0.305,-0.420000000000001,0.46));
#12847=CARTESIAN_POINT('',(0.395,-0.420000000000001,0.46));
#12848=VECTOR('',#15394,1.0);
#12849=CARTESIAN_POINT('',(0.305,-0.420000000000001,0.46));
#12850=VECTOR('',#15395,1.0);
#12851=CARTESIAN_POINT('',(0.0450000000000001,-0.420000000000001,0.46));
#12852=CARTESIAN_POINT('',(0.0450000000000001,-0.420000000000001,0.46));
#12853=VECTOR('',#15396,1.0);
#12854=CARTESIAN_POINT('',(-0.0449999999999999,-0.420000000000001,0.46));
#12855=CARTESIAN_POINT('',(0.0450000000000001,-0.420000000000001,0.46));
#12856=VECTOR('',#15397,1.0);
#12857=CARTESIAN_POINT('',(-0.0449999999999999,-0.420000000000001,0.46));
#12858=VECTOR('',#15398,1.0);
#12859=CARTESIAN_POINT('',(-0.305,-0.420000000000001,0.46));
#12860=CARTESIAN_POINT('',(-0.305,-0.420000000000001,0.46));
#12861=VECTOR('',#15399,1.0);
#12862=CARTESIAN_POINT('',(-0.395,-0.420000000000001,0.46));
#12863=CARTESIAN_POINT('',(-0.305,-0.420000000000001,0.46));
#12864=VECTOR('',#15400,1.0);
#12865=CARTESIAN_POINT('',(-0.395,-0.420000000000001,0.46));
#12866=VECTOR('',#15401,1.0);
#12867=CARTESIAN_POINT('',(-0.655,-0.420000000000001,0.46));
#12868=CARTESIAN_POINT('',(-0.655,-0.420000000000001,0.46));
#12869=VECTOR('',#15402,1.0);
#12870=CARTESIAN_POINT('',(-0.745,-0.420000000000001,0.46));
#12871=CARTESIAN_POINT('',(-0.655,-0.420000000000001,0.46));
#12872=VECTOR('',#15403,1.0);
#12873=CARTESIAN_POINT('',(-0.745,-0.420000000000001,0.46));
#12874=VECTOR('',#15404,1.0);
#12875=CARTESIAN_POINT('',(-1.005,-0.420000000000001,0.46));
#12876=CARTESIAN_POINT('',(-1.005,-0.420000000000001,0.46));
#12877=VECTOR('',#15405,1.0);
#12878=CARTESIAN_POINT('',(-1.095,-0.420000000000001,0.46));
#12879=CARTESIAN_POINT('',(-1.005,-0.420000000000001,0.46));
#12880=VECTOR('',#15406,1.0);
#12881=CARTESIAN_POINT('',(-1.095,-0.420000000000001,0.46));
#12882=VECTOR('',#15407,1.0);
#12883=CARTESIAN_POINT('',(-1.115,-0.539999999999992,0.46));
#12884=CARTESIAN_POINT('',(-1.115,0.63,0.46));
#12885=VECTOR('',#15408,1.0);
#12886=CARTESIAN_POINT('',(1.115,-0.539999999999992,0.46));
#12887=CARTESIAN_POINT('',(1.705,-0.539999999999992,0.46));
#12888=VECTOR('',#15409,1.0);
#12889=CARTESIAN_POINT('',(1.115,-0.440000000000001,0.46));
#12890=CARTESIAN_POINT('',(1.115,0.63,0.46));
#12891=VECTOR('',#15410,1.0);
#12892=CARTESIAN_POINT('',(1.095,-0.440000000000001,0.46));
#12893=CARTESIAN_POINT('',(1.705,-0.440000000000001,0.46));
#12894=VECTOR('',#15411,1.0);
#12895=CARTESIAN_POINT('',(1.095,-0.420000000000001,0.46));
#12896=CARTESIAN_POINT('',(1.095,-0.420000000000001,0.46));
#12897=VECTOR('',#15412,1.0);
#12898=CARTESIAN_POINT('',(1.005,-0.420000000000001,0.46));
#12899=CARTESIAN_POINT('',(1.095,-0.420000000000001,0.46));
#12900=VECTOR('',#15413,1.0);
#12901=CARTESIAN_POINT('',(1.005,-0.420000000000001,0.46));
#12902=VECTOR('',#15414,1.0);
#12903=CARTESIAN_POINT('',(0.925,-0.603333333333335,0.0600000000000001));
#12904=CARTESIAN_POINT('',(1.26772727272728,-0.83181818181818,0.402727272727268));
#12905=VECTOR('',#15415,1.0);
#12906=CARTESIAN_POINT('',(0.925,-0.590000000000001,0.04));
#12907=CARTESIAN_POINT('',(0.925,-0.630000000000001,0.1));
#12908=VECTOR('',#15416,1.0);
#12909=CARTESIAN_POINT('',(1.115,-0.590000000000001,0.04));
#12910=CARTESIAN_POINT('',(1.705,-0.590000000000001,0.04));
#12911=VECTOR('',#15417,1.0);
#12912=CARTESIAN_POINT('',(1.115,-0.630000000000001,0.1));
#12913=VECTOR('',#15418,1.0);
#12914=CARTESIAN_POINT('',(0.925,-0.590000000000001,0.04));
#12915=VECTOR('',#15419,1.0);
#12916=CARTESIAN_POINT('',(1.115,-0.590000000000001,0.04));
#12917=VECTOR('',#15420,1.0);
#12918=CARTESIAN_POINT('',(0.925,0.590000000000001,0.04));
#12919=CARTESIAN_POINT('',(0.925,0.590000000000001,0.0));
#12920=VECTOR('',#15421,1.0);
#12921=CARTESIAN_POINT('',(1.115,0.590000000000001,0.04));
#12922=CARTESIAN_POINT('',(1.705,0.590000000000001,0.04));
#12923=VECTOR('',#15422,1.0);
#12924=CARTESIAN_POINT('',(1.115,0.590000000000001,0.0));
#12925=VECTOR('',#15423,1.0);
#12926=CARTESIAN_POINT('',(0.925000000000001,0.603333333333334,0.0599999999999997));
#12927=CARTESIAN_POINT('',(0.925,0.590000000000001,0.04));
#12928=VECTOR('',#15424,1.0);
#12929=CARTESIAN_POINT('',(1.23227272727273,0.808181818181819,0.367272727272727));
#12930=VECTOR('',#15425,1.0);
#12931=CARTESIAN_POINT('',(1.115,0.590000000000001,0.04));
#12932=VECTOR('',#15426,1.0);
#12933=CARTESIAN_POINT('',(0.985,0.614999999999992,0.268541019662504));
#12934=AXIS2_PLACEMENT_3D('',#15427,#15428,#15429);
#12935=CARTESIAN_POINT('',(0.985,0.585,0.28));
#12936=AXIS2_PLACEMENT_3D('',#15430,#15431,#15432);
#12937=CARTESIAN_POINT('',(1.115,0.584999999999987,0.28));
#12938=CARTESIAN_POINT('',(1.705,0.585,0.28));
#12939=VECTOR('',#15433,1.0);
#12940=AXIS2_PLACEMENT_3D('',#15434,#15435,#15436);
#12941=CARTESIAN_POINT('',(0.985,0.585,0.35));
#12942=CARTESIAN_POINT('',(0.985,0.584999999999987,0.28));
#12943=VECTOR('',#15437,1.0);
#12944=CARTESIAN_POINT('',(1.115,0.585,0.35));
#12945=CARTESIAN_POINT('',(1.705,0.585,0.35));
#12946=VECTOR('',#15438,1.0);
#12947=CARTESIAN_POINT('',(1.115,0.584999999999987,0.28));
#12948=VECTOR('',#15439,1.0);
#12949=CARTESIAN_POINT('',(0.985,0.629999999999992,0.37));
#12950=CARTESIAN_POINT('',(0.985,0.585,0.35));
#12951=VECTOR('',#15440,1.0);
#12952=CARTESIAN_POINT('',(1.115,0.63,0.37));
#12953=CARTESIAN_POINT('',(1.705,0.629999999999992,0.37));
#12954=VECTOR('',#15441,1.0);
#12955=CARTESIAN_POINT('',(1.115,0.585,0.35));
#12956=VECTOR('',#15442,1.0);
#12957=CARTESIAN_POINT('',(1.705,0.629999999999992,0.37));
#12958=VECTOR('',#15443,1.0);
#12959=CARTESIAN_POINT('',(1.705,0.629999999999992,0.37));
#12960=VECTOR('',#15444,1.0);
#12961=CARTESIAN_POINT('',(1.705,0.629999999999992,0.37));
#12962=VECTOR('',#15445,1.0);
#12963=CARTESIAN_POINT('',(1.705,0.629999999999992,0.37));
#12964=VECTOR('',#15446,1.0);
#12965=CARTESIAN_POINT('',(1.705,0.629999999999992,0.37));
#12966=VECTOR('',#15447,1.0);
#12967=AXIS2_PLACEMENT_3D('',#15448,#15449,#15450);
#12968=AXIS2_PLACEMENT_3D('',#15451,#15452,#15453);
#12969=CARTESIAN_POINT('',(0.985,0.629999999999992,0.37));
#12970=VECTOR('',#15454,1.0);
#12971=AXIS2_PLACEMENT_3D('',#15455,#15456,#15457);
#12972=CARTESIAN_POINT('',(1.705,-0.629999999999992,0.37));
#12973=VECTOR('',#15458,1.0);
#12974=CARTESIAN_POINT('',(1.705,-0.629999999999992,0.37));
#12975=VECTOR('',#15459,1.0);
#12976=CARTESIAN_POINT('',(1.705,-0.629999999999992,0.37));
#12977=VECTOR('',#15460,1.0);
#12978=CARTESIAN_POINT('',(1.705,-0.629999999999992,0.37));
#12979=VECTOR('',#15461,1.0);
#12980=CARTESIAN_POINT('',(1.705,-0.629999999999992,0.37));
#12981=VECTOR('',#15462,1.0);
#12982=CARTESIAN_POINT('',(0.985,-0.629999999999992,0.37));
#12983=CARTESIAN_POINT('',(0.985,-0.629999999999992,0.37));
#12984=VECTOR('',#15463,1.0);
#12985=CARTESIAN_POINT('',(1.115,-0.63,0.370000000000004));
#12986=CARTESIAN_POINT('',(1.705,-0.629999999999992,0.37));
#12987=VECTOR('',#15464,1.0);
#12988=AXIS2_PLACEMENT_3D('',#15465,#15466,#15467);
#12989=CARTESIAN_POINT('',(0.985,-0.585,0.35));
#12990=CARTESIAN_POINT('',(0.985,-0.629999999999992,0.37));
#12991=VECTOR('',#15468,1.0);
#12992=CARTESIAN_POINT('',(1.115,-0.585,0.35));
#12993=CARTESIAN_POINT('',(1.705,-0.585,0.35));
#12994=VECTOR('',#15469,1.0);
#12995=CARTESIAN_POINT('',(1.115,-0.629999999999992,0.37));
#12996=VECTOR('',#15470,1.0);
#12997=CARTESIAN_POINT('',(0.985,-0.585,0.28));
#12998=CARTESIAN_POINT('',(0.985,-0.585,0.35));
#12999=VECTOR('',#15471,1.0);
#13000=CARTESIAN_POINT('',(1.115,-0.584999999999987,0.28));
#13001=CARTESIAN_POINT('',(1.705,-0.584999999999987,0.28));
#13002=VECTOR('',#15472,1.0);
#13003=CARTESIAN_POINT('',(1.115,-0.585,0.35));
#13004=VECTOR('',#15473,1.0);
#13005=CARTESIAN_POINT('',(0.985,-0.614999999999992,0.268541019662504));
#13006=AXIS2_PLACEMENT_3D('',#15474,#15475,#15476);
#13007=AXIS2_PLACEMENT_3D('',#15477,#15478,#15479);
#13008=AXIS2_PLACEMENT_3D('',#15480,#15481,#15482);
#13009=CARTESIAN_POINT('',(1.355,0.29,0.1));
#13010=CARTESIAN_POINT('',(1.355,0.35,0.1));
#13011=VECTOR('',#15483,1.0);
#13012=CARTESIAN_POINT('',(-1.355,0.29,0.1));
#13013=CARTESIAN_POINT('',(-1.355,-0.35,0.1));
#13014=VECTOR('',#15484,1.0);
#13015=CARTESIAN_POINT('',(-1.115,0.29,0.1));
#13016=CARTESIAN_POINT('',(-1.355,0.29,0.1));
#13017=VECTOR('',#15485,1.0);
#13018=CARTESIAN_POINT('',(-1.115,-0.29,0.1));
#13019=CARTESIAN_POINT('',(-1.115,0.29,0.1));
#13020=VECTOR('',#15486,1.0);
#13021=CARTESIAN_POINT('',(-1.355,-0.29,0.1));
#13022=CARTESIAN_POINT('',(-1.355,-0.29,0.1));
#13023=VECTOR('',#15487,1.0);
#13024=CARTESIAN_POINT('',(-1.355,-0.35,0.1));
#13025=VECTOR('',#15488,1.0);
#13026=CARTESIAN_POINT('',(1.355,-0.29,0.1));
#13027=CARTESIAN_POINT('',(1.355,0.35,0.1));
#13028=VECTOR('',#15489,1.0);
#13029=CARTESIAN_POINT('',(1.115,-0.29,0.1));
#13030=CARTESIAN_POINT('',(1.115,-0.29,0.1));
#13031=VECTOR('',#15490,1.0);
#13032=CARTESIAN_POINT('',(1.115,0.29,0.1));
#13033=CARTESIAN_POINT('',(1.115,0.29,0.1));
#13034=VECTOR('',#15491,1.0);
#13035=CARTESIAN_POINT('',(1.115,0.29,0.1));
#13036=VECTOR('',#15492,1.0);
#13037=CARTESIAN_POINT('',(-1.31,0.4,0.38));
#13038=CARTESIAN_POINT('',(-1.3,0.4,0.38));
#13039=CARTESIAN_POINT('',(-1.31,0.4,0.38));
#13040=VECTOR('',#15493,1.0);
#13041=CARTESIAN_POINT('',(-1.3,0.43,0.38));
#13042=CARTESIAN_POINT('',(-1.3,0.350000000000001,0.38));
#13043=VECTOR('',#15494,1.0);
#13044=CARTESIAN_POINT('',(-1.33,0.46,0.38));
#13045=AXIS2_PLACEMENT_3D('',#15495,#15496,#15497);
#13046=CARTESIAN_POINT('',(-1.385,0.46,0.38));
#13047=CARTESIAN_POINT('',(1.705,0.46,0.38));
#13048=VECTOR('',#15498,1.0);
#13049=CARTESIAN_POINT('',(-1.415,0.43,0.38));
#13050=AXIS2_PLACEMENT_3D('',#15499,#15500,#15501);
#13051=CARTESIAN_POINT('',(-1.415,-0.43,0.38));
#13052=CARTESIAN_POINT('',(-1.415,0.350000000000001,0.38));
#13053=VECTOR('',#15502,1.0);
#13054=CARTESIAN_POINT('',(-1.385,-0.46,0.38));
#13055=AXIS2_PLACEMENT_3D('',#15503,#15504,#15505);
#13056=CARTESIAN_POINT('',(-1.33,-0.46,0.38));
#13057=CARTESIAN_POINT('',(1.705,-0.46,0.38));
#13058=VECTOR('',#15506,1.0);
#13059=CARTESIAN_POINT('',(-1.3,-0.43,0.38));
#13060=AXIS2_PLACEMENT_3D('',#15507,#15508,#15509);
#13061=CARTESIAN_POINT('',(-1.3,-0.4,0.38));
#13062=CARTESIAN_POINT('',(-1.3,0.350000000000001,0.38));
#13063=VECTOR('',#15510,1.0);
#13064=CARTESIAN_POINT('',(-1.31,-0.4,0.38));
#13065=CARTESIAN_POINT('',(-1.135,-0.4,0.38));
#13066=VECTOR('',#15511,1.0);
#13067=CARTESIAN_POINT('',(-1.31,-0.4,0.38));
#13068=VECTOR('',#15512,1.0);
#13069=CARTESIAN_POINT('',(-1.355,0.350000000000001,0.38));
#13070=VECTOR('',#15513,1.0);
#13071=CARTESIAN_POINT('',(-1.31,0.350000000000001,0.38));
#13072=VECTOR('',#15514,1.0);
#13073=CARTESIAN_POINT('',(1.705,0.49,0.18));
#13074=CARTESIAN_POINT('',(1.705,0.49,0.18));
#13075=VECTOR('',#15515,1.0);
#13076=CARTESIAN_POINT('',(1.705,0.109999999999997,0.18));
#13077=CARTESIAN_POINT('',(1.705,0.109999999999997,0.18));
#13078=VECTOR('',#15516,1.0);
#13079=CARTESIAN_POINT('',(1.705,0.109999999999997,0.0500000000000003));
#13080=CARTESIAN_POINT('',(1.705,0.109999999999997,1.38777878078145E-16));
#13081=VECTOR('',#15517,1.0);
#13082=CARTESIAN_POINT('',(1.705,0.35,0.0500000000000004));
#13083=CARTESIAN_POINT('',(1.705,0.35,0.0500000000000003));
#13084=VECTOR('',#15518,1.0);
#13085=CARTESIAN_POINT('',(1.705,0.35,0.0500000000000003));
#13086=VECTOR('',#15519,1.0);
#13087=CARTESIAN_POINT('',(-1.705,-0.49,0.18));
#13088=CARTESIAN_POINT('',(-1.705,-0.49,0.18));
#13089=VECTOR('',#15520,1.0);
#13090=CARTESIAN_POINT('',(-1.705,-0.109999999999997,0.18));
#13091=CARTESIAN_POINT('',(-1.705,-0.54,0.18));
#13092=VECTOR('',#15521,1.0);
#13093=CARTESIAN_POINT('',(-1.705,-0.109999999999997,0.18));
#13094=VECTOR('',#15522,1.0);
#13095=CARTESIAN_POINT('',(-1.705,-0.35,0.0500000000000001));
#13096=VECTOR('',#15523,1.0);
#13097=CARTESIAN_POINT('',(-1.455,0.35,0.0500000000000003));
#13098=VECTOR('',#15524,1.0);
#13099=CARTESIAN_POINT('',(-1.205,0.0999999999999999,0.0500000000000001));
#13100=VECTOR('',#15525,1.0);
#13101=CARTESIAN_POINT('',(-1.205,-0.0999999999999999,0.0500000000000002));
#13102=VECTOR('',#15526,1.0);
#13103=CARTESIAN_POINT('',(-1.455,-0.35,0.0500000000000003));
#13104=VECTOR('',#15527,1.0);
#13105=CARTESIAN_POINT('',(1.455,0.35,0.0500000000000003));
#13106=CARTESIAN_POINT('',(1.455,0.35,0.0500000000000003));
#13107=VECTOR('',#15528,1.0);
#13108=CARTESIAN_POINT('',(1.205,0.0999999999999999,0.0500000000000002));
#13109=AXIS2_PLACEMENT_3D('',#15529,#15530,#15531);
#13110=CARTESIAN_POINT('',(1.205,0.0999999999999999,0.0500000000000002));
#13111=VECTOR('',#15532,1.0);
#13112=CARTESIAN_POINT('',(1.455,0.35,0.0500000000000003));
#13113=VECTOR('',#15533,1.0);
#13114=CARTESIAN_POINT('',(1.455,-0.35,0.0500000000000001));
#13115=CARTESIAN_POINT('',(1.455,-0.35,0.0500000000000001));
#13116=VECTOR('',#15534,1.0);
#13117=CARTESIAN_POINT('',(1.705,-0.35,0.0500000000000001));
#13118=VECTOR('',#15535,1.0);
#13119=CARTESIAN_POINT('',(1.205,-0.0999999999999999,0.0500000000000001));
#13120=CARTESIAN_POINT('',(1.205,-0.0999999999999999,0.0500000000000001));
#13121=VECTOR('',#15536,1.0);
#13122=AXIS2_PLACEMENT_3D('',#15537,#15538,#15539);
#13123=CARTESIAN_POINT('',(1.205,-0.0999999999999999,0.0500000000000002));
#13124=VECTOR('',#15540,1.0);
#13125=CARTESIAN_POINT('',(1.455,-0.109999999999997,0.0500000000000001));
#13126=VECTOR('',#15541,1.0);
#13127=CARTESIAN_POINT('',(1.455,0.109999999999997,0.0500000000000002));
#13128=VECTOR('',#15542,1.0);
#13129=CARTESIAN_POINT('',(1.355,0.24,0.15));
#13130=CARTESIAN_POINT('',(1.355,-0.24,0.15));
#13131=CARTESIAN_POINT('',(1.355,0.29,0.15));
#13132=VECTOR('',#15543,1.0);
#13133=AXIS2_PLACEMENT_3D('',#15544,#15545,#15546);
#13134=AXIS2_PLACEMENT_3D('',#15547,#15548,#15549);
#13135=CARTESIAN_POINT('',(-1.355,-0.24,0.15));
#13136=AXIS2_PLACEMENT_3D('',#15550,#15551,#15552);
#13137=CARTESIAN_POINT('',(-1.355,0.24,0.15));
#13138=CARTESIAN_POINT('',(-1.355,0.29,0.15));
#13139=VECTOR('',#15553,1.0);
#13140=AXIS2_PLACEMENT_3D('',#15554,#15555,#15556);
#13141=CARTESIAN_POINT('',(-1.174,0.24,0.15));
#13142=AXIS2_PLACEMENT_3D('',#15557,#15558,#15559);
#13143=CARTESIAN_POINT('',(-1.174,-0.24,0.15));
#13144=CARTESIAN_POINT('',(-1.174,0.29,0.15));
#13145=VECTOR('',#15560,1.0);
#13146=AXIS2_PLACEMENT_3D('',#15561,#15562,#15563);
#13147=CARTESIAN_POINT('',(-1.355,0.24,0.15));
#13148=VECTOR('',#15564,1.0);
#13149=CARTESIAN_POINT('',(-1.174,-0.24,0.15));
#13150=VECTOR('',#15565,1.0);
#13151=CARTESIAN_POINT('',(1.174,0.24,0.15));
#13152=CARTESIAN_POINT('',(1.174,-0.24,0.15));
#13153=CARTESIAN_POINT('',(1.174,0.29,0.15));
#13154=VECTOR('',#15566,1.0);
#13155=AXIS2_PLACEMENT_3D('',#15567,#15568,#15569);
#13156=AXIS2_PLACEMENT_3D('',#15570,#15571,#15572);
#13157=CARTESIAN_POINT('',(1.355,0.24,0.15));
#13158=VECTOR('',#15573,1.0);
#13159=CARTESIAN_POINT('',(1.355,-0.24,0.15));
#13160=VECTOR('',#15574,1.0);
#13161=AXIS2_PLACEMENT_3D('',#15575,#15576,#15577);
#13162=AXIS2_PLACEMENT_3D('',#15578,#15579,#15580);
#13163=CARTESIAN_POINT('',(1.135,-0.37,0.349999999999999));
#13164=AXIS2_PLACEMENT_3D('',#15581,#15582,#15583);
#13165=CARTESIAN_POINT('',(1.135,-0.37,0.28));
#13166=CARTESIAN_POINT('',(1.135,-0.37,0.44));
#13167=VECTOR('',#15584,1.0);
#13168=CARTESIAN_POINT('',(1.135,-0.350000000000001,0.28));
#13169=VECTOR('',#15585,1.0);
#13170=CARTESIAN_POINT('',(1.31,-0.4,0.28));
#13171=VECTOR('',#15586,1.0);
#13172=CARTESIAN_POINT('',(1.3,-0.37,0.28));
#13173=CARTESIAN_POINT('',(1.3,-0.37,0.28));
#13174=VECTOR('',#15587,1.0);
#13175=CARTESIAN_POINT('',(1.3,-0.43,0.28));
#13176=VECTOR('',#15588,1.0);
#13177=CARTESIAN_POINT('',(1.31,0.350000000000001,0.28));
#13178=VECTOR('',#15589,1.0);
#13179=CARTESIAN_POINT('',(1.3,0.37,0.28));
#13180=CARTESIAN_POINT('',(1.3,0.37,0.28));
#13181=VECTOR('',#15590,1.0);
#13182=CARTESIAN_POINT('',(1.135,0.37,0.28));
#13183=VECTOR('',#15591,1.0);
#13184=AXIS2_PLACEMENT_3D('',#15592,#15593,#15594);
#13185=CARTESIAN_POINT('',(1.625,-0.109999999999997,0.18));
#13186=VECTOR('',#15595,1.0);
#13187=CARTESIAN_POINT('',(1.625,0.109999999999997,0.18));
#13188=VECTOR('',#15596,1.0);
#13189=AXIS2_PLACEMENT_3D('',#15597,#15598,#15599);
#13190=CARTESIAN_POINT('',(1.575,-0.52,0.44));
#13191=CARTESIAN_POINT('',(1.575,-0.52,0.44));
#13192=VECTOR('',#15600,1.0);
#13193=CARTESIAN_POINT('',(1.605,-0.490000000000001,0.439999999999999));
#13194=CARTESIAN_POINT('',(1.605,-0.490000000000001,0.439999999999999));
#13195=VECTOR('',#15601,1.0);
#13196=AXIS2_PLACEMENT_3D('',#15602,#15603,#15604);
#13197=CARTESIAN_POINT('',(1.605,0.49,0.44));
#13198=CARTESIAN_POINT('',(1.605,0.49,0.44));
#13199=VECTOR('',#15605,1.0);
#13200=CARTESIAN_POINT('',(1.575,0.52,0.440000000000001));
#13201=CARTESIAN_POINT('',(1.575,0.52,0.440000000000001));
#13202=VECTOR('',#15606,1.0);
#13203=AXIS2_PLACEMENT_3D('',#15607,#15608,#15609);
#13204=CARTESIAN_POINT('',(1.33,0.46,0.440000000000001));
#13205=CARTESIAN_POINT('',(1.33,0.46,0.440000000000001));
#13206=VECTOR('',#15610,1.0);
#13207=CARTESIAN_POINT('',(1.3,0.43,0.434852813742385));
#13208=CARTESIAN_POINT('',(1.33,0.46,0.44));
#13209=CARTESIAN_POINT('',(1.32198302703936,0.46,0.44));
#13210=CARTESIAN_POINT('',(1.31413699959874,0.456657408936268,0.440115503081015));
#13211=CARTESIAN_POINT('',(1.30307481017732,0.445404102893011,0.43898840710006));
#13212=CARTESIAN_POINT('',(1.29999999999999,0.437556959813092,0.437524602506913));
#13213=CARTESIAN_POINT('',(1.29999999999999,0.429999999999994,0.434852813742416));
#13214=CARTESIAN_POINT('',(1.3,0.43,0.44));
#13215=VECTOR('',#15611,1.0);
#13216=CARTESIAN_POINT('',(1.385,0.46,0.44));
#13217=CARTESIAN_POINT('',(1.385,0.46,0.44));
#13218=VECTOR('',#15612,1.0);
#13219=CARTESIAN_POINT('',(1.33,0.46,0.44));
#13220=VECTOR('',#15613,1.0);
#13221=CARTESIAN_POINT('',(1.415,0.43,0.440000000000001));
#13222=CARTESIAN_POINT('',(1.415,0.43,0.440000000000001));
#13223=VECTOR('',#15614,1.0);
#13224=AXIS2_PLACEMENT_3D('',#15615,#15616,#15617);
#13225=CARTESIAN_POINT('',(1.415,-0.43,0.44));
#13226=CARTESIAN_POINT('',(1.415,-0.43,0.44));
#13227=VECTOR('',#15618,1.0);
#13228=CARTESIAN_POINT('',(1.415,0.43,0.44));
#13229=VECTOR('',#15619,1.0);
#13230=CARTESIAN_POINT('',(1.385,-0.460000000000001,0.439999999999999));
#13231=CARTESIAN_POINT('',(1.385,-0.460000000000001,0.439999999999999));
#13232=VECTOR('',#15620,1.0);
#13233=AXIS2_PLACEMENT_3D('',#15621,#15622,#15623);
#13234=CARTESIAN_POINT('',(1.33,-0.46,0.44));
#13235=CARTESIAN_POINT('',(1.33,-0.46,0.44));
#13236=VECTOR('',#15624,1.0);
#13237=CARTESIAN_POINT('',(1.385,-0.46,0.44));
#13238=VECTOR('',#15625,1.0);
#13239=CARTESIAN_POINT('',(1.3,-0.43,0.434852813742385));
#13240=CARTESIAN_POINT('',(1.3,-0.43,0.439999999999999));
#13241=VECTOR('',#15626,1.0);
#13242=CARTESIAN_POINT('',(1.3,-0.43,0.434852813742385));
#13243=CARTESIAN_POINT('',(1.3,-0.437554415912604,0.437523703102238));
#13244=CARTESIAN_POINT('',(1.30306001255558,-0.445380073764311,0.438984916347418));
#13245=CARTESIAN_POINT('',(1.31411833269642,-0.456647368278311,0.440115578237244));
#13246=CARTESIAN_POINT('',(1.32198346105388,-0.46,0.439999999999999));
#13247=CARTESIAN_POINT('',(1.33,-0.46,0.439999999999999));
#13248=CARTESIAN_POINT('',(1.135,-0.46,0.44));
#13249=CARTESIAN_POINT('',(1.135,-0.52,0.44));
#13250=CARTESIAN_POINT('',(1.135,-0.37,0.44));
#13251=VECTOR('',#15627,1.0);
#13252=AXIS2_PLACEMENT_3D('',#15628,#15629,#15630);
#13253=CARTESIAN_POINT('',(1.135,0.083000000000002,0.125000000000001));
#13254=VECTOR('',#15631,1.0);
#13255=AXIS2_PLACEMENT_3D('',#15632,#15633,#15634);
#13256=AXIS2_PLACEMENT_3D('',#15635,#15636,#15637);
#13257=CARTESIAN_POINT('',(1.575,0.083000000000002,0.100000000000001));
#13258=VECTOR('',#15638,1.0);
#13259=CARTESIAN_POINT('',(1.575,0.61,0.35));
#13260=CARTESIAN_POINT('',(1.575,0.61,0.1));
#13261=CARTESIAN_POINT('',(1.575,0.61,0.44));
#13262=VECTOR('',#15639,1.0);
#13263=AXIS2_PLACEMENT_3D('',#15640,#15641,#15642);
#13264=CARTESIAN_POINT('',(1.575,-0.083000000000002,0.100000000000001));
#13265=VECTOR('',#15643,1.0);
#13266=CARTESIAN_POINT('',(1.135,0.46,0.44));
#13267=AXIS2_PLACEMENT_3D('',#15644,#15645,#15646);
#13268=CARTESIAN_POINT('',(1.135,0.52,0.44));
#13269=CARTESIAN_POINT('',(1.135,0.61,0.44));
#13270=VECTOR('',#15647,1.0);
#13271=CARTESIAN_POINT('',(1.135,0.61,0.35));
#13272=AXIS2_PLACEMENT_3D('',#15648,#15649,#15650);
#13273=CARTESIAN_POINT('',(1.135,0.61,0.125000000000001));
#13274=CARTESIAN_POINT('',(1.135,0.61,0.44));
#13275=VECTOR('',#15651,1.0);
#13276=CARTESIAN_POINT('',(1.135,-0.083000000000002,0.125000000000001));
#13277=VECTOR('',#15652,1.0);
#13278=CARTESIAN_POINT('',(1.3,-0.37,0.349999999999999));
#13279=CARTESIAN_POINT('',(1.3,-0.37,0.44));
#13280=VECTOR('',#15653,1.0);
#13281=AXIS2_PLACEMENT_3D('',#15654,#15655,#15656);
#13282=CARTESIAN_POINT('',(1.3,0.37,0.35));
#13283=AXIS2_PLACEMENT_3D('',#15657,#15658,#15659);
#13284=CARTESIAN_POINT('',(1.3,0.37,0.44));
#13285=VECTOR('',#15660,1.0);
#13286=CARTESIAN_POINT('',(1.695,-0.49,0.349999999999999));
#13287=CARTESIAN_POINT('',(1.695,-0.49,0.200000000000001));
#13288=CARTESIAN_POINT('',(1.695,-0.49,0.44));
#13289=VECTOR('',#15661,1.0);
#13290=AXIS2_PLACEMENT_3D('',#15662,#15663,#15664);
#13291=CARTESIAN_POINT('',(1.002,-0.49,0.200000000000001));
#13292=VECTOR('',#15665,1.0);
#13293=CARTESIAN_POINT('',(1.695,0.49,0.35));
#13294=AXIS2_PLACEMENT_3D('',#15666,#15667,#15668);
#13295=CARTESIAN_POINT('',(1.695,0.49,0.200000000000001));
#13296=CARTESIAN_POINT('',(1.695,0.49,0.44));
#13297=VECTOR('',#15669,1.0);
#13298=CARTESIAN_POINT('',(1.002,0.49,0.200000000000001));
#13299=VECTOR('',#15670,1.0);
#13300=CARTESIAN_POINT('',(1.695,-0.49,0.349999999999999));
#13301=VECTOR('',#15671,1.0);
#13302=CARTESIAN_POINT('',(1.695,-0.09,0.200000000000001));
#13303=CARTESIAN_POINT('',(1.695,-0.49,0.200000000000001));
#13304=VECTOR('',#15672,1.0);
#13305=CARTESIAN_POINT('',(1.695,-0.09,0.0700000000000008));
#13306=CARTESIAN_POINT('',(1.695,-0.09,0.200000000000001));
#13307=VECTOR('',#15673,1.0);
#13308=CARTESIAN_POINT('',(1.695,0.09,0.0700000000000008));
#13309=CARTESIAN_POINT('',(1.695,-0.09,0.0700000000000008));
#13310=VECTOR('',#15674,1.0);
#13311=CARTESIAN_POINT('',(1.695,0.09,0.200000000000001));
#13312=CARTESIAN_POINT('',(1.695,0.09,0.0700000000000008));
#13313=VECTOR('',#15675,1.0);
#13314=CARTESIAN_POINT('',(1.695,0.09,0.200000000000001));
#13315=VECTOR('',#15676,1.0);
#13316=CARTESIAN_POINT('',(1.575,0.61,0.35));
#13317=VECTOR('',#15677,1.0);
#13318=CARTESIAN_POINT('',(1.325,0.61,0.1));
#13319=CARTESIAN_POINT('',(1.325,0.61,0.1));
#13320=VECTOR('',#15678,1.0);
#13321=CARTESIAN_POINT('',(1.325,0.61,0.0700000000000005));
#13322=CARTESIAN_POINT('',(1.325,0.61,2.22044604925031E-16));
#13323=VECTOR('',#15679,1.0);
#13324=CARTESIAN_POINT('',(1.175,0.61,0.0700000000000005));
#13325=CARTESIAN_POINT('',(2.66,0.61,0.0700000000000005));
#13326=VECTOR('',#15680,1.0);
#13327=CARTESIAN_POINT('',(1.175,0.61,0.0850000000000003));
#13328=CARTESIAN_POINT('',(1.175,0.61,0.0850000000000003));
#13329=VECTOR('',#15681,1.0);
#13330=CARTESIAN_POINT('',(1.135,0.61,0.125000000000001));
#13331=VECTOR('',#15682,1.0);
#13332=CARTESIAN_POINT('',(1.135,0.37,0.35));
#13333=VECTOR('',#15683,1.0);
#13334=CARTESIAN_POINT('',(1.3,-0.37,0.349999999999999));
#13335=VECTOR('',#15684,1.0);
#13336=CARTESIAN_POINT('',(1.605,0.46,0.44));
#13337=VECTOR('',#15685,1.0);
#13338=CARTESIAN_POINT('',(1.605,-0.46,0.439999999999999));
#13339=VECTOR('',#15686,1.0);
#13340=CARTESIAN_POINT('',(1.605,-0.52,0.439999999999999));
#13341=VECTOR('',#15687,1.0);
#13342=CARTESIAN_POINT('',(1.605,-0.52,0.439999999999999));
#13343=VECTOR('',#15688,1.0);
#13344=CARTESIAN_POINT('',(1.605,0.52,0.44));
#13345=VECTOR('',#15689,1.0);
#13346=CARTESIAN_POINT('',(1.175,0.083000000000002,0.0850000000000006));
#13347=VECTOR('',#15690,1.0);
#13348=CARTESIAN_POINT('',(1.175,-0.64,-0.0199999999999995));
#13349=AXIS2_PLACEMENT_3D('',#15691,#15692,#15693);
#13350=CARTESIAN_POINT('',(1.175,-0.885,-0.0199999999999992));
#13351=CARTESIAN_POINT('',(1.175,-0.64,-0.019999999999999));
#13352=VECTOR('',#15694,1.0);
#13353=CARTESIAN_POINT('',(1.175,-0.885,0.0400000000000004));
#13354=CARTESIAN_POINT('',(1.175,-0.885,-0.0199999999999992));
#13355=VECTOR('',#15695,1.0);
#13356=CARTESIAN_POINT('',(1.175,-0.64,0.0400000000000012));
#13357=CARTESIAN_POINT('',(1.175,-0.885,0.0400000000000004));
#13358=VECTOR('',#15696,1.0);
#13359=AXIS2_PLACEMENT_3D('',#15697,#15698,#15699);
#13360=CARTESIAN_POINT('',(1.325,0.083000000000002,0.100000000000001));
#13361=VECTOR('',#15700,1.0);
#13362=CARTESIAN_POINT('',(1.325,-0.64,0.0400000000000012));
#13363=AXIS2_PLACEMENT_3D('',#15701,#15702,#15703);
#13364=CARTESIAN_POINT('',(1.325,-0.885,0.0400000000000004));
#13365=CARTESIAN_POINT('',(1.325,-0.885,0.0400000000000004));
#13366=VECTOR('',#15704,1.0);
#13367=CARTESIAN_POINT('',(1.325,-0.885,-0.0199999999999992));
#13368=CARTESIAN_POINT('',(1.325,-0.885,-0.0199999999999992));
#13369=VECTOR('',#15705,1.0);
#13370=CARTESIAN_POINT('',(1.325,-0.64,-0.0199999999999995));
#13371=CARTESIAN_POINT('',(1.325,-0.64,-0.019999999999999));
#13372=VECTOR('',#15706,1.0);
#13373=AXIS2_PLACEMENT_3D('',#15707,#15708,#15709);
#13374=CARTESIAN_POINT('',(1.175,-0.083000000000002,0.0850000000000006));
#13375=VECTOR('',#15710,1.0);
#13376=CARTESIAN_POINT('',(1.175,0.64,0.0400000000000005));
#13377=AXIS2_PLACEMENT_3D('',#15711,#15712,#15713);
#13378=CARTESIAN_POINT('',(1.175,0.885,0.0400000000000004));
#13379=CARTESIAN_POINT('',(1.175,0.64,0.0400000000000012));
#13380=VECTOR('',#15714,1.0);
#13381=CARTESIAN_POINT('',(1.175,0.885,-0.0199999999999993));
#13382=CARTESIAN_POINT('',(1.175,0.885,0.0400000000000004));
#13383=VECTOR('',#15715,1.0);
#13384=CARTESIAN_POINT('',(1.175,0.64,-0.019999999999999));
#13385=CARTESIAN_POINT('',(1.175,0.885,-0.0199999999999993));
#13386=VECTOR('',#15716,1.0);
#13387=AXIS2_PLACEMENT_3D('',#15717,#15718,#15719);
#13388=CARTESIAN_POINT('',(1.325,0.64,-0.019999999999999));
#13389=AXIS2_PLACEMENT_3D('',#15720,#15721,#15722);
#13390=CARTESIAN_POINT('',(1.325,0.885,-0.0199999999999993));
#13391=CARTESIAN_POINT('',(1.325,0.885,-0.0199999999999993));
#13392=VECTOR('',#15723,1.0);
#13393=CARTESIAN_POINT('',(1.325,0.885,0.0400000000000004));
#13394=CARTESIAN_POINT('',(1.325,0.885,0.0400000000000004));
#13395=VECTOR('',#15724,1.0);
#13396=CARTESIAN_POINT('',(1.325,0.64,0.0400000000000005));
#13397=CARTESIAN_POINT('',(1.325,0.64,0.0400000000000012));
#13398=VECTOR('',#15725,1.0);
#13399=AXIS2_PLACEMENT_3D('',#15726,#15727,#15728);
#13400=CARTESIAN_POINT('',(1.325,-0.083000000000002,0.100000000000001));
#13401=VECTOR('',#15729,1.0);
#13402=CARTESIAN_POINT('',(2.66,-0.64,-0.0199999999999995));
#13403=VECTOR('',#15730,1.0);
#13404=CARTESIAN_POINT('',(2.66,-0.885,0.0400000000000004));
#13405=VECTOR('',#15731,1.0);
#13406=CARTESIAN_POINT('',(2.66,-0.885,-0.0199999999999992));
#13407=VECTOR('',#15732,1.0);
#13408=CARTESIAN_POINT('',(2.66,-0.64,0.0400000000000012));
#13409=VECTOR('',#15733,1.0);
#13410=CARTESIAN_POINT('',(2.66,0.64,-0.019999999999999));
#13411=VECTOR('',#15734,1.0);
#13412=CARTESIAN_POINT('',(2.66,0.64,0.0400000000000005));
#13413=VECTOR('',#15735,1.0);
#13414=CARTESIAN_POINT('',(2.66,0.885,0.0400000000000004));
#13415=VECTOR('',#15736,1.0);
#13416=CARTESIAN_POINT('',(2.66,0.885,-0.0199999999999993));
#13417=VECTOR('',#15737,1.0);
#13418=CARTESIAN_POINT('',(1.002,-0.09,0.200000000000001));
#13419=VECTOR('',#15738,1.0);
#13420=CARTESIAN_POINT('',(1.002,-0.09,0.0700000000000008));
#13421=VECTOR('',#15739,1.0);
#13422=CARTESIAN_POINT('',(1.002,0.09,0.0700000000000008));
#13423=VECTOR('',#15740,1.0);
#13424=CARTESIAN_POINT('',(1.002,0.09,0.200000000000001));
#13425=VECTOR('',#15741,1.0);
#13426=CARTESIAN_POINT('',(0.985,-0.614999999999992,0.34));
#13427=VECTOR('',#15742,1.0);
#13428=CARTESIAN_POINT('',(0.765,-0.614999999999992,0.34));
#13429=VECTOR('',#15743,1.0);
#13430=CARTESIAN_POINT('',(0.985,0.614999999999992,0.14));
#13431=CARTESIAN_POINT('',(0.985,0.585,0.14));
#13432=VECTOR('',#15744,1.0);
#13433=CARTESIAN_POINT('',(0.985,0.614999999999992,0.14));
#13434=VECTOR('',#15745,1.0);
#13435=CARTESIAN_POINT('',(0.765,0.614999999999992,0.14));
#13436=CARTESIAN_POINT('',(0.765,0.614999999999992,0.14));
#13437=VECTOR('',#15746,1.0);
#13438=CARTESIAN_POINT('',(0.765,0.585,0.14));
#13439=VECTOR('',#15747,1.0);
#13440=CARTESIAN_POINT('',(0.985,0.614999999999992,0.14));
#13441=VECTOR('',#15748,1.0);
#13442=AXIS2_PLACEMENT_3D('',#15749,#15750,#15751);
#13443=CARTESIAN_POINT('',(-1.31,0.4,0.28));
#13444=CARTESIAN_POINT('',(-1.31,0.350000000000001,0.28));
#13445=VECTOR('',#15752,1.0);
#13446=CARTESIAN_POINT('',(-1.31,0.4,0.28));
#13447=VECTOR('',#15753,1.0);
#13448=CARTESIAN_POINT('',(-1.3,0.4,0.28));
#13449=CARTESIAN_POINT('',(-1.3,0.4,0.28));
#13450=VECTOR('',#15754,1.0);
#13451=CARTESIAN_POINT('',(-1.31,0.4,0.28));
#13452=VECTOR('',#15755,1.0);
#13453=CARTESIAN_POINT('',(-1.3,0.37,0.28));
#13454=CARTESIAN_POINT('',(-1.135,0.37,0.28));
#13455=VECTOR('',#15756,1.0);
#13456=CARTESIAN_POINT('',(-1.3,0.37,0.28));
#13457=VECTOR('',#15757,1.0);
#13458=CARTESIAN_POINT('',(-1.135,-0.37,0.28));
#13459=CARTESIAN_POINT('',(-1.135,-0.350000000000001,0.28));
#13460=VECTOR('',#15758,1.0);
#13461=CARTESIAN_POINT('',(-1.135,-0.37,0.350000000000001));
#13462=CARTESIAN_POINT('',(-1.135,-0.37,0.44));
#13463=VECTOR('',#15759,1.0);
#13464=AXIS2_PLACEMENT_3D('',#15760,#15761,#15762);
#13465=CARTESIAN_POINT('',(-1.3,-0.4,0.28));
#13466=CARTESIAN_POINT('',(-1.3,-0.4,0.28));
#13467=VECTOR('',#15763,1.0);
#13468=CARTESIAN_POINT('',(-1.31,-0.4,0.28));
#13469=CARTESIAN_POINT('',(-1.135,-0.4,0.28));
#13470=VECTOR('',#15764,1.0);
#13471=CARTESIAN_POINT('',(-1.31,-0.4,0.28));
#13472=VECTOR('',#15765,1.0);
#13473=CARTESIAN_POINT('',(-1.31,-0.4,0.28));
#13474=VECTOR('',#15766,1.0);
#13475=CARTESIAN_POINT('',(-1.3,-0.37,0.28));
#13476=CARTESIAN_POINT('',(-1.3,-0.43,0.28));
#13477=VECTOR('',#15767,1.0);
#13478=CARTESIAN_POINT('',(-1.3,-0.37,0.28));
#13479=VECTOR('',#15768,1.0);
#13480=AXIS2_PLACEMENT_3D('',#15769,#15770,#15771);
#13481=CARTESIAN_POINT('',(-1.625,-0.109999999999997,0.18));
#13482=VECTOR('',#15772,1.0);
#13483=CARTESIAN_POINT('',(-1.625,0.109999999999997,0.18));
#13484=VECTOR('',#15773,1.0);
#13485=AXIS2_PLACEMENT_3D('',#15774,#15775,#15776);
#13486=CARTESIAN_POINT('',(-1.575,-0.52,0.44));
#13487=CARTESIAN_POINT('',(-1.575,-0.52,0.44));
#13488=VECTOR('',#15777,1.0);
#13489=CARTESIAN_POINT('',(-1.605,-0.490000000000001,0.440000000000001));
#13490=AXIS2_PLACEMENT_3D('',#15778,#15779,#15780);
#13491=CARTESIAN_POINT('',(-1.605,-0.490000000000001,0.440000000000001));
#13492=VECTOR('',#15781,1.0);
#13493=CARTESIAN_POINT('',(-1.605,0.49,0.44));
#13494=CARTESIAN_POINT('',(-1.605,0.49,0.44));
#13495=VECTOR('',#15782,1.0);
#13496=CARTESIAN_POINT('',(-1.575,0.52,0.44));
#13497=AXIS2_PLACEMENT_3D('',#15783,#15784,#15785);
#13498=CARTESIAN_POINT('',(-1.575,0.52,0.44));
#13499=VECTOR('',#15786,1.0);
#13500=CARTESIAN_POINT('',(-1.3,0.43,0.434852813742387));
#13501=CARTESIAN_POINT('',(-1.3,0.43,0.44));
#13502=VECTOR('',#15787,1.0);
#13503=CARTESIAN_POINT('',(-1.33,0.46,0.44));
#13504=CARTESIAN_POINT('',(-1.33,0.46,0.440000000000001));
#13505=CARTESIAN_POINT('',(-1.32198346105388,0.46,0.440000000000001));
#13506=CARTESIAN_POINT('',(-1.31411833269642,0.456647368278311,0.440115578237245));
#13507=CARTESIAN_POINT('',(-1.30306001255558,0.445380073764311,0.43898491634742));
#13508=CARTESIAN_POINT('',(-1.3,0.437554415912604,0.43752370310224));
#13509=CARTESIAN_POINT('',(-1.3,0.43,0.434852813742387));
#13510=CARTESIAN_POINT('',(-1.33,0.46,0.44));
#13511=VECTOR('',#15788,1.0);
#13512=CARTESIAN_POINT('',(-1.385,0.46,0.44));
#13513=CARTESIAN_POINT('',(-1.33,0.46,0.44));
#13514=VECTOR('',#15789,1.0);
#13515=CARTESIAN_POINT('',(-1.385,0.46,0.44));
#13516=VECTOR('',#15790,1.0);
#13517=CARTESIAN_POINT('',(-1.415,0.43,0.44));
#13518=AXIS2_PLACEMENT_3D('',#15791,#15792,#15793);
#13519=CARTESIAN_POINT('',(-1.415,0.43,0.44));
#13520=VECTOR('',#15794,1.0);
#13521=CARTESIAN_POINT('',(-1.415,-0.43,0.44));
#13522=CARTESIAN_POINT('',(-1.415,0.43,0.44));
#13523=VECTOR('',#15795,1.0);
#13524=CARTESIAN_POINT('',(-1.415,-0.43,0.44));
#13525=VECTOR('',#15796,1.0);
#13526=CARTESIAN_POINT('',(-1.385,-0.460000000000001,0.440000000000001));
#13527=AXIS2_PLACEMENT_3D('',#15797,#15798,#15799);
#13528=CARTESIAN_POINT('',(-1.385,-0.460000000000001,0.440000000000001));
#13529=VECTOR('',#15800,1.0);
#13530=CARTESIAN_POINT('',(-1.33,-0.46,0.44));
#13531=CARTESIAN_POINT('',(-1.385,-0.46,0.44));
#13532=VECTOR('',#15801,1.0);
#13533=CARTESIAN_POINT('',(-1.33,-0.46,0.44));
#13534=VECTOR('',#15802,1.0);
#13535=CARTESIAN_POINT('',(-1.3,-0.43,0.434852813742387));
#13536=CARTESIAN_POINT('',(-1.29999999999999,-0.429999999999995,0.434852813742418));
#13537=CARTESIAN_POINT('',(-1.29999999999999,-0.437556959813092,0.437524602506915));
#13538=CARTESIAN_POINT('',(-1.30307481017732,-0.445404102893011,0.438988407100061));
#13539=CARTESIAN_POINT('',(-1.31413699959874,-0.456657408936268,0.440115503081017));
#13540=CARTESIAN_POINT('',(-1.32198302703936,-0.46,0.440000000000001));
#13541=CARTESIAN_POINT('',(-1.33,-0.46,0.440000000000001));
#13542=CARTESIAN_POINT('',(-1.3,-0.43,0.440000000000001));
#13543=VECTOR('',#15803,1.0);
#13544=CARTESIAN_POINT('',(-1.3,0.37,0.350000000000001));
#13545=CARTESIAN_POINT('',(-1.3,0.37,0.44));
#13546=VECTOR('',#15804,1.0);
#13547=AXIS2_PLACEMENT_3D('',#15805,#15806,#15807);
#13548=CARTESIAN_POINT('',(-1.3,-0.37,0.350000000000001));
#13549=AXIS2_PLACEMENT_3D('',#15808,#15809,#15810);
#13550=CARTESIAN_POINT('',(-1.3,-0.37,0.44));
#13551=VECTOR('',#15811,1.0);
#13552=CARTESIAN_POINT('',(-1.695,-0.49,0.350000000000001));
#13553=AXIS2_PLACEMENT_3D('',#15812,#15813,#15814);
#13554=CARTESIAN_POINT('',(-1.695,-0.49,0.200000000000001));
#13555=CARTESIAN_POINT('',(-1.695,-0.49,0.44));
#13556=VECTOR('',#15815,1.0);
#13557=CARTESIAN_POINT('',(-1.002,-0.49,0.200000000000001));
#13558=VECTOR('',#15816,1.0);
#13559=CARTESIAN_POINT('',(-1.695,0.49,0.350000000000001));
#13560=CARTESIAN_POINT('',(-1.695,0.49,0.200000000000001));
#13561=CARTESIAN_POINT('',(-1.695,0.49,0.44));
#13562=VECTOR('',#15817,1.0);
#13563=AXIS2_PLACEMENT_3D('',#15818,#15819,#15820);
#13564=CARTESIAN_POINT('',(-1.002,0.49,0.200000000000001));
#13565=VECTOR('',#15821,1.0);
#13566=CARTESIAN_POINT('',(-1.135,-0.46,0.44));
#13567=AXIS2_PLACEMENT_3D('',#15822,#15823,#15824);
#13568=CARTESIAN_POINT('',(-1.135,-0.52,0.44));
#13569=CARTESIAN_POINT('',(-1.135,-0.37,0.44));
#13570=VECTOR('',#15825,1.0);
#13571=AXIS2_PLACEMENT_3D('',#15826,#15827,#15828);
#13572=CARTESIAN_POINT('',(-1.135,0.083000000000002,0.125000000000001));
#13573=VECTOR('',#15829,1.0);
#13574=AXIS2_PLACEMENT_3D('',#15830,#15831,#15832);
#13575=CARTESIAN_POINT('',(-1.575,0.083000000000002,0.100000000000001));
#13576=VECTOR('',#15833,1.0);
#13577=CARTESIAN_POINT('',(-1.695,-0.49,0.350000000000001));
#13578=VECTOR('',#15834,1.0);
#13579=CARTESIAN_POINT('',(-1.695,0.09,0.200000000000001));
#13580=CARTESIAN_POINT('',(-1.695,0.09,0.200000000000001));
#13581=VECTOR('',#15835,1.0);
#13582=CARTESIAN_POINT('',(-1.695,0.09,0.0700000000000008));
#13583=CARTESIAN_POINT('',(-1.695,0.09,0.0700000000000008));
#13584=VECTOR('',#15836,1.0);
#13585=CARTESIAN_POINT('',(-1.695,-0.09,0.0700000000000008));
#13586=CARTESIAN_POINT('',(-1.695,-0.09,0.0700000000000008));
#13587=VECTOR('',#15837,1.0);
#13588=CARTESIAN_POINT('',(-1.695,-0.09,0.200000000000001));
#13589=CARTESIAN_POINT('',(-1.695,-0.09,0.200000000000001));
#13590=VECTOR('',#15838,1.0);
#13591=CARTESIAN_POINT('',(-1.695,-0.49,0.200000000000001));
#13592=VECTOR('',#15839,1.0);
#13593=CARTESIAN_POINT('',(-1.575,0.61,0.350000000000001));
#13594=AXIS2_PLACEMENT_3D('',#15840,#15841,#15842);
#13595=CARTESIAN_POINT('',(-1.575,0.61,0.1));
#13596=CARTESIAN_POINT('',(-1.575,0.61,0.44));
#13597=VECTOR('',#15843,1.0);
#13598=CARTESIAN_POINT('',(-1.575,-0.083000000000002,0.100000000000001));
#13599=VECTOR('',#15844,1.0);
#13600=CARTESIAN_POINT('',(-1.135,0.61,0.350000000000001));
#13601=CARTESIAN_POINT('',(-1.575,0.61,0.350000000000001));
#13602=VECTOR('',#15845,1.0);
#13603=CARTESIAN_POINT('',(-1.135,0.61,0.125000000000001));
#13604=CARTESIAN_POINT('',(-1.135,0.61,0.44));
#13605=VECTOR('',#15846,1.0);
#13606=CARTESIAN_POINT('',(-1.175,0.61,0.0850000000000003));
#13607=CARTESIAN_POINT('',(-1.135,0.61,0.125000000000001));
#13608=VECTOR('',#15847,1.0);
#13609=CARTESIAN_POINT('',(-1.175,0.61,0.0700000000000004));
#13610=CARTESIAN_POINT('',(-1.175,0.61,0.0850000000000003));
#13611=VECTOR('',#15848,1.0);
#13612=CARTESIAN_POINT('',(-1.325,0.61,0.0700000000000004));
#13613=CARTESIAN_POINT('',(-2.66,0.61,0.0700000000000005));
#13614=VECTOR('',#15849,1.0);
#13615=CARTESIAN_POINT('',(-1.325,0.61,0.1));
#13616=CARTESIAN_POINT('',(-1.325,0.61,2.22044604925031E-16));
#13617=VECTOR('',#15850,1.0);
#13618=CARTESIAN_POINT('',(-1.325,0.61,0.1));
#13619=VECTOR('',#15851,1.0);
#13620=CARTESIAN_POINT('',(-1.135,0.52,0.44));
#13621=CARTESIAN_POINT('',(-1.135,0.46,0.44));
#13622=CARTESIAN_POINT('',(-1.135,0.61,0.44));
#13623=VECTOR('',#15852,1.0);
#13624=AXIS2_PLACEMENT_3D('',#15853,#15854,#15855);
#13625=CARTESIAN_POINT('',(-1.135,-0.083000000000002,0.125000000000001));
#13626=VECTOR('',#15856,1.0);
#13627=AXIS2_PLACEMENT_3D('',#15857,#15858,#15859);
#13628=CARTESIAN_POINT('',(-1.135,0.37,0.350000000000001));
#13629=VECTOR('',#15860,1.0);
#13630=CARTESIAN_POINT('',(-1.3,-0.37,0.350000000000001));
#13631=VECTOR('',#15861,1.0);
#13632=CARTESIAN_POINT('',(-1.605,0.46,0.440000000000001));
#13633=VECTOR('',#15862,1.0);
#13634=CARTESIAN_POINT('',(-1.605,0.52,0.440000000000001));
#13635=VECTOR('',#15863,1.0);
#13636=CARTESIAN_POINT('',(-1.605,-0.52,0.440000000000001));
#13637=VECTOR('',#15864,1.0);
#13638=CARTESIAN_POINT('',(-1.605,-0.52,0.440000000000001));
#13639=VECTOR('',#15865,1.0);
#13640=CARTESIAN_POINT('',(-1.605,-0.46,0.440000000000001));
#13641=VECTOR('',#15866,1.0);
#13642=CARTESIAN_POINT('',(-1.175,0.083000000000002,0.0850000000000006));
#13643=VECTOR('',#15867,1.0);
#13644=CARTESIAN_POINT('',(-1.175,-0.64,-0.0199999999999995));
#13645=AXIS2_PLACEMENT_3D('',#15868,#15869,#15870);
#13646=CARTESIAN_POINT('',(-1.175,-0.64,0.0400000000000012));
#13647=AXIS2_PLACEMENT_3D('',#15871,#15872,#15873);
#13648=CARTESIAN_POINT('',(-1.175,-0.885,0.0400000000000004));
#13649=CARTESIAN_POINT('',(-1.175,-0.885,0.0400000000000004));
#13650=VECTOR('',#15874,1.0);
#13651=CARTESIAN_POINT('',(-1.175,-0.885,-0.0199999999999992));
#13652=CARTESIAN_POINT('',(-1.175,-0.885,-0.0199999999999992));
#13653=VECTOR('',#15875,1.0);
#13654=CARTESIAN_POINT('',(-1.175,-0.64,-0.019999999999999));
#13655=VECTOR('',#15876,1.0);
#13656=CARTESIAN_POINT('',(-1.325,0.083000000000002,0.100000000000001));
#13657=VECTOR('',#15877,1.0);
#13658=CARTESIAN_POINT('',(-1.325,-0.64,-0.0199999999999995));
#13659=AXIS2_PLACEMENT_3D('',#15878,#15879,#15880);
#13660=CARTESIAN_POINT('',(-1.325,-0.885,-0.0199999999999992));
#13661=CARTESIAN_POINT('',(-1.325,-0.64,-0.019999999999999));
#13662=VECTOR('',#15881,1.0);
#13663=CARTESIAN_POINT('',(-1.325,-0.885,0.0400000000000004));
#13664=CARTESIAN_POINT('',(-1.325,-0.885,-0.0199999999999992));
#13665=VECTOR('',#15882,1.0);
#13666=CARTESIAN_POINT('',(-1.325,-0.64,0.0400000000000012));
#13667=CARTESIAN_POINT('',(-1.325,-0.885,0.0400000000000004));
#13668=VECTOR('',#15883,1.0);
#13669=AXIS2_PLACEMENT_3D('',#15884,#15885,#15886);
#13670=CARTESIAN_POINT('',(-1.175,-0.083000000000002,0.0850000000000006));
#13671=VECTOR('',#15887,1.0);
#13672=CARTESIAN_POINT('',(-1.175,0.64,-0.019999999999999));
#13673=AXIS2_PLACEMENT_3D('',#15888,#15889,#15890);
#13674=CARTESIAN_POINT('',(-1.175,0.885,-0.0199999999999993));
#13675=CARTESIAN_POINT('',(-1.175,0.885,-0.0199999999999993));
#13676=VECTOR('',#15891,1.0);
#13677=CARTESIAN_POINT('',(-1.175,0.885,0.0400000000000004));
#13678=CARTESIAN_POINT('',(-1.175,0.885,0.0400000000000004));
#13679=VECTOR('',#15892,1.0);
#13680=CARTESIAN_POINT('',(-1.175,0.64,0.0400000000000005));
#13681=CARTESIAN_POINT('',(-1.175,0.64,0.0400000000000012));
#13682=VECTOR('',#15893,1.0);
#13683=AXIS2_PLACEMENT_3D('',#15894,#15895,#15896);
#13684=CARTESIAN_POINT('',(-1.325,0.64,-0.019999999999999));
#13685=AXIS2_PLACEMENT_3D('',#15897,#15898,#15899);
#13686=CARTESIAN_POINT('',(-1.325,-0.083000000000002,0.100000000000001));
#13687=VECTOR('',#15900,1.0);
#13688=CARTESIAN_POINT('',(-1.325,0.64,0.0400000000000005));
#13689=AXIS2_PLACEMENT_3D('',#15901,#15902,#15903);
#13690=CARTESIAN_POINT('',(-1.325,0.885,0.0400000000000004));
#13691=CARTESIAN_POINT('',(-1.325,0.64,0.0400000000000012));
#13692=VECTOR('',#15904,1.0);
#13693=CARTESIAN_POINT('',(-1.325,0.885,-0.0199999999999993));
#13694=CARTESIAN_POINT('',(-1.325,0.885,0.0400000000000004));
#13695=VECTOR('',#15905,1.0);
#13696=CARTESIAN_POINT('',(-1.325,0.885,-0.0199999999999993));
#13697=VECTOR('',#15906,1.0);
#13698=CARTESIAN_POINT('',(-2.66,-0.64,-0.0199999999999995));
#13699=VECTOR('',#15907,1.0);
#13700=CARTESIAN_POINT('',(-2.66,-0.885,-0.0199999999999992));
#13701=VECTOR('',#15908,1.0);
#13702=CARTESIAN_POINT('',(-2.66,-0.885,0.0400000000000004));
#13703=VECTOR('',#15909,1.0);
#13704=CARTESIAN_POINT('',(-2.66,-0.64,0.0400000000000012));
#13705=VECTOR('',#15910,1.0);
#13706=CARTESIAN_POINT('',(-2.66,0.64,-0.019999999999999));
#13707=VECTOR('',#15911,1.0);
#13708=CARTESIAN_POINT('',(-2.66,0.64,0.0400000000000005));
#13709=VECTOR('',#15912,1.0);
#13710=CARTESIAN_POINT('',(-2.66,0.885,0.0400000000000004));
#13711=VECTOR('',#15913,1.0);
#13712=CARTESIAN_POINT('',(-2.66,0.885,-0.0199999999999993));
#13713=VECTOR('',#15914,1.0);
#13714=CARTESIAN_POINT('',(-1.002,-0.09,0.200000000000001));
#13715=VECTOR('',#15915,1.0);
#13716=CARTESIAN_POINT('',(-1.002,-0.09,0.0700000000000008));
#13717=VECTOR('',#15916,1.0);
#13718=CARTESIAN_POINT('',(-1.002,0.09,0.0700000000000008));
#13719=VECTOR('',#15917,1.0);
#13720=CARTESIAN_POINT('',(-1.002,0.09,0.200000000000001));
#13721=VECTOR('',#15918,1.0);
#13722=CARTESIAN_POINT('',(-0.985,-0.614999999999992,0.14));
#13723=CARTESIAN_POINT('',(-0.985,-0.614999999999992,0.34));
#13724=VECTOR('',#15919,1.0);
#13725=CARTESIAN_POINT('',(-0.985,-0.629999999999999,0.14));
#13726=VECTOR('',#15920,1.0);
#13727=CARTESIAN_POINT('',(-0.765,-0.614999999999992,0.14));
#13728=CARTESIAN_POINT('',(-0.765,-0.614999999999992,0.34));
#13729=VECTOR('',#15921,1.0);
#13730=CARTESIAN_POINT('',(-0.765,-0.629999999999999,0.14));
#13731=VECTOR('',#15922,1.0);
#13732=CARTESIAN_POINT('',(-0.765,-0.614999999999992,0.14));
#13733=VECTOR('',#15923,1.0);
#13734=CARTESIAN_POINT('',(-0.985,0.614999999999992,0.14));
#13735=VECTOR('',#15924,1.0);
#13736=CARTESIAN_POINT('',(-0.765,0.614999999999992,0.14));
#13737=VECTOR('',#15925,1.0);
#13738=AXIS2_PLACEMENT_3D('',#15926,#15927,#15928);
#13739=AXIS2_PLACEMENT_3D('',#15929,#15930,#15931);
#13740=CARTESIAN_POINT('',(1.005,0.420000000000001,0.46));
#13741=VECTOR('',#15932,1.0);
#13742=CARTESIAN_POINT('',(1.095,0.420000000000001,0.46));
#13743=VECTOR('',#15933,1.0);
#13744=CARTESIAN_POINT('',(1.005,-0.350000000000001,0.43));
#13745=VECTOR('',#15934,1.0);
#13746=CARTESIAN_POINT('',(1.095,-0.350000000000001,0.43));
#13747=VECTOR('',#15935,1.0);
#13748=CARTESIAN_POINT('',(-1.095,0.420000000000001,0.46));
#13749=VECTOR('',#15936,1.0);
#13750=CARTESIAN_POINT('',(-1.005,0.420000000000001,0.46));
#13751=VECTOR('',#15937,1.0);
#13752=CARTESIAN_POINT('',(-0.745,0.420000000000001,0.46));
#13753=VECTOR('',#15938,1.0);
#13754=CARTESIAN_POINT('',(-0.655,0.420000000000001,0.46));
#13755=VECTOR('',#15939,1.0);
#13756=CARTESIAN_POINT('',(-0.395,0.420000000000001,0.46));
#13757=VECTOR('',#15940,1.0);
#13758=CARTESIAN_POINT('',(-0.305,0.420000000000001,0.46));
#13759=VECTOR('',#15941,1.0);
#13760=CARTESIAN_POINT('',(-0.0449999999999999,0.420000000000001,0.46));
#13761=VECTOR('',#15942,1.0);
#13762=CARTESIAN_POINT('',(0.0450000000000001,0.420000000000001,0.46));
#13763=VECTOR('',#15943,1.0);
#13764=CARTESIAN_POINT('',(0.305,0.420000000000001,0.46));
#13765=VECTOR('',#15944,1.0);
#13766=CARTESIAN_POINT('',(0.395,0.420000000000001,0.46));
#13767=VECTOR('',#15945,1.0);
#13768=CARTESIAN_POINT('',(0.655,0.420000000000001,0.46));
#13769=VECTOR('',#15946,1.0);
#13770=CARTESIAN_POINT('',(0.745,0.420000000000001,0.46));
#13771=VECTOR('',#15947,1.0);
#13772=CARTESIAN_POINT('',(-1.095,-0.350000000000001,0.43));
#13773=VECTOR('',#15948,1.0);
#13774=CARTESIAN_POINT('',(-1.005,-0.350000000000001,0.43));
#13775=VECTOR('',#15949,1.0);
#13776=CARTESIAN_POINT('',(-0.745,-0.350000000000001,0.43));
#13777=VECTOR('',#15950,1.0);
#13778=CARTESIAN_POINT('',(-0.655,-0.350000000000001,0.43));
#13779=VECTOR('',#15951,1.0);
#13780=CARTESIAN_POINT('',(-0.395,-0.350000000000001,0.43));
#13781=VECTOR('',#15952,1.0);
#13782=CARTESIAN_POINT('',(-0.305,-0.350000000000001,0.43));
#13783=VECTOR('',#15953,1.0);
#13784=CARTESIAN_POINT('',(-0.0449999999999999,-0.350000000000001,0.43));
#13785=VECTOR('',#15954,1.0);
#13786=CARTESIAN_POINT('',(0.0450000000000001,-0.350000000000001,0.43));
#13787=VECTOR('',#15955,1.0);
#13788=CARTESIAN_POINT('',(0.305,-0.350000000000001,0.43));
#13789=VECTOR('',#15956,1.0);
#13790=CARTESIAN_POINT('',(0.395,-0.350000000000001,0.43));
#13791=VECTOR('',#15957,1.0);
#13792=CARTESIAN_POINT('',(0.655,-0.350000000000001,0.43));
#13793=VECTOR('',#15958,1.0);
#13794=CARTESIAN_POINT('',(0.745,-0.350000000000001,0.43));
#13795=VECTOR('',#15959,1.0);
#13796=CARTESIAN_POINT('',(-0.635,-0.614999999999992,0.34));
#13797=VECTOR('',#15960,1.0);
#13798=CARTESIAN_POINT('',(-0.635,0.614999999999992,0.14));
#13799=VECTOR('',#15961,1.0);
#13800=CARTESIAN_POINT('',(0.985,0.614999999999992,0.34));
#13801=CARTESIAN_POINT('',(0.985,0.614999999999992,0.14));
#13802=VECTOR('',#15962,1.0);
#13803=CARTESIAN_POINT('',(0.985,0.629999999999992,0.355));
#13804=CARTESIAN_POINT('',(0.985,0.614999999999992,0.34));
#13805=VECTOR('',#15963,1.0);
#13806=CARTESIAN_POINT('',(0.985,0.629999999999992,0.355));
#13807=VECTOR('',#15964,1.0);
#13808=CARTESIAN_POINT('',(0.765,0.614999999999992,0.34));
#13809=CARTESIAN_POINT('',(0.765,0.614999999999992,0.14));
#13810=VECTOR('',#15965,1.0);
#13811=CARTESIAN_POINT('',(0.765,0.629999999999992,0.355));
#13812=CARTESIAN_POINT('',(0.765,0.629999999999992,0.355));
#13813=VECTOR('',#15966,1.0);
#13814=CARTESIAN_POINT('',(0.765,0.614999999999992,0.34));
#13815=VECTOR('',#15967,1.0);
#13816=CARTESIAN_POINT('',(0.985,0.614999999999992,0.34));
#13817=VECTOR('',#15968,1.0);
#13818=CARTESIAN_POINT('',(0.985,0.629999999999992,0.355));
#13819=VECTOR('',#15969,1.0);
#13820=CARTESIAN_POINT('',(0.985,-0.629999999999992,0.355));
#13821=CARTESIAN_POINT('',(0.985,-0.629999999999992,0.37));
#13822=VECTOR('',#15970,1.0);
#13823=CARTESIAN_POINT('',(0.985,-0.614999999999992,0.34));
#13824=CARTESIAN_POINT('',(0.985,-0.629999999999992,0.355));
#13825=VECTOR('',#15971,1.0);
#13826=CARTESIAN_POINT('',(0.985,-0.614999999999992,0.34));
#13827=VECTOR('',#15972,1.0);
#13828=CARTESIAN_POINT('',(0.765,-0.614999999999992,0.34));
#13829=CARTESIAN_POINT('',(0.765,-0.614999999999992,0.34));
#13830=VECTOR('',#15973,1.0);
#13831=CARTESIAN_POINT('',(0.765,-0.629999999999992,0.355));
#13832=CARTESIAN_POINT('',(0.765,-0.629999999999992,0.355));
#13833=VECTOR('',#15974,1.0);
#13834=CARTESIAN_POINT('',(0.765,-0.629999999999992,0.37));
#13835=VECTOR('',#15975,1.0);
#13836=CARTESIAN_POINT('',(0.985,-0.629999999999992,0.355));
#13837=VECTOR('',#15976,1.0);
#13838=CARTESIAN_POINT('',(0.985,-0.614999999999992,0.34));
#13839=VECTOR('',#15977,1.0);
#13840=CARTESIAN_POINT('',(0.925,0.8,-0.02));
#13841=AXIS2_PLACEMENT_3D('',#15978,#15979,#15980);
#13842=CARTESIAN_POINT('',(0.925,1.0,-0.02));
#13843=CARTESIAN_POINT('',(0.925,0.8,-0.02));
#13844=VECTOR('',#15981,1.0);
#13845=CARTESIAN_POINT('',(0.925,1.0,0.04));
#13846=CARTESIAN_POINT('',(0.925,1.0,-0.02));
#13847=VECTOR('',#15982,1.0);
#13848=CARTESIAN_POINT('',(0.925,0.799999999999992,0.04));
#13849=CARTESIAN_POINT('',(0.925,1.0,0.04));
#13850=VECTOR('',#15983,1.0);
#13851=AXIS2_PLACEMENT_3D('',#15984,#15985,#15986);
#13852=CARTESIAN_POINT('',(0.925000000000001,-11.844,0.0599999999998798));
#13853=VECTOR('',#15987,1.0);
#13854=CARTESIAN_POINT('',(0.825,-11.844,0.0599999999998798));
#13855=VECTOR('',#15988,1.0);
#13856=CARTESIAN_POINT('',(0.825,0.799999999999992,0.04));
#13857=AXIS2_PLACEMENT_3D('',#15989,#15990,#15991);
#13858=CARTESIAN_POINT('',(0.825,1.0,0.04));
#13859=CARTESIAN_POINT('',(0.825,1.0,0.04));
#13860=VECTOR('',#15992,1.0);
#13861=CARTESIAN_POINT('',(0.825,1.0,-0.02));
#13862=CARTESIAN_POINT('',(0.825,1.0,-0.02));
#13863=VECTOR('',#15993,1.0);
#13864=CARTESIAN_POINT('',(0.825,0.8,-0.02));
#13865=CARTESIAN_POINT('',(0.825,0.8,-0.02));
#13866=VECTOR('',#15994,1.0);
#13867=AXIS2_PLACEMENT_3D('',#15995,#15996,#15997);
#13868=CARTESIAN_POINT('',(0.925,0.8,-0.02));
#13869=VECTOR('',#15998,1.0);
#13870=CARTESIAN_POINT('',(0.925,1.0,-0.02));
#13871=VECTOR('',#15999,1.0);
#13872=CARTESIAN_POINT('',(0.925,1.0,0.04));
#13873=VECTOR('',#16000,1.0);
#13874=CARTESIAN_POINT('',(0.925,0.799999999999992,0.04));
#13875=VECTOR('',#16001,1.0);
#13876=CARTESIAN_POINT('',(0.925,-0.779999999999992,0.06));
#13877=CARTESIAN_POINT('',(0.925,-0.35,0.0600000000000001));
#13878=VECTOR('',#16002,1.0);
#13879=CARTESIAN_POINT('',(0.825,-0.779999999999992,0.06));
#13880=CARTESIAN_POINT('',(0.825,-0.35,0.0600000000000001));
#13881=VECTOR('',#16003,1.0);
#13882=CARTESIAN_POINT('',(0.925,-0.779999999999992,0.06));
#13883=VECTOR('',#16004,1.0);
#13884=CARTESIAN_POINT('',(0.925,-0.35,0.0600000000000001));
#13885=VECTOR('',#16005,1.0);
#13886=CARTESIAN_POINT('',(0.925,-0.799999999999992,0.04));
#13887=AXIS2_PLACEMENT_3D('',#16006,#16007,#16008);
#13888=CARTESIAN_POINT('',(0.925,-1.0,0.04));
#13889=CARTESIAN_POINT('',(0.925,-0.799999999999992,0.04));
#13890=VECTOR('',#16009,1.0);
#13891=CARTESIAN_POINT('',(0.925,-1.0,-0.02));
#13892=CARTESIAN_POINT('',(0.925,-1.0,0.04));
#13893=VECTOR('',#16010,1.0);
#13894=CARTESIAN_POINT('',(0.925,-0.8,-0.02));
#13895=CARTESIAN_POINT('',(0.925,-1.0,-0.02));
#13896=VECTOR('',#16011,1.0);
#13897=AXIS2_PLACEMENT_3D('',#16012,#16013,#16014);
#13898=CARTESIAN_POINT('',(0.825,-0.35,0.0600000000000001));
#13899=VECTOR('',#16015,1.0);
#13900=CARTESIAN_POINT('',(0.825,-0.8,-0.02));
#13901=AXIS2_PLACEMENT_3D('',#16016,#16017,#16018);
#13902=CARTESIAN_POINT('',(0.825,-1.0,-0.02));
#13903=CARTESIAN_POINT('',(0.825,-1.0,-0.02));
#13904=VECTOR('',#16019,1.0);
#13905=CARTESIAN_POINT('',(0.825,-1.0,0.04));
#13906=CARTESIAN_POINT('',(0.825,-1.0,0.04));
#13907=VECTOR('',#16020,1.0);
#13908=CARTESIAN_POINT('',(0.825,-0.799999999999992,0.04));
#13909=CARTESIAN_POINT('',(0.825,-0.799999999999992,0.04));
#13910=VECTOR('',#16021,1.0);
#13911=AXIS2_PLACEMENT_3D('',#16022,#16023,#16024);
#13912=CARTESIAN_POINT('',(0.925,-1.0,-0.02));
#13913=VECTOR('',#16025,1.0);
#13914=CARTESIAN_POINT('',(0.925,-1.0,0.04));
#13915=VECTOR('',#16026,1.0);
#13916=CARTESIAN_POINT('',(0.925,-0.8,-0.02));
#13917=VECTOR('',#16027,1.0);
#13918=CARTESIAN_POINT('',(0.925,-0.799999999999992,0.04));
#13919=VECTOR('',#16028,1.0);
#13920=CARTESIAN_POINT('',(-0.415,0.614999999999992,0.34));
#13921=CARTESIAN_POINT('',(-0.415,0.614999999999992,0.14));
#13922=VECTOR('',#16029,1.0);
#13923=CARTESIAN_POINT('',(-0.415,0.629999999999992,0.355));
#13924=CARTESIAN_POINT('',(-0.415,0.614999999999992,0.34));
#13925=VECTOR('',#16030,1.0);
#13926=CARTESIAN_POINT('',(-0.415,0.629999999999992,0.355));
#13927=VECTOR('',#16031,1.0);
#13928=CARTESIAN_POINT('',(-0.635,0.629999999999992,0.355));
#13929=CARTESIAN_POINT('',(-0.635,0.629999999999992,0.355));
#13930=VECTOR('',#16032,1.0);
#13931=CARTESIAN_POINT('',(-0.635,0.614999999999992,0.34));
#13932=CARTESIAN_POINT('',(-0.635,0.614999999999992,0.34));
#13933=VECTOR('',#16033,1.0);
#13934=CARTESIAN_POINT('',(-0.635,0.614999999999992,0.14));
#13935=VECTOR('',#16034,1.0);
#13936=CARTESIAN_POINT('',(-0.415,0.614999999999992,0.34));
#13937=VECTOR('',#16035,1.0);
#13938=CARTESIAN_POINT('',(-0.415,0.629999999999992,0.355));
#13939=VECTOR('',#16036,1.0);
#13940=CARTESIAN_POINT('',(-0.0649999999999999,0.614999999999992,0.34));
#13941=CARTESIAN_POINT('',(-0.0649999999999999,0.614999999999992,0.14));
#13942=VECTOR('',#16037,1.0);
#13943=CARTESIAN_POINT('',(-0.0649999999999999,0.629999999999992,0.355));
#13944=CARTESIAN_POINT('',(-0.0649999999999999,0.614999999999992,0.34));
#13945=VECTOR('',#16038,1.0);
#13946=CARTESIAN_POINT('',(-0.0649999999999999,0.629999999999992,0.355));
#13947=VECTOR('',#16039,1.0);
#13948=CARTESIAN_POINT('',(-0.285,0.629999999999992,0.355));
#13949=CARTESIAN_POINT('',(-0.285,0.629999999999992,0.355));
#13950=VECTOR('',#16040,1.0);
#13951=CARTESIAN_POINT('',(-0.285,0.614999999999992,0.34));
#13952=CARTESIAN_POINT('',(-0.285,0.614999999999992,0.34));
#13953=VECTOR('',#16041,1.0);
#13954=CARTESIAN_POINT('',(-0.285,0.614999999999992,0.14));
#13955=VECTOR('',#16042,1.0);
#13956=CARTESIAN_POINT('',(-0.0649999999999999,0.614999999999992,0.34));
#13957=VECTOR('',#16043,1.0);
#13958=CARTESIAN_POINT('',(-0.0649999999999999,0.629999999999992,0.355));
#13959=VECTOR('',#16044,1.0);
#13960=CARTESIAN_POINT('',(0.285,0.614999999999992,0.34));
#13961=CARTESIAN_POINT('',(0.285,0.614999999999992,0.14));
#13962=VECTOR('',#16045,1.0);
#13963=CARTESIAN_POINT('',(0.285,0.629999999999992,0.355));
#13964=CARTESIAN_POINT('',(0.285,0.614999999999992,0.34));
#13965=VECTOR('',#16046,1.0);
#13966=CARTESIAN_POINT('',(0.285,0.629999999999992,0.355));
#13967=VECTOR('',#16047,1.0);
#13968=CARTESIAN_POINT('',(0.0650000000000001,0.629999999999992,0.355));
#13969=CARTESIAN_POINT('',(0.0650000000000001,0.629999999999992,0.355));
#13970=VECTOR('',#16048,1.0);
#13971=CARTESIAN_POINT('',(0.0650000000000001,0.614999999999992,0.34));
#13972=CARTESIAN_POINT('',(0.0650000000000001,0.614999999999992,0.34));
#13973=VECTOR('',#16049,1.0);
#13974=CARTESIAN_POINT('',(0.0650000000000001,0.614999999999992,0.14));
#13975=VECTOR('',#16050,1.0);
#13976=CARTESIAN_POINT('',(0.285,0.614999999999992,0.34));
#13977=VECTOR('',#16051,1.0);
#13978=CARTESIAN_POINT('',(0.285,0.629999999999992,0.355));
#13979=VECTOR('',#16052,1.0);
#13980=CARTESIAN_POINT('',(0.635,0.614999999999992,0.34));
#13981=CARTESIAN_POINT('',(0.635,0.614999999999992,0.14));
#13982=VECTOR('',#16053,1.0);
#13983=CARTESIAN_POINT('',(0.635,0.629999999999992,0.355));
#13984=CARTESIAN_POINT('',(0.635,0.614999999999992,0.34));
#13985=VECTOR('',#16054,1.0);
#13986=CARTESIAN_POINT('',(0.635,0.629999999999992,0.355));
#13987=VECTOR('',#16055,1.0);
#13988=CARTESIAN_POINT('',(0.415,0.629999999999992,0.355));
#13989=CARTESIAN_POINT('',(0.415,0.629999999999992,0.355));
#13990=VECTOR('',#16056,1.0);
#13991=CARTESIAN_POINT('',(0.415,0.614999999999992,0.34));
#13992=CARTESIAN_POINT('',(0.415,0.614999999999992,0.34));
#13993=VECTOR('',#16057,1.0);
#13994=CARTESIAN_POINT('',(0.415,0.614999999999992,0.14));
#13995=VECTOR('',#16058,1.0);
#13996=CARTESIAN_POINT('',(0.635,0.614999999999992,0.34));
#13997=VECTOR('',#16059,1.0);
#13998=CARTESIAN_POINT('',(0.635,0.629999999999992,0.355));
#13999=VECTOR('',#16060,1.0);
#14000=CARTESIAN_POINT('',(-0.765,0.614999999999992,0.34));
#14001=CARTESIAN_POINT('',(-0.765,0.614999999999992,0.14));
#14002=VECTOR('',#16061,1.0);
#14003=CARTESIAN_POINT('',(-0.765,0.629999999999992,0.355));
#14004=CARTESIAN_POINT('',(-0.765,0.614999999999992,0.34));
#14005=VECTOR('',#16062,1.0);
#14006=CARTESIAN_POINT('',(-0.765,0.629999999999992,0.355));
#14007=VECTOR('',#16063,1.0);
#14008=CARTESIAN_POINT('',(-0.985,0.629999999999992,0.355));
#14009=CARTESIAN_POINT('',(-0.985,0.629999999999992,0.355));
#14010=VECTOR('',#16064,1.0);
#14011=CARTESIAN_POINT('',(-0.985,0.614999999999992,0.34));
#14012=CARTESIAN_POINT('',(-0.985,0.614999999999992,0.34));
#14013=VECTOR('',#16065,1.0);
#14014=CARTESIAN_POINT('',(-0.985,0.614999999999992,0.14));
#14015=VECTOR('',#16066,1.0);
#14016=CARTESIAN_POINT('',(-0.765,0.614999999999992,0.34));
#14017=VECTOR('',#16067,1.0);
#14018=CARTESIAN_POINT('',(-0.765,0.629999999999992,0.355));
#14019=VECTOR('',#16068,1.0);
#14020=CARTESIAN_POINT('',(-0.415,-0.629999999999992,0.355));
#14021=CARTESIAN_POINT('',(-0.415,-0.629999999999992,0.37));
#14022=VECTOR('',#16069,1.0);
#14023=CARTESIAN_POINT('',(-0.415,-0.614999999999992,0.34));
#14024=CARTESIAN_POINT('',(-0.415,-0.629999999999992,0.355));
#14025=VECTOR('',#16070,1.0);
#14026=CARTESIAN_POINT('',(-0.415,-0.614999999999992,0.34));
#14027=VECTOR('',#16071,1.0);
#14028=CARTESIAN_POINT('',(-0.635,-0.629999999999992,0.355));
#14029=CARTESIAN_POINT('',(-0.635,-0.629999999999992,0.37));
#14030=VECTOR('',#16072,1.0);
#14031=CARTESIAN_POINT('',(-0.635,-0.614999999999992,0.34));
#14032=CARTESIAN_POINT('',(-0.635,-0.614999999999992,0.34));
#14033=VECTOR('',#16073,1.0);
#14034=CARTESIAN_POINT('',(-0.635,-0.629999999999992,0.355));
#14035=VECTOR('',#16074,1.0);
#14036=CARTESIAN_POINT('',(-0.415,-0.629999999999992,0.355));
#14037=VECTOR('',#16075,1.0);
#14038=CARTESIAN_POINT('',(-0.415,-0.614999999999992,0.34));
#14039=VECTOR('',#16076,1.0);
#14040=CARTESIAN_POINT('',(-0.0649999999999999,-0.629999999999992,0.355));
#14041=CARTESIAN_POINT('',(-0.0649999999999999,-0.629999999999992,0.37));
#14042=VECTOR('',#16077,1.0);
#14043=CARTESIAN_POINT('',(-0.0649999999999999,-0.614999999999992,0.34));
#14044=CARTESIAN_POINT('',(-0.0649999999999999,-0.629999999999992,0.355));
#14045=VECTOR('',#16078,1.0);
#14046=CARTESIAN_POINT('',(-0.0649999999999999,-0.614999999999992,0.34));
#14047=VECTOR('',#16079,1.0);
#14048=CARTESIAN_POINT('',(-0.285,-0.629999999999992,0.355));
#14049=CARTESIAN_POINT('',(-0.285,-0.629999999999992,0.37));
#14050=VECTOR('',#16080,1.0);
#14051=CARTESIAN_POINT('',(-0.285,-0.614999999999992,0.34));
#14052=CARTESIAN_POINT('',(-0.285,-0.614999999999992,0.34));
#14053=VECTOR('',#16081,1.0);
#14054=CARTESIAN_POINT('',(-0.285,-0.629999999999992,0.355));
#14055=VECTOR('',#16082,1.0);
#14056=CARTESIAN_POINT('',(-0.0649999999999999,-0.629999999999992,0.355));
#14057=VECTOR('',#16083,1.0);
#14058=CARTESIAN_POINT('',(-0.0649999999999999,-0.614999999999992,0.34));
#14059=VECTOR('',#16084,1.0);
#14060=CARTESIAN_POINT('',(0.285,-0.629999999999992,0.355));
#14061=CARTESIAN_POINT('',(0.285,-0.629999999999992,0.37));
#14062=VECTOR('',#16085,1.0);
#14063=CARTESIAN_POINT('',(0.285,-0.614999999999992,0.34));
#14064=CARTESIAN_POINT('',(0.285,-0.629999999999992,0.355));
#14065=VECTOR('',#16086,1.0);
#14066=CARTESIAN_POINT('',(0.285,-0.614999999999992,0.34));
#14067=VECTOR('',#16087,1.0);
#14068=CARTESIAN_POINT('',(0.0650000000000001,-0.629999999999992,0.355));
#14069=CARTESIAN_POINT('',(0.0650000000000001,-0.629999999999992,0.37));
#14070=VECTOR('',#16088,1.0);
#14071=CARTESIAN_POINT('',(0.0650000000000001,-0.614999999999992,0.34));
#14072=CARTESIAN_POINT('',(0.0650000000000001,-0.614999999999992,0.34));
#14073=VECTOR('',#16089,1.0);
#14074=CARTESIAN_POINT('',(0.0650000000000001,-0.629999999999992,0.355));
#14075=VECTOR('',#16090,1.0);
#14076=CARTESIAN_POINT('',(0.285,-0.629999999999992,0.355));
#14077=VECTOR('',#16091,1.0);
#14078=CARTESIAN_POINT('',(0.285,-0.614999999999992,0.34));
#14079=VECTOR('',#16092,1.0);
#14080=CARTESIAN_POINT('',(0.635,-0.629999999999992,0.355));
#14081=CARTESIAN_POINT('',(0.635,-0.629999999999992,0.37));
#14082=VECTOR('',#16093,1.0);
#14083=CARTESIAN_POINT('',(0.635,-0.614999999999992,0.34));
#14084=CARTESIAN_POINT('',(0.635,-0.629999999999992,0.355));
#14085=VECTOR('',#16094,1.0);
#14086=CARTESIAN_POINT('',(0.635,-0.614999999999992,0.34));
#14087=VECTOR('',#16095,1.0);
#14088=CARTESIAN_POINT('',(0.415,-0.629999999999992,0.355));
#14089=CARTESIAN_POINT('',(0.415,-0.629999999999992,0.37));
#14090=VECTOR('',#16096,1.0);
#14091=CARTESIAN_POINT('',(0.415,-0.614999999999992,0.34));
#14092=CARTESIAN_POINT('',(0.415,-0.614999999999992,0.34));
#14093=VECTOR('',#16097,1.0);
#14094=CARTESIAN_POINT('',(0.415,-0.629999999999992,0.355));
#14095=VECTOR('',#16098,1.0);
#14096=CARTESIAN_POINT('',(0.635,-0.629999999999992,0.355));
#14097=VECTOR('',#16099,1.0);
#14098=CARTESIAN_POINT('',(0.635,-0.614999999999992,0.34));
#14099=VECTOR('',#16100,1.0);
#14100=CARTESIAN_POINT('',(-0.765,-0.629999999999992,0.355));
#14101=CARTESIAN_POINT('',(-0.765,-0.629999999999992,0.37));
#14102=VECTOR('',#16101,1.0);
#14103=CARTESIAN_POINT('',(-0.765,-0.614999999999992,0.34));
#14104=CARTESIAN_POINT('',(-0.765,-0.629999999999992,0.355));
#14105=VECTOR('',#16102,1.0);
#14106=CARTESIAN_POINT('',(-0.765,-0.614999999999992,0.34));
#14107=VECTOR('',#16103,1.0);
#14108=CARTESIAN_POINT('',(-0.985,-0.629999999999992,0.355));
#14109=CARTESIAN_POINT('',(-0.985,-0.629999999999992,0.37));
#14110=VECTOR('',#16104,1.0);
#14111=CARTESIAN_POINT('',(-0.985,-0.614999999999992,0.34));
#14112=CARTESIAN_POINT('',(-0.985,-0.614999999999992,0.34));
#14113=VECTOR('',#16105,1.0);
#14114=CARTESIAN_POINT('',(-0.985,-0.629999999999992,0.355));
#14115=VECTOR('',#16106,1.0);
#14116=CARTESIAN_POINT('',(-0.765,-0.629999999999992,0.355));
#14117=VECTOR('',#16107,1.0);
#14118=CARTESIAN_POINT('',(-0.765,-0.614999999999992,0.34));
#14119=VECTOR('',#16108,1.0);
#14120=CARTESIAN_POINT('',(-0.825,0.8,-0.02));
#14121=AXIS2_PLACEMENT_3D('',#16109,#16110,#16111);
#14122=CARTESIAN_POINT('',(-0.825,1.0,-0.02));
#14123=CARTESIAN_POINT('',(-0.825,0.8,-0.02));
#14124=VECTOR('',#16112,1.0);
#14125=CARTESIAN_POINT('',(-0.825,1.0,0.04));
#14126=CARTESIAN_POINT('',(-0.825,1.0,-0.02));
#14127=VECTOR('',#16113,1.0);
#14128=CARTESIAN_POINT('',(-0.825,0.799999999999992,0.04));
#14129=CARTESIAN_POINT('',(-0.825,1.0,0.04));
#14130=VECTOR('',#16114,1.0);
#14131=AXIS2_PLACEMENT_3D('',#16115,#16116,#16117);
#14132=CARTESIAN_POINT('',(-0.825,0.779999999999992,0.06));
#14133=VECTOR('',#16118,1.0);
#14134=CARTESIAN_POINT('',(-0.925,0.779999999999992,0.06));
#14135=VECTOR('',#16119,1.0);
#14136=CARTESIAN_POINT('',(-0.925,0.799999999999992,0.04));
#14137=AXIS2_PLACEMENT_3D('',#16120,#16121,#16122);
#14138=CARTESIAN_POINT('',(-0.925,1.0,0.04));
#14139=CARTESIAN_POINT('',(-0.925,1.0,0.04));
#14140=VECTOR('',#16123,1.0);
#14141=CARTESIAN_POINT('',(-0.925,1.0,-0.02));
#14142=CARTESIAN_POINT('',(-0.925,1.0,-0.02));
#14143=VECTOR('',#16124,1.0);
#14144=CARTESIAN_POINT('',(-0.925,0.8,-0.02));
#14145=CARTESIAN_POINT('',(-0.925,0.8,-0.02));
#14146=VECTOR('',#16125,1.0);
#14147=AXIS2_PLACEMENT_3D('',#16126,#16127,#16128);
#14148=CARTESIAN_POINT('',(-0.825,0.8,-0.02));
#14149=VECTOR('',#16129,1.0);
#14150=CARTESIAN_POINT('',(-0.825,1.0,-0.02));
#14151=VECTOR('',#16130,1.0);
#14152=CARTESIAN_POINT('',(-0.825,1.0,0.04));
#14153=VECTOR('',#16131,1.0);
#14154=CARTESIAN_POINT('',(-0.825,0.799999999999992,0.04));
#14155=VECTOR('',#16132,1.0);
#14156=CARTESIAN_POINT('',(-0.475,0.8,-0.02));
#14157=AXIS2_PLACEMENT_3D('',#16133,#16134,#16135);
#14158=CARTESIAN_POINT('',(-0.475,1.0,-0.02));
#14159=CARTESIAN_POINT('',(-0.475,0.8,-0.02));
#14160=VECTOR('',#16136,1.0);
#14161=CARTESIAN_POINT('',(-0.475,1.0,0.04));
#14162=CARTESIAN_POINT('',(-0.475,1.0,-0.02));
#14163=VECTOR('',#16137,1.0);
#14164=CARTESIAN_POINT('',(-0.475,0.799999999999992,0.04));
#14165=CARTESIAN_POINT('',(-0.475,1.0,0.04));
#14166=VECTOR('',#16138,1.0);
#14167=AXIS2_PLACEMENT_3D('',#16139,#16140,#16141);
#14168=CARTESIAN_POINT('',(-0.475,0.779999999999992,0.06));
#14169=VECTOR('',#16142,1.0);
#14170=CARTESIAN_POINT('',(-0.575,0.779999999999992,0.06));
#14171=VECTOR('',#16143,1.0);
#14172=CARTESIAN_POINT('',(-0.575,0.799999999999992,0.04));
#14173=AXIS2_PLACEMENT_3D('',#16144,#16145,#16146);
#14174=CARTESIAN_POINT('',(-0.575,1.0,0.04));
#14175=CARTESIAN_POINT('',(-0.575,1.0,0.04));
#14176=VECTOR('',#16147,1.0);
#14177=CARTESIAN_POINT('',(-0.575,1.0,-0.02));
#14178=CARTESIAN_POINT('',(-0.575,1.0,-0.02));
#14179=VECTOR('',#16148,1.0);
#14180=CARTESIAN_POINT('',(-0.575,0.8,-0.02));
#14181=CARTESIAN_POINT('',(-0.575,0.8,-0.02));
#14182=VECTOR('',#16149,1.0);
#14183=AXIS2_PLACEMENT_3D('',#16150,#16151,#16152);
#14184=CARTESIAN_POINT('',(-0.475,0.8,-0.02));
#14185=VECTOR('',#16153,1.0);
#14186=CARTESIAN_POINT('',(-0.475,1.0,-0.02));
#14187=VECTOR('',#16154,1.0);
#14188=CARTESIAN_POINT('',(-0.475,1.0,0.04));
#14189=VECTOR('',#16155,1.0);
#14190=CARTESIAN_POINT('',(-0.475,0.799999999999992,0.04));
#14191=VECTOR('',#16156,1.0);
#14192=CARTESIAN_POINT('',(-0.125,0.8,-0.02));
#14193=AXIS2_PLACEMENT_3D('',#16157,#16158,#16159);
#14194=CARTESIAN_POINT('',(-0.125,1.0,-0.02));
#14195=CARTESIAN_POINT('',(-0.125,0.8,-0.02));
#14196=VECTOR('',#16160,1.0);
#14197=CARTESIAN_POINT('',(-0.125,1.0,0.04));
#14198=CARTESIAN_POINT('',(-0.125,1.0,-0.02));
#14199=VECTOR('',#16161,1.0);
#14200=CARTESIAN_POINT('',(-0.125,0.799999999999992,0.04));
#14201=CARTESIAN_POINT('',(-0.125,1.0,0.04));
#14202=VECTOR('',#16162,1.0);
#14203=AXIS2_PLACEMENT_3D('',#16163,#16164,#16165);
#14204=CARTESIAN_POINT('',(-0.125,0.779999999999992,0.06));
#14205=VECTOR('',#16166,1.0);
#14206=CARTESIAN_POINT('',(-0.225,0.779999999999992,0.06));
#14207=VECTOR('',#16167,1.0);
#14208=CARTESIAN_POINT('',(-0.225,0.799999999999992,0.04));
#14209=AXIS2_PLACEMENT_3D('',#16168,#16169,#16170);
#14210=CARTESIAN_POINT('',(-0.225,1.0,0.04));
#14211=CARTESIAN_POINT('',(-0.225,1.0,0.04));
#14212=VECTOR('',#16171,1.0);
#14213=CARTESIAN_POINT('',(-0.225,1.0,-0.02));
#14214=CARTESIAN_POINT('',(-0.225,1.0,-0.02));
#14215=VECTOR('',#16172,1.0);
#14216=CARTESIAN_POINT('',(-0.225,0.8,-0.02));
#14217=CARTESIAN_POINT('',(-0.225,0.8,-0.02));
#14218=VECTOR('',#16173,1.0);
#14219=AXIS2_PLACEMENT_3D('',#16174,#16175,#16176);
#14220=CARTESIAN_POINT('',(-0.125,0.8,-0.02));
#14221=VECTOR('',#16177,1.0);
#14222=CARTESIAN_POINT('',(-0.125,1.0,-0.02));
#14223=VECTOR('',#16178,1.0);
#14224=CARTESIAN_POINT('',(-0.125,1.0,0.04));
#14225=VECTOR('',#16179,1.0);
#14226=CARTESIAN_POINT('',(-0.125,0.799999999999992,0.04));
#14227=VECTOR('',#16180,1.0);
#14228=CARTESIAN_POINT('',(0.225,0.8,-0.02));
#14229=AXIS2_PLACEMENT_3D('',#16181,#16182,#16183);
#14230=CARTESIAN_POINT('',(0.225,1.0,-0.02));
#14231=CARTESIAN_POINT('',(0.225,0.8,-0.02));
#14232=VECTOR('',#16184,1.0);
#14233=CARTESIAN_POINT('',(0.225,1.0,0.04));
#14234=CARTESIAN_POINT('',(0.225,1.0,-0.02));
#14235=VECTOR('',#16185,1.0);
#14236=CARTESIAN_POINT('',(0.225,0.799999999999992,0.04));
#14237=CARTESIAN_POINT('',(0.225,1.0,0.04));
#14238=VECTOR('',#16186,1.0);
#14239=AXIS2_PLACEMENT_3D('',#16187,#16188,#16189);
#14240=CARTESIAN_POINT('',(0.225,0.779999999999992,0.06));
#14241=VECTOR('',#16190,1.0);
#14242=CARTESIAN_POINT('',(0.125,0.779999999999992,0.06));
#14243=VECTOR('',#16191,1.0);
#14244=CARTESIAN_POINT('',(0.125,0.799999999999992,0.04));
#14245=AXIS2_PLACEMENT_3D('',#16192,#16193,#16194);
#14246=CARTESIAN_POINT('',(0.125,1.0,0.04));
#14247=CARTESIAN_POINT('',(0.125,1.0,0.04));
#14248=VECTOR('',#16195,1.0);
#14249=CARTESIAN_POINT('',(0.125,1.0,-0.02));
#14250=CARTESIAN_POINT('',(0.125,1.0,-0.02));
#14251=VECTOR('',#16196,1.0);
#14252=CARTESIAN_POINT('',(0.125,0.8,-0.02));
#14253=CARTESIAN_POINT('',(0.125,0.8,-0.02));
#14254=VECTOR('',#16197,1.0);
#14255=AXIS2_PLACEMENT_3D('',#16198,#16199,#16200);
#14256=CARTESIAN_POINT('',(0.225,0.8,-0.02));
#14257=VECTOR('',#16201,1.0);
#14258=CARTESIAN_POINT('',(0.225,1.0,-0.02));
#14259=VECTOR('',#16202,1.0);
#14260=CARTESIAN_POINT('',(0.225,1.0,0.04));
#14261=VECTOR('',#16203,1.0);
#14262=CARTESIAN_POINT('',(0.225,0.799999999999992,0.04));
#14263=VECTOR('',#16204,1.0);
#14264=CARTESIAN_POINT('',(0.575,0.8,-0.02));
#14265=AXIS2_PLACEMENT_3D('',#16205,#16206,#16207);
#14266=CARTESIAN_POINT('',(0.575,1.0,-0.02));
#14267=CARTESIAN_POINT('',(0.575,0.8,-0.02));
#14268=VECTOR('',#16208,1.0);
#14269=CARTESIAN_POINT('',(0.575,1.0,0.04));
#14270=CARTESIAN_POINT('',(0.575,1.0,-0.02));
#14271=VECTOR('',#16209,1.0);
#14272=CARTESIAN_POINT('',(0.575,0.799999999999992,0.04));
#14273=CARTESIAN_POINT('',(0.575,1.0,0.04));
#14274=VECTOR('',#16210,1.0);
#14275=AXIS2_PLACEMENT_3D('',#16211,#16212,#16213);
#14276=CARTESIAN_POINT('',(0.575,0.779999999999992,0.06));
#14277=VECTOR('',#16214,1.0);
#14278=CARTESIAN_POINT('',(0.475,0.779999999999992,0.06));
#14279=VECTOR('',#16215,1.0);
#14280=CARTESIAN_POINT('',(0.475,0.799999999999992,0.04));
#14281=AXIS2_PLACEMENT_3D('',#16216,#16217,#16218);
#14282=CARTESIAN_POINT('',(0.475,1.0,0.04));
#14283=CARTESIAN_POINT('',(0.475,1.0,0.04));
#14284=VECTOR('',#16219,1.0);
#14285=CARTESIAN_POINT('',(0.475,1.0,-0.02));
#14286=CARTESIAN_POINT('',(0.475,1.0,-0.02));
#14287=VECTOR('',#16220,1.0);
#14288=CARTESIAN_POINT('',(0.475,0.8,-0.02));
#14289=CARTESIAN_POINT('',(0.475,0.8,-0.02));
#14290=VECTOR('',#16221,1.0);
#14291=AXIS2_PLACEMENT_3D('',#16222,#16223,#16224);
#14292=CARTESIAN_POINT('',(0.575,0.8,-0.02));
#14293=VECTOR('',#16225,1.0);
#14294=CARTESIAN_POINT('',(0.575,1.0,-0.02));
#14295=VECTOR('',#16226,1.0);
#14296=CARTESIAN_POINT('',(0.575,1.0,0.04));
#14297=VECTOR('',#16227,1.0);
#14298=CARTESIAN_POINT('',(0.575,0.799999999999992,0.04));
#14299=VECTOR('',#16228,1.0);
#14300=CARTESIAN_POINT('',(-0.825,-0.779999999999992,0.06));
#14301=CARTESIAN_POINT('',(-0.825,-0.35,0.0600000000000001));
#14302=VECTOR('',#16229,1.0);
#14303=CARTESIAN_POINT('',(-0.925,-0.779999999999992,0.06));
#14304=CARTESIAN_POINT('',(-0.925,-0.35,0.0600000000000001));
#14305=VECTOR('',#16230,1.0);
#14306=CARTESIAN_POINT('',(-0.825,-0.779999999999992,0.06));
#14307=VECTOR('',#16231,1.0);
#14308=CARTESIAN_POINT('',(-0.825,-0.35,0.0600000000000001));
#14309=VECTOR('',#16232,1.0);
#14310=CARTESIAN_POINT('',(-0.825,-0.799999999999992,0.04));
#14311=AXIS2_PLACEMENT_3D('',#16233,#16234,#16235);
#14312=CARTESIAN_POINT('',(-0.825,-1.0,0.04));
#14313=CARTESIAN_POINT('',(-0.825,-0.799999999999992,0.04));
#14314=VECTOR('',#16236,1.0);
#14315=CARTESIAN_POINT('',(-0.825,-1.0,-0.02));
#14316=CARTESIAN_POINT('',(-0.825,-1.0,0.04));
#14317=VECTOR('',#16237,1.0);
#14318=CARTESIAN_POINT('',(-0.825,-0.8,-0.02));
#14319=CARTESIAN_POINT('',(-0.825,-1.0,-0.02));
#14320=VECTOR('',#16238,1.0);
#14321=AXIS2_PLACEMENT_3D('',#16239,#16240,#16241);
#14322=CARTESIAN_POINT('',(-0.925,-0.35,0.0600000000000001));
#14323=VECTOR('',#16242,1.0);
#14324=CARTESIAN_POINT('',(-0.925,-0.8,-0.02));
#14325=AXIS2_PLACEMENT_3D('',#16243,#16244,#16245);
#14326=CARTESIAN_POINT('',(-0.925,-1.0,-0.02));
#14327=CARTESIAN_POINT('',(-0.925,-1.0,-0.02));
#14328=VECTOR('',#16246,1.0);
#14329=CARTESIAN_POINT('',(-0.925,-1.0,0.04));
#14330=CARTESIAN_POINT('',(-0.925,-1.0,0.04));
#14331=VECTOR('',#16247,1.0);
#14332=CARTESIAN_POINT('',(-0.925,-0.799999999999992,0.04));
#14333=CARTESIAN_POINT('',(-0.925,-0.799999999999992,0.04));
#14334=VECTOR('',#16248,1.0);
#14335=AXIS2_PLACEMENT_3D('',#16249,#16250,#16251);
#14336=CARTESIAN_POINT('',(-0.825,-1.0,-0.02));
#14337=VECTOR('',#16252,1.0);
#14338=CARTESIAN_POINT('',(-0.825,-1.0,0.04));
#14339=VECTOR('',#16253,1.0);
#14340=CARTESIAN_POINT('',(-0.825,-0.8,-0.02));
#14341=VECTOR('',#16254,1.0);
#14342=CARTESIAN_POINT('',(-0.825,-0.799999999999992,0.04));
#14343=VECTOR('',#16255,1.0);
#14344=CARTESIAN_POINT('',(-0.475,-0.779999999999992,0.06));
#14345=CARTESIAN_POINT('',(-0.475,-0.35,0.0600000000000001));
#14346=VECTOR('',#16256,1.0);
#14347=CARTESIAN_POINT('',(-0.575,-0.779999999999992,0.06));
#14348=CARTESIAN_POINT('',(-0.575,-0.35,0.0600000000000001));
#14349=VECTOR('',#16257,1.0);
#14350=CARTESIAN_POINT('',(-0.475,-0.779999999999992,0.06));
#14351=VECTOR('',#16258,1.0);
#14352=CARTESIAN_POINT('',(-0.475,-0.35,0.0600000000000001));
#14353=VECTOR('',#16259,1.0);
#14354=CARTESIAN_POINT('',(-0.475,-0.799999999999992,0.04));
#14355=AXIS2_PLACEMENT_3D('',#16260,#16261,#16262);
#14356=CARTESIAN_POINT('',(-0.475,-1.0,0.04));
#14357=CARTESIAN_POINT('',(-0.475,-0.799999999999992,0.04));
#14358=VECTOR('',#16263,1.0);
#14359=CARTESIAN_POINT('',(-0.475,-1.0,-0.02));
#14360=CARTESIAN_POINT('',(-0.475,-1.0,0.04));
#14361=VECTOR('',#16264,1.0);
#14362=CARTESIAN_POINT('',(-0.475,-0.8,-0.02));
#14363=CARTESIAN_POINT('',(-0.475,-1.0,-0.02));
#14364=VECTOR('',#16265,1.0);
#14365=AXIS2_PLACEMENT_3D('',#16266,#16267,#16268);
#14366=CARTESIAN_POINT('',(-0.575,-0.35,0.0600000000000001));
#14367=VECTOR('',#16269,1.0);
#14368=CARTESIAN_POINT('',(-0.575,-0.8,-0.02));
#14369=AXIS2_PLACEMENT_3D('',#16270,#16271,#16272);
#14370=CARTESIAN_POINT('',(-0.575,-1.0,-0.02));
#14371=CARTESIAN_POINT('',(-0.575,-1.0,-0.02));
#14372=VECTOR('',#16273,1.0);
#14373=CARTESIAN_POINT('',(-0.575,-1.0,0.04));
#14374=CARTESIAN_POINT('',(-0.575,-1.0,0.04));
#14375=VECTOR('',#16274,1.0);
#14376=CARTESIAN_POINT('',(-0.575,-0.799999999999992,0.04));
#14377=CARTESIAN_POINT('',(-0.575,-0.799999999999992,0.04));
#14378=VECTOR('',#16275,1.0);
#14379=AXIS2_PLACEMENT_3D('',#16276,#16277,#16278);
#14380=CARTESIAN_POINT('',(-0.475,-1.0,-0.02));
#14381=VECTOR('',#16279,1.0);
#14382=CARTESIAN_POINT('',(-0.475,-1.0,0.04));
#14383=VECTOR('',#16280,1.0);
#14384=CARTESIAN_POINT('',(-0.475,-0.8,-0.02));
#14385=VECTOR('',#16281,1.0);
#14386=CARTESIAN_POINT('',(-0.475,-0.799999999999992,0.04));
#14387=VECTOR('',#16282,1.0);
#14388=CARTESIAN_POINT('',(-0.125,-0.779999999999992,0.06));
#14389=CARTESIAN_POINT('',(-0.125,-0.35,0.0600000000000001));
#14390=VECTOR('',#16283,1.0);
#14391=CARTESIAN_POINT('',(-0.225,-0.779999999999992,0.06));
#14392=CARTESIAN_POINT('',(-0.225,-0.35,0.0600000000000001));
#14393=VECTOR('',#16284,1.0);
#14394=CARTESIAN_POINT('',(-0.125,-0.779999999999992,0.06));
#14395=VECTOR('',#16285,1.0);
#14396=CARTESIAN_POINT('',(-0.125,-0.35,0.0600000000000001));
#14397=VECTOR('',#16286,1.0);
#14398=CARTESIAN_POINT('',(-0.125,-0.799999999999992,0.04));
#14399=AXIS2_PLACEMENT_3D('',#16287,#16288,#16289);
#14400=CARTESIAN_POINT('',(-0.125,-1.0,0.04));
#14401=CARTESIAN_POINT('',(-0.125,-0.799999999999992,0.04));
#14402=VECTOR('',#16290,1.0);
#14403=CARTESIAN_POINT('',(-0.125,-1.0,-0.02));
#14404=CARTESIAN_POINT('',(-0.125,-1.0,0.04));
#14405=VECTOR('',#16291,1.0);
#14406=CARTESIAN_POINT('',(-0.125,-0.8,-0.02));
#14407=CARTESIAN_POINT('',(-0.125,-1.0,-0.02));
#14408=VECTOR('',#16292,1.0);
#14409=AXIS2_PLACEMENT_3D('',#16293,#16294,#16295);
#14410=CARTESIAN_POINT('',(-0.225,-0.35,0.0600000000000001));
#14411=VECTOR('',#16296,1.0);
#14412=CARTESIAN_POINT('',(-0.225,-0.8,-0.02));
#14413=AXIS2_PLACEMENT_3D('',#16297,#16298,#16299);
#14414=CARTESIAN_POINT('',(-0.225,-1.0,-0.02));
#14415=CARTESIAN_POINT('',(-0.225,-1.0,-0.02));
#14416=VECTOR('',#16300,1.0);
#14417=CARTESIAN_POINT('',(-0.225,-1.0,0.04));
#14418=CARTESIAN_POINT('',(-0.225,-1.0,0.04));
#14419=VECTOR('',#16301,1.0);
#14420=CARTESIAN_POINT('',(-0.225,-0.799999999999992,0.04));
#14421=CARTESIAN_POINT('',(-0.225,-0.799999999999992,0.04));
#14422=VECTOR('',#16302,1.0);
#14423=AXIS2_PLACEMENT_3D('',#16303,#16304,#16305);
#14424=CARTESIAN_POINT('',(-0.125,-1.0,-0.02));
#14425=VECTOR('',#16306,1.0);
#14426=CARTESIAN_POINT('',(-0.125,-1.0,0.04));
#14427=VECTOR('',#16307,1.0);
#14428=CARTESIAN_POINT('',(-0.125,-0.8,-0.02));
#14429=VECTOR('',#16308,1.0);
#14430=CARTESIAN_POINT('',(-0.125,-0.799999999999992,0.04));
#14431=VECTOR('',#16309,1.0);
#14432=CARTESIAN_POINT('',(0.225,-0.779999999999992,0.06));
#14433=CARTESIAN_POINT('',(0.225,-0.35,0.0600000000000001));
#14434=VECTOR('',#16310,1.0);
#14435=CARTESIAN_POINT('',(0.125,-0.779999999999992,0.06));
#14436=CARTESIAN_POINT('',(0.125,-0.35,0.0600000000000001));
#14437=VECTOR('',#16311,1.0);
#14438=CARTESIAN_POINT('',(0.225,-0.779999999999992,0.06));
#14439=VECTOR('',#16312,1.0);
#14440=CARTESIAN_POINT('',(0.225,-0.35,0.0600000000000001));
#14441=VECTOR('',#16313,1.0);
#14442=CARTESIAN_POINT('',(0.225,-0.799999999999992,0.04));
#14443=AXIS2_PLACEMENT_3D('',#16314,#16315,#16316);
#14444=CARTESIAN_POINT('',(0.225,-1.0,0.04));
#14445=CARTESIAN_POINT('',(0.225,-0.799999999999992,0.04));
#14446=VECTOR('',#16317,1.0);
#14447=CARTESIAN_POINT('',(0.225,-1.0,-0.02));
#14448=CARTESIAN_POINT('',(0.225,-1.0,0.04));
#14449=VECTOR('',#16318,1.0);
#14450=CARTESIAN_POINT('',(0.225,-0.8,-0.02));
#14451=CARTESIAN_POINT('',(0.225,-1.0,-0.02));
#14452=VECTOR('',#16319,1.0);
#14453=AXIS2_PLACEMENT_3D('',#16320,#16321,#16322);
#14454=CARTESIAN_POINT('',(0.125,-0.35,0.0600000000000001));
#14455=VECTOR('',#16323,1.0);
#14456=CARTESIAN_POINT('',(0.125,-0.8,-0.02));
#14457=AXIS2_PLACEMENT_3D('',#16324,#16325,#16326);
#14458=CARTESIAN_POINT('',(0.125,-1.0,-0.02));
#14459=CARTESIAN_POINT('',(0.125,-1.0,-0.02));
#14460=VECTOR('',#16327,1.0);
#14461=CARTESIAN_POINT('',(0.125,-1.0,0.04));
#14462=CARTESIAN_POINT('',(0.125,-1.0,0.04));
#14463=VECTOR('',#16328,1.0);
#14464=CARTESIAN_POINT('',(0.125,-0.799999999999992,0.04));
#14465=CARTESIAN_POINT('',(0.125,-0.799999999999992,0.04));
#14466=VECTOR('',#16329,1.0);
#14467=AXIS2_PLACEMENT_3D('',#16330,#16331,#16332);
#14468=CARTESIAN_POINT('',(0.225,-1.0,-0.02));
#14469=VECTOR('',#16333,1.0);
#14470=CARTESIAN_POINT('',(0.225,-1.0,0.04));
#14471=VECTOR('',#16334,1.0);
#14472=CARTESIAN_POINT('',(0.225,-0.8,-0.02));
#14473=VECTOR('',#16335,1.0);
#14474=CARTESIAN_POINT('',(0.225,-0.799999999999992,0.04));
#14475=VECTOR('',#16336,1.0);
#14476=CARTESIAN_POINT('',(0.575,-0.779999999999992,0.06));
#14477=CARTESIAN_POINT('',(0.575,-0.35,0.0600000000000001));
#14478=VECTOR('',#16337,1.0);
#14479=CARTESIAN_POINT('',(0.475,-0.779999999999992,0.06));
#14480=CARTESIAN_POINT('',(0.475,-0.35,0.0600000000000001));
#14481=VECTOR('',#16338,1.0);
#14482=CARTESIAN_POINT('',(0.575,-0.779999999999992,0.06));
#14483=VECTOR('',#16339,1.0);
#14484=CARTESIAN_POINT('',(0.575,-0.35,0.0600000000000001));
#14485=VECTOR('',#16340,1.0);
#14486=CARTESIAN_POINT('',(0.575,-0.799999999999992,0.04));
#14487=AXIS2_PLACEMENT_3D('',#16341,#16342,#16343);
#14488=CARTESIAN_POINT('',(0.575,-1.0,0.04));
#14489=CARTESIAN_POINT('',(0.575,-0.799999999999992,0.04));
#14490=VECTOR('',#16344,1.0);
#14491=CARTESIAN_POINT('',(0.575,-1.0,-0.02));
#14492=CARTESIAN_POINT('',(0.575,-1.0,0.04));
#14493=VECTOR('',#16345,1.0);
#14494=CARTESIAN_POINT('',(0.575,-0.8,-0.02));
#14495=CARTESIAN_POINT('',(0.575,-1.0,-0.02));
#14496=VECTOR('',#16346,1.0);
#14497=AXIS2_PLACEMENT_3D('',#16347,#16348,#16349);
#14498=CARTESIAN_POINT('',(0.475,-0.35,0.0600000000000001));
#14499=VECTOR('',#16350,1.0);
#14500=CARTESIAN_POINT('',(0.475,-0.8,-0.02));
#14501=AXIS2_PLACEMENT_3D('',#16351,#16352,#16353);
#14502=CARTESIAN_POINT('',(0.475,-1.0,-0.02));
#14503=CARTESIAN_POINT('',(0.475,-1.0,-0.02));
#14504=VECTOR('',#16354,1.0);
#14505=CARTESIAN_POINT('',(0.475,-1.0,0.04));
#14506=CARTESIAN_POINT('',(0.475,-1.0,0.04));
#14507=VECTOR('',#16355,1.0);
#14508=CARTESIAN_POINT('',(0.475,-0.799999999999992,0.04));
#14509=CARTESIAN_POINT('',(0.475,-0.799999999999992,0.04));
#14510=VECTOR('',#16356,1.0);
#14511=AXIS2_PLACEMENT_3D('',#16357,#16358,#16359);
#14512=CARTESIAN_POINT('',(0.575,-1.0,-0.02));
#14513=VECTOR('',#16360,1.0);
#14514=CARTESIAN_POINT('',(0.575,-1.0,0.04));
#14515=VECTOR('',#16361,1.0);
#14516=CARTESIAN_POINT('',(0.575,-0.8,-0.02));
#14517=VECTOR('',#16362,1.0);
#14518=CARTESIAN_POINT('',(0.575,-0.799999999999992,0.04));
#14519=VECTOR('',#16363,1.0);
#14520=DIRECTION('',(0.0,0.554700196225229,-0.832050294337844));
#14521=DIRECTION('',(-0.639602149066835,-0.426401432711219,0.639602149066829));
#14522=DIRECTION('',(-1.0,0.0,0.0));
#14523=DIRECTION('',(-0.639602149066835,0.426401432711219,-0.639602149066829));
#14524=DIRECTION('',(0.0,0.554700196225229,-0.832050294337844));
#14525=DIRECTION('',(-1.0,0.0,0.0));
#14526=DIRECTION('',(0.0,0.554700196225229,-0.832050294337844));
#14527=DIRECTION('',(-0.639602149066835,-0.426401432711219,0.639602149066829));
#14528=DIRECTION('',(-1.0,0.0,0.0));
#14529=DIRECTION('',(-0.639602149066835,0.426401432711219,-0.639602149066829));
#14530=DIRECTION('',(0.0,0.554700196225229,-0.832050294337844));
#14531=DIRECTION('',(-1.0,0.0,0.0));
#14532=DIRECTION('',(0.0,0.554700196225229,-0.832050294337844));
#14533=DIRECTION('',(-0.639602149066835,-0.426401432711219,0.639602149066829));
#14534=DIRECTION('',(-1.0,0.0,0.0));
#14535=DIRECTION('',(-0.639602149066835,0.426401432711219,-0.639602149066829));
#14536=DIRECTION('',(0.0,0.554700196225229,-0.832050294337844));
#14537=DIRECTION('',(-1.0,0.0,0.0));
#14538=DIRECTION('',(0.0,0.554700196225229,-0.832050294337844));
#14539=DIRECTION('',(-0.639602149066835,-0.426401432711219,0.639602149066829));
#14540=DIRECTION('',(-1.0,0.0,0.0));
#14541=DIRECTION('',(-0.639602149066835,0.426401432711219,-0.639602149066829));
#14542=DIRECTION('',(0.0,0.554700196225229,-0.832050294337844));
#14543=DIRECTION('',(-1.0,0.0,0.0));
#14544=DIRECTION('',(0.0,0.554700196225229,-0.832050294337844));
#14545=DIRECTION('',(-0.639602149066835,-0.426401432711219,0.639602149066829));
#14546=DIRECTION('',(-1.0,0.0,0.0));
#14547=DIRECTION('',(0.0,0.554700196225229,-0.832050294337844));
#14548=DIRECTION('',(-1.0,0.0,0.0));
#14549=DIRECTION('',(-1.0,0.0,0.0));
#14550=DIRECTION('',(0.63960214906683,-0.426401432711221,-0.639602149066832));
#14551=DIRECTION('',(0.0,0.554700196225229,0.832050294337844));
#14552=DIRECTION('',(-1.0,0.0,0.0));
#14553=DIRECTION('',(0.0,0.554700196225229,0.832050294337844));
#14554=DIRECTION('',(0.63960214906683,0.426401432711221,0.639602149066832));
#14555=DIRECTION('',(-1.0,0.0,0.0));
#14556=DIRECTION('',(0.63960214906683,-0.426401432711221,-0.639602149066832));
#14557=DIRECTION('',(0.0,0.554700196225229,0.832050294337844));
#14558=DIRECTION('',(-1.0,0.0,0.0));
#14559=DIRECTION('',(0.0,0.554700196225229,0.832050294337844));
#14560=DIRECTION('',(0.63960214906683,0.426401432711221,0.639602149066832));
#14561=DIRECTION('',(-1.0,0.0,0.0));
#14562=DIRECTION('',(0.63960214906683,-0.426401432711221,-0.639602149066832));
#14563=DIRECTION('',(0.0,0.554700196225229,0.832050294337844));
#14564=DIRECTION('',(-1.0,0.0,0.0));
#14565=DIRECTION('',(0.0,0.554700196225229,0.832050294337844));
#14566=DIRECTION('',(0.63960214906683,0.426401432711221,0.639602149066832));
#14567=DIRECTION('',(-1.0,0.0,0.0));
#14568=DIRECTION('',(0.63960214906683,-0.426401432711221,-0.639602149066832));
#14569=DIRECTION('',(0.0,0.554700196225229,0.832050294337844));
#14570=DIRECTION('',(-1.0,0.0,0.0));
#14571=DIRECTION('',(0.0,0.554700196225229,0.832050294337844));
#14572=DIRECTION('',(0.63960214906683,0.426401432711221,0.639602149066832));
#14573=DIRECTION('',(-1.0,0.0,0.0));
#14574=DIRECTION('',(0.63960214906683,-0.426401432711221,-0.639602149066832));
#14575=DIRECTION('',(0.0,0.554700196225229,0.832050294337844));
#14576=DIRECTION('',(-1.0,0.0,0.0));
#14577=DIRECTION('',(0.0,0.554700196225229,0.832050294337844));
#14578=DIRECTION('',(-1.0,0.0,0.0));
#14579=DIRECTION('',(0.0,-1.0,2.04863782591742E-16));
#14580=DIRECTION('',(-1.0,0.0,0.0));
#14581=DIRECTION('',(0.0,-1.0,2.04863782591742E-16));
#14582=DIRECTION('',(-1.0,0.0,0.0));
#14583=DIRECTION('',(0.0,-1.0,2.04863782591742E-16));
#14584=DIRECTION('',(-1.0,0.0,0.0));
#14585=DIRECTION('',(0.0,-1.0,2.04863782591742E-16));
#14586=DIRECTION('',(-1.0,0.0,0.0));
#14587=DIRECTION('',(0.0,-1.0,2.04863782591742E-16));
#14588=DIRECTION('',(-1.0,0.0,0.0));
#14589=DIRECTION('',(0.0,-1.0,2.04863782591742E-16));
#14590=DIRECTION('',(-1.0,0.0,0.0));
#14591=DIRECTION('',(0.0,-1.0,2.04863782591742E-16));
#14592=DIRECTION('',(-1.0,0.0,0.0));
#14593=DIRECTION('',(0.0,-1.0,2.04863782591742E-16));
#14594=DIRECTION('',(-1.0,0.0,0.0));
#14595=DIRECTION('',(0.0,-1.0,2.04863782591742E-16));
#14596=DIRECTION('',(-1.0,0.0,0.0));
#14597=DIRECTION('',(0.0,-1.0,2.04863782591742E-16));
#14598=DIRECTION('',(0.0,0.0,-1.0));
#14599=DIRECTION('',(0.0,0.0,-1.0));
#14600=DIRECTION('',(-1.0,0.0,0.0));
#14601=DIRECTION('',(0.0,0.0,-1.0));
#14602=DIRECTION('',(0.0,0.0,-1.0));
#14603=DIRECTION('',(-1.0,0.0,0.0));
#14604=DIRECTION('',(0.0,0.0,-1.0));
#14605=DIRECTION('',(0.0,0.0,-1.0));
#14606=DIRECTION('',(-1.0,0.0,0.0));
#14607=DIRECTION('',(0.0,0.0,-1.0));
#14608=DIRECTION('',(0.0,0.0,-1.0));
#14609=DIRECTION('',(-1.0,0.0,0.0));
#14610=DIRECTION('',(0.0,0.0,-1.0));
#14611=DIRECTION('',(0.0,0.0,-1.0));
#14612=DIRECTION('',(-1.0,0.0,0.0));
#14613=DIRECTION('',(0.0,0.0,1.0));
#14614=DIRECTION('',(-1.0,0.0,0.0));
#14615=DIRECTION('',(0.0,0.0,1.0));
#14616=DIRECTION('',(0.0,0.0,1.0));
#14617=DIRECTION('',(-1.0,0.0,0.0));
#14618=DIRECTION('',(0.0,0.0,1.0));
#14619=DIRECTION('',(0.0,0.0,1.0));
#14620=DIRECTION('',(-1.0,0.0,0.0));
#14621=DIRECTION('',(0.0,0.0,1.0));
#14622=DIRECTION('',(0.0,0.0,1.0));
#14623=DIRECTION('',(-1.0,0.0,0.0));
#14624=DIRECTION('',(0.0,0.0,1.0));
#14625=DIRECTION('',(0.0,0.0,1.0));
#14626=DIRECTION('',(-1.0,0.0,0.0));
#14627=DIRECTION('',(0.0,0.0,1.0));
#14628=DIRECTION('',(0.0,0.913811548620227,-0.406138466053515));
#14629=DIRECTION('',(-1.0,0.0,0.0));
#14630=DIRECTION('',(0.0,0.913811548620227,-0.406138466053515));
#14631=DIRECTION('',(-1.0,0.0,0.0));
#14632=DIRECTION('',(0.0,0.913811548620227,-0.406138466053515));
#14633=DIRECTION('',(-1.0,0.0,0.0));
#14634=DIRECTION('',(0.0,0.913811548620227,-0.406138466053515));
#14635=DIRECTION('',(-1.0,0.0,0.0));
#14636=DIRECTION('',(0.0,0.913811548620227,-0.406138466053515));
#14637=DIRECTION('',(-1.0,0.0,0.0));
#14638=DIRECTION('',(0.0,0.913811548620227,-0.406138466053515));
#14639=DIRECTION('',(-1.0,0.0,0.0));
#14640=DIRECTION('',(0.0,0.913811548620227,-0.406138466053515));
#14641=DIRECTION('',(-1.0,0.0,0.0));
#14642=DIRECTION('',(0.0,0.913811548620227,-0.406138466053515));
#14643=DIRECTION('',(-1.0,0.0,0.0));
#14644=DIRECTION('',(0.0,0.913811548620227,-0.406138466053515));
#14645=DIRECTION('',(-1.0,0.0,0.0));
#14646=DIRECTION('',(0.0,0.913811548620227,-0.406138466053515));
#14647=DIRECTION('',(-1.0,0.0,0.0));
#14648=DIRECTION('',(0.0,1.8896095006176E-13,-1.0));
#14649=DIRECTION('',(0.0,1.8896095006176E-13,-1.0));
#14650=DIRECTION('',(-1.0,0.0,0.0));
#14651=DIRECTION('',(0.0,1.8896095006176E-13,-1.0));
#14652=DIRECTION('',(0.0,1.8896095006176E-13,-1.0));
#14653=DIRECTION('',(-1.0,0.0,0.0));
#14654=DIRECTION('',(0.0,1.8896095006176E-13,-1.0));
#14655=DIRECTION('',(0.0,1.8896095006176E-13,-1.0));
#14656=DIRECTION('',(-1.0,0.0,0.0));
#14657=DIRECTION('',(0.0,1.8896095006176E-13,-1.0));
#14658=DIRECTION('',(0.0,1.8896095006176E-13,-1.0));
#14659=DIRECTION('',(-1.0,0.0,0.0));
#14660=DIRECTION('',(0.0,1.8896095006176E-13,-1.0));
#14661=DIRECTION('',(0.0,1.8896095006176E-13,-1.0));
#14662=DIRECTION('',(-1.0,0.0,0.0));
#14663=CARTESIAN_POINT('',(0.635,-0.585,0.235));
#14664=DIRECTION('',(-1.0,0.0,0.0));
#14665=DIRECTION('',(0.0,0.0,1.0));
#14666=DIRECTION('',(0.0,0.0,-1.0));
#14667=DIRECTION('',(0.0,-1.0,0.0));
#14668=DIRECTION('',(0.0,0.0,-1.0));
#14669=DIRECTION('',(-1.0,0.0,0.0));
#14670=DIRECTION('',(0.0,1.0,0.0));
#14671=DIRECTION('',(0.0,1.0,0.0));
#14672=DIRECTION('',(-1.0,0.0,0.0));
#14673=DIRECTION('',(0.0,1.0,0.0));
#14674=DIRECTION('',(0.0,1.0,0.0));
#14675=DIRECTION('',(-1.0,0.0,0.0));
#14676=DIRECTION('',(0.0,1.0,0.0));
#14677=DIRECTION('',(0.0,1.0,0.0));
#14678=DIRECTION('',(-1.0,0.0,0.0));
#14679=DIRECTION('',(4.81867632215781E-15,1.0,0.0));
#14680=DIRECTION('',(1.0,0.0,0.0));
#14681=DIRECTION('',(0.0,1.8896095006176E-13,1.0));
#14682=DIRECTION('',(1.0,0.0,0.0));
#14683=DIRECTION('',(0.0,1.8896095006176E-13,1.0));
#14684=DIRECTION('',(-1.0,0.0,0.0));
#14685=DIRECTION('',(0.0,1.8896095006176E-13,1.0));
#14686=DIRECTION('',(1.0,0.0,0.0));
#14687=DIRECTION('',(0.0,1.8896095006176E-13,1.0));
#14688=DIRECTION('',(-1.0,0.0,0.0));
#14689=DIRECTION('',(0.0,1.8896095006176E-13,1.0));
#14690=DIRECTION('',(1.0,0.0,0.0));
#14691=DIRECTION('',(0.0,1.8896095006176E-13,1.0));
#14692=DIRECTION('',(-1.0,0.0,0.0));
#14693=DIRECTION('',(0.0,1.8896095006176E-13,1.0));
#14694=DIRECTION('',(-1.0,0.0,0.0));
#14695=DIRECTION('',(0.0,1.8896095006176E-13,1.0));
#14696=DIRECTION('',(-1.0,0.0,0.0));
#14697=DIRECTION('',(0.0,1.8896095006176E-13,1.0));
#14698=DIRECTION('',(-1.0,0.0,0.0));
#14699=DIRECTION('',(0.0,1.8896095006176E-13,1.0));
#14700=DIRECTION('',(-1.0,0.0,0.0));
#14701=DIRECTION('',(0.0,0.913811548620227,0.406138466053515));
#14702=DIRECTION('',(0.0,0.913811548620227,0.406138466053515));
#14703=DIRECTION('',(-1.0,0.0,0.0));
#14704=DIRECTION('',(0.0,0.913811548620227,0.406138466053515));
#14705=DIRECTION('',(0.0,0.913811548620227,0.406138466053515));
#14706=DIRECTION('',(-1.0,0.0,0.0));
#14707=DIRECTION('',(0.0,0.913811548620227,0.406138466053515));
#14708=DIRECTION('',(0.0,0.913811548620227,0.406138466053515));
#14709=DIRECTION('',(-1.0,0.0,0.0));
#14710=DIRECTION('',(0.0,0.913811548620227,0.406138466053515));
#14711=DIRECTION('',(0.0,0.913811548620227,0.406138466053515));
#14712=DIRECTION('',(-1.0,0.0,0.0));
#14713=DIRECTION('',(0.0,0.913811548620227,0.406138466053515));
#14714=DIRECTION('',(0.0,0.913811548620227,0.406138466053515));
#14715=DIRECTION('',(-1.0,0.0,0.0));
#14716=DIRECTION('',(-1.0,0.0,0.0));
#14717=DIRECTION('',(0.0,-1.0,0.0));
#14718=DIRECTION('',(1.0,0.0,0.0));
#14719=DIRECTION('',(0.0,-1.0,0.0));
#14720=DIRECTION('',(0.0,-1.0,0.0));
#14721=DIRECTION('',(0.0,0.0,1.0));
#14722=CARTESIAN_POINT('',(0.635,0.585,0.235));
#14723=DIRECTION('',(-1.0,0.0,0.0));
#14724=DIRECTION('',(0.0,0.0,1.0));
#14725=DIRECTION('',(0.0,0.0,-1.0));
#14726=DIRECTION('',(0.0,1.0,0.0));
#14727=DIRECTION('',(-1.0,0.0,0.0));
#14728=DIRECTION('',(-1.0,0.0,0.0));
#14729=DIRECTION('',(-4.81867632215781E-15,1.0,0.0));
#14730=DIRECTION('',(-1.0,0.0,0.0));
#14731=DIRECTION('',(0.0,1.0,0.0));
#14732=DIRECTION('',(0.0,1.0,0.0));
#14733=DIRECTION('',(-1.0,0.0,0.0));
#14734=DIRECTION('',(0.0,1.0,0.0));
#14735=DIRECTION('',(0.0,1.0,0.0));
#14736=DIRECTION('',(-1.0,0.0,0.0));
#14737=DIRECTION('',(0.0,1.0,0.0));
#14738=DIRECTION('',(-1.0,0.0,0.0));
#14739=DIRECTION('',(0.0,-1.0,2.04863782591742E-16));
#14740=DIRECTION('',(-1.0,0.0,0.0));
#14741=DIRECTION('',(0.0,-1.0,2.04863782591742E-16));
#14742=DIRECTION('',(-1.0,0.0,0.0));
#14743=DIRECTION('',(-0.639602149066835,0.426401432711219,-0.639602149066829));
#14744=DIRECTION('',(0.0,0.554700196225229,-0.832050294337844));
#14745=DIRECTION('',(-1.0,0.0,0.0));
#14746=DIRECTION('',(0.0,0.554700196225229,-0.832050294337844));
#14747=DIRECTION('',(-0.639602149066835,-0.426401432711219,0.639602149066829));
#14748=DIRECTION('',(0.0,0.554700196225229,0.832050294337844));
#14749=DIRECTION('',(0.63960214906683,0.426401432711221,0.639602149066832));
#14750=DIRECTION('',(-1.0,0.0,0.0));
#14751=DIRECTION('',(0.63960214906683,-0.426401432711221,-0.639602149066832));
#14752=DIRECTION('',(0.0,0.554700196225229,0.832050294337844));
#14753=DIRECTION('',(-1.0,0.0,0.0));
#14754=DIRECTION('',(0.0,0.0,-1.0));
#14755=DIRECTION('',(-1.0,0.0,0.0));
#14756=DIRECTION('',(0.0,0.0,-1.0));
#14757=DIRECTION('',(-1.0,0.0,0.0));
#14758=DIRECTION('',(0.0,0.0,1.0));
#14759=DIRECTION('',(0.0,0.0,1.0));
#14760=DIRECTION('',(-1.0,0.0,0.0));
#14761=DIRECTION('',(0.0,0.913811548620227,-0.406138466053515));
#14762=DIRECTION('',(-1.0,0.0,0.0));
#14763=DIRECTION('',(0.0,0.913811548620227,-0.406138466053515));
#14764=DIRECTION('',(0.0,1.8896095006176E-13,-1.0));
#14765=DIRECTION('',(-1.0,0.0,0.0));
#14766=DIRECTION('',(0.0,1.8896095006176E-13,-1.0));
#14767=DIRECTION('',(0.0,-1.0,0.0));
#14768=DIRECTION('',(-1.0,0.0,0.0));
#14769=DIRECTION('',(0.0,-1.0,0.0));
#14770=DIRECTION('',(-1.0,0.0,0.0));
#14771=DIRECTION('',(-1.0,0.0,0.0));
#14772=DIRECTION('',(0.0,1.8896095006176E-13,1.0));
#14773=DIRECTION('',(-1.0,0.0,0.0));
#14774=DIRECTION('',(0.0,1.8896095006176E-13,1.0));
#14775=DIRECTION('',(0.0,0.913811548620227,0.406138466053515));
#14776=DIRECTION('',(-1.0,0.0,0.0));
#14777=DIRECTION('',(0.0,0.913811548620227,0.406138466053515));
#14778=CARTESIAN_POINT('',(-0.635,0.585,0.235));
#14779=DIRECTION('',(1.0,4.8186763221578E-15,0.0));
#14780=DIRECTION('',(-4.8186763221578E-15,1.0,0.0));
#14781=DIRECTION('',(-1.0,0.0,0.0));
#14782=CARTESIAN_POINT('',(-0.765,0.585,0.235));
#14783=DIRECTION('',(1.0,0.0,0.0));
#14784=DIRECTION('',(0.0,0.0,-1.0));
#14785=CARTESIAN_POINT('',(-0.765,0.585,0.235));
#14786=DIRECTION('',(1.0,0.0,0.0));
#14787=DIRECTION('',(0.0,0.0,-1.0));
#14788=CARTESIAN_POINT('',(-0.635,0.585,0.235));
#14789=DIRECTION('',(1.0,4.8186763221578E-15,0.0));
#14790=DIRECTION('',(-4.8186763221578E-15,1.0,0.0));
#14791=CARTESIAN_POINT('',(0.635,0.585,0.235));
#14792=DIRECTION('',(1.0,0.0,-0.0));
#14793=DIRECTION('',(0.0,0.0,1.0));
#14794=CARTESIAN_POINT('',(0.765,0.585,0.235));
#14795=DIRECTION('',(1.0,0.0,0.0));
#14796=DIRECTION('',(0.0,0.0,-1.0));
#14797=CARTESIAN_POINT('',(0.765,0.585,0.235));
#14798=DIRECTION('',(1.0,0.0,0.0));
#14799=DIRECTION('',(0.0,0.0,-1.0));
#14800=DIRECTION('',(-1.0,0.0,0.0));
#14801=CARTESIAN_POINT('',(-0.635,-0.585,0.235));
#14802=DIRECTION('',(1.0,-4.8186763221578E-15,0.0));
#14803=DIRECTION('',(4.8186763221578E-15,1.0,0.0));
#14804=CARTESIAN_POINT('',(-0.765,-0.585,0.235));
#14805=DIRECTION('',(1.0,0.0,0.0));
#14806=DIRECTION('',(0.0,0.0,-1.0));
#14807=CARTESIAN_POINT('',(-0.765,-0.585,0.235));
#14808=DIRECTION('',(1.0,0.0,0.0));
#14809=DIRECTION('',(0.0,0.0,-1.0));
#14810=DIRECTION('',(-1.0,0.0,0.0));
#14811=CARTESIAN_POINT('',(-0.635,-0.585,0.235));
#14812=DIRECTION('',(1.0,-4.8186763221578E-15,0.0));
#14813=DIRECTION('',(4.8186763221578E-15,1.0,0.0));
#14814=DIRECTION('',(-1.0,0.0,0.0));
#14815=CARTESIAN_POINT('',(0.765,-0.585,0.235));
#14816=DIRECTION('',(1.0,0.0,0.0));
#14817=DIRECTION('',(0.0,0.0,-1.0));
#14818=CARTESIAN_POINT('',(0.765,-0.585,0.235));
#14819=DIRECTION('',(1.0,0.0,0.0));
#14820=DIRECTION('',(0.0,0.0,-1.0));
#14821=CARTESIAN_POINT('',(0.635,-0.585,0.235));
#14822=DIRECTION('',(1.0,0.0,-0.0));
#14823=DIRECTION('',(0.0,0.0,1.0));
#14824=DIRECTION('',(-1.0,0.0,0.0));
#14825=CARTESIAN_POINT('',(0.655,-0.440000000000001,0.37));
#14826=DIRECTION('',(-1.0,0.0,0.0));
#14827=DIRECTION('',(0.0,0.0,-1.0));
#14828=DIRECTION('',(1.0,0.0,0.0));
#14829=CARTESIAN_POINT('',(0.395,-0.440000000000001,0.37));
#14830=DIRECTION('',(-1.0,0.0,0.0));
#14831=DIRECTION('',(0.0,0.0,-1.0));
#14832=DIRECTION('',(-1.0,0.0,0.0));
#14833=CARTESIAN_POINT('',(0.305,-0.440000000000001,0.37));
#14834=DIRECTION('',(-1.0,0.0,0.0));
#14835=DIRECTION('',(0.0,0.0,-1.0));
#14836=DIRECTION('',(1.0,0.0,0.0));
#14837=CARTESIAN_POINT('',(0.0450000000000001,-0.440000000000001,0.37));
#14838=DIRECTION('',(-1.0,0.0,0.0));
#14839=DIRECTION('',(0.0,0.0,-1.0));
#14840=DIRECTION('',(-1.0,0.0,0.0));
#14841=CARTESIAN_POINT('',(-0.0449999999999999,-0.440000000000001,0.37));
#14842=DIRECTION('',(-1.0,0.0,0.0));
#14843=DIRECTION('',(0.0,0.0,-1.0));
#14844=DIRECTION('',(1.0,0.0,0.0));
#14845=CARTESIAN_POINT('',(-0.305,-0.440000000000001,0.37));
#14846=DIRECTION('',(-1.0,0.0,0.0));
#14847=DIRECTION('',(0.0,0.0,-1.0));
#14848=DIRECTION('',(-1.0,0.0,0.0));
#14849=CARTESIAN_POINT('',(-0.395,-0.440000000000001,0.37));
#14850=DIRECTION('',(-1.0,0.0,0.0));
#14851=DIRECTION('',(0.0,0.0,-1.0));
#14852=DIRECTION('',(1.0,0.0,0.0));
#14853=CARTESIAN_POINT('',(-0.655,-0.440000000000001,0.37));
#14854=DIRECTION('',(-1.0,0.0,0.0));
#14855=DIRECTION('',(0.0,0.0,-1.0));
#14856=DIRECTION('',(-1.0,0.0,0.0));
#14857=CARTESIAN_POINT('',(-0.745,-0.440000000000001,0.37));
#14858=DIRECTION('',(-1.0,0.0,0.0));
#14859=DIRECTION('',(0.0,0.0,-1.0));
#14860=DIRECTION('',(1.0,0.0,0.0));
#14861=CARTESIAN_POINT('',(-1.005,-0.440000000000001,0.37));
#14862=DIRECTION('',(-1.0,0.0,0.0));
#14863=DIRECTION('',(0.0,0.0,-1.0));
#14864=DIRECTION('',(-1.0,0.0,0.0));
#14865=CARTESIAN_POINT('',(-1.095,-0.440000000000001,0.37));
#14866=DIRECTION('',(-1.0,0.0,0.0));
#14867=DIRECTION('',(0.0,0.0,-1.0));
#14868=DIRECTION('',(1.0,0.0,0.0));
#14869=CARTESIAN_POINT('',(-1.135,-0.440000000000001,0.37));
#14870=DIRECTION('',(-1.0,0.0,0.0));
#14871=DIRECTION('',(0.0,0.0,1.0));
#14872=DIRECTION('',(-1.0,0.0,0.0));
#14873=CARTESIAN_POINT('',(-1.115,-0.440000000000001,0.37));
#14874=DIRECTION('',(-1.0,0.0,0.0));
#14875=DIRECTION('',(0.0,0.0,-1.0));
#14876=DIRECTION('',(1.0,0.0,0.0));
#14877=CARTESIAN_POINT('',(0.745,0.440000000000001,0.37));
#14878=DIRECTION('',(1.0,0.0,-0.0));
#14879=DIRECTION('',(0.0,0.0,1.0));
#14880=DIRECTION('',(-1.0,0.0,0.0));
#14881=CARTESIAN_POINT('',(1.005,0.440000000000001,0.37));
#14882=DIRECTION('',(1.0,0.0,-0.0));
#14883=DIRECTION('',(0.0,0.0,1.0));
#14884=CARTESIAN_POINT('',(0.655,0.440000000000001,0.37));
#14885=DIRECTION('',(1.0,0.0,-0.0));
#14886=DIRECTION('',(0.0,0.0,1.0));
#14887=DIRECTION('',(1.0,0.0,0.0));
#14888=CARTESIAN_POINT('',(0.395,0.440000000000001,0.37));
#14889=DIRECTION('',(1.0,0.0,-0.0));
#14890=DIRECTION('',(0.0,0.0,1.0));
#14891=DIRECTION('',(-1.0,0.0,0.0));
#14892=CARTESIAN_POINT('',(0.305,0.440000000000001,0.37));
#14893=DIRECTION('',(1.0,0.0,-0.0));
#14894=DIRECTION('',(0.0,0.0,1.0));
#14895=DIRECTION('',(1.0,0.0,0.0));
#14896=CARTESIAN_POINT('',(0.0450000000000001,0.440000000000001,0.37));
#14897=DIRECTION('',(1.0,0.0,-0.0));
#14898=DIRECTION('',(0.0,0.0,1.0));
#14899=DIRECTION('',(-1.0,0.0,0.0));
#14900=CARTESIAN_POINT('',(-0.0449999999999999,0.440000000000001,0.37));
#14901=DIRECTION('',(1.0,0.0,-0.0));
#14902=DIRECTION('',(0.0,0.0,1.0));
#14903=DIRECTION('',(1.0,0.0,0.0));
#14904=CARTESIAN_POINT('',(-0.305,0.440000000000001,0.37));
#14905=DIRECTION('',(1.0,0.0,-0.0));
#14906=DIRECTION('',(0.0,0.0,1.0));
#14907=DIRECTION('',(-1.0,0.0,0.0));
#14908=CARTESIAN_POINT('',(-0.395,0.440000000000001,0.37));
#14909=DIRECTION('',(1.0,0.0,-0.0));
#14910=DIRECTION('',(0.0,0.0,1.0));
#14911=DIRECTION('',(1.0,0.0,0.0));
#14912=CARTESIAN_POINT('',(-0.655,0.440000000000001,0.37));
#14913=DIRECTION('',(1.0,0.0,-0.0));
#14914=DIRECTION('',(0.0,0.0,1.0));
#14915=DIRECTION('',(-1.0,0.0,0.0));
#14916=CARTESIAN_POINT('',(-0.745,0.440000000000001,0.37));
#14917=DIRECTION('',(1.0,0.0,-0.0));
#14918=DIRECTION('',(0.0,0.0,1.0));
#14919=DIRECTION('',(1.0,0.0,0.0));
#14920=CARTESIAN_POINT('',(-1.005,0.440000000000001,0.37));
#14921=DIRECTION('',(1.0,0.0,-0.0));
#14922=DIRECTION('',(0.0,0.0,1.0));
#14923=DIRECTION('',(-1.0,0.0,0.0));
#14924=CARTESIAN_POINT('',(0.745,-0.440000000000001,0.37));
#14925=DIRECTION('',(-1.0,0.0,0.0));
#14926=DIRECTION('',(0.0,0.0,-1.0));
#14927=DIRECTION('',(-1.0,0.0,0.0));
#14928=CARTESIAN_POINT('',(1.005,-0.440000000000001,0.37));
#14929=DIRECTION('',(-1.0,0.0,0.0));
#14930=DIRECTION('',(0.0,0.0,-1.0));
#14931=DIRECTION('',(1.0,0.0,0.0));
#14932=DIRECTION('',(1.0,0.0,0.0));
#14933=CARTESIAN_POINT('',(1.095,0.440000000000001,0.37));
#14934=DIRECTION('',(1.0,0.0,-0.0));
#14935=DIRECTION('',(0.0,0.0,1.0));
#14936=DIRECTION('',(-1.0,0.0,0.0));
#14937=CARTESIAN_POINT('',(1.135,0.440000000000001,0.37));
#14938=DIRECTION('',(1.0,0.0,-0.0));
#14939=DIRECTION('',(0.0,0.0,1.0));
#14940=DIRECTION('',(1.0,0.0,0.0));
#14941=CARTESIAN_POINT('',(1.115,0.440000000000001,0.37));
#14942=DIRECTION('',(1.0,0.0,0.0));
#14943=DIRECTION('',(0.0,0.0,-1.0));
#14944=CARTESIAN_POINT('',(-0.985,0.585,0.235));
#14945=DIRECTION('',(1.0,0.0,0.0));
#14946=DIRECTION('',(0.0,0.0,-1.0));
#14947=DIRECTION('',(-1.0,0.0,0.0));
#14948=CARTESIAN_POINT('',(-1.115,0.585,0.235));
#14949=DIRECTION('',(1.0,0.0,0.0));
#14950=DIRECTION('',(0.0,0.0,-1.0));
#14951=CARTESIAN_POINT('',(-0.985,0.585,0.235));
#14952=DIRECTION('',(1.0,0.0,0.0));
#14953=DIRECTION('',(0.0,0.0,-1.0));
#14954=CARTESIAN_POINT('',(-0.985,-0.585,0.235));
#14955=DIRECTION('',(1.0,0.0,0.0));
#14956=DIRECTION('',(0.0,0.0,-1.0));
#14957=CARTESIAN_POINT('',(-1.115,-0.585,0.235));
#14958=DIRECTION('',(1.0,0.0,0.0));
#14959=DIRECTION('',(0.0,0.0,-1.0));
#14960=DIRECTION('',(-1.0,0.0,0.0));
#14961=CARTESIAN_POINT('',(-0.985,-0.585,0.235));
#14962=DIRECTION('',(1.0,0.0,0.0));
#14963=DIRECTION('',(0.0,0.0,-1.0));
#14964=DIRECTION('',(0.0,0.0,1.0));
#14965=DIRECTION('',(0.0,-1.0,0.0));
#14966=DIRECTION('',(0.0,0.0,1.0));
#14967=DIRECTION('',(0.0,-1.0,0.0));
#14968=DIRECTION('',(0.0,0.0,-1.0));
#14969=DIRECTION('',(0.0,-1.0,0.0));
#14970=DIRECTION('',(0.0,0.0,-1.0));
#14971=DIRECTION('',(0.0,-1.0,0.0));
#14972=DIRECTION('',(0.0,1.0842021724855E-15,1.0));
#14973=DIRECTION('',(0.0,-1.0,8.19455130366945E-16));
#14974=DIRECTION('',(0.0,-6.7762635780344E-16,-1.0));
#14975=DIRECTION('',(0.0,-1.0,0.0));
#14976=DIRECTION('',(0.0,-3.76459087668578E-16,1.0));
#14977=DIRECTION('',(0.0,-1.0,-8.19455130366945E-16));
#14978=DIRECTION('',(0.0,1.0842021724855E-15,-1.0));
#14979=DIRECTION('',(0.0,-1.0,0.0));
#14980=DIRECTION('',(0.0,1.0,0.0));
#14981=DIRECTION('',(-1.0,0.0,0.0));
#14982=DIRECTION('',(0.0,1.0,0.0));
#14983=DIRECTION('',(0.0,1.0,0.0));
#14984=DIRECTION('',(-1.0,0.0,0.0));
#14985=DIRECTION('',(0.0,1.0,0.0));
#14986=DIRECTION('',(0.0,1.0,0.0));
#14987=DIRECTION('',(-1.0,0.0,0.0));
#14988=DIRECTION('',(0.0,1.0,0.0));
#14989=DIRECTION('',(0.0,1.0,0.0));
#14990=DIRECTION('',(-1.0,0.0,0.0));
#14991=DIRECTION('',(0.0,1.0,0.0));
#14992=DIRECTION('',(0.0,1.0,0.0));
#14993=DIRECTION('',(-1.0,0.0,0.0));
#14994=DIRECTION('',(0.0,1.0,0.0));
#14995=DIRECTION('',(0.0,1.0,5.82794238648375E-17));
#14996=DIRECTION('',(-1.0,0.0,0.0));
#14997=DIRECTION('',(0.0,-1.0,-5.70632722360792E-16));
#14998=DIRECTION('',(1.0,0.0,0.0));
#14999=DIRECTION('',(0.0,-1.0,-5.70632722360792E-16));
#15000=DIRECTION('',(-1.0,0.0,0.0));
#15001=CARTESIAN_POINT('',(-1.655,-0.49,2.71050543121376E-17));
#15002=DIRECTION('',(0.0,-3.93251544149862E-16,1.0));
#15003=DIRECTION('',(0.0,-1.0,-3.93251544149862E-16));
#15004=DIRECTION('',(0.0,1.0,3.93251544149862E-16));
#15005=DIRECTION('',(-1.0,0.0,0.0));
#15006=CARTESIAN_POINT('',(-1.455,-0.0999999999999999,3.19652604818749E-16));
#15007=DIRECTION('',(0.0,0.0,-1.0));
#15008=DIRECTION('',(1.0,1.0842021724855E-16,0.0));
#15009=DIRECTION('',(0.0,-1.0,-3.58772828837784E-16));
#15010=CARTESIAN_POINT('',(-1.455,0.0999999999999999,6.3014449141585E-17));
#15011=DIRECTION('',(0.0,0.0,-1.0));
#15012=DIRECTION('',(1.0,1.0842021724855E-16,0.0));
#15013=DIRECTION('',(1.0,0.0,0.0));
#15014=DIRECTION('',(0.0,1.0,3.93251544149862E-16));
#15015=CARTESIAN_POINT('',(-1.655,0.49,4.33680868994202E-16));
#15016=DIRECTION('',(0.0,-3.93251544149862E-16,1.0));
#15017=DIRECTION('',(0.0,-1.0,-3.93251544149862E-16));
#15018=DIRECTION('',(-1.0,0.0,0.0));
#15019=DIRECTION('',(0.0,1.0,-5.70632722360792E-16));
#15020=DIRECTION('',(-1.0,0.0,0.0));
#15021=DIRECTION('',(0.0,1.0,-5.70632722360792E-16));
#15022=DIRECTION('',(-1.0,0.0,0.0));
#15023=DIRECTION('',(0.0,1.0,5.82794238648377E-17));
#15024=DIRECTION('',(0.0,1.0,0.0));
#15025=DIRECTION('',(-1.0,0.0,0.0));
#15026=DIRECTION('',(0.0,1.0,0.0));
#15027=DIRECTION('',(0.0,1.0,0.0));
#15028=DIRECTION('',(-1.0,0.0,0.0));
#15029=DIRECTION('',(0.0,1.0,0.0));
#15030=DIRECTION('',(0.0,1.0,0.0));
#15031=DIRECTION('',(-1.0,0.0,0.0));
#15032=DIRECTION('',(0.0,1.0,0.0));
#15033=DIRECTION('',(0.0,1.0,0.0));
#15034=DIRECTION('',(-1.0,0.0,0.0));
#15035=DIRECTION('',(0.0,1.0,0.0));
#15036=DIRECTION('',(0.0,1.0,0.0));
#15037=DIRECTION('',(-1.0,0.0,0.0));
#15038=DIRECTION('',(0.0,1.0,0.0));
#15039=DIRECTION('',(0.0,1.0,0.0));
#15040=DIRECTION('',(-1.0,0.0,0.0));
#15041=DIRECTION('',(0.0,1.0,0.0));
#15042=DIRECTION('',(-1.0,0.0,0.0));
#15043=DIRECTION('',(0.0,1.0,5.82794238648377E-17));
#15044=DIRECTION('',(1.0,0.0,0.0));
#15045=DIRECTION('',(0.0,1.0,-5.70632722360792E-16));
#15046=DIRECTION('',(1.0,0.0,0.0));
#15047=DIRECTION('',(0.0,1.0,-5.70632722360792E-16));
#15048=DIRECTION('',(1.0,0.0,0.0));
#15049=CARTESIAN_POINT('',(1.655,0.49,4.33680868994202E-16));
#15050=DIRECTION('',(0.0,3.93251544149862E-16,-1.0));
#15051=DIRECTION('',(0.0,-1.0,-3.93251544149862E-16));
#15052=DIRECTION('',(0.0,1.0,3.93251544149862E-16));
#15053=DIRECTION('',(1.0,0.0,0.0));
#15054=CARTESIAN_POINT('',(1.455,0.0999999999999998,2.34106552926361E-16));
#15055=DIRECTION('',(1.2303108295676E-31,4.2773025946194E-16,-1.0));
#15056=DIRECTION('',(-1.0,-1.62630325872826E-16,-1.92592994438724E-31));
#15057=DIRECTION('',(0.0,1.0,3.58772828837784E-16));
#15058=CARTESIAN_POINT('',(1.455,-0.0999999999999998,1.48560501033973E-16));
#15059=DIRECTION('',(2.67345857373981E-32,4.2773025946194E-16,-1.0));
#15060=DIRECTION('',(-1.0,-1.62630325872826E-16,-9.62964972193618E-32));
#15061=DIRECTION('',(-1.0,0.0,0.0));
#15062=DIRECTION('',(0.0,1.0,3.93251544149862E-16));
#15063=CARTESIAN_POINT('',(1.655,-0.49,3.93251544149868E-17));
#15064=DIRECTION('',(0.0,3.93251544149862E-16,-1.0));
#15065=DIRECTION('',(0.0,-1.0,-3.93251544149862E-16));
#15066=DIRECTION('',(1.0,0.0,0.0));
#15067=DIRECTION('',(0.0,-1.0,-5.70632722360792E-16));
#15068=DIRECTION('',(-1.0,0.0,0.0));
#15069=DIRECTION('',(0.0,-1.0,-5.70632722360792E-16));
#15070=DIRECTION('',(1.0,0.0,0.0));
#15071=DIRECTION('',(0.0,1.0,5.82794238648375E-17));
#15072=DIRECTION('',(-1.0,0.0,0.0));
#15073=DIRECTION('',(0.0,1.0,0.0));
#15074=DIRECTION('',(-1.0,0.0,0.0));
#15075=DIRECTION('',(0.0,1.0,0.0));
#15076=DIRECTION('',(0.0,0.0,-1.0));
#15077=DIRECTION('',(1.0,0.0,0.0));
#15078=DIRECTION('',(0.0,0.0,-1.0));
#15079=DIRECTION('',(-1.0,0.0,0.0));
#15080=DIRECTION('',(0.0,0.0,1.0));
#15081=DIRECTION('',(1.0,0.0,0.0));
#15082=DIRECTION('',(0.0,0.0,-1.0));
#15083=DIRECTION('',(-0.707106781186553,0.0,-0.707106781186542));
#15084=DIRECTION('',(0.0,0.0,-1.0));
#15085=DIRECTION('',(-1.0,0.0,0.0));
#15086=DIRECTION('',(-1.0,0.0,0.0));
#15087=DIRECTION('',(0.0,0.0,-1.0));
#15088=DIRECTION('',(-1.0,0.0,0.0));
#15089=DIRECTION('',(0.0,5.70632722360792E-16,1.0));
#15090=DIRECTION('',(-1.0,0.0,0.0));
#15091=DIRECTION('',(0.0,-5.70632722360792E-16,1.0));
#15092=DIRECTION('',(0.0,-5.70632722360792E-16,1.0));
#15093=DIRECTION('',(-1.0,0.0,0.0));
#15094=DIRECTION('',(5.49938877577679E-30,-5.70632722360792E-16,1.0));
#15095=DIRECTION('',(-1.0,0.0,0.0));
#15096=DIRECTION('',(-0.707106781186553,4.03498267548253E-16,-0.707106781186542));
#15097=DIRECTION('',(0.0,5.70632722360792E-16,-1.0));
#15098=DIRECTION('',(0.0,5.70632722360792E-16,-1.0));
#15099=DIRECTION('',(-1.0,0.0,0.0));
#15100=DIRECTION('',(0.0,5.70632722360792E-16,-1.0));
#15101=DIRECTION('',(0.0,1.0,1.00389090044954E-16));
#15102=DIRECTION('',(0.0,-1.0,0.0));
#15103=DIRECTION('',(0.0,-1.0,0.0));
#15104=DIRECTION('',(-9.63735264431562E-15,1.0,0.0));
#15105=CARTESIAN_POINT('',(-1.605,-0.52,0.38));
#15106=DIRECTION('',(0.0,0.0,1.0));
#15107=DIRECTION('',(-1.0,0.0,0.0));
#15108=DIRECTION('',(-1.0,0.0,0.0));
#15109=DIRECTION('',(1.0,0.0,0.0));
#15110=CARTESIAN_POINT('',(-1.605,0.52,0.38));
#15111=DIRECTION('',(0.0,0.0,1.0));
#15112=DIRECTION('',(-1.0,0.0,0.0));
#15113=DIRECTION('',(0.0,1.0,0.0));
#15114=DIRECTION('',(0.0,-1.0,0.0));
#15115=DIRECTION('',(1.0,0.0,0.0));
#15116=DIRECTION('',(0.0,1.0,1.00389090044954E-16));
#15117=DIRECTION('',(-1.0,0.0,0.0));
#15118=DIRECTION('',(0.0,-1.0,0.0));
#15119=DIRECTION('',(0.0,0.0,1.0));
#15120=CARTESIAN_POINT('',(-1.135,0.440000000000001,0.37));
#15121=DIRECTION('',(-1.0,0.0,0.0));
#15122=DIRECTION('',(0.0,0.0,1.0));
#15123=CARTESIAN_POINT('',(-1.135,0.46,0.350000000000001));
#15124=DIRECTION('',(-1.0,0.0,0.0));
#15125=DIRECTION('',(0.0,0.0,1.0));
#15126=DIRECTION('',(0.0,0.0,-1.0));
#15127=DIRECTION('',(0.0,1.0,0.0));
#15128=DIRECTION('',(0.0,1.0,-8.19455130366945E-16));
#15129=DIRECTION('',(0.0,0.0,-1.0));
#15130=DIRECTION('',(0.0,3.93251544149862E-16,-1.0));
#15131=DIRECTION('',(0.0,1.0,3.14443052007969E-16));
#15132=DIRECTION('',(0.0,6.7762635780344E-16,1.0));
#15133=DIRECTION('',(0.0,1.0,3.14443052007969E-16));
#15134=DIRECTION('',(1.0,0.0,0.0));
#15135=DIRECTION('',(-1.0,0.0,0.0));
#15136=DIRECTION('',(-1.0,0.0,0.0));
#15137=CARTESIAN_POINT('',(-1.455,0.0999999999999998,0.0500000000000001));
#15138=DIRECTION('',(0.0,-0.0,1.0));
#15139=DIRECTION('',(1.0,1.0842021724855E-16,0.0));
#15140=DIRECTION('',(0.0,1.0,3.58772828837784E-16));
#15141=CARTESIAN_POINT('',(-1.455,-0.0999999999999999,0.0500000000000003));
#15142=DIRECTION('',(0.0,-0.0,1.0));
#15143=DIRECTION('',(1.0,1.0842021724855E-16,0.0));
#15144=DIRECTION('',(1.0,0.0,0.0));
#15145=DIRECTION('',(-0.707106781186553,-4.03498267548253E-16,-0.707106781186542));
#15146=DIRECTION('',(0.0,0.0,1.0));
#15147=DIRECTION('',(0.0,0.0,1.0));
#15148=DIRECTION('',(0.0,-5.70632722360792E-16,-1.0));
#15149=DIRECTION('',(0.0,0.0,-1.0));
#15150=DIRECTION('',(-1.0,0.0,0.0));
#15151=DIRECTION('',(0.0,0.0,-1.0));
#15152=DIRECTION('',(0.0,0.0,-1.0));
#15153=DIRECTION('',(-1.0,0.0,0.0));
#15154=DIRECTION('',(0.0,0.0,-1.0));
#15155=DIRECTION('',(0.0,0.0,-1.0));
#15156=DIRECTION('',(-1.0,0.0,0.0));
#15157=DIRECTION('',(0.0,0.0,-1.0));
#15158=DIRECTION('',(0.0,0.0,-1.0));
#15159=DIRECTION('',(-1.0,0.0,0.0));
#15160=DIRECTION('',(0.0,0.0,-1.0));
#15161=DIRECTION('',(0.0,0.0,-1.0));
#15162=DIRECTION('',(-1.0,0.0,0.0));
#15163=DIRECTION('',(0.0,0.0,-1.0));
#15164=DIRECTION('',(0.0,0.0,-1.0));
#15165=DIRECTION('',(-1.0,0.0,0.0));
#15166=DIRECTION('',(0.0,0.0,-1.0));
#15167=DIRECTION('',(-1.0,0.0,0.0));
#15168=DIRECTION('',(-1.0,0.0,0.0));
#15169=DIRECTION('',(0.0,0.0,1.0));
#15170=DIRECTION('',(1.0,0.0,0.0));
#15171=DIRECTION('',(0.0,0.0,1.0));
#15172=DIRECTION('',(1.0,0.0,0.0));
#15173=DIRECTION('',(0.0,0.0,1.0));
#15174=DIRECTION('',(1.0,0.0,0.0));
#15175=DIRECTION('',(0.0,0.0,1.0));
#15176=DIRECTION('',(1.0,0.0,0.0));
#15177=DIRECTION('',(0.0,0.0,1.0));
#15178=DIRECTION('',(0.0,0.0,-1.0));
#15179=DIRECTION('',(-1.0,0.0,0.0));
#15180=DIRECTION('',(0.0,0.0,-1.0));
#15181=DIRECTION('',(0.0,0.0,1.0));
#15182=DIRECTION('',(-1.0,0.0,0.0));
#15183=DIRECTION('',(0.0,0.0,1.0));
#15184=DIRECTION('',(0.0,0.0,1.0));
#15185=DIRECTION('',(-1.0,0.0,0.0));
#15186=DIRECTION('',(0.0,0.0,1.0));
#15187=DIRECTION('',(1.0,0.0,0.0));
#15188=DIRECTION('',(0.0,0.0,1.0));
#15189=DIRECTION('',(-1.0,0.0,0.0));
#15190=DIRECTION('',(0.0,0.0,1.0));
#15191=DIRECTION('',(1.0,0.0,0.0));
#15192=DIRECTION('',(0.0,0.0,1.0));
#15193=DIRECTION('',(-1.0,0.0,0.0));
#15194=DIRECTION('',(0.0,0.0,1.0));
#15195=DIRECTION('',(1.0,0.0,0.0));
#15196=DIRECTION('',(0.0,0.0,1.0));
#15197=DIRECTION('',(1.0,0.0,0.0));
#15198=DIRECTION('',(0.0,0.0,1.0));
#15199=DIRECTION('',(0.0,0.0,1.0));
#15200=DIRECTION('',(-1.0,0.0,0.0));
#15201=DIRECTION('',(0.0,0.0,1.0));
#15202=DIRECTION('',(0.0,0.0,1.0));
#15203=DIRECTION('',(-1.0,0.0,0.0));
#15204=DIRECTION('',(0.0,0.0,1.0));
#15205=DIRECTION('',(0.0,0.0,1.0));
#15206=DIRECTION('',(-1.0,0.0,0.0));
#15207=DIRECTION('',(0.0,0.0,1.0));
#15208=DIRECTION('',(0.0,0.0,1.0));
#15209=DIRECTION('',(-1.0,0.0,0.0));
#15210=DIRECTION('',(0.0,0.0,1.0));
#15211=DIRECTION('',(0.0,0.0,1.0));
#15212=DIRECTION('',(-1.0,0.0,0.0));
#15213=DIRECTION('',(0.0,0.0,1.0));
#15214=DIRECTION('',(0.0,0.0,-1.0));
#15215=DIRECTION('',(0.0,9.42784497813468E-16,-1.0));
#15216=DIRECTION('',(1.0,0.0,0.0));
#15217=DIRECTION('',(0.0,9.42784497813468E-16,-1.0));
#15218=DIRECTION('',(0.0,4.71392248906741E-16,-1.0));
#15219=DIRECTION('',(-0.707106781186549,6.81463740748165E-15,0.707106781186546));
#15220=DIRECTION('',(-1.0,0.0,0.0));
#15221=DIRECTION('',(-0.707106781186549,-6.81463740748165E-15,-0.707106781186546));
#15222=DIRECTION('',(-0.707106781186549,6.81463740748165E-15,0.707106781186546));
#15223=DIRECTION('',(-1.0,0.0,0.0));
#15224=DIRECTION('',(-0.707106781186549,-6.81463740748165E-15,-0.707106781186546));
#15225=DIRECTION('',(-0.707106781186549,6.81463740748165E-15,0.707106781186546));
#15226=DIRECTION('',(-1.0,0.0,0.0));
#15227=DIRECTION('',(-0.707106781186549,-6.81463740748165E-15,-0.707106781186546));
#15228=DIRECTION('',(-0.707106781186549,6.81463740748165E-15,0.707106781186546));
#15229=DIRECTION('',(-1.0,0.0,0.0));
#15230=DIRECTION('',(-0.707106781186549,-6.81463740748165E-15,-0.707106781186546));
#15231=DIRECTION('',(-0.707106781186549,6.81463740748165E-15,0.707106781186546));
#15232=DIRECTION('',(-1.0,0.0,0.0));
#15233=DIRECTION('',(-0.707106781186549,-6.81463740748165E-15,-0.707106781186546));
#15234=DIRECTION('',(-0.707106781186549,6.81463740748165E-15,0.707106781186546));
#15235=DIRECTION('',(-1.0,0.0,0.0));
#15236=DIRECTION('',(-0.707106781186549,-6.81463740748165E-15,-0.707106781186546));
#15237=DIRECTION('',(-1.0,0.0,0.0));
#15238=DIRECTION('',(0.0,4.71392248906741E-16,-1.0));
#15239=DIRECTION('',(-1.0,0.0,0.0));
#15240=DIRECTION('',(0.0,9.42784497813468E-16,-1.0));
#15241=DIRECTION('',(0.0,9.42784497813468E-16,-1.0));
#15242=DIRECTION('',(0.0,0.0,-1.0));
#15243=DIRECTION('',(0.0,9.42784497813468E-16,1.0));
#15244=DIRECTION('',(-1.0,0.0,0.0));
#15245=DIRECTION('',(0.0,9.42784497813468E-16,1.0));
#15246=DIRECTION('',(-1.0,0.0,0.0));
#15247=DIRECTION('',(0.0,4.71392248906741E-16,1.0));
#15248=DIRECTION('',(-1.0,0.0,0.0));
#15249=DIRECTION('',(-0.707106781186549,2.49160180211048E-14,-0.707106781186546));
#15250=DIRECTION('',(-0.707106781186549,-2.49160180211048E-14,0.707106781186546));
#15251=DIRECTION('',(-0.707106781186549,2.49160180211048E-14,-0.707106781186546));
#15252=DIRECTION('',(-0.707106781186549,-2.49160180211048E-14,0.707106781186546));
#15253=DIRECTION('',(-0.707106781186549,2.49160180211048E-14,-0.707106781186546));
#15254=DIRECTION('',(-0.707106781186549,-2.49160180211048E-14,0.707106781186546));
#15255=DIRECTION('',(-0.707106781186549,2.49160180211048E-14,-0.707106781186546));
#15256=DIRECTION('',(-0.707106781186549,-2.49160180211048E-14,0.707106781186546));
#15257=DIRECTION('',(-0.707106781186549,2.49160180211048E-14,-0.707106781186546));
#15258=DIRECTION('',(-0.707106781186549,-2.49160180211048E-14,0.707106781186546));
#15259=DIRECTION('',(-0.707106781186549,2.49160180211048E-14,-0.707106781186546));
#15260=DIRECTION('',(-0.707106781186549,-2.49160180211048E-14,0.707106781186546));
#15261=DIRECTION('',(0.0,4.71392248906741E-16,1.0));
#15262=DIRECTION('',(0.0,9.42784497813468E-16,1.0));
#15263=DIRECTION('',(0.0,9.42784497813468E-16,1.0));
#15264=DIRECTION('',(0.0,-1.0,0.0));
#15265=DIRECTION('',(0.0,0.0,1.0));
#15266=DIRECTION('',(0.0,-1.0,0.0));
#15267=DIRECTION('',(0.0,1.0842021724855E-15,-1.0));
#15268=DIRECTION('',(0.0,-1.0,-8.19455130366945E-16));
#15269=DIRECTION('',(0.0,-3.76459087668578E-16,1.0));
#15270=DIRECTION('',(0.0,-1.0,-4.2773025946194E-16));
#15271=DIRECTION('',(0.0,-6.7762635780344E-16,-1.0));
#15272=DIRECTION('',(0.0,-1.0,8.19455130366945E-16));
#15273=DIRECTION('',(0.0,1.0842021724855E-15,1.0));
#15274=DIRECTION('',(0.0,-1.0,0.0));
#15275=DIRECTION('',(0.0,0.0,-1.0));
#15276=DIRECTION('',(0.0,-1.0,0.0));
#15277=DIRECTION('',(0.0,0.0,-1.0));
#15278=DIRECTION('',(0.0,-1.0,0.0));
#15279=DIRECTION('',(0.0,0.0,1.0));
#15280=DIRECTION('',(0.0,0.0,-1.0));
#15281=DIRECTION('',(-1.0,0.0,0.0));
#15282=DIRECTION('',(0.0,0.0,-1.0));
#15283=DIRECTION('',(0.707106781186553,0.0,-0.707106781186542));
#15284=DIRECTION('',(0.0,0.0,-1.0));
#15285=DIRECTION('',(-1.0,0.0,0.0));
#15286=DIRECTION('',(0.0,0.0,1.0));
#15287=DIRECTION('',(1.0,0.0,0.0));
#15288=DIRECTION('',(0.0,0.0,1.0));
#15289=DIRECTION('',(0.707106781186553,-4.03498267548253E-16,-0.707106781186542));
#15290=DIRECTION('',(0.0,-5.70632722360792E-16,-1.0));
#15291=DIRECTION('',(0.0,0.0,1.0));
#15292=DIRECTION('',(1.0,0.0,0.0));
#15293=DIRECTION('',(0.0,-5.70632722360792E-16,1.0));
#15294=DIRECTION('',(1.0,0.0,0.0));
#15295=DIRECTION('',(1.0,0.0,0.0));
#15296=DIRECTION('',(-5.49938877577679E-30,-5.70632722360792E-16,1.0));
#15297=DIRECTION('',(1.0,0.0,0.0));
#15298=DIRECTION('',(0.0,-5.70632722360792E-16,1.0));
#15299=DIRECTION('',(0.707106781186553,4.03498267548253E-16,-0.707106781186542));
#15300=DIRECTION('',(0.0,5.70632722360792E-16,-1.0));
#15301=DIRECTION('',(1.0,0.0,0.0));
#15302=DIRECTION('',(0.0,5.70632722360792E-16,-1.0));
#15303=DIRECTION('',(0.0,5.70632722360792E-16,-1.0));
#15304=DIRECTION('',(0.0,-1.0,0.0));
#15305=DIRECTION('',(-1.0,0.0,0.0));
#15306=DIRECTION('',(0.0,1.0,1.00389090044954E-16));
#15307=DIRECTION('',(0.0,-1.0,0.0));
#15308=DIRECTION('',(9.63735264431562E-15,1.0,0.0));
#15309=DIRECTION('',(1.0,0.0,0.0));
#15310=CARTESIAN_POINT('',(1.605,-0.52,0.38));
#15311=DIRECTION('',(0.0,0.0,-1.0));
#15312=DIRECTION('',(-1.0,0.0,0.0));
#15313=DIRECTION('',(-1.0,0.0,0.0));
#15314=DIRECTION('',(1.0,0.0,0.0));
#15315=DIRECTION('',(0.0,1.0,0.0));
#15316=CARTESIAN_POINT('',(1.605,0.52,0.38));
#15317=DIRECTION('',(0.0,0.0,-1.0));
#15318=DIRECTION('',(-1.0,0.0,0.0));
#15319=DIRECTION('',(0.0,1.0,1.00389090044954E-16));
#15320=DIRECTION('',(0.0,-1.0,0.0));
#15321=DIRECTION('',(0.0,-1.0,0.0));
#15322=DIRECTION('',(0.0,1.0,0.0));
#15323=DIRECTION('',(-1.0,0.0,0.0));
#15324=DIRECTION('',(0.0,1.0,0.0));
#15325=DIRECTION('',(0.0,1.0,0.0));
#15326=DIRECTION('',(0.0,1.0,0.0));
#15327=DIRECTION('',(1.0,0.0,0.0));
#15328=DIRECTION('',(0.0,1.0,0.0));
#15329=CARTESIAN_POINT('',(1.33,-0.43,0.38));
#15330=DIRECTION('',(0.0,0.0,-1.0));
#15331=DIRECTION('',(-1.0,0.0,0.0));
#15332=DIRECTION('',(-1.0,0.0,0.0));
#15333=CARTESIAN_POINT('',(1.385,-0.43,0.38));
#15334=DIRECTION('',(0.0,0.0,-1.0));
#15335=DIRECTION('',(-1.0,0.0,0.0));
#15336=DIRECTION('',(0.0,-1.0,0.0));
#15337=CARTESIAN_POINT('',(1.385,0.43,0.38));
#15338=DIRECTION('',(0.0,0.0,-1.0));
#15339=DIRECTION('',(-1.0,0.0,0.0));
#15340=DIRECTION('',(1.0,0.0,0.0));
#15341=CARTESIAN_POINT('',(1.33,0.43,0.38));
#15342=DIRECTION('',(0.0,0.0,-1.0));
#15343=DIRECTION('',(-1.0,0.0,0.0));
#15344=DIRECTION('',(1.0,0.0,0.0));
#15345=DIRECTION('',(0.0,0.0,-1.0));
#15346=DIRECTION('',(0.0,5.70632722360792E-16,1.0));
#15347=DIRECTION('',(1.0,0.0,0.0));
#15348=DIRECTION('',(0.0,0.0,-1.0));
#15349=DIRECTION('',(0.0,0.0,-1.0));
#15350=DIRECTION('',(0.0,0.0,-1.0));
#15351=DIRECTION('',(-1.0,0.0,0.0));
#15352=DIRECTION('',(0.0,1.0,0.0));
#15353=DIRECTION('',(0.0,0.0,-1.0));
#15354=CARTESIAN_POINT('',(1.135,0.46,0.35));
#15355=DIRECTION('',(-1.0,0.0,0.0));
#15356=DIRECTION('',(0.0,0.0,1.0));
#15357=DIRECTION('',(0.0,0.0,1.0));
#15358=DIRECTION('',(1.0,0.0,0.0));
#15359=DIRECTION('',(0.0,0.0,-1.0));
#15360=DIRECTION('',(0.0,1.0,8.19455130366945E-16));
#15361=DIRECTION('',(0.0,5.70632722360792E-16,-1.0));
#15362=DIRECTION('',(0.0,3.93251544149862E-16,-1.0));
#15363=DIRECTION('',(0.0,-1.0,-3.14443052007969E-16));
#15364=DIRECTION('',(0.0,3.76459087668578E-16,-1.0));
#15365=DIRECTION('',(0.0,-1.0,0.0));
#15366=DIRECTION('',(0.0,-1.0,0.0));
#15367=DIRECTION('',(-1.0,0.0,0.0));
#15368=DIRECTION('',(0.0,-1.0,0.0));
#15369=DIRECTION('',(0.0,-1.0,-8.60477914671036E-17));
#15370=DIRECTION('',(-1.0,0.0,0.0));
#15371=DIRECTION('',(0.0,-1.0,-8.60477914671036E-17));
#15372=DIRECTION('',(1.0,0.0,0.0));
#15373=DIRECTION('',(0.0,-1.0,0.0));
#15374=DIRECTION('',(-1.0,0.0,0.0));
#15375=DIRECTION('',(0.0,-1.0,0.0));
#15376=DIRECTION('',(0.0,-1.0,0.0));
#15377=DIRECTION('',(-1.0,0.0,0.0));
#15378=DIRECTION('',(0.0,-1.0,0.0));
#15379=DIRECTION('',(0.0,-1.0,0.0));
#15380=DIRECTION('',(-1.0,0.0,0.0));
#15381=DIRECTION('',(0.0,-1.0,0.0));
#15382=DIRECTION('',(0.0,-1.0,0.0));
#15383=DIRECTION('',(-1.0,0.0,0.0));
#15384=DIRECTION('',(0.0,-1.0,0.0));
#15385=DIRECTION('',(0.0,-1.0,0.0));
#15386=DIRECTION('',(-1.0,0.0,0.0));
#15387=DIRECTION('',(0.0,-1.0,0.0));
#15388=DIRECTION('',(0.0,-1.0,0.0));
#15389=DIRECTION('',(-1.0,0.0,0.0));
#15390=DIRECTION('',(0.0,-1.0,0.0));
#15391=DIRECTION('',(-1.0,0.0,0.0));
#15392=DIRECTION('',(0.0,-1.0,0.0));
#15393=DIRECTION('',(0.0,-1.0,0.0));
#15394=DIRECTION('',(-1.0,0.0,0.0));
#15395=DIRECTION('',(0.0,-1.0,0.0));
#15396=DIRECTION('',(0.0,-1.0,0.0));
#15397=DIRECTION('',(-1.0,0.0,0.0));
#15398=DIRECTION('',(0.0,-1.0,0.0));
#15399=DIRECTION('',(0.0,-1.0,0.0));
#15400=DIRECTION('',(-1.0,0.0,0.0));
#15401=DIRECTION('',(0.0,-1.0,0.0));
#15402=DIRECTION('',(0.0,-1.0,0.0));
#15403=DIRECTION('',(-1.0,0.0,0.0));
#15404=DIRECTION('',(0.0,-1.0,0.0));
#15405=DIRECTION('',(0.0,-1.0,0.0));
#15406=DIRECTION('',(-1.0,0.0,0.0));
#15407=DIRECTION('',(0.0,-1.0,0.0));
#15408=DIRECTION('',(0.0,-1.0,-8.60477914671036E-17));
#15409=DIRECTION('',(-1.0,0.0,0.0));
#15410=DIRECTION('',(0.0,-1.0,-8.60477914671036E-17));
#15411=DIRECTION('',(-1.0,0.0,0.0));
#15412=DIRECTION('',(0.0,-1.0,0.0));
#15413=DIRECTION('',(-1.0,0.0,0.0));
#15414=DIRECTION('',(0.0,-1.0,0.0));
#15415=DIRECTION('',(-0.639602149066835,0.426401432711219,-0.639602149066829));
#15416=DIRECTION('',(0.0,0.554700196225229,-0.832050294337844));
#15417=DIRECTION('',(-1.0,0.0,0.0));
#15418=DIRECTION('',(0.0,0.554700196225229,-0.832050294337844));
#15419=DIRECTION('',(0.0,0.0,-1.0));
#15420=DIRECTION('',(0.0,0.0,-1.0));
#15421=DIRECTION('',(0.0,0.0,1.0));
#15422=DIRECTION('',(-1.0,0.0,0.0));
#15423=DIRECTION('',(0.0,0.0,1.0));
#15424=DIRECTION('',(0.0,0.554700196225229,0.832050294337844));
#15425=DIRECTION('',(0.63960214906683,0.426401432711221,0.639602149066832));
#15426=DIRECTION('',(0.0,0.554700196225229,0.832050294337844));
#15427=CARTESIAN_POINT('',(0.985,0.585,0.235));
#15428=DIRECTION('',(1.0,0.0,0.0));
#15429=DIRECTION('',(0.0,0.0,-1.0));
#15430=CARTESIAN_POINT('',(0.985,0.585,0.235));
#15431=DIRECTION('',(1.0,0.0,0.0));
#15432=DIRECTION('',(0.0,0.0,-1.0));
#15433=DIRECTION('',(-1.0,0.0,0.0));
#15434=CARTESIAN_POINT('',(1.115,0.585,0.235));
#15435=DIRECTION('',(1.0,0.0,0.0));
#15436=DIRECTION('',(0.0,0.0,-1.0));
#15437=DIRECTION('',(0.0,1.8896095006176E-13,1.0));
#15438=DIRECTION('',(-1.0,0.0,0.0));
#15439=DIRECTION('',(0.0,1.8896095006176E-13,1.0));
#15440=DIRECTION('',(0.0,0.913811548620227,0.406138466053515));
#15441=DIRECTION('',(-1.0,0.0,0.0));
#15442=DIRECTION('',(0.0,0.913811548620227,0.406138466053515));
#15443=DIRECTION('',(-1.0,0.0,0.0));
#15444=DIRECTION('',(-1.0,0.0,0.0));
#15445=DIRECTION('',(-1.0,0.0,0.0));
#15446=DIRECTION('',(-1.0,0.0,0.0));
#15447=DIRECTION('',(-1.0,0.0,0.0));
#15448=CARTESIAN_POINT('',(-1.115,0.539999999999992,0.37));
#15449=DIRECTION('',(1.0,0.0,0.0));
#15450=DIRECTION('',(0.0,0.0,-1.0));
#15451=CARTESIAN_POINT('',(1.115,0.539999999999992,0.37));
#15452=DIRECTION('',(1.0,0.0,0.0));
#15453=DIRECTION('',(0.0,0.0,-1.0));
#15454=DIRECTION('',(-1.0,0.0,0.0));
#15455=CARTESIAN_POINT('',(-1.115,-0.539999999999992,0.37));
#15456=DIRECTION('',(1.0,0.0,0.0));
#15457=DIRECTION('',(0.0,0.0,-1.0));
#15458=DIRECTION('',(-1.0,0.0,0.0));
#15459=DIRECTION('',(-1.0,0.0,0.0));
#15460=DIRECTION('',(-1.0,0.0,0.0));
#15461=DIRECTION('',(-1.0,0.0,0.0));
#15462=DIRECTION('',(-1.0,0.0,0.0));
#15463=DIRECTION('',(-1.0,0.0,0.0));
#15464=DIRECTION('',(-1.0,0.0,0.0));
#15465=CARTESIAN_POINT('',(1.115,-0.539999999999992,0.37));
#15466=DIRECTION('',(1.0,0.0,0.0));
#15467=DIRECTION('',(0.0,0.0,-1.0));
#15468=DIRECTION('',(0.0,0.913811548620227,-0.406138466053515));
#15469=DIRECTION('',(-1.0,0.0,0.0));
#15470=DIRECTION('',(0.0,0.913811548620227,-0.406138466053515));
#15471=DIRECTION('',(0.0,1.8896095006176E-13,-1.0));
#15472=DIRECTION('',(-1.0,0.0,0.0));
#15473=DIRECTION('',(0.0,1.8896095006176E-13,-1.0));
#15474=CARTESIAN_POINT('',(0.985,-0.585,0.235));
#15475=DIRECTION('',(1.0,0.0,0.0));
#15476=DIRECTION('',(0.0,0.0,-1.0));
#15477=CARTESIAN_POINT('',(0.985,-0.585,0.235));
#15478=DIRECTION('',(1.0,0.0,0.0));
#15479=DIRECTION('',(0.0,0.0,-1.0));
#15480=CARTESIAN_POINT('',(1.115,-0.585,0.235));
#15481=DIRECTION('',(1.0,0.0,0.0));
#15482=DIRECTION('',(0.0,0.0,-1.0));
#15483=DIRECTION('',(0.0,1.0,0.0));
#15484=DIRECTION('',(0.0,-1.0,0.0));
#15485=DIRECTION('',(1.0,0.0,2.25875452601147E-16));
#15486=DIRECTION('',(0.0,-1.0,0.0));
#15487=DIRECTION('',(1.0,0.0,2.25875452601147E-16));
#15488=DIRECTION('',(0.0,-1.0,0.0));
#15489=DIRECTION('',(0.0,1.0,0.0));
#15490=DIRECTION('',(1.0,0.0,-2.25875452601147E-16));
#15491=DIRECTION('',(0.0,-1.0,0.0));
#15492=DIRECTION('',(1.0,0.0,-2.25875452601147E-16));
#15493=DIRECTION('',(1.0,0.0,0.0));
#15494=DIRECTION('',(0.0,1.0,0.0));
#15495=CARTESIAN_POINT('',(-1.33,0.43,0.38));
#15496=DIRECTION('',(0.0,0.0,1.0));
#15497=DIRECTION('',(-1.0,0.0,0.0));
#15498=DIRECTION('',(-1.0,0.0,0.0));
#15499=CARTESIAN_POINT('',(-1.385,0.43,0.38));
#15500=DIRECTION('',(0.0,0.0,1.0));
#15501=DIRECTION('',(-1.0,0.0,0.0));
#15502=DIRECTION('',(0.0,-1.0,0.0));
#15503=CARTESIAN_POINT('',(-1.385,-0.43,0.38));
#15504=DIRECTION('',(0.0,0.0,1.0));
#15505=DIRECTION('',(-1.0,0.0,0.0));
#15506=DIRECTION('',(1.0,0.0,0.0));
#15507=CARTESIAN_POINT('',(-1.33,-0.43,0.38));
#15508=DIRECTION('',(0.0,0.0,1.0));
#15509=DIRECTION('',(-1.0,0.0,0.0));
#15510=DIRECTION('',(0.0,1.0,0.0));
#15511=DIRECTION('',(-1.0,0.0,0.0));
#15512=DIRECTION('',(0.0,1.0,0.0));
#15513=DIRECTION('',(0.0,-1.0,0.0));
#15514=DIRECTION('',(0.0,1.0,0.0));
#15515=DIRECTION('',(0.0,0.0,1.0));
#15516=DIRECTION('',(0.0,1.0,-8.19455130366945E-16));
#15517=DIRECTION('',(0.0,6.7762635780344E-16,1.0));
#15518=DIRECTION('',(0.0,-1.0,-3.14443052007969E-16));
#15519=DIRECTION('',(0.0,3.93251544149862E-16,-1.0));
#15520=DIRECTION('',(0.0,-5.70632722360792E-16,1.0));
#15521=DIRECTION('',(0.0,1.0,8.19455130366945E-16));
#15522=DIRECTION('',(0.0,3.76459087668578E-16,-1.0));
#15523=DIRECTION('',(0.0,3.93251544149862E-16,-1.0));
#15524=DIRECTION('',(0.0,-3.93251544149862E-16,1.0));
#15525=DIRECTION('',(0.0,-3.93251544149862E-16,1.0));
#15526=DIRECTION('',(0.0,-3.93251544149862E-16,1.0));
#15527=DIRECTION('',(0.0,-3.93251544149862E-16,1.0));
#15528=DIRECTION('',(0.0,-3.93251544149862E-16,1.0));
#15529=CARTESIAN_POINT('',(1.455,0.0999999999999998,0.0500000000000002));
#15530=DIRECTION('',(6.95619114819637E-32,-4.2773025946194E-16,1.0));
#15531=DIRECTION('',(-1.0,-1.62630325872826E-16,0.0));
#15532=DIRECTION('',(0.0,-3.93251544149862E-16,1.0));
#15533=DIRECTION('',(-1.0,0.0,0.0));
#15534=DIRECTION('',(0.0,-3.93251544149862E-16,1.0));
#15535=DIRECTION('',(1.0,0.0,0.0));
#15536=DIRECTION('',(0.0,-3.93251544149862E-16,1.0));
#15537=CARTESIAN_POINT('',(1.455,-0.0999999999999998,0.0500000000000001));
#15538=DIRECTION('',(6.95619114819637E-32,-4.2773025946194E-16,1.0));
#15539=DIRECTION('',(-1.0,-1.62630325872826E-16,0.0));
#15540=DIRECTION('',(0.0,-1.0,-3.58772828837784E-16));
#15541=DIRECTION('',(-1.0,0.0,0.0));
#15542=DIRECTION('',(1.0,0.0,0.0));
#15543=DIRECTION('',(0.0,-1.0,0.0));
#15544=CARTESIAN_POINT('',(1.355,-0.24,0.1));
#15545=DIRECTION('',(1.0,0.0,-0.0));
#15546=DIRECTION('',(0.0,0.0,1.0));
#15547=CARTESIAN_POINT('',(1.355,0.24,0.1));
#15548=DIRECTION('',(1.0,0.0,-0.0));
#15549=DIRECTION('',(0.0,0.0,1.0));
#15550=CARTESIAN_POINT('',(-1.355,-0.24,0.1));
#15551=DIRECTION('',(-1.0,0.0,0.0));
#15552=DIRECTION('',(0.0,0.0,-1.0));
#15553=DIRECTION('',(0.0,-1.0,0.0));
#15554=CARTESIAN_POINT('',(-1.355,0.24,0.1));
#15555=DIRECTION('',(-1.0,0.0,0.0));
#15556=DIRECTION('',(0.0,0.0,-1.0));
#15557=CARTESIAN_POINT('',(-1.115,0.24,0.1));
#15558=DIRECTION('',(0.64652169540162,0.0,0.762895600573902));
#15559=DIRECTION('',(0.762895600573902,0.0,-0.64652169540162));
#15560=DIRECTION('',(0.0,-1.0,0.0));
#15561=CARTESIAN_POINT('',(-1.115,-0.24,0.1));
#15562=DIRECTION('',(0.64652169540162,0.0,0.762895600573902));
#15563=DIRECTION('',(-0.762895600573902,0.0,0.64652169540162));
#15564=DIRECTION('',(-1.0,0.0,-1.49751681282528E-16));
#15565=DIRECTION('',(1.0,0.0,1.49751681282528E-16));
#15566=DIRECTION('',(0.0,-1.0,0.0));
#15567=CARTESIAN_POINT('',(1.115,0.24,0.1));
#15568=DIRECTION('',(-0.64652169540162,0.0,0.762895600573902));
#15569=DIRECTION('',(-0.762895600573902,0.0,-0.64652169540162));
#15570=CARTESIAN_POINT('',(1.115,-0.24,0.1));
#15571=DIRECTION('',(-0.64652169540162,0.0,0.762895600573902));
#15572=DIRECTION('',(0.762895600573902,0.0,0.64652169540162));
#15573=DIRECTION('',(-1.0,0.0,1.49751681282528E-16));
#15574=DIRECTION('',(1.0,0.0,-1.49751681282528E-16));
#15575=CARTESIAN_POINT('',(1.115,-0.440000000000001,0.37));
#15576=DIRECTION('',(1.0,0.0,0.0));
#15577=DIRECTION('',(0.0,0.0,-1.0));
#15578=CARTESIAN_POINT('',(1.135,-0.440000000000001,0.37));
#15579=DIRECTION('',(1.0,0.0,-0.0));
#15580=DIRECTION('',(0.0,0.0,1.0));
#15581=CARTESIAN_POINT('',(1.135,-0.46,0.349999999999999));
#15582=DIRECTION('',(-1.0,0.0,0.0));
#15583=DIRECTION('',(0.0,0.0,1.0));
#15584=DIRECTION('',(0.0,0.0,-1.0));
#15585=DIRECTION('',(0.0,1.0,0.0));
#15586=DIRECTION('',(0.0,-1.0,0.0));
#15587=DIRECTION('',(-1.0,0.0,0.0));
#15588=DIRECTION('',(0.0,1.0,0.0));
#15589=DIRECTION('',(0.0,-1.0,0.0));
#15590=DIRECTION('',(0.0,1.0,0.0));
#15591=DIRECTION('',(1.0,0.0,0.0));
#15592=CARTESIAN_POINT('',(1.655,-0.49,0.18));
#15593=DIRECTION('',(0.0,-1.0842021724855E-15,1.0));
#15594=DIRECTION('',(0.0,1.0,1.0842021724855E-15));
#15595=DIRECTION('',(-1.0,0.0,0.0));
#15596=DIRECTION('',(-1.0,0.0,0.0));
#15597=CARTESIAN_POINT('',(1.655,0.49,0.18));
#15598=DIRECTION('',(0.0,1.0842021724855E-15,1.0));
#15599=DIRECTION('',(0.0,1.0,-1.0842021724855E-15));
#15600=DIRECTION('',(0.0,0.0,-1.0));
#15601=DIRECTION('',(0.0,0.0,-1.0));
#15602=CARTESIAN_POINT('',(1.605,-0.52,0.439999999999999));
#15603=DIRECTION('',(0.0,4.2773025946194E-16,-1.0));
#15604=DIRECTION('',(-1.0,0.0,0.0));
#15605=DIRECTION('',(0.0,0.0,-1.0));
#15606=DIRECTION('',(0.0,0.0,-1.0));
#15607=CARTESIAN_POINT('',(1.605,0.52,0.440000000000001));
#15608=DIRECTION('',(0.0,4.2773025946194E-16,-1.0));
#15609=DIRECTION('',(-1.0,0.0,0.0));
#15610=DIRECTION('',(0.0,0.0,-1.0));
#15611=DIRECTION('',(0.0,0.0,-1.0));
#15612=DIRECTION('',(0.0,0.0,-1.0));
#15613=DIRECTION('',(1.0,0.0,0.0));
#15614=DIRECTION('',(0.0,0.0,-1.0));
#15615=CARTESIAN_POINT('',(1.385,0.43,0.440000000000001));
#15616=DIRECTION('',(0.0,4.2773025946194E-16,-1.0));
#15617=DIRECTION('',(-1.0,0.0,0.0));
#15618=DIRECTION('',(0.0,0.0,-1.0));
#15619=DIRECTION('',(0.0,-1.0,0.0));
#15620=DIRECTION('',(0.0,0.0,-1.0));
#15621=CARTESIAN_POINT('',(1.385,-0.43,0.439999999999999));
#15622=DIRECTION('',(0.0,4.2773025946194E-16,-1.0));
#15623=DIRECTION('',(-1.0,0.0,0.0));
#15624=DIRECTION('',(0.0,0.0,-1.0));
#15625=DIRECTION('',(-1.0,0.0,0.0));
#15626=DIRECTION('',(0.0,0.0,-1.0));
#15627=DIRECTION('',(0.0,-1.0,0.0));
#15628=CARTESIAN_POINT('',(1.135,-0.46,0.349999999999999));
#15629=DIRECTION('',(-1.0,0.0,0.0));
#15630=DIRECTION('',(0.0,0.0,-1.0));
#15631=DIRECTION('',(0.0,-1.0,-5.70632722360792E-16));
#15632=CARTESIAN_POINT('',(1.135,-0.52,0.349999999999999));
#15633=DIRECTION('',(-1.0,0.0,0.0));
#15634=DIRECTION('',(0.0,0.0,-1.0));
#15635=CARTESIAN_POINT('',(1.575,-0.52,0.349999999999999));
#15636=DIRECTION('',(1.0,-9.6373526443156E-15,0.0));
#15637=DIRECTION('',(-9.6373526443156E-15,-1.0,0.0));
#15638=DIRECTION('',(0.0,-1.0,-5.70632722360792E-16));
#15639=DIRECTION('',(0.0,0.0,-1.0));
#15640=CARTESIAN_POINT('',(1.575,0.52,0.35));
#15641=DIRECTION('',(1.0,0.0,-0.0));
#15642=DIRECTION('',(0.0,0.0,1.0));
#15643=DIRECTION('',(0.0,1.0,-5.70632722360792E-16));
#15644=CARTESIAN_POINT('',(1.135,0.46,0.35));
#15645=DIRECTION('',(-1.0,0.0,0.0));
#15646=DIRECTION('',(0.0,0.0,-1.0));
#15647=DIRECTION('',(0.0,-1.0,0.0));
#15648=CARTESIAN_POINT('',(1.135,0.52,0.35));
#15649=DIRECTION('',(-1.0,0.0,0.0));
#15650=DIRECTION('',(0.0,0.0,-1.0));
#15651=DIRECTION('',(0.0,0.0,-1.0));
#15652=DIRECTION('',(0.0,1.0,-5.70632722360792E-16));
#15653=DIRECTION('',(0.0,0.0,-1.0));
#15654=CARTESIAN_POINT('',(1.3,-0.46,0.349999999999999));
#15655=DIRECTION('',(1.0,0.0,-0.0));
#15656=DIRECTION('',(0.0,0.0,1.0));
#15657=CARTESIAN_POINT('',(1.3,0.46,0.35));
#15658=DIRECTION('',(1.0,0.0,-0.0));
#15659=DIRECTION('',(0.0,0.0,1.0));
#15660=DIRECTION('',(0.0,0.0,-1.0));
#15661=DIRECTION('',(0.0,0.0,-1.0));
#15662=CARTESIAN_POINT('',(1.605,-0.49,0.349999999999999));
#15663=DIRECTION('',(0.0,-1.0,0.0));
#15664=DIRECTION('',(0.0,0.0,1.0));
#15665=DIRECTION('',(1.0,0.0,0.0));
#15666=CARTESIAN_POINT('',(1.605,0.49,0.35));
#15667=DIRECTION('',(0.0,1.0,0.0));
#15668=DIRECTION('',(0.0,0.0,-1.0));
#15669=DIRECTION('',(0.0,0.0,-1.0));
#15670=DIRECTION('',(1.0,0.0,0.0));
#15671=DIRECTION('',(0.0,-1.0,-4.2773025946194E-16));
#15672=DIRECTION('',(0.0,1.0,0.0));
#15673=DIRECTION('',(0.0,0.0,-1.0));
#15674=DIRECTION('',(0.0,1.0,0.0));
#15675=DIRECTION('',(0.0,0.0,1.0));
#15676=DIRECTION('',(0.0,1.0,0.0));
#15677=DIRECTION('',(1.0,0.0,0.0));
#15678=DIRECTION('',(1.0,0.0,0.0));
#15679=DIRECTION('',(0.0,0.0,1.0));
#15680=DIRECTION('',(-1.0,0.0,0.0));
#15681=DIRECTION('',(0.0,0.0,-1.0));
#15682=DIRECTION('',(0.707106781186553,0.0,-0.707106781186542));
#15683=DIRECTION('',(-1.0,0.0,0.0));
#15684=DIRECTION('',(1.0,0.0,0.0));
#15685=DIRECTION('',(1.0,0.0,0.0));
#15686=DIRECTION('',(-1.0,0.0,0.0));
#15687=DIRECTION('',(1.0,0.0,0.0));
#15688=DIRECTION('',(0.0,1.0,4.2773025946194E-16));
#15689=DIRECTION('',(-1.0,0.0,0.0));
#15690=DIRECTION('',(0.0,-1.0,-5.70632722360792E-16));
#15691=CARTESIAN_POINT('',(1.175,-0.64,0.0700000000000005));
#15692=DIRECTION('',(-1.0,-0.0,0.0));
#15693=DIRECTION('',(0.0,-1.0,-1.50583635067431E-16));
#15694=DIRECTION('',(0.0,-1.0,-1.02335409137662E-15));
#15695=DIRECTION('',(0.0,0.0,1.0));
#15696=DIRECTION('',(0.0,1.0,3.07006227412987E-15));
#15697=CARTESIAN_POINT('',(1.175,-0.64,0.0700000000000005));
#15698=DIRECTION('',(1.0,0.0,0.0));
#15699=DIRECTION('',(0.0,-1.0,0.0));
#15700=DIRECTION('',(0.0,-1.0,-5.70632722360792E-16));
#15701=CARTESIAN_POINT('',(1.325,-0.64,0.0700000000000005));
#15702=DIRECTION('',(-1.0,0.0,0.0));
#15703=DIRECTION('',(0.0,0.0,1.0));
#15704=DIRECTION('',(0.0,-1.0,-3.07006227412987E-15));
#15705=DIRECTION('',(0.0,0.0,-1.0));
#15706=DIRECTION('',(0.0,1.0,1.02335409137662E-15));
#15707=CARTESIAN_POINT('',(1.325,-0.64,0.0700000000000005));
#15708=DIRECTION('',(1.0,0.0,-0.0));
#15709=DIRECTION('',(0.0,0.0,1.0));
#15710=DIRECTION('',(0.0,1.0,-5.70632722360792E-16));
#15711=CARTESIAN_POINT('',(1.175,0.64,0.0700000000000004));
#15712=DIRECTION('',(1.0,0.0,0.0));
#15713=DIRECTION('',(0.0,1.0,0.0));
#15714=DIRECTION('',(0.0,1.0,-3.07006227412987E-15));
#15715=DIRECTION('',(0.0,0.0,-1.0));
#15716=DIRECTION('',(0.0,-1.0,1.29993627823517E-15));
#15717=CARTESIAN_POINT('',(1.175,0.64,0.0700000000000004));
#15718=DIRECTION('',(-1.0,0.0,0.0));
#15719=DIRECTION('',(0.0,1.0,0.0));
#15720=CARTESIAN_POINT('',(1.325,0.64,0.0700000000000004));
#15721=DIRECTION('',(1.0,0.0,-0.0));
#15722=DIRECTION('',(0.0,0.0,1.0));
#15723=DIRECTION('',(0.0,1.0,-1.29993627823517E-15));
#15724=DIRECTION('',(0.0,0.0,1.0));
#15725=DIRECTION('',(0.0,-1.0,3.07006227412987E-15));
#15726=CARTESIAN_POINT('',(1.325,0.64,0.0700000000000004));
#15727=DIRECTION('',(-1.0,0.0,0.0));
#15728=DIRECTION('',(0.0,0.0,1.0));
#15729=DIRECTION('',(0.0,1.0,-5.70632722360792E-16));
#15730=DIRECTION('',(-1.0,0.0,0.0));
#15731=DIRECTION('',(-1.0,0.0,0.0));
#15732=DIRECTION('',(-1.0,0.0,0.0));
#15733=DIRECTION('',(-1.0,0.0,0.0));
#15734=DIRECTION('',(-1.0,0.0,0.0));
#15735=DIRECTION('',(-1.0,0.0,0.0));
#15736=DIRECTION('',(-1.0,0.0,0.0));
#15737=DIRECTION('',(-1.0,0.0,0.0));
#15738=DIRECTION('',(1.0,0.0,0.0));
#15739=DIRECTION('',(1.0,0.0,0.0));
#15740=DIRECTION('',(1.0,0.0,0.0));
#15741=DIRECTION('',(1.0,0.0,0.0));
#15742=DIRECTION('',(0.0,0.0,-1.0));
#15743=DIRECTION('',(0.0,0.0,-1.0));
#15744=DIRECTION('',(0.0,-1.0,0.0));
#15745=DIRECTION('',(0.0,0.0,1.0));
#15746=DIRECTION('',(0.0,0.0,1.0));
#15747=DIRECTION('',(0.0,-1.0,0.0));
#15748=DIRECTION('',(-1.0,0.0,0.0));
#15749=CARTESIAN_POINT('',(-1.115,0.440000000000001,0.37));
#15750=DIRECTION('',(-1.0,0.0,0.0));
#15751=DIRECTION('',(0.0,0.0,-1.0));
#15752=DIRECTION('',(0.0,-1.0,0.0));
#15753=DIRECTION('',(0.0,0.0,-1.0));
#15754=DIRECTION('',(0.0,0.0,1.0));
#15755=DIRECTION('',(-1.0,0.0,0.0));
#15756=DIRECTION('',(-1.0,0.0,0.0));
#15757=DIRECTION('',(0.0,1.0,0.0));
#15758=DIRECTION('',(0.0,1.0,0.0));
#15759=DIRECTION('',(0.0,0.0,-1.0));
#15760=CARTESIAN_POINT('',(-1.135,-0.46,0.350000000000001));
#15761=DIRECTION('',(-1.0,0.0,0.0));
#15762=DIRECTION('',(0.0,0.0,1.0));
#15763=DIRECTION('',(0.0,0.0,-1.0));
#15764=DIRECTION('',(1.0,0.0,0.0));
#15765=DIRECTION('',(0.0,0.0,-1.0));
#15766=DIRECTION('',(0.0,-1.0,0.0));
#15767=DIRECTION('',(0.0,1.0,0.0));
#15768=DIRECTION('',(1.0,0.0,0.0));
#15769=CARTESIAN_POINT('',(-1.655,-0.49,0.18));
#15770=DIRECTION('',(0.0,1.0842021724855E-15,-1.0));
#15771=DIRECTION('',(0.0,-1.0,-1.0842021724855E-15));
#15772=DIRECTION('',(1.0,0.0,0.0));
#15773=DIRECTION('',(1.0,0.0,0.0));
#15774=CARTESIAN_POINT('',(-1.655,0.49,0.18));
#15775=DIRECTION('',(0.0,-1.0842021724855E-15,-1.0));
#15776=DIRECTION('',(0.0,-1.0,1.0842021724855E-15));
#15777=DIRECTION('',(0.0,0.0,-1.0));
#15778=CARTESIAN_POINT('',(-1.605,-0.52,0.440000000000001));
#15779=DIRECTION('',(0.0,0.0,1.0));
#15780=DIRECTION('',(1.0,0.0,0.0));
#15781=DIRECTION('',(0.0,0.0,-1.0));
#15782=DIRECTION('',(0.0,0.0,-1.0));
#15783=CARTESIAN_POINT('',(-1.605,0.52,0.44));
#15784=DIRECTION('',(0.0,0.0,1.0));
#15785=DIRECTION('',(1.0,0.0,0.0));
#15786=DIRECTION('',(0.0,0.0,-1.0));
#15787=DIRECTION('',(0.0,0.0,-1.0));
#15788=DIRECTION('',(0.0,0.0,-1.0));
#15789=DIRECTION('',(-1.0,0.0,0.0));
#15790=DIRECTION('',(0.0,0.0,-1.0));
#15791=CARTESIAN_POINT('',(-1.385,0.43,0.44));
#15792=DIRECTION('',(0.0,0.0,1.0));
#15793=DIRECTION('',(1.0,0.0,0.0));
#15794=DIRECTION('',(0.0,0.0,-1.0));
#15795=DIRECTION('',(0.0,-1.0,0.0));
#15796=DIRECTION('',(0.0,0.0,-1.0));
#15797=CARTESIAN_POINT('',(-1.385,-0.43,0.440000000000001));
#15798=DIRECTION('',(0.0,0.0,1.0));
#15799=DIRECTION('',(1.0,0.0,0.0));
#15800=DIRECTION('',(0.0,0.0,-1.0));
#15801=DIRECTION('',(1.0,0.0,0.0));
#15802=DIRECTION('',(0.0,0.0,-1.0));
#15803=DIRECTION('',(0.0,0.0,-1.0));
#15804=DIRECTION('',(0.0,0.0,-1.0));
#15805=CARTESIAN_POINT('',(-1.3,0.46,0.350000000000001));
#15806=DIRECTION('',(1.0,0.0,-0.0));
#15807=DIRECTION('',(0.0,0.0,1.0));
#15808=CARTESIAN_POINT('',(-1.3,-0.46,0.350000000000001));
#15809=DIRECTION('',(1.0,0.0,-0.0));
#15810=DIRECTION('',(0.0,0.0,1.0));
#15811=DIRECTION('',(0.0,0.0,-1.0));
#15812=CARTESIAN_POINT('',(-1.605,-0.49,0.350000000000001));
#15813=DIRECTION('',(0.0,1.0,0.0));
#15814=DIRECTION('',(0.0,0.0,-1.0));
#15815=DIRECTION('',(0.0,0.0,-1.0));
#15816=DIRECTION('',(-1.0,0.0,0.0));
#15817=DIRECTION('',(0.0,0.0,-1.0));
#15818=CARTESIAN_POINT('',(-1.605,0.49,0.350000000000001));
#15819=DIRECTION('',(0.0,-1.0,0.0));
#15820=DIRECTION('',(0.0,0.0,1.0));
#15821=DIRECTION('',(-1.0,0.0,0.0));
#15822=CARTESIAN_POINT('',(-1.135,-0.46,0.350000000000001));
#15823=DIRECTION('',(-1.0,0.0,0.0));
#15824=DIRECTION('',(0.0,0.0,-1.0));
#15825=DIRECTION('',(0.0,-1.0,0.0));
#15826=CARTESIAN_POINT('',(-1.135,-0.52,0.350000000000001));
#15827=DIRECTION('',(-1.0,0.0,0.0));
#15828=DIRECTION('',(0.0,0.0,-1.0));
#15829=DIRECTION('',(0.0,-1.0,-5.70632722360792E-16));
#15830=CARTESIAN_POINT('',(-1.575,-0.52,0.350000000000001));
#15831=DIRECTION('',(1.0,9.6373526443156E-15,0.0));
#15832=DIRECTION('',(9.6373526443156E-15,-1.0,0.0));
#15833=DIRECTION('',(0.0,-1.0,-5.70632722360792E-16));
#15834=DIRECTION('',(0.0,-1.0,0.0));
#15835=DIRECTION('',(0.0,1.0,0.0));
#15836=DIRECTION('',(0.0,0.0,1.0));
#15837=DIRECTION('',(0.0,1.0,0.0));
#15838=DIRECTION('',(0.0,0.0,-1.0));
#15839=DIRECTION('',(0.0,1.0,0.0));
#15840=CARTESIAN_POINT('',(-1.575,0.52,0.350000000000001));
#15841=DIRECTION('',(1.0,0.0,-0.0));
#15842=DIRECTION('',(0.0,0.0,1.0));
#15843=DIRECTION('',(0.0,0.0,-1.0));
#15844=DIRECTION('',(0.0,1.0,-5.70632722360792E-16));
#15845=DIRECTION('',(-1.0,0.0,0.0));
#15846=DIRECTION('',(0.0,0.0,-1.0));
#15847=DIRECTION('',(-0.707106781186553,0.0,-0.707106781186542));
#15848=DIRECTION('',(0.0,0.0,-1.0));
#15849=DIRECTION('',(1.0,0.0,0.0));
#15850=DIRECTION('',(0.0,0.0,1.0));
#15851=DIRECTION('',(-1.0,0.0,0.0));
#15852=DIRECTION('',(0.0,-1.0,0.0));
#15853=CARTESIAN_POINT('',(-1.135,0.46,0.350000000000001));
#15854=DIRECTION('',(-1.0,0.0,0.0));
#15855=DIRECTION('',(0.0,0.0,-1.0));
#15856=DIRECTION('',(0.0,1.0,-5.70632722360792E-16));
#15857=CARTESIAN_POINT('',(-1.135,0.52,0.350000000000001));
#15858=DIRECTION('',(-1.0,0.0,0.0));
#15859=DIRECTION('',(0.0,0.0,-1.0));
#15860=DIRECTION('',(1.0,0.0,0.0));
#15861=DIRECTION('',(-1.0,0.0,0.0));
#15862=DIRECTION('',(-1.0,0.0,0.0));
#15863=DIRECTION('',(1.0,0.0,0.0));
#15864=DIRECTION('',(0.0,1.0,0.0));
#15865=DIRECTION('',(-1.0,0.0,0.0));
#15866=DIRECTION('',(1.0,0.0,0.0));
#15867=DIRECTION('',(0.0,-1.0,-5.70632722360792E-16));
#15868=CARTESIAN_POINT('',(-1.175,-0.64,0.0700000000000005));
#15869=DIRECTION('',(-1.0,-0.0,0.0));
#15870=DIRECTION('',(0.0,-1.0,-1.50583635067431E-16));
#15871=CARTESIAN_POINT('',(-1.175,-0.64,0.0700000000000005));
#15872=DIRECTION('',(1.0,0.0,0.0));
#15873=DIRECTION('',(0.0,-1.0,0.0));
#15874=DIRECTION('',(0.0,1.0,3.07006227412987E-15));
#15875=DIRECTION('',(0.0,0.0,1.0));
#15876=DIRECTION('',(0.0,-1.0,-1.02335409137662E-15));
#15877=DIRECTION('',(0.0,-1.0,-5.70632722360792E-16));
#15878=CARTESIAN_POINT('',(-1.325,-0.64,0.0700000000000005));
#15879=DIRECTION('',(1.0,0.0,-0.0));
#15880=DIRECTION('',(0.0,0.0,1.0));
#15881=DIRECTION('',(0.0,1.0,1.02335409137662E-15));
#15882=DIRECTION('',(0.0,0.0,-1.0));
#15883=DIRECTION('',(0.0,-1.0,-3.07006227412987E-15));
#15884=CARTESIAN_POINT('',(-1.325,-0.64,0.0700000000000005));
#15885=DIRECTION('',(-1.0,0.0,0.0));
#15886=DIRECTION('',(0.0,0.0,1.0));
#15887=DIRECTION('',(0.0,1.0,-5.70632722360792E-16));
#15888=CARTESIAN_POINT('',(-1.175,0.64,0.0700000000000004));
#15889=DIRECTION('',(-1.0,0.0,0.0));
#15890=DIRECTION('',(0.0,1.0,0.0));
#15891=DIRECTION('',(0.0,-1.0,1.29993627823517E-15));
#15892=DIRECTION('',(0.0,0.0,-1.0));
#15893=DIRECTION('',(0.0,1.0,-3.07006227412987E-15));
#15894=CARTESIAN_POINT('',(-1.175,0.64,0.0700000000000004));
#15895=DIRECTION('',(1.0,0.0,0.0));
#15896=DIRECTION('',(0.0,1.0,0.0));
#15897=CARTESIAN_POINT('',(-1.325,0.64,0.0700000000000004));
#15898=DIRECTION('',(1.0,0.0,-0.0));
#15899=DIRECTION('',(0.0,0.0,1.0));
#15900=DIRECTION('',(0.0,1.0,-5.70632722360792E-16));
#15901=CARTESIAN_POINT('',(-1.325,0.64,0.0700000000000004));
#15902=DIRECTION('',(-1.0,0.0,0.0));
#15903=DIRECTION('',(0.0,0.0,1.0));
#15904=DIRECTION('',(0.0,-1.0,3.07006227412987E-15));
#15905=DIRECTION('',(0.0,0.0,1.0));
#15906=DIRECTION('',(0.0,1.0,-1.29993627823517E-15));
#15907=DIRECTION('',(1.0,0.0,0.0));
#15908=DIRECTION('',(1.0,0.0,0.0));
#15909=DIRECTION('',(1.0,0.0,0.0));
#15910=DIRECTION('',(1.0,0.0,0.0));
#15911=DIRECTION('',(1.0,0.0,0.0));
#15912=DIRECTION('',(1.0,0.0,0.0));
#15913=DIRECTION('',(1.0,0.0,0.0));
#15914=DIRECTION('',(1.0,0.0,0.0));
#15915=DIRECTION('',(-1.0,0.0,0.0));
#15916=DIRECTION('',(-1.0,0.0,0.0));
#15917=DIRECTION('',(-1.0,0.0,0.0));
#15918=DIRECTION('',(-1.0,0.0,0.0));
#15919=DIRECTION('',(0.0,0.0,-1.0));
#15920=DIRECTION('',(0.0,-1.0,0.0));
#15921=DIRECTION('',(0.0,0.0,-1.0));
#15922=DIRECTION('',(0.0,-1.0,0.0));
#15923=DIRECTION('',(-1.0,0.0,0.0));
#15924=DIRECTION('',(0.0,0.0,1.0));
#15925=DIRECTION('',(0.0,0.0,1.0));
#15926=CARTESIAN_POINT('',(-1.095,0.440000000000001,0.37));
#15927=DIRECTION('',(1.0,0.0,-0.0));
#15928=DIRECTION('',(0.0,0.0,1.0));
#15929=CARTESIAN_POINT('',(1.095,-0.440000000000001,0.37));
#15930=DIRECTION('',(-1.0,0.0,0.0));
#15931=DIRECTION('',(0.0,0.0,-1.0));
#15932=DIRECTION('',(0.0,-0.919145030018057,-0.393919298579169));
#15933=DIRECTION('',(0.0,-0.919145030018057,-0.393919298579169));
#15934=DIRECTION('',(0.0,-0.919145030018057,0.393919298579169));
#15935=DIRECTION('',(0.0,-0.919145030018057,0.393919298579169));
#15936=DIRECTION('',(0.0,-0.919145030018057,-0.393919298579169));
#15937=DIRECTION('',(0.0,-0.919145030018057,-0.393919298579169));
#15938=DIRECTION('',(0.0,-0.919145030018057,-0.393919298579169));
#15939=DIRECTION('',(0.0,-0.919145030018057,-0.393919298579169));
#15940=DIRECTION('',(0.0,-0.919145030018057,-0.393919298579169));
#15941=DIRECTION('',(0.0,-0.919145030018057,-0.393919298579169));
#15942=DIRECTION('',(0.0,-0.919145030018057,-0.393919298579169));
#15943=DIRECTION('',(0.0,-0.919145030018057,-0.393919298579169));
#15944=DIRECTION('',(0.0,-0.919145030018057,-0.393919298579169));
#15945=DIRECTION('',(0.0,-0.919145030018057,-0.393919298579169));
#15946=DIRECTION('',(0.0,-0.919145030018057,-0.393919298579169));
#15947=DIRECTION('',(0.0,-0.919145030018057,-0.393919298579169));
#15948=DIRECTION('',(0.0,-0.919145030018057,0.393919298579169));
#15949=DIRECTION('',(0.0,-0.919145030018057,0.393919298579169));
#15950=DIRECTION('',(0.0,-0.919145030018057,0.393919298579169));
#15951=DIRECTION('',(0.0,-0.919145030018057,0.393919298579169));
#15952=DIRECTION('',(0.0,-0.919145030018057,0.393919298579169));
#15953=DIRECTION('',(0.0,-0.919145030018057,0.393919298579169));
#15954=DIRECTION('',(0.0,-0.919145030018057,0.393919298579169));
#15955=DIRECTION('',(0.0,-0.919145030018057,0.393919298579169));
#15956=DIRECTION('',(0.0,-0.919145030018057,0.393919298579169));
#15957=DIRECTION('',(0.0,-0.919145030018057,0.393919298579169));
#15958=DIRECTION('',(0.0,-0.919145030018057,0.393919298579169));
#15959=DIRECTION('',(0.0,-0.919145030018057,0.393919298579169));
#15960=DIRECTION('',(0.0,0.0,-1.0));
#15961=DIRECTION('',(0.0,0.0,1.0));
#15962=DIRECTION('',(0.0,0.0,1.0));
#15963=DIRECTION('',(0.0,0.707106781186548,0.707106781186548));
#15964=DIRECTION('',(0.0,0.0,1.0));
#15965=DIRECTION('',(0.0,0.0,1.0));
#15966=DIRECTION('',(0.0,0.0,1.0));
#15967=DIRECTION('',(0.0,0.707106781186548,0.707106781186548));
#15968=DIRECTION('',(-1.0,0.0,0.0));
#15969=DIRECTION('',(-1.0,0.0,0.0));
#15970=DIRECTION('',(0.0,0.0,-1.0));
#15971=DIRECTION('',(0.0,0.707106781186548,-0.707106781186548));
#15972=DIRECTION('',(0.0,0.0,-1.0));
#15973=DIRECTION('',(0.0,0.0,-1.0));
#15974=DIRECTION('',(0.0,0.707106781186548,-0.707106781186548));
#15975=DIRECTION('',(0.0,0.0,-1.0));
#15976=DIRECTION('',(-1.0,0.0,0.0));
#15977=DIRECTION('',(-1.0,0.0,0.0));
#15978=CARTESIAN_POINT('',(0.925,0.8,0.0));
#15979=DIRECTION('',(1.0,0.0,0.0));
#15980=DIRECTION('',(0.0,-1.0,1.83697019872103E-16));
#15981=DIRECTION('',(0.0,1.0,0.0));
#15982=DIRECTION('',(0.0,0.0,1.0));
#15983=DIRECTION('',(0.0,-1.0,1.01643953670512E-16));
#15984=CARTESIAN_POINT('',(0.925,0.779999999999992,0.04));
#15985=DIRECTION('',(1.0,0.0,0.0));
#15986=DIRECTION('',(0.0,-1.0,3.3881317890172E-16));
#15987=DIRECTION('',(0.0,1.0,9.6373526443156E-15));
#15988=DIRECTION('',(0.0,1.0,9.6373526443156E-15));
#15989=CARTESIAN_POINT('',(0.825,0.779999999999992,0.04));
#15990=DIRECTION('',(1.0,0.0,0.0));
#15991=DIRECTION('',(0.0,-1.0,3.3881317890172E-16));
#15992=DIRECTION('',(0.0,-1.0,1.01643953670512E-16));
#15993=DIRECTION('',(0.0,0.0,1.0));
#15994=DIRECTION('',(0.0,1.0,0.0));
#15995=CARTESIAN_POINT('',(0.825,0.8,0.0));
#15996=DIRECTION('',(1.0,0.0,0.0));
#15997=DIRECTION('',(0.0,-1.0,1.83697019872103E-16));
#15998=DIRECTION('',(-1.0,0.0,0.0));
#15999=DIRECTION('',(-1.0,0.0,0.0));
#16000=DIRECTION('',(-1.0,0.0,0.0));
#16001=DIRECTION('',(-1.0,0.0,0.0));
#16002=DIRECTION('',(0.0,-1.0,-1.89105030084685E-16));
#16003=DIRECTION('',(0.0,-1.0,-1.89105030084685E-16));
#16004=DIRECTION('',(-1.0,0.0,0.0));
#16005=DIRECTION('',(0.0,-1.0,-1.89105030084685E-16));
#16006=CARTESIAN_POINT('',(0.925,-0.779999999999992,0.04));
#16007=DIRECTION('',(1.0,0.0,0.0));
#16008=DIRECTION('',(0.0,1.0,0.0));
#16009=DIRECTION('',(0.0,-1.0,-1.01643953670512E-16));
#16010=DIRECTION('',(0.0,0.0,-1.0));
#16011=DIRECTION('',(0.0,1.0,0.0));
#16012=CARTESIAN_POINT('',(0.925,-0.8,0.0));
#16013=DIRECTION('',(1.0,0.0,0.0));
#16014=DIRECTION('',(0.0,1.0,-6.12323399573677E-17));
#16015=DIRECTION('',(0.0,-1.0,-1.89105030084685E-16));
#16016=CARTESIAN_POINT('',(0.825,-0.8,0.0));
#16017=DIRECTION('',(1.0,0.0,0.0));
#16018=DIRECTION('',(0.0,1.0,-6.12323399573677E-17));
#16019=DIRECTION('',(0.0,1.0,0.0));
#16020=DIRECTION('',(0.0,0.0,-1.0));
#16021=DIRECTION('',(0.0,-1.0,-1.01643953670512E-16));
#16022=CARTESIAN_POINT('',(0.825,-0.779999999999992,0.04));
#16023=DIRECTION('',(1.0,0.0,0.0));
#16024=DIRECTION('',(0.0,1.0,0.0));
#16025=DIRECTION('',(-1.0,0.0,0.0));
#16026=DIRECTION('',(-1.0,0.0,0.0));
#16027=DIRECTION('',(-1.0,0.0,0.0));
#16028=DIRECTION('',(-1.0,0.0,0.0));
#16029=DIRECTION('',(0.0,0.0,1.0));
#16030=DIRECTION('',(0.0,0.707106781186548,0.707106781186548));
#16031=DIRECTION('',(0.0,0.0,1.0));
#16032=DIRECTION('',(0.0,0.0,1.0));
#16033=DIRECTION('',(0.0,0.707106781186548,0.707106781186548));
#16034=DIRECTION('',(0.0,0.0,1.0));
#16035=DIRECTION('',(-1.0,0.0,0.0));
#16036=DIRECTION('',(-1.0,0.0,0.0));
#16037=DIRECTION('',(0.0,0.0,1.0));
#16038=DIRECTION('',(0.0,0.707106781186548,0.707106781186548));
#16039=DIRECTION('',(0.0,0.0,1.0));
#16040=DIRECTION('',(0.0,0.0,1.0));
#16041=DIRECTION('',(0.0,0.707106781186548,0.707106781186548));
#16042=DIRECTION('',(0.0,0.0,1.0));
#16043=DIRECTION('',(-1.0,0.0,0.0));
#16044=DIRECTION('',(-1.0,0.0,0.0));
#16045=DIRECTION('',(0.0,0.0,1.0));
#16046=DIRECTION('',(0.0,0.707106781186548,0.707106781186548));
#16047=DIRECTION('',(0.0,0.0,1.0));
#16048=DIRECTION('',(0.0,0.0,1.0));
#16049=DIRECTION('',(0.0,0.707106781186548,0.707106781186548));
#16050=DIRECTION('',(0.0,0.0,1.0));
#16051=DIRECTION('',(-1.0,0.0,0.0));
#16052=DIRECTION('',(-1.0,0.0,0.0));
#16053=DIRECTION('',(0.0,0.0,1.0));
#16054=DIRECTION('',(0.0,0.707106781186548,0.707106781186548));
#16055=DIRECTION('',(0.0,0.0,1.0));
#16056=DIRECTION('',(0.0,0.0,1.0));
#16057=DIRECTION('',(0.0,0.707106781186548,0.707106781186548));
#16058=DIRECTION('',(0.0,0.0,1.0));
#16059=DIRECTION('',(-1.0,0.0,0.0));
#16060=DIRECTION('',(-1.0,0.0,0.0));
#16061=DIRECTION('',(0.0,0.0,1.0));
#16062=DIRECTION('',(0.0,0.707106781186548,0.707106781186548));
#16063=DIRECTION('',(0.0,0.0,1.0));
#16064=DIRECTION('',(0.0,0.0,1.0));
#16065=DIRECTION('',(0.0,0.707106781186548,0.707106781186548));
#16066=DIRECTION('',(0.0,0.0,1.0));
#16067=DIRECTION('',(-1.0,0.0,0.0));
#16068=DIRECTION('',(-1.0,0.0,0.0));
#16069=DIRECTION('',(0.0,0.0,-1.0));
#16070=DIRECTION('',(0.0,0.707106781186548,-0.707106781186548));
#16071=DIRECTION('',(0.0,0.0,-1.0));
#16072=DIRECTION('',(0.0,0.0,-1.0));
#16073=DIRECTION('',(0.0,0.0,-1.0));
#16074=DIRECTION('',(0.0,0.707106781186548,-0.707106781186548));
#16075=DIRECTION('',(-1.0,0.0,0.0));
#16076=DIRECTION('',(-1.0,0.0,0.0));
#16077=DIRECTION('',(0.0,0.0,-1.0));
#16078=DIRECTION('',(0.0,0.707106781186548,-0.707106781186548));
#16079=DIRECTION('',(0.0,0.0,-1.0));
#16080=DIRECTION('',(0.0,0.0,-1.0));
#16081=DIRECTION('',(0.0,0.0,-1.0));
#16082=DIRECTION('',(0.0,0.707106781186548,-0.707106781186548));
#16083=DIRECTION('',(-1.0,0.0,0.0));
#16084=DIRECTION('',(-1.0,0.0,0.0));
#16085=DIRECTION('',(0.0,0.0,-1.0));
#16086=DIRECTION('',(0.0,0.707106781186548,-0.707106781186548));
#16087=DIRECTION('',(0.0,0.0,-1.0));
#16088=DIRECTION('',(0.0,0.0,-1.0));
#16089=DIRECTION('',(0.0,0.0,-1.0));
#16090=DIRECTION('',(0.0,0.707106781186548,-0.707106781186548));
#16091=DIRECTION('',(-1.0,0.0,0.0));
#16092=DIRECTION('',(-1.0,0.0,0.0));
#16093=DIRECTION('',(0.0,0.0,-1.0));
#16094=DIRECTION('',(0.0,0.707106781186548,-0.707106781186548));
#16095=DIRECTION('',(0.0,0.0,-1.0));
#16096=DIRECTION('',(0.0,0.0,-1.0));
#16097=DIRECTION('',(0.0,0.0,-1.0));
#16098=DIRECTION('',(0.0,0.707106781186548,-0.707106781186548));
#16099=DIRECTION('',(-1.0,0.0,0.0));
#16100=DIRECTION('',(-1.0,0.0,0.0));
#16101=DIRECTION('',(0.0,0.0,-1.0));
#16102=DIRECTION('',(0.0,0.707106781186548,-0.707106781186548));
#16103=DIRECTION('',(0.0,0.0,-1.0));
#16104=DIRECTION('',(0.0,0.0,-1.0));
#16105=DIRECTION('',(0.0,0.0,-1.0));
#16106=DIRECTION('',(0.0,0.707106781186548,-0.707106781186548));
#16107=DIRECTION('',(-1.0,0.0,0.0));
#16108=DIRECTION('',(-1.0,0.0,0.0));
#16109=CARTESIAN_POINT('',(-0.825,0.8,0.0));
#16110=DIRECTION('',(1.0,0.0,0.0));
#16111=DIRECTION('',(0.0,-1.0,1.83697019872103E-16));
#16112=DIRECTION('',(0.0,1.0,0.0));
#16113=DIRECTION('',(0.0,0.0,1.0));
#16114=DIRECTION('',(0.0,-1.0,1.01643953670512E-16));
#16115=CARTESIAN_POINT('',(-0.825,0.779999999999992,0.04));
#16116=DIRECTION('',(1.0,0.0,0.0));
#16117=DIRECTION('',(0.0,-1.0,3.3881317890172E-16));
#16118=DIRECTION('',(0.0,-1.0,2.04863782591742E-16));
#16119=DIRECTION('',(0.0,-1.0,2.04863782591742E-16));
#16120=CARTESIAN_POINT('',(-0.925,0.779999999999992,0.04));
#16121=DIRECTION('',(1.0,0.0,0.0));
#16122=DIRECTION('',(0.0,-1.0,3.3881317890172E-16));
#16123=DIRECTION('',(0.0,-1.0,1.01643953670512E-16));
#16124=DIRECTION('',(0.0,0.0,1.0));
#16125=DIRECTION('',(0.0,1.0,0.0));
#16126=CARTESIAN_POINT('',(-0.925,0.8,0.0));
#16127=DIRECTION('',(1.0,0.0,0.0));
#16128=DIRECTION('',(0.0,-1.0,1.83697019872103E-16));
#16129=DIRECTION('',(-1.0,0.0,0.0));
#16130=DIRECTION('',(-1.0,0.0,0.0));
#16131=DIRECTION('',(-1.0,0.0,0.0));
#16132=DIRECTION('',(-1.0,0.0,0.0));
#16133=CARTESIAN_POINT('',(-0.475,0.8,0.0));
#16134=DIRECTION('',(1.0,0.0,0.0));
#16135=DIRECTION('',(0.0,-1.0,1.83697019872103E-16));
#16136=DIRECTION('',(0.0,1.0,0.0));
#16137=DIRECTION('',(0.0,0.0,1.0));
#16138=DIRECTION('',(0.0,-1.0,1.01643953670512E-16));
#16139=CARTESIAN_POINT('',(-0.475,0.779999999999992,0.04));
#16140=DIRECTION('',(1.0,0.0,0.0));
#16141=DIRECTION('',(0.0,-1.0,3.3881317890172E-16));
#16142=DIRECTION('',(0.0,-1.0,2.04863782591742E-16));
#16143=DIRECTION('',(0.0,-1.0,2.04863782591742E-16));
#16144=CARTESIAN_POINT('',(-0.575,0.779999999999992,0.04));
#16145=DIRECTION('',(1.0,0.0,0.0));
#16146=DIRECTION('',(0.0,-1.0,3.3881317890172E-16));
#16147=DIRECTION('',(0.0,-1.0,1.01643953670512E-16));
#16148=DIRECTION('',(0.0,0.0,1.0));
#16149=DIRECTION('',(0.0,1.0,0.0));
#16150=CARTESIAN_POINT('',(-0.575,0.8,0.0));
#16151=DIRECTION('',(1.0,0.0,0.0));
#16152=DIRECTION('',(0.0,-1.0,1.83697019872103E-16));
#16153=DIRECTION('',(-1.0,0.0,0.0));
#16154=DIRECTION('',(-1.0,0.0,0.0));
#16155=DIRECTION('',(-1.0,0.0,0.0));
#16156=DIRECTION('',(-1.0,0.0,0.0));
#16157=CARTESIAN_POINT('',(-0.125,0.8,0.0));
#16158=DIRECTION('',(1.0,0.0,0.0));
#16159=DIRECTION('',(0.0,-1.0,1.83697019872103E-16));
#16160=DIRECTION('',(0.0,1.0,0.0));
#16161=DIRECTION('',(0.0,0.0,1.0));
#16162=DIRECTION('',(0.0,-1.0,1.01643953670512E-16));
#16163=CARTESIAN_POINT('',(-0.125,0.779999999999992,0.04));
#16164=DIRECTION('',(1.0,0.0,0.0));
#16165=DIRECTION('',(0.0,-1.0,3.3881317890172E-16));
#16166=DIRECTION('',(0.0,-1.0,2.04863782591742E-16));
#16167=DIRECTION('',(0.0,-1.0,2.04863782591742E-16));
#16168=CARTESIAN_POINT('',(-0.225,0.779999999999992,0.04));
#16169=DIRECTION('',(1.0,0.0,0.0));
#16170=DIRECTION('',(0.0,-1.0,3.3881317890172E-16));
#16171=DIRECTION('',(0.0,-1.0,1.01643953670512E-16));
#16172=DIRECTION('',(0.0,0.0,1.0));
#16173=DIRECTION('',(0.0,1.0,0.0));
#16174=CARTESIAN_POINT('',(-0.225,0.8,0.0));
#16175=DIRECTION('',(1.0,0.0,0.0));
#16176=DIRECTION('',(0.0,-1.0,1.83697019872103E-16));
#16177=DIRECTION('',(-1.0,0.0,0.0));
#16178=DIRECTION('',(-1.0,0.0,0.0));
#16179=DIRECTION('',(-1.0,0.0,0.0));
#16180=DIRECTION('',(-1.0,0.0,0.0));
#16181=CARTESIAN_POINT('',(0.225,0.8,0.0));
#16182=DIRECTION('',(1.0,0.0,0.0));
#16183=DIRECTION('',(0.0,-1.0,1.83697019872103E-16));
#16184=DIRECTION('',(0.0,1.0,0.0));
#16185=DIRECTION('',(0.0,0.0,1.0));
#16186=DIRECTION('',(0.0,-1.0,1.01643953670512E-16));
#16187=CARTESIAN_POINT('',(0.225,0.779999999999992,0.04));
#16188=DIRECTION('',(1.0,0.0,0.0));
#16189=DIRECTION('',(0.0,-1.0,3.3881317890172E-16));
#16190=DIRECTION('',(0.0,-1.0,2.04863782591742E-16));
#16191=DIRECTION('',(0.0,-1.0,2.04863782591742E-16));
#16192=CARTESIAN_POINT('',(0.125,0.779999999999992,0.04));
#16193=DIRECTION('',(1.0,0.0,0.0));
#16194=DIRECTION('',(0.0,-1.0,3.3881317890172E-16));
#16195=DIRECTION('',(0.0,-1.0,1.01643953670512E-16));
#16196=DIRECTION('',(0.0,0.0,1.0));
#16197=DIRECTION('',(0.0,1.0,0.0));
#16198=CARTESIAN_POINT('',(0.125,0.8,0.0));
#16199=DIRECTION('',(1.0,0.0,0.0));
#16200=DIRECTION('',(0.0,-1.0,1.83697019872103E-16));
#16201=DIRECTION('',(-1.0,0.0,0.0));
#16202=DIRECTION('',(-1.0,0.0,0.0));
#16203=DIRECTION('',(-1.0,0.0,0.0));
#16204=DIRECTION('',(-1.0,0.0,0.0));
#16205=CARTESIAN_POINT('',(0.575,0.8,0.0));
#16206=DIRECTION('',(1.0,0.0,0.0));
#16207=DIRECTION('',(0.0,-1.0,1.83697019872103E-16));
#16208=DIRECTION('',(0.0,1.0,0.0));
#16209=DIRECTION('',(0.0,0.0,1.0));
#16210=DIRECTION('',(0.0,-1.0,1.01643953670512E-16));
#16211=CARTESIAN_POINT('',(0.575,0.779999999999992,0.04));
#16212=DIRECTION('',(1.0,0.0,0.0));
#16213=DIRECTION('',(0.0,-1.0,3.3881317890172E-16));
#16214=DIRECTION('',(0.0,-1.0,2.04863782591742E-16));
#16215=DIRECTION('',(0.0,-1.0,2.04863782591742E-16));
#16216=CARTESIAN_POINT('',(0.475,0.779999999999992,0.04));
#16217=DIRECTION('',(1.0,0.0,0.0));
#16218=DIRECTION('',(0.0,-1.0,3.3881317890172E-16));
#16219=DIRECTION('',(0.0,-1.0,1.01643953670512E-16));
#16220=DIRECTION('',(0.0,0.0,1.0));
#16221=DIRECTION('',(0.0,1.0,0.0));
#16222=CARTESIAN_POINT('',(0.475,0.8,0.0));
#16223=DIRECTION('',(1.0,0.0,0.0));
#16224=DIRECTION('',(0.0,-1.0,1.83697019872103E-16));
#16225=DIRECTION('',(-1.0,0.0,0.0));
#16226=DIRECTION('',(-1.0,0.0,0.0));
#16227=DIRECTION('',(-1.0,0.0,0.0));
#16228=DIRECTION('',(-1.0,0.0,0.0));
#16229=DIRECTION('',(0.0,-1.0,-1.89105030084685E-16));
#16230=DIRECTION('',(0.0,-1.0,-1.89105030084685E-16));
#16231=DIRECTION('',(-1.0,0.0,0.0));
#16232=DIRECTION('',(0.0,-1.0,-1.89105030084685E-16));
#16233=CARTESIAN_POINT('',(-0.825,-0.779999999999992,0.04));
#16234=DIRECTION('',(1.0,0.0,0.0));
#16235=DIRECTION('',(0.0,1.0,0.0));
#16236=DIRECTION('',(0.0,-1.0,-1.01643953670512E-16));
#16237=DIRECTION('',(0.0,0.0,-1.0));
#16238=DIRECTION('',(0.0,1.0,0.0));
#16239=CARTESIAN_POINT('',(-0.825,-0.8,0.0));
#16240=DIRECTION('',(1.0,0.0,0.0));
#16241=DIRECTION('',(0.0,1.0,-6.12323399573677E-17));
#16242=DIRECTION('',(0.0,-1.0,-1.89105030084685E-16));
#16243=CARTESIAN_POINT('',(-0.925,-0.8,0.0));
#16244=DIRECTION('',(1.0,0.0,0.0));
#16245=DIRECTION('',(0.0,1.0,-6.12323399573677E-17));
#16246=DIRECTION('',(0.0,1.0,0.0));
#16247=DIRECTION('',(0.0,0.0,-1.0));
#16248=DIRECTION('',(0.0,-1.0,-1.01643953670512E-16));
#16249=CARTESIAN_POINT('',(-0.925,-0.779999999999992,0.04));
#16250=DIRECTION('',(1.0,0.0,0.0));
#16251=DIRECTION('',(0.0,1.0,0.0));
#16252=DIRECTION('',(-1.0,0.0,0.0));
#16253=DIRECTION('',(-1.0,0.0,0.0));
#16254=DIRECTION('',(-1.0,0.0,0.0));
#16255=DIRECTION('',(-1.0,0.0,0.0));
#16256=DIRECTION('',(0.0,-1.0,-1.89105030084685E-16));
#16257=DIRECTION('',(0.0,-1.0,-1.89105030084685E-16));
#16258=DIRECTION('',(-1.0,0.0,0.0));
#16259=DIRECTION('',(0.0,-1.0,-1.89105030084685E-16));
#16260=CARTESIAN_POINT('',(-0.475,-0.779999999999992,0.04));
#16261=DIRECTION('',(1.0,0.0,0.0));
#16262=DIRECTION('',(0.0,1.0,0.0));
#16263=DIRECTION('',(0.0,-1.0,-1.01643953670512E-16));
#16264=DIRECTION('',(0.0,0.0,-1.0));
#16265=DIRECTION('',(0.0,1.0,0.0));
#16266=CARTESIAN_POINT('',(-0.475,-0.8,0.0));
#16267=DIRECTION('',(1.0,0.0,0.0));
#16268=DIRECTION('',(0.0,1.0,-6.12323399573677E-17));
#16269=DIRECTION('',(0.0,-1.0,-1.89105030084685E-16));
#16270=CARTESIAN_POINT('',(-0.575,-0.8,0.0));
#16271=DIRECTION('',(1.0,0.0,0.0));
#16272=DIRECTION('',(0.0,1.0,-6.12323399573677E-17));
#16273=DIRECTION('',(0.0,1.0,0.0));
#16274=DIRECTION('',(0.0,0.0,-1.0));
#16275=DIRECTION('',(0.0,-1.0,-1.01643953670512E-16));
#16276=CARTESIAN_POINT('',(-0.575,-0.779999999999992,0.04));
#16277=DIRECTION('',(1.0,0.0,0.0));
#16278=DIRECTION('',(0.0,1.0,0.0));
#16279=DIRECTION('',(-1.0,0.0,0.0));
#16280=DIRECTION('',(-1.0,0.0,0.0));
#16281=DIRECTION('',(-1.0,0.0,0.0));
#16282=DIRECTION('',(-1.0,0.0,0.0));
#16283=DIRECTION('',(0.0,-1.0,-1.89105030084685E-16));
#16284=DIRECTION('',(0.0,-1.0,-1.89105030084685E-16));
#16285=DIRECTION('',(-1.0,0.0,0.0));
#16286=DIRECTION('',(0.0,-1.0,-1.89105030084685E-16));
#16287=CARTESIAN_POINT('',(-0.125,-0.779999999999992,0.04));
#16288=DIRECTION('',(1.0,0.0,0.0));
#16289=DIRECTION('',(0.0,1.0,0.0));
#16290=DIRECTION('',(0.0,-1.0,-1.01643953670512E-16));
#16291=DIRECTION('',(0.0,0.0,-1.0));
#16292=DIRECTION('',(0.0,1.0,0.0));
#16293=CARTESIAN_POINT('',(-0.125,-0.8,0.0));
#16294=DIRECTION('',(1.0,0.0,0.0));
#16295=DIRECTION('',(0.0,1.0,-6.12323399573677E-17));
#16296=DIRECTION('',(0.0,-1.0,-1.89105030084685E-16));
#16297=CARTESIAN_POINT('',(-0.225,-0.8,0.0));
#16298=DIRECTION('',(1.0,0.0,0.0));
#16299=DIRECTION('',(0.0,1.0,-6.12323399573677E-17));
#16300=DIRECTION('',(0.0,1.0,0.0));
#16301=DIRECTION('',(0.0,0.0,-1.0));
#16302=DIRECTION('',(0.0,-1.0,-1.01643953670512E-16));
#16303=CARTESIAN_POINT('',(-0.225,-0.779999999999992,0.04));
#16304=DIRECTION('',(1.0,0.0,0.0));
#16305=DIRECTION('',(0.0,1.0,0.0));
#16306=DIRECTION('',(-1.0,0.0,0.0));
#16307=DIRECTION('',(-1.0,0.0,0.0));
#16308=DIRECTION('',(-1.0,0.0,0.0));
#16309=DIRECTION('',(-1.0,0.0,0.0));
#16310=DIRECTION('',(0.0,-1.0,-1.89105030084685E-16));
#16311=DIRECTION('',(0.0,-1.0,-1.89105030084685E-16));
#16312=DIRECTION('',(-1.0,0.0,0.0));
#16313=DIRECTION('',(0.0,-1.0,-1.89105030084685E-16));
#16314=CARTESIAN_POINT('',(0.225,-0.779999999999992,0.04));
#16315=DIRECTION('',(1.0,0.0,0.0));
#16316=DIRECTION('',(0.0,1.0,0.0));
#16317=DIRECTION('',(0.0,-1.0,-1.01643953670512E-16));
#16318=DIRECTION('',(0.0,0.0,-1.0));
#16319=DIRECTION('',(0.0,1.0,0.0));
#16320=CARTESIAN_POINT('',(0.225,-0.8,0.0));
#16321=DIRECTION('',(1.0,0.0,0.0));
#16322=DIRECTION('',(0.0,1.0,-6.12323399573677E-17));
#16323=DIRECTION('',(0.0,-1.0,-1.89105030084685E-16));
#16324=CARTESIAN_POINT('',(0.125,-0.8,0.0));
#16325=DIRECTION('',(1.0,0.0,0.0));
#16326=DIRECTION('',(0.0,1.0,-6.12323399573677E-17));
#16327=DIRECTION('',(0.0,1.0,0.0));
#16328=DIRECTION('',(0.0,0.0,-1.0));
#16329=DIRECTION('',(0.0,-1.0,-1.01643953670512E-16));
#16330=CARTESIAN_POINT('',(0.125,-0.779999999999992,0.04));
#16331=DIRECTION('',(1.0,0.0,0.0));
#16332=DIRECTION('',(0.0,1.0,0.0));
#16333=DIRECTION('',(-1.0,0.0,0.0));
#16334=DIRECTION('',(-1.0,0.0,0.0));
#16335=DIRECTION('',(-1.0,0.0,0.0));
#16336=DIRECTION('',(-1.0,0.0,0.0));
#16337=DIRECTION('',(0.0,-1.0,-1.89105030084685E-16));
#16338=DIRECTION('',(0.0,-1.0,-1.89105030084685E-16));
#16339=DIRECTION('',(-1.0,0.0,0.0));
#16340=DIRECTION('',(0.0,-1.0,-1.89105030084685E-16));
#16341=CARTESIAN_POINT('',(0.575,-0.779999999999992,0.04));
#16342=DIRECTION('',(1.0,0.0,0.0));
#16343=DIRECTION('',(0.0,1.0,0.0));
#16344=DIRECTION('',(0.0,-1.0,-1.01643953670512E-16));
#16345=DIRECTION('',(0.0,0.0,-1.0));
#16346=DIRECTION('',(0.0,1.0,0.0));
#16347=CARTESIAN_POINT('',(0.575,-0.8,0.0));
#16348=DIRECTION('',(1.0,0.0,0.0));
#16349=DIRECTION('',(0.0,1.0,-6.12323399573677E-17));
#16350=DIRECTION('',(0.0,-1.0,-1.89105030084685E-16));
#16351=CARTESIAN_POINT('',(0.475,-0.8,0.0));
#16352=DIRECTION('',(1.0,0.0,0.0));
#16353=DIRECTION('',(0.0,1.0,-6.12323399573677E-17));
#16354=DIRECTION('',(0.0,1.0,0.0));
#16355=DIRECTION('',(0.0,0.0,-1.0));
#16356=DIRECTION('',(0.0,-1.0,-1.01643953670512E-16));
#16357=CARTESIAN_POINT('',(0.475,-0.779999999999992,0.04));
#16358=DIRECTION('',(1.0,0.0,0.0));
#16359=DIRECTION('',(0.0,1.0,0.0));
#16360=DIRECTION('',(-1.0,0.0,0.0));
#16361=DIRECTION('',(-1.0,0.0,0.0));
#16362=DIRECTION('',(-1.0,0.0,0.0));
#16363=DIRECTION('',(-1.0,0.0,0.0));
#16364=PRESENTATION_LAYER_ASSIGNMENT('1','Layer 1',(#25));
ENDSEC;
END-ISO-10303-21;
