ISO-10303-21;
HEADER;
FILE_DESCRIPTION (( 'STEP AP214' ),
    '1' );
FILE_NAME ('DA7280-00V42.STEP',
    '2025-07-31T22:28:33',
    ( '' ),
    ( '' ),
    'SwSTEP 2.0',
    'SolidWorks 2021',
    '' );
FILE_SCHEMA (( 'AUTOMOTIVE_DESIGN' ));
ENDSEC;

DATA;
#1 = LINE ( 'NONE', #491, #982 ) ;
#2 = LINE ( 'NONE', #945, #774 ) ;
#3 = EDGE_CURVE ( 'NONE', #607, #762, #496, .T. ) ;
#4 = SURFACE_STYLE_USAGE ( .BOTH. , #1036 ) ;
#5 = CARTESIAN_POINT ( 'NONE',  ( -0.3999999999999999667, 0.1300000000000000044, -0.5999999999999999778 ) ) ;
#6 = VERTEX_POINT ( 'NONE', #680 ) ;
#7 = DIRECTION ( 'NONE',  ( 1.000000000000000000, 0.000000000000000000, 0.000000000000000000 ) ) ;
#8 = EDGE_LOOP ( 'NONE', ( #864, #752, #1103, #1445 ) ) ;
#9 = CLOSED_SHELL ( 'NONE', ( #1124, #558, #528 ) ) ;
#10 = FACE_OUTER_BOUND ( 'NONE', #1336, .T. ) ;
#11 = CARTESIAN_POINT ( 'NONE',  ( -0.4000000000000000222, 0.000000000000000000, -0.1999999999999999278 ) ) ;
#12 = AXIS2_PLACEMENT_3D ( 'NONE', #219, #806, #563 ) ;
#13 = STYLED_ITEM ( 'NONE', ( #358 ), #40 ) ;
#14 = ADVANCED_FACE ( 'NONE', ( #1479 ), #793, .F. ) ;
#15 = PRESENTATION_STYLE_ASSIGNMENT (( #4 ) ) ;
#16 = AXIS2_PLACEMENT_3D ( 'NONE', #363, #583, #918 ) ;
#17 = CARTESIAN_POINT ( 'NONE',  ( -0.3999999999999999667, 0.2149999999999999412, -0.5999999999999999778 ) ) ;
#18 = AXIS2_PLACEMENT_3D ( 'NONE', #967, #263, #47 ) ;
#19 = EDGE_LOOP ( 'NONE', ( #97, #1356 ) ) ;
#20 = AXIS2_PLACEMENT_3D ( 'NONE', #1013, #877, #313 ) ;
#21 = CARTESIAN_POINT ( 'NONE',  ( -0.3999999999999999667, 0.1300000000000000044, -0.1999999999999999278 ) ) ;
#22 = CIRCLE ( 'NONE', #1422, 0.1300000000000000044 ) ;
#23 = DIRECTION ( 'NONE',  ( 0.000000000000000000, 0.000000000000000000, 1.000000000000000000 ) ) ;
#24 = LINE ( 'NONE', #39, #1251 ) ;
#25 = MANIFOLD_SOLID_BREP ( 'LPattern1[11]', #1058 ) ;
#26 = PRESENTATION_STYLE_ASSIGNMENT (( #777 ) ) ;
#27 = ORIENTED_EDGE ( 'NONE', *, *, #123, .F. ) ;
#28 = EDGE_CURVE ( 'NONE', #77, #195, #41, .T. ) ;
#29 = MANIFOLD_SOLID_BREP ( 'LPattern1[1]', #645 ) ;
#30 = DIRECTION ( 'NONE',  ( 1.000000000000000000, -2.521400401129081168E-16, 0.000000000000000000 ) ) ;
#31 = DIRECTION ( 'NONE',  ( 0.000000000000000000, 1.000000000000000000, 0.000000000000000000 ) ) ;
#32 = SPHERICAL_SURFACE ( 'NONE', #1202, 0.1300000000000000044 ) ;
#33 = MANIFOLD_SOLID_BREP ( 'LPattern1[5]', #196 ) ;
#34 =( NAMED_UNIT ( * ) PLANE_ANGLE_UNIT ( ) SI_UNIT ( $, .RADIAN. ) );
#35 = ORIENTED_EDGE ( 'NONE', *, *, #1167, .F. ) ;
#36 = CYLINDRICAL_SURFACE ( 'NONE', #1039, 0.09250000000000002665 ) ;
#37 = PRODUCT_DEFINITION_SHAPE ( 'NONE', 'NONE',  #633 ) ;
#38 = DIRECTION ( 'NONE',  ( -1.000000000000000000, 0.000000000000000000, 0.000000000000000000 ) ) ;
#39 = CARTESIAN_POINT ( 'NONE',  ( 0.6750000000000000444, -2.210203610530034446, -0.8750000000000000000 ) ) ;
#40 = MANIFOLD_SOLID_BREP ( 'LPattern1[4]', #1382 ) ;
#41 = CIRCLE ( 'NONE', #767, 0.09250000000000002665 ) ;
#42 = ORIENTED_EDGE ( 'NONE', *, *, #374, .T. ) ;
#43 = AXIS2_PLACEMENT_3D ( 'NONE', #459, #1402, #465 ) ;
#44 = ORIENTED_EDGE ( 'NONE', *, *, #698, .T. ) ;
#45 = AXIS2_PLACEMENT_3D ( 'NONE', #422, #1225, #886 ) ;
#46 = ADVANCED_FACE ( 'NONE', ( #1127 ), #1156, .F. ) ;
#47 = DIRECTION ( 'NONE',  ( -1.000000000000000000, 2.085004177856739069E-16, 0.000000000000000000 ) ) ;
#48 = CARTESIAN_POINT ( 'NONE',  ( 0.4000000000000000777, 0.1300000000000000044, 0.2000000000000000944 ) ) ;
#49 = EDGE_CURVE ( 'NONE', #1314, #742, #1053, .T. ) ;
#50 = ORIENTED_EDGE ( 'NONE', *, *, #307, .F. ) ;
#51 =( NAMED_UNIT ( * ) SI_UNIT ( $, .STERADIAN. ) SOLID_ANGLE_UNIT ( ) );
#52 = VERTEX_POINT ( 'NONE', #824 ) ;
#53 = PRESENTATION_STYLE_ASSIGNMENT (( #1094 ) ) ;
#54 = DIRECTION ( 'NONE',  ( 0.000000000000000000, 0.000000000000000000, 1.000000000000000000 ) ) ;
#55 = ORIENTED_EDGE ( 'NONE', *, *, #1270, .T. ) ;
#56 = ORIENTED_EDGE ( 'NONE', *, *, #1041, .F. ) ;
#57 = SPHERICAL_SURFACE ( 'NONE', #1162, 0.1300000000000000044 ) ;
#58 = DIRECTION ( 'NONE',  ( 2.521400401129081168E-16, 1.000000000000000000, -0.000000000000000000 ) ) ;
#59 = ADVANCED_FACE ( 'NONE', ( #1485 ), #810, .T. ) ;
#60 = ORIENTED_EDGE ( 'NONE', *, *, #1102, .T. ) ;
#61 = CARTESIAN_POINT ( 'NONE',  ( -0.6750000000000000444, 0.5749999999999999556, 0.8750000000000000000 ) ) ;
#62 = AXIS2_PLACEMENT_3D ( 'NONE', #991, #173, #1086 ) ;
#63 = VERTEX_POINT ( 'NONE', #1281 ) ;
#64 = DIRECTION ( 'NONE',  ( 1.000000000000000000, -2.521400401129081168E-16, 0.000000000000000000 ) ) ;
#65 = SPHERICAL_SURFACE ( 'NONE', #704, 0.1300000000000000044 ) ;
#66 = AXIS2_PLACEMENT_3D ( 'NONE', #204, #564, #549 ) ;
#67 = AXIS2_PLACEMENT_3D ( 'NONE', #372, #584, #1067 ) ;
#68 = UNCERTAINTY_MEASURE_WITH_UNIT (LENGTH_MEASURE( 1.000000000000000082E-05 ), #1494, 'distance_accuracy_value', 'NONE');
#69 = ORIENTED_EDGE ( 'NONE', *, *, #532, .F. ) ;
#70 = CARTESIAN_POINT ( 'NONE',  ( 0.6750000000000000444, 0.2349999999999999589, 0.8750000000000000000 ) ) ;
#71 = ORIENTED_EDGE ( 'NONE', *, *, #388, .F. ) ;
#72 = EDGE_CURVE ( 'NONE', #63, #683, #461, .T. ) ;
#73 = DIRECTION ( 'NONE',  ( 1.000000000000000000, 0.000000000000000000, 2.085004177856739315E-16 ) ) ;
#74 =( NAMED_UNIT ( * ) SI_UNIT ( $, .STERADIAN. ) SOLID_ANGLE_UNIT ( ) );
#75 = FILL_AREA_STYLE_COLOUR ( '', #670 ) ;
#76 = DIRECTION ( 'NONE',  ( 2.521400401129081168E-16, 1.000000000000000000, -0.000000000000000000 ) ) ;
#77 = VERTEX_POINT ( 'NONE', #1170 ) ;
#78 = PRESENTATION_STYLE_ASSIGNMENT (( #414 ) ) ;
#79 = DIRECTION ( 'NONE',  ( 0.000000000000000000, 0.000000000000000000, 1.000000000000000000 ) ) ;
#80 = CARTESIAN_POINT ( 'NONE',  ( 5.421010862427522170E-17, 0.2149999999999999412, 0.6000000000000001998 ) ) ;
#81 = CARTESIAN_POINT ( 'NONE',  ( 0.4000000000000000777, 0.2149999999999999134, 0.6000000000000001998 ) ) ;
#82 = DIRECTION ( 'NONE',  ( 1.000000000000000000, 0.000000000000000000, 0.000000000000000000 ) ) ;
#83 = CARTESIAN_POINT ( 'NONE',  ( -0.4899999999999999911, 0.5749999999999999556, -0.6900000000000000577 ) ) ;
#84 = ORIENTED_EDGE ( 'NONE', *, *, #1430, .F. ) ;
#85 = AXIS2_PLACEMENT_3D ( 'NONE', #428, #189, #1126 ) ;
#86 = LINE ( 'NONE', #194, #394 ) ;
#87 = DIRECTION ( 'NONE',  ( -1.000000000000000000, 2.755654687592388790E-16, 0.000000000000000000 ) ) ;
#88 = ADVANCED_FACE ( 'NONE', ( #95 ), #316, .T. ) ;
#89 = AXIS2_PLACEMENT_3D ( 'NONE', #650, #996, #1350 ) ;
#90 = AXIS2_PLACEMENT_3D ( 'NONE', #1101, #58, #1331 ) ;
#91 = AXIS2_PLACEMENT_3D ( 'NONE', #854, #1106, #1439 ) ;
#92 = CARTESIAN_POINT ( 'NONE',  ( 0.4000000000000000222, 0.000000000000000000, -0.1999999999999999278 ) ) ;
#93 = ORIENTED_EDGE ( 'NONE', *, *, #497, .F. ) ;
#94 = SURFACE_STYLE_USAGE ( .BOTH. , #554 ) ;
#95 = FACE_OUTER_BOUND ( 'NONE', #941, .T. ) ;
#96 = CARTESIAN_POINT ( 'NONE',  ( -0.3999999999999999667, 0.2149999999999999412, -0.1999999999999999278 ) ) ;
#97 = ORIENTED_EDGE ( 'NONE', *, *, #1490, .T. ) ;
#98 = DIRECTION ( 'NONE',  ( 1.000000000000000000, 0.000000000000000000, -0.000000000000000000 ) ) ;
#99 = VERTEX_POINT ( 'NONE', #1033 ) ;
#100 =( NAMED_UNIT ( * ) PLANE_ANGLE_UNIT ( ) SI_UNIT ( $, .RADIAN. ) );
#101 = DIRECTION ( 'NONE',  ( -1.000000000000000000, 0.000000000000000000, 0.000000000000000000 ) ) ;
#102 = FACE_OUTER_BOUND ( 'NONE', #1165, .T. ) ;
#103 = EDGE_CURVE ( 'NONE', #871, #1314, #1252, .T. ) ;
#104 = DIRECTION ( 'NONE',  ( 0.000000000000000000, 0.000000000000000000, 1.000000000000000000 ) ) ;
#105 = ORIENTED_EDGE ( 'NONE', *, *, #353, .T. ) ;
#106 = EDGE_CURVE ( 'NONE', #1390, #1497, #1383, .T. ) ;
#107 = CARTESIAN_POINT ( 'NONE',  ( -0.3999999999999999667, 0.1300000000000000044, 0.6000000000000001998 ) ) ;
#108 =( GEOMETRIC_REPRESENTATION_CONTEXT ( 3 ) GLOBAL_UNCERTAINTY_ASSIGNED_CONTEXT ( ( #732 ) ) GLOBAL_UNIT_ASSIGNED_CONTEXT ( ( #719, #694, #601 ) ) REPRESENTATION_CONTEXT ( 'NONE', 'WORKASPACE' ) );
#109 = CARTESIAN_POINT ( 'NONE',  ( 0.6750000000000000444, 0.2149999999999999134, 0.8750000000000000000 ) ) ;
#110 = SURFACE_STYLE_USAGE ( .BOTH. , #1353 ) ;
#111 = CARTESIAN_POINT ( 'NONE',  ( -0.6750000000000000444, 0.2149999999999999134, 0.8750000000000000000 ) ) ;
#112 = STYLED_ITEM ( 'NONE', ( #627 ), #681 ) ;
#113 = STYLED_ITEM ( 'NONE', ( #1109 ), #1043 ) ;
#114 = FACE_OUTER_BOUND ( 'NONE', #976, .T. ) ;
#115 = VERTEX_POINT ( 'NONE', #539 ) ;
#116 = AXIS2_PLACEMENT_3D ( 'NONE', #1448, #174, #167 ) ;
#117 = DIRECTION ( 'NONE',  ( 0.000000000000000000, 0.000000000000000000, 1.000000000000000000 ) ) ;
#118 = DIRECTION ( 'NONE',  ( -0.000000000000000000, 0.000000000000000000, -1.000000000000000000 ) ) ;
#119 = SPHERICAL_SURFACE ( 'NONE', #67, 0.1300000000000000044 ) ;
#120 = CARTESIAN_POINT ( 'NONE',  ( -0.6750000000000000444, 0.2349999999999999589, 0.8750000000000000000 ) ) ;
#121 = VERTEX_POINT ( 'NONE', #914 ) ;
#122 = EDGE_LOOP ( 'NONE', ( #180, #172, #1021, #989 ) ) ;
#123 = EDGE_CURVE ( 'NONE', #289, #588, #669, .T. ) ;
#124 = CARTESIAN_POINT ( 'NONE',  ( 1.347169921513936271E-17, 0.000000000000000000, 0.2000000000000000944 ) ) ;
#125 = LINE ( 'NONE', #710, #1044 ) ;
#126 = SURFACE_STYLE_USAGE ( .BOTH. , #1395 ) ;
#127 = LINE ( 'NONE', #578, #426 ) ;
#128 = VERTEX_POINT ( 'NONE', #573 ) ;
#129 = DIRECTION ( 'NONE',  ( 0.000000000000000000, -0.000000000000000000, -1.000000000000000000 ) ) ;
#130 = DIRECTION ( 'NONE',  ( 2.521400401129081168E-16, 1.000000000000000000, -0.000000000000000000 ) ) ;
#131 = AXIS2_PLACEMENT_3D ( 'NONE', #1455, #800, #1368 ) ;
#132 = AXIS2_PLACEMENT_3D ( 'NONE', #745, #409, #872 ) ;
#133 = EDGE_CURVE ( 'NONE', #1497, #743, #542, .T. ) ;
#134 = MECHANICAL_DESIGN_GEOMETRIC_PRESENTATION_REPRESENTATION (  '', ( #545 ), #424 ) ;
#135 = CARTESIAN_POINT ( 'NONE',  ( 0.6750000000000000444, -2.210203610530034446, 0.8750000000000000000 ) ) ;
#136 = CIRCLE ( 'NONE', #347, 0.09836157786453009200 ) ;
#137 = EDGE_LOOP ( 'NONE', ( #1320, #628 ) ) ;
#138 = AXIS2_PLACEMENT_3D ( 'NONE', #81, #540, #429 ) ;
#139 = ORIENTED_EDGE ( 'NONE', *, *, #1293, .F. ) ;
#140 = AXIS2_PLACEMENT_3D ( 'NONE', #718, #598, #228 ) ;
#141 = CIRCLE ( 'NONE', #551, 0.09836157786453009200 ) ;
#142 = DIRECTION ( 'NONE',  ( -1.000000000000000000, 2.755654687592390269E-16, 0.000000000000000000 ) ) ;
#143 = CARTESIAN_POINT ( 'NONE',  ( 0.6750000000000000444, -2.210203610530034446, 0.8750000000000000000 ) ) ;
#144 = EDGE_CURVE ( 'NONE', #332, #1091, #857, .T. ) ;
#145 = DIRECTION ( 'NONE',  ( -1.000000000000000000, 0.000000000000000000, -0.000000000000000000 ) ) ;
#146 = DIRECTION ( 'NONE',  ( 1.000000000000000000, -2.521400401129081168E-16, 0.000000000000000000 ) ) ;
#147 = DIRECTION ( 'NONE',  ( -1.000000000000000000, 0.000000000000000000, 0.000000000000000000 ) ) ;
#148 = EDGE_LOOP ( 'NONE', ( #481, #1145, #56 ) ) ;
#149 = EDGE_CURVE ( 'NONE', #1151, #128, #446, .T. ) ;
#150 = FILL_AREA_STYLE ('',( #1431 ) ) ;
#151 = ORIENTED_EDGE ( 'NONE', *, *, #478, .F. ) ;
#152 = ADVANCED_FACE ( 'NONE', ( #1132 ), #441, .F. ) ;
#153 = DIRECTION ( 'NONE',  ( -0.000000000000000000, 0.000000000000000000, -1.000000000000000000 ) ) ;
#154 = FACE_OUTER_BOUND ( 'NONE', #432, .T. ) ;
#155 = UNCERTAINTY_MEASURE_WITH_UNIT (LENGTH_MEASURE( 1.000000000000000082E-05 ), #797, 'distance_accuracy_value', 'NONE');
#156 = ORIENTED_EDGE ( 'NONE', *, *, #307, .T. ) ;
#157 = COLOUR_RGB ( '',0.7921568627450980005, 0.8196078431372548767, 0.9333333333333333481 ) ;
#158 = VERTEX_POINT ( 'NONE', #556 ) ;
#159 = DIRECTION ( 'NONE',  ( -1.000000000000000000, 2.085004177856739069E-16, 0.000000000000000000 ) ) ;
#160 = COLOUR_RGB ( '',0.7921568627450980005, 0.8196078431372548767, 0.9333333333333333481 ) ;
#161 = PLANE ( 'NONE',  #1185 ) ;
#162 = COLOUR_RGB ( '',0.7921568627450980005, 0.8196078431372548767, 0.9333333333333333481 ) ;
#163 = EDGE_LOOP ( 'NONE', ( #1203, #191 ) ) ;
#164 = DIRECTION ( 'NONE',  ( 0.000000000000000000, 1.000000000000000000, 0.000000000000000000 ) ) ;
#165 = ORIENTED_EDGE ( 'NONE', *, *, #273, .T. ) ;
#166 = CARTESIAN_POINT ( 'NONE',  ( -0.3999999999999999667, 0.1300000000000000044, 0.6000000000000001998 ) ) ;
#167 = DIRECTION ( 'NONE',  ( 0.000000000000000000, -0.000000000000000000, 1.000000000000000000 ) ) ;
#168 = ADVANCED_FACE ( 'NONE', ( #434 ), #675, .T. ) ;
#169 = FACE_OUTER_BOUND ( 'NONE', #389, .T. ) ;
#170 = EDGE_LOOP ( 'NONE', ( #1474, #966, #553, #1334 ) ) ;
#171 = FILL_AREA_STYLE ('',( #635 ) ) ;
#172 = ORIENTED_EDGE ( 'NONE', *, *, #1261, .F. ) ;
#173 = DIRECTION ( 'NONE',  ( 0.000000000000000000, 0.000000000000000000, 1.000000000000000000 ) ) ;
#174 = DIRECTION ( 'NONE',  ( 0.000000000000000000, 1.000000000000000000, 0.000000000000000000 ) ) ;
#175 =( LENGTH_UNIT ( ) NAMED_UNIT ( * ) SI_UNIT ( .MILLI., .METRE. ) );
#176 = EDGE_CURVE ( 'NONE', #195, #1151, #86, .T. ) ;
#177 = EDGE_LOOP ( 'NONE', ( #739, #544, #1172 ) ) ;
#178 = AXIS2_PLACEMENT_3D ( 'NONE', #1461, #1483, #451 ) ;
#179 = DIRECTION ( 'NONE',  ( 0.000000000000000000, 1.000000000000000000, 0.000000000000000000 ) ) ;
#180 = ORIENTED_EDGE ( 'NONE', *, *, #1149, .F. ) ;
#181 = PRESENTATION_LAYER_ASSIGNMENT (  '', '', ( #545 ) ) ;
#182 = FILL_AREA_STYLE_COLOUR ( '', #157 ) ;
#183 = CARTESIAN_POINT ( 'NONE',  ( -0.3999999999999999667, 0.1300000000000000044, -0.1999999999999999278 ) ) ;
#184 = CIRCLE ( 'NONE', #90, 0.09836157786453009200 ) ;
#185 = VECTOR ( 'NONE', #1346, 1000.000000000000000 ) ;
#186 = CARTESIAN_POINT ( 'NONE',  ( 0.3016384221354699857, 0.2149999999999999689, 0.2000000000000000944 ) ) ;
#187 = VERTEX_POINT ( 'NONE', #1024 ) ;
#188 = DIRECTION ( 'NONE',  ( -1.000000000000000000, 2.085004177856739069E-16, 0.000000000000000000 ) ) ;
#189 = DIRECTION ( 'NONE',  ( 0.000000000000000000, 0.000000000000000000, 1.000000000000000000 ) ) ;
#190 = DIRECTION ( 'NONE',  ( -1.000000000000000000, 2.755654687592388790E-16, 0.000000000000000000 ) ) ;
#191 = ORIENTED_EDGE ( 'NONE', *, *, #213, .T. ) ;
#192 = SURFACE_SIDE_STYLE ('',( #897 ) ) ;
#193 = EDGE_CURVE ( 'NONE', #690, #871, #1260, .T. ) ;
#194 = CARTESIAN_POINT ( 'NONE',  ( -0.4899999999999999911, 0.5250000000000000222, -0.7825000000000000844 ) ) ;
#195 = VERTEX_POINT ( 'NONE', #212 ) ;
#196 = CLOSED_SHELL ( 'NONE', ( #1285, #152, #1315 ) ) ;
#197 = CARTESIAN_POINT ( 'NONE',  ( -0.6750000000000000444, -2.210203610530034446, 0.8750000000000000000 ) ) ;
#198 = ORIENTED_EDGE ( 'NONE', *, *, #1096, .T. ) ;
#199 = STYLED_ITEM ( 'NONE', ( #306 ), #29 ) ;
#200 = CARTESIAN_POINT ( 'NONE',  ( -0.4899999999999999911, 0.5749999999999999556, -0.6900000000000000577 ) ) ;
#201 = AXIS2_PLACEMENT_3D ( 'NONE', #820, #473, #1380 ) ;
#202 = ADVANCED_FACE ( 'NONE', ( #1018 ), #1153, .T. ) ;
#203 = MECHANICAL_DESIGN_GEOMETRIC_PRESENTATION_REPRESENTATION (  '', ( #770 ), #1362 ) ;
#204 = CARTESIAN_POINT ( 'NONE',  ( 5.421010862427522170E-17, 0.1300000000000000044, -0.5999999999999999778 ) ) ;
#205 = CIRCLE ( 'NONE', #1200, 0.09836157786453003649 ) ;
#206 = STYLED_ITEM ( 'NONE', ( #1220 ), #1026 ) ;
#207 = CARTESIAN_POINT ( 'NONE',  ( -0.4899999999999999911, 0.5250000000000000222, -0.6900000000000000577 ) ) ;
#208 = VECTOR ( 'NONE', #1476, 1000.000000000000000 ) ;
#209 = DIRECTION ( 'NONE',  ( 2.521400401129081168E-16, 1.000000000000000000, -0.000000000000000000 ) ) ;
#210 = ORIENTED_EDGE ( 'NONE', *, *, #1121, .F. ) ;
#211 = CARTESIAN_POINT ( 'NONE',  ( -0.6750000000000000444, 0.2349999999999999589, 0.8750000000000000000 ) ) ;
#212 = CARTESIAN_POINT ( 'NONE',  ( -0.4899999999999999911, 0.5250000000000000222, -0.7825000000000000844 ) ) ;
#213 = EDGE_CURVE ( 'NONE', #762, #314, #930, .T. ) ;
#214 = DIRECTION ( 'NONE',  ( 0.000000000000000000, 1.000000000000000000, 0.000000000000000000 ) ) ;
#215 = DIRECTION ( 'NONE',  ( -1.000000000000000000, 0.000000000000000000, 0.000000000000000000 ) ) ;
#216 = VERTEX_POINT ( 'NONE', #685 ) ;
#217 = CARTESIAN_POINT ( 'NONE',  ( 1.347169921513936271E-17, 0.000000000000000000, -0.5999999999999999778 ) ) ;
#218 = DIRECTION ( 'NONE',  ( 0.000000000000000000, 1.000000000000000000, 0.000000000000000000 ) ) ;
#219 = CARTESIAN_POINT ( 'NONE',  ( 5.421010862427522170E-17, 0.1300000000000000044, 0.2000000000000000944 ) ) ;
#220 = CARTESIAN_POINT ( 'NONE',  ( -0.3999999999999999667, 0.2149999999999999412, 0.6000000000000001998 ) ) ;
#221 = EDGE_CURVE ( 'NONE', #742, #690, #1141, .T. ) ;
#222 = FACE_OUTER_BOUND ( 'NONE', #1204, .T. ) ;
#223 = ORIENTED_EDGE ( 'NONE', *, *, #103, .F. ) ;
#224 = DIRECTION ( 'NONE',  ( -1.000000000000000000, 2.085004177856739069E-16, 0.000000000000000000 ) ) ;
#225 = CLOSED_SHELL ( 'NONE', ( #323, #260, #1428 ) ) ;
#226 =( GEOMETRIC_REPRESENTATION_CONTEXT ( 3 ) GLOBAL_UNCERTAINTY_ASSIGNED_CONTEXT ( ( #1456 ) ) GLOBAL_UNIT_ASSIGNED_CONTEXT ( ( #921, #585, #1164 ) ) REPRESENTATION_CONTEXT ( 'NONE', 'WORKASPACE' ) );
#227 = DIRECTION ( 'NONE',  ( -1.000000000000000000, 2.755654687592388790E-16, 0.000000000000000000 ) ) ;
#228 = DIRECTION ( 'NONE',  ( 1.000000000000000000, 0.000000000000000000, 0.000000000000000000 ) ) ;
#229 = AXIS2_PLACEMENT_3D ( 'NONE', #1193, #866, #755 ) ;
#230 = CIRCLE ( 'NONE', #1300, 0.1300000000000000044 ) ;
#231 = AXIS2_PLACEMENT_3D ( 'NONE', #940, #240, #341 ) ;
#232 = DIRECTION ( 'NONE',  ( -1.000000000000000000, 2.085004177856739069E-16, 0.000000000000000000 ) ) ;
#233 = EDGE_LOOP ( 'NONE', ( #1322, #855, #697, #139 ) ) ;
#234 = EDGE_CURVE ( 'NONE', #995, #642, #931, .T. ) ;
#235 = CIRCLE ( 'NONE', #1278, 0.09836157786453009200 ) ;
#236 = FACE_OUTER_BOUND ( 'NONE', #1467, .T. ) ;
#237 = CARTESIAN_POINT ( 'NONE',  ( -0.4899999999999999911, 0.5250000000000000222, -0.6900000000000000577 ) ) ;
#238 = DIRECTION ( 'NONE',  ( 2.521400401129081168E-16, 1.000000000000000000, -0.000000000000000000 ) ) ;
#239 = CARTESIAN_POINT ( 'NONE',  ( -0.6750000000000000444, -2.210203610530034446, 0.8750000000000000000 ) ) ;
#240 = DIRECTION ( 'NONE',  ( 0.000000000000000000, 1.000000000000000000, 0.000000000000000000 ) ) ;
#241 = FACE_OUTER_BOUND ( 'NONE', #852, .T. ) ;
#242 = CARTESIAN_POINT ( 'NONE',  ( 0.3016384221354699857, 0.2149999999999999689, -0.5999999999999999778 ) ) ;
#243 = DIRECTION ( 'NONE',  ( 0.000000000000000000, 0.000000000000000000, 1.000000000000000000 ) ) ;
#244 = SURFACE_STYLE_FILL_AREA ( #340 ) ;
#245 = CARTESIAN_POINT ( 'NONE',  ( 0.6750000000000002665, 0.2149999999999999134, -0.8750000000000000000 ) ) ;
#246 = ORIENTED_EDGE ( 'NONE', *, *, #736, .T. ) ;
#247 = DIRECTION ( 'NONE',  ( 1.000000000000000000, -2.521400401129081168E-16, 0.000000000000000000 ) ) ;
#248 = EDGE_LOOP ( 'NONE', ( #878, #1464 ) ) ;
#249 = AXIS2_PLACEMENT_3D ( 'NONE', #318, #1363, #82 ) ;
#250 = DIRECTION ( 'NONE',  ( 1.000000000000000000, 0.000000000000000000, -0.000000000000000000 ) ) ;
#251 = CARTESIAN_POINT ( 'NONE',  ( -0.4000000000000000222, 0.000000000000000000, 0.6000000000000001998 ) ) ;
#252 = CIRCLE ( 'NONE', #322, 0.09836157786453003649 ) ;
#253 = MECHANICAL_DESIGN_GEOMETRIC_PRESENTATION_REPRESENTATION (  '', ( #112 ), #1012 ) ;
#254 = EDGE_LOOP ( 'NONE', ( #856, #1481, #360, #647 ) ) ;
#255 = AXIS2_PLACEMENT_3D ( 'NONE', #5, #825, #713 ) ;
#256 = CARTESIAN_POINT ( 'NONE',  ( -0.6750000000000000444, 0.2149999999999999134, -0.8750000000000000000 ) ) ;
#257 = PLANE ( 'NONE',  #16 ) ;
#258 = DIRECTION ( 'NONE',  ( 0.000000000000000000, 1.000000000000000000, 0.000000000000000000 ) ) ;
#259 = ADVANCED_FACE ( 'NONE', ( #1182 ), #1051, .F. ) ;
#260 = ADVANCED_FACE ( 'NONE', ( #344 ), #950, .F. ) ;
#261 = UNCERTAINTY_MEASURE_WITH_UNIT (LENGTH_MEASURE( 1.000000000000000082E-05 ), #175, 'distance_accuracy_value', 'NONE');
#262 = VERTEX_POINT ( 'NONE', #724 ) ;
#263 = DIRECTION ( 'NONE',  ( 0.000000000000000000, 0.000000000000000000, 1.000000000000000000 ) ) ;
#264 = ORIENTED_EDGE ( 'NONE', *, *, #478, .T. ) ;
#265 =( NAMED_UNIT ( * ) SI_UNIT ( $, .STERADIAN. ) SOLID_ANGLE_UNIT ( ) );
#266 = ORIENTED_EDGE ( 'NONE', *, *, #305, .F. ) ;
#267 = DIRECTION ( 'NONE',  ( -1.000000000000000000, 0.000000000000000000, 0.000000000000000000 ) ) ;
#268 = DIRECTION ( 'NONE',  ( 2.521400401129081168E-16, 1.000000000000000000, -0.000000000000000000 ) ) ;
#269 = CLOSED_SHELL ( 'NONE', ( #827, #808, #788, #744, #1367, #488, #678, #1028, #59 ) ) ;
#270 = VERTEX_POINT ( 'NONE', #840 ) ;
#271 = VECTOR ( 'NONE', #23, 1000.000000000000000 ) ;
#272 =( NAMED_UNIT ( * ) SI_UNIT ( $, .STERADIAN. ) SOLID_ANGLE_UNIT ( ) );
#273 = EDGE_CURVE ( 'NONE', #262, #121, #1219, .T. ) ;
#274 = ORIENTED_EDGE ( 'NONE', *, *, #234, .F. ) ;
#275 = PRESENTATION_LAYER_ASSIGNMENT (  '', '', ( #985 ) ) ;
#276 = DIRECTION ( 'NONE',  ( 0.000000000000000000, 0.000000000000000000, 1.000000000000000000 ) ) ;
#277 = DIRECTION ( 'NONE',  ( 0.000000000000000000, -1.000000000000000000, 0.000000000000000000 ) ) ;
#278 = AXIS2_PLACEMENT_3D ( 'NONE', #899, #676, #1369 ) ;
#279 = FILL_AREA_STYLE_COLOUR ( '', #160 ) ;
#280 = EDGE_LOOP ( 'NONE', ( #1019, #60, #1105 ) ) ;
#281 =( NAMED_UNIT ( * ) PLANE_ANGLE_UNIT ( ) SI_UNIT ( $, .RADIAN. ) );
#282 = ORIENTED_EDGE ( 'NONE', *, *, #1239, .T. ) ;
#283 = PLANE ( 'NONE',  #1460 ) ;
#284 = DIRECTION ( 'NONE',  ( -1.000000000000000000, 2.085004177856739069E-16, 0.000000000000000000 ) ) ;
#285 = EDGE_CURVE ( 'NONE', #1308, #683, #1373, .T. ) ;
#286 = UNCERTAINTY_MEASURE_WITH_UNIT (LENGTH_MEASURE( 1.000000000000000082E-05 ), #1015, 'distance_accuracy_value', 'NONE');
#287 = ORIENTED_EDGE ( 'NONE', *, *, #505, .T. ) ;
#288 = FACE_OUTER_BOUND ( 'NONE', #254, .T. ) ;
#289 = VERTEX_POINT ( 'NONE', #124 ) ;
#290 = DIRECTION ( 'NONE',  ( 2.521400401129081168E-16, 1.000000000000000000, -0.000000000000000000 ) ) ;
#291 = PLANE ( 'NONE',  #116 ) ;
#292 = EDGE_CURVE ( 'NONE', #52, #887, #1279, .T. ) ;
#293 = MECHANICAL_DESIGN_GEOMETRIC_PRESENTATION_REPRESENTATION (  '', ( #1410 ), #1155 ) ;
#294 = ORIENTED_EDGE ( 'NONE', *, *, #1222, .T. ) ;
#295 = AXIS2_PLACEMENT_3D ( 'NONE', #591, #926, #565 ) ;
#296 = DIRECTION ( 'NONE',  ( 0.000000000000000000, 0.000000000000000000, 1.000000000000000000 ) ) ;
#297 = AXIS2_PLACEMENT_3D ( 'NONE', #980, #153, #38 ) ;
#298 = EDGE_LOOP ( 'NONE', ( #274, #55, #1361 ) ) ;
#299 = PRESENTATION_LAYER_ASSIGNMENT (  '', '', ( #1065 ) ) ;
#300 =( LENGTH_UNIT ( ) NAMED_UNIT ( * ) SI_UNIT ( .MILLI., .METRE. ) );
#301 = MECHANICAL_DESIGN_GEOMETRIC_PRESENTATION_REPRESENTATION (  '', ( #113 ), #401 ) ;
#302 = CARTESIAN_POINT ( 'NONE',  ( 0.4000000000000000777, 0.2149999999999999134, -0.1999999999999999278 ) ) ;
#303 = SURFACE_SIDE_STYLE ('',( #1228 ) ) ;
#304 = CIRCLE ( 'NONE', #1089, 0.09836157786453003649 ) ;
#305 = EDGE_CURVE ( 'NONE', #270, #1138, #475, .T. ) ;
#306 = PRESENTATION_STYLE_ASSIGNMENT (( #1002 ) ) ;
#307 = EDGE_CURVE ( 'NONE', #99, #835, #1415, .T. ) ;
#308 = DIRECTION ( 'NONE',  ( 0.000000000000000000, -0.000000000000000000, 1.000000000000000000 ) ) ;
#309 = EDGE_LOOP ( 'NONE', ( #759, #901, #223, #490 ) ) ;
#310 = DIRECTION ( 'NONE',  ( 0.000000000000000000, 0.000000000000000000, 1.000000000000000000 ) ) ;
#311 = DIRECTION ( 'NONE',  ( -1.000000000000000000, 2.755654687592390269E-16, 0.000000000000000000 ) ) ;
#312 = ORIENTED_EDGE ( 'NONE', *, *, #754, .T. ) ;
#313 = DIRECTION ( 'NONE',  ( 0.000000000000000000, 0.000000000000000000, 1.000000000000000000 ) ) ;
#314 = VERTEX_POINT ( 'NONE', #1066 ) ;
#315 = DIRECTION ( 'NONE',  ( 0.000000000000000000, 0.000000000000000000, 1.000000000000000000 ) ) ;
#316 = SPHERICAL_SURFACE ( 'NONE', #1268, 0.1300000000000000044 ) ;
#317 = PLANE ( 'NONE',  #138 ) ;
#318 = CARTESIAN_POINT ( 'NONE',  ( 5.421010862427522170E-17, 0.1300000000000000044, 0.6000000000000001998 ) ) ;
#319 = LINE ( 'NONE', #900, #649 ) ;
#320 = ORIENTED_EDGE ( 'NONE', *, *, #1222, .F. ) ;
#321 = AXIS2_PLACEMENT_3D ( 'NONE', #902, #891, #789 ) ;
#322 = AXIS2_PLACEMENT_3D ( 'NONE', #1328, #290, #614 ) ;
#323 = ADVANCED_FACE ( 'NONE', ( #717 ), #944, .T. ) ;
#324 = PRODUCT_CONTEXT ( 'NONE', #993, 'mechanical' ) ;
#325 = STYLED_ITEM ( 'NONE', ( #78 ), #537 ) ;
#326 = DIRECTION ( 'NONE',  ( 0.000000000000000000, 1.000000000000000000, 0.000000000000000000 ) ) ;
#327 = PRESENTATION_LAYER_ASSIGNMENT (  '', '', ( #112 ) ) ;
#328 = CARTESIAN_POINT ( 'NONE',  ( -0.4899999999999999911, 0.5749999999999999556, -0.7825000000000000844 ) ) ;
#329 = STYLED_ITEM ( 'NONE', ( #26 ), #1023 ) ;
#330 = AXIS2_PLACEMENT_3D ( 'NONE', #620, #504, #1316 ) ;
#331 = DIRECTION ( 'NONE',  ( 1.000000000000000000, 0.000000000000000000, -0.000000000000000000 ) ) ;
#332 = VERTEX_POINT ( 'NONE', #734 ) ;
#333 = DIRECTION ( 'NONE',  ( 0.000000000000000000, 0.000000000000000000, 1.000000000000000000 ) ) ;
#334 = DIRECTION ( 'NONE',  ( -2.521400401129081168E-16, -1.000000000000000000, 0.000000000000000000 ) ) ;
#335 = DIRECTION ( 'NONE',  ( 2.521400401129081168E-16, 1.000000000000000000, -0.000000000000000000 ) ) ;
#336 = SPHERICAL_SURFACE ( 'NONE', #602, 0.1300000000000000044 ) ;
#337 = EDGE_LOOP ( 'NONE', ( #1214, #802, #1378, #640 ) ) ;
#338 = DIRECTION ( 'NONE',  ( -1.000000000000000000, 0.000000000000000000, 0.000000000000000000 ) ) ;
#339 = DIRECTION ( 'NONE',  ( 0.000000000000000000, 0.000000000000000000, 1.000000000000000000 ) ) ;
#340 = FILL_AREA_STYLE ('',( #1288 ) ) ;
#341 = DIRECTION ( 'NONE',  ( 0.000000000000000000, -0.000000000000000000, 1.000000000000000000 ) ) ;
#342 = VERTEX_POINT ( 'NONE', #829 ) ;
#343 = DIRECTION ( 'NONE',  ( 0.000000000000000000, 0.000000000000000000, 1.000000000000000000 ) ) ;
#344 = FACE_OUTER_BOUND ( 'NONE', #1231, .T. ) ;
#345 = CARTESIAN_POINT ( 'NONE',  ( -0.6750000000000000444, 0.5749999999999999556, -0.8750000000000000000 ) ) ;
#346 = AXIS2_PLACEMENT_3D ( 'NONE', #237, #31, #339 ) ;
#347 = AXIS2_PLACEMENT_3D ( 'NONE', #559, #76, #1473 ) ;
#348 = PRESENTATION_LAYER_ASSIGNMENT (  '', '', ( #206 ) ) ;
#349 = CARTESIAN_POINT ( 'NONE',  ( 0.4000000000000000777, 0.1300000000000000044, -0.5999999999999999778 ) ) ;
#350 = UNCERTAINTY_MEASURE_WITH_UNIT (LENGTH_MEASURE( 1.000000000000000082E-05 ), #561, 'distance_accuracy_value', 'NONE');
#351 = EDGE_LOOP ( 'NONE', ( #27, #484, #795 ) ) ;
#352 = AXIS2_PLACEMENT_3D ( 'NONE', #725, #937, #499 ) ;
#353 = EDGE_CURVE ( 'NONE', #947, #342, #1, .T. ) ;
#354 = DIRECTION ( 'NONE',  ( -2.521400401129081168E-16, -1.000000000000000000, 0.000000000000000000 ) ) ;
#355 = VERTEX_POINT ( 'NONE', #1056 ) ;
#356 = PLANE ( 'NONE',  #860 ) ;
#357 = DIRECTION ( 'NONE',  ( -1.000000000000000000, -0.000000000000000000, -0.000000000000000000 ) ) ;
#358 = PRESENTATION_STYLE_ASSIGNMENT (( #126 ) ) ;
#359 = CARTESIAN_POINT ( 'NONE',  ( -0.6750000000000000444, 0.2349999999999999589, -0.8750000000000000000 ) ) ;
#360 = ORIENTED_EDGE ( 'NONE', *, *, #1293, .T. ) ;
#361 =( NAMED_UNIT ( * ) PLANE_ANGLE_UNIT ( ) SI_UNIT ( $, .RADIAN. ) );
#362 = ORIENTED_EDGE ( 'NONE', *, *, #1007, .F. ) ;
#363 = CARTESIAN_POINT ( 'NONE',  ( 5.421010862427522170E-17, 0.2149999999999999134, 0.2000000000000000944 ) ) ;
#364 = CARTESIAN_POINT ( 'NONE',  ( 0.6750000000000002665, 0.2149999999999999134, 0.8750000000000000000 ) ) ;
#365 = SURFACE_STYLE_USAGE ( .BOTH. , #303 ) ;
#366 = ORIENTED_EDGE ( 'NONE', *, *, #657, .F. ) ;
#367 = PLANE ( 'NONE',  #1108 ) ;
#368 = VERTEX_POINT ( 'NONE', #242 ) ;
#369 = ADVANCED_FACE ( 'NONE', ( #10 ), #257, .F. ) ;
#370 = AXIS2_PLACEMENT_3D ( 'NONE', #207, #214, #1354 ) ;
#371 = CARTESIAN_POINT ( 'NONE',  ( 0.4000000000000000777, 0.2149999999999999134, 0.2000000000000000944 ) ) ;
#372 = CARTESIAN_POINT ( 'NONE',  ( 0.4000000000000000777, 0.1300000000000000044, -0.1999999999999999278 ) ) ;
#373 = VECTOR ( 'NONE', #692, 1000.000000000000000 ) ;
#374 = EDGE_CURVE ( 'NONE', #588, #187, #1063, .T. ) ;
#375 = CIRCLE ( 'NONE', #1221, 0.09836157786453009200 ) ;
#376 = ORIENTED_EDGE ( 'NONE', *, *, #550, .T. ) ;
#377 = CIRCLE ( 'NONE', #1420, 0.1300000000000000044 ) ;
#378 = PRESENTATION_STYLE_ASSIGNMENT (( #846 ) ) ;
#379 = AXIS2_PLACEMENT_3D ( 'NONE', #653, #277, #1095 ) ;
#380 = CARTESIAN_POINT ( 'NONE',  ( -0.3999999999999999667, 0.1300000000000000044, -0.1999999999999999278 ) ) ;
#381 = DIRECTION ( 'NONE',  ( -1.000000000000000000, 2.755654687592388790E-16, 0.000000000000000000 ) ) ;
#382 = UNCERTAINTY_MEASURE_WITH_UNIT (LENGTH_MEASURE( 1.000000000000000082E-05 ), #514, 'distance_accuracy_value', 'NONE');
#383 = ORIENTED_EDGE ( 'NONE', *, *, #849, .T. ) ;
#384 = SURFACE_SIDE_STYLE ('',( #519 ) ) ;
#385 = ORIENTED_EDGE ( 'NONE', *, *, #1376, .T. ) ;
#386 = FILL_AREA_STYLE ('',( #1426 ) ) ;
#387 = DIRECTION ( 'NONE',  ( 0.000000000000000000, 0.000000000000000000, 1.000000000000000000 ) ) ;
#388 = EDGE_CURVE ( 'NONE', #933, #835, #723, .T. ) ;
#389 = EDGE_LOOP ( 'NONE', ( #706, #1064, #312, #972 ) ) ;
#390 = CARTESIAN_POINT ( 'NONE',  ( 0.4000000000000000777, 0.2149999999999999412, 0.6000000000000001998 ) ) ;
#391 = ORIENTED_EDGE ( 'NONE', *, *, #1010, .F. ) ;
#392 = SPHERICAL_SURFACE ( 'NONE', #132, 0.1300000000000000044 ) ;
#393 = CARTESIAN_POINT ( 'NONE',  ( -0.3999999999999999667, 0.1300000000000000044, -0.1999999999999999278 ) ) ;
#394 = VECTOR ( 'NONE', #326, 1000.000000000000000 ) ;
#395 = VECTOR ( 'NONE', #1163, 1000.000000000000000 ) ;
#396 =( LENGTH_UNIT ( ) NAMED_UNIT ( * ) SI_UNIT ( .MILLI., .METRE. ) );
#397 = ORIENTED_EDGE ( 'NONE', *, *, #28, .F. ) ;
#398 = EDGE_CURVE ( 'NONE', #158, #1290, #700, .T. ) ;
#399 = VECTOR ( 'NONE', #179, 1000.000000000000000 ) ;
#400 = PLANE ( 'NONE',  #596 ) ;
#401 =( GEOMETRIC_REPRESENTATION_CONTEXT ( 3 ) GLOBAL_UNCERTAINTY_ASSIGNED_CONTEXT ( ( #261 ) ) GLOBAL_UNIT_ASSIGNED_CONTEXT ( ( #175, #1449, #74 ) ) REPRESENTATION_CONTEXT ( 'NONE', 'WORKASPACE' ) );
#402 = SPHERICAL_SURFACE ( 'NONE', #1113, 0.1300000000000000044 ) ;
#403 = AXIS2_PLACEMENT_3D ( 'NONE', #801, #335, #1025 ) ;
#404 = FILL_AREA_STYLE ('',( #1442 ) ) ;
#405 = ORIENTED_EDGE ( 'NONE', *, *, #1254, .F. ) ;
#406 = CARTESIAN_POINT ( 'NONE',  ( -0.4899999999999999911, 0.5250000000000000222, -0.6900000000000000577 ) ) ;
#407 = EDGE_LOOP ( 'NONE', ( #1098, #529 ) ) ;
#408 = ADVANCED_FACE ( 'NONE', ( #1393 ), #356, .F. ) ;
#409 = DIRECTION ( 'NONE',  ( 0.000000000000000000, 0.000000000000000000, 1.000000000000000000 ) ) ;
#410 = PLANE ( 'NONE',  #91 ) ;
#411 = SURFACE_STYLE_FILL_AREA ( #1245 ) ;
#412 = CARTESIAN_POINT ( 'NONE',  ( -0.6750000000000000444, -2.210203610530034446, -0.8750000000000000000 ) ) ;
#413 = ORIENTED_EDGE ( 'NONE', *, *, #234, .T. ) ;
#414 = SURFACE_STYLE_USAGE ( .BOTH. , #999 ) ;
#415 = DIRECTION ( 'NONE',  ( -1.000000000000000000, 2.085004177856739069E-16, 0.000000000000000000 ) ) ;
#416 = EDGE_CURVE ( 'NONE', #63, #947, #597, .T. ) ;
#417 = DIRECTION ( 'NONE',  ( 0.000000000000000000, 1.000000000000000000, 0.000000000000000000 ) ) ;
#418 = DIRECTION ( 'NONE',  ( -1.224646799147353207E-16, 3.087824930611581463E-32, 1.000000000000000000 ) ) ;
#419 = ADVANCED_FACE ( 'NONE', ( #1211 ), #400, .F. ) ;
#420 =( NAMED_UNIT ( * ) SI_UNIT ( $, .STERADIAN. ) SOLID_ANGLE_UNIT ( ) );
#421 = VECTOR ( 'NONE', #1384, 1000.000000000000000 ) ;
#422 = CARTESIAN_POINT ( 'NONE',  ( -0.4899999999999999911, 0.5250000000000000222, -0.6900000000000000577 ) ) ;
#423 = EDGE_LOOP ( 'NONE', ( #1305, #733 ) ) ;
#424 =( GEOMETRIC_REPRESENTATION_CONTEXT ( 3 ) GLOBAL_UNCERTAINTY_ASSIGNED_CONTEXT ( ( #382 ) ) GLOBAL_UNIT_ASSIGNED_CONTEXT ( ( #514, #1482, #673 ) ) REPRESENTATION_CONTEXT ( 'NONE', 'WORKASPACE' ) );
#425 =( NAMED_UNIT ( * ) SI_UNIT ( $, .STERADIAN. ) SOLID_ANGLE_UNIT ( ) );
#426 = VECTOR ( 'NONE', #1271, 1000.000000000000000 ) ;
#427 = PRESENTATION_LAYER_ASSIGNMENT (  '', '', ( #1088 ) ) ;
#428 = CARTESIAN_POINT ( 'NONE',  ( 5.421010862427522170E-17, 0.1300000000000000044, 0.6000000000000001998 ) ) ;
#429 = DIRECTION ( 'NONE',  ( 1.000000000000000000, -2.521400401129081168E-16, 0.000000000000000000 ) ) ;
#430 = VERTEX_POINT ( 'NONE', #1205 ) ;
#431 = DIRECTION ( 'NONE',  ( 0.000000000000000000, 0.000000000000000000, 1.000000000000000000 ) ) ;
#432 = EDGE_LOOP ( 'NONE', ( #391, #156, #71 ) ) ;
#433 =( NAMED_UNIT ( * ) PLANE_ANGLE_UNIT ( ) SI_UNIT ( $, .RADIAN. ) );
#434 = FACE_OUTER_BOUND ( 'NONE', #298, .T. ) ;
#435 = SPHERICAL_SURFACE ( 'NONE', #278, 0.1300000000000000044 ) ;
#436 = APPLICATION_CONTEXT ( 'automotive_design' ) ;
#437 = EDGE_CURVE ( 'NONE', #314, #762, #1436, .T. ) ;
#438 = PLANE ( 'NONE',  #452 ) ;
#439 = EDGE_LOOP ( 'NONE', ( #1398, #1192, #1401, #1075 ) ) ;
#440 = ADVANCED_FACE ( 'NONE', ( #1433 ), #522, .T. ) ;
#441 = PLANE ( 'NONE',  #516 ) ;
#442 = LINE ( 'NONE', #1359, #890 ) ;
#443 =( NAMED_UNIT ( * ) PLANE_ANGLE_UNIT ( ) SI_UNIT ( $, .RADIAN. ) );
#444 = FACE_OUTER_BOUND ( 'NONE', #19, .T. ) ;
#445 = VERTEX_POINT ( 'NONE', #507 ) ;
#446 = CIRCLE ( 'NONE', #1295, 0.09250000000000002665 ) ;
#447 = CARTESIAN_POINT ( 'NONE',  ( 5.421010862427522170E-17, 0.1300000000000000044, 0.6000000000000001998 ) ) ;
#448 = ADVANCED_FACE ( 'NONE', ( #765 ), #1198, .T. ) ;
#449 = APPLICATION_PROTOCOL_DEFINITION ( 'draft international standard', 'automotive_design', 1998, #993 ) ;
#450 = AXIS2_PLACEMENT_3D ( 'NONE', #1400, #917, #224 ) ;
#451 = DIRECTION ( 'NONE',  ( -1.000000000000000000, 0.000000000000000000, 0.000000000000000000 ) ) ;
#452 = AXIS2_PLACEMENT_3D ( 'NONE', #197, #1020, #98 ) ;
#453 = DIRECTION ( 'NONE',  ( -1.000000000000000000, 0.000000000000000000, 0.000000000000000000 ) ) ;
#454 = CIRCLE ( 'NONE', #1161, 0.09836157786453003649 ) ;
#455 = CIRCLE ( 'NONE', #939, 0.09250000000000002665 ) ;
#456 = CARTESIAN_POINT ( 'NONE',  ( -0.6750000000000000444, -2.210203610530034446, 0.8750000000000000000 ) ) ;
#457 = VERTEX_POINT ( 'NONE', #643 ) ;
#458 = ADVANCED_FACE ( 'NONE', ( #847 ), #392, .T. ) ;
#459 = CARTESIAN_POINT ( 'NONE',  ( 0.4000000000000000777, 0.1300000000000000044, 0.2000000000000000944 ) ) ;
#460 = FILL_AREA_STYLE ('',( #1236 ) ) ;
#461 = LINE ( 'NONE', #239, #1411 ) ;
#462 = CARTESIAN_POINT ( 'NONE',  ( 0.4000000000000000222, 0.000000000000000000, 0.6000000000000001998 ) ) ;
#463 = ORIENTED_EDGE ( 'NONE', *, *, #850, .F. ) ;
#464 = PLANE ( 'NONE',  #1136 ) ;
#465 = DIRECTION ( 'NONE',  ( -1.000000000000000000, 2.085004177856739069E-16, 0.000000000000000000 ) ) ;
#466 = DIRECTION ( 'NONE',  ( 0.000000000000000000, 1.000000000000000000, 0.000000000000000000 ) ) ;
#467 = EDGE_CURVE ( 'NONE', #121, #262, #252, .T. ) ;
#468 = PLANE ( 'NONE',  #599 ) ;
#469 = EDGE_LOOP ( 'NONE', ( #896, #1345 ) ) ;
#470 = CLOSED_SHELL ( 'NONE', ( #956, #1462, #632 ) ) ;
#471 = ORIENTED_EDGE ( 'NONE', *, *, #1274, .F. ) ;
#472 = AXIS2_PLACEMENT_3D ( 'NONE', #577, #1046, #1495 ) ;
#473 = DIRECTION ( 'NONE',  ( 2.521400401129081168E-16, 1.000000000000000000, -0.000000000000000000 ) ) ;
#474 = CARTESIAN_POINT ( 'NONE',  ( 0.3016384221354699857, 0.2149999999999999689, 0.6000000000000001998 ) ) ;
#475 = CIRCLE ( 'NONE', #346, 0.09250000000000002665 ) ;
#476 = COLOUR_RGB ( '',0.7921568627450980005, 0.8196078431372548767, 0.9333333333333333481 ) ;
#477 = CIRCLE ( 'NONE', #1181, 0.09250000000000002665 ) ;
#478 = EDGE_CURVE ( 'NONE', #1325, #1091, #1298, .T. ) ;
#479 = MECHANICAL_DESIGN_GEOMETRIC_PRESENTATION_REPRESENTATION (  '', ( #206 ), #862 ) ;
#480 = DIRECTION ( 'NONE',  ( 2.521400401129081168E-16, 1.000000000000000000, -0.000000000000000000 ) ) ;
#481 = ORIENTED_EDGE ( 'NONE', *, *, #1078, .F. ) ;
#482 = CIRCLE ( 'NONE', #963, 0.09836157786453009200 ) ;
#483 = CARTESIAN_POINT ( 'NONE',  ( 5.421010862427522170E-17, 0.2149999999999999134, -0.5999999999999999778 ) ) ;
#484 = ORIENTED_EDGE ( 'NONE', *, *, #925, .T. ) ;
#485 = CARTESIAN_POINT ( 'NONE',  ( 0.4000000000000000777, 0.1300000000000000044, 0.2000000000000000944 ) ) ;
#486 = DIRECTION ( 'NONE',  ( 2.521400401129081168E-16, 1.000000000000000000, -0.000000000000000000 ) ) ;
#487 = DIRECTION ( 'NONE',  ( 1.000000000000000000, 0.000000000000000000, 2.085004177856739315E-16 ) ) ;
#488 = ADVANCED_FACE ( 'NONE', ( #1099 ), #283, .T. ) ;
#489 = SPHERICAL_SURFACE ( 'NONE', #450, 0.1300000000000000044 ) ;
#490 = ORIENTED_EDGE ( 'NONE', *, *, #1261, .T. ) ;
#491 = CARTESIAN_POINT ( 'NONE',  ( 0.6750000000000000444, 0.2349999999999999589, 0.8750000000000000000 ) ) ;
#492 = FACE_OUTER_BOUND ( 'NONE', #656, .T. ) ;
#493 = ADVANCED_BREP_SHAPE_REPRESENTATION ( 'DA7280-00V42', ( #513, #534, #29, #687, #1023, #40, #33, #530, #537, #1026, #1043, #1047, #25, #712, #681, #1092 ), #1444 ) ;
#494 = ORIENTED_EDGE ( 'NONE', *, *, #920, .T. ) ;
#495 = SURFACE_STYLE_FILL_AREA ( #738 ) ;
#496 = CIRCLE ( 'NONE', #249, 0.1300000000000000044 ) ;
#497 = EDGE_CURVE ( 'NONE', #949, #1297, #955, .T. ) ;
#498 = CARTESIAN_POINT ( 'NONE',  ( -0.09836157786453003649, 0.2149999999999999689, -0.5999999999999999778 ) ) ;
#499 = DIRECTION ( 'NONE',  ( 1.000000000000000000, -2.521400401129081168E-16, 0.000000000000000000 ) ) ;
#500 = VECTOR ( 'NONE', #527, 1000.000000000000000 ) ;
#501 = EDGE_LOOP ( 'NONE', ( #1190, #536, #1432, #929 ) ) ;
#502 = PRESENTATION_STYLE_ASSIGNMENT (( #1309 ) ) ;
#503 = VERTEX_POINT ( 'NONE', #498 ) ;
#504 = DIRECTION ( 'NONE',  ( -0.000000000000000000, 0.000000000000000000, -1.000000000000000000 ) ) ;
#505 = EDGE_CURVE ( 'NONE', #604, #503, #1157, .T. ) ;
#506 = ORIENTED_EDGE ( 'NONE', *, *, #1349, .T. ) ;
#507 = CARTESIAN_POINT ( 'NONE',  ( 0.4000000000000000222, 0.000000000000000000, -0.5999999999999999778 ) ) ;
#508 = CARTESIAN_POINT ( 'NONE',  ( 1.347169921513936271E-17, 0.000000000000000000, -0.1999999999999999278 ) ) ;
#509 = ADVANCED_FACE ( 'NONE', ( #1419 ), #1306, .T. ) ;
#510 = ORIENTED_EDGE ( 'NONE', *, *, #1239, .F. ) ;
#511 = SURFACE_STYLE_USAGE ( .BOTH. , #641 ) ;
#512 = EDGE_LOOP ( 'NONE', ( #266, #997, #1365, #69 ) ) ;
#513 = MANIFOLD_SOLID_BREP ( 'Boss-Extrude2', #1131 ) ;
#514 =( LENGTH_UNIT ( ) NAMED_UNIT ( * ) SI_UNIT ( .MILLI., .METRE. ) );
#515 = FACE_OUTER_BOUND ( 'NONE', #122, .T. ) ;
#516 = AXIS2_PLACEMENT_3D ( 'NONE', #302, #334, #1242 ) ;
#517 = ORIENTED_EDGE ( 'NONE', *, *, #106, .F. ) ;
#518 = CIRCLE ( 'NONE', #1110, 0.09836157786453009200 ) ;
#519 = SURFACE_STYLE_FILL_AREA ( #150 ) ;
#520 = ORIENTED_EDGE ( 'NONE', *, *, #1274, .T. ) ;
#521 = COLOUR_RGB ( '',0.7921568627450980005, 0.8196078431372548767, 0.9333333333333333481 ) ;
#522 = SPHERICAL_SURFACE ( 'NONE', #62, 0.1300000000000000044 ) ;
#523 = CIRCLE ( 'NONE', #140, 0.1300000000000000044 ) ;
#524 = DIRECTION ( 'NONE',  ( -1.000000000000000000, 2.085004177856739069E-16, 0.000000000000000000 ) ) ;
#525 =( NAMED_UNIT ( * ) SI_UNIT ( $, .STERADIAN. ) SOLID_ANGLE_UNIT ( ) );
#526 = SURFACE_SIDE_STYLE ('',( #411 ) ) ;
#527 = DIRECTION ( 'NONE',  ( 0.000000000000000000, 1.000000000000000000, 0.000000000000000000 ) ) ;
#528 = ADVANCED_FACE ( 'NONE', ( #538 ), #1468, .T. ) ;
#529 = ORIENTED_EDGE ( 'NONE', *, *, #1121, .T. ) ;
#530 = MANIFOLD_SOLID_BREP ( 'LPattern1[6]', #668 ) ;
#531 = FILL_AREA_STYLE ('',( #910 ) ) ;
#532 = EDGE_CURVE ( 'NONE', #1138, #430, #781, .T. ) ;
#533 = CARTESIAN_POINT ( 'NONE',  ( 5.421010862427522170E-17, 0.1300000000000000044, 0.2000000000000000944 ) ) ;
#534 = MANIFOLD_SOLID_BREP ( 'Revolve1', #541 ) ;
#535 = LINE ( 'NONE', #70, #1388 ) ;
#536 = ORIENTED_EDGE ( 'NONE', *, *, #49, .T. ) ;
#537 = MANIFOLD_SOLID_BREP ( 'LPattern1[7]', #978 ) ;
#538 = FACE_OUTER_BOUND ( 'NONE', #869, .T. ) ;
#539 = CARTESIAN_POINT ( 'NONE',  ( 0.09836157786453016139, 0.2149999999999999134, -0.5999999999999999778 ) ) ;
#540 = DIRECTION ( 'NONE',  ( -2.521400401129081168E-16, -1.000000000000000000, 0.000000000000000000 ) ) ;
#541 = CLOSED_SHELL ( 'NONE', ( #168, #259, #998 ) ) ;
#542 = CIRCLE ( 'NONE', #131, 0.09836157786453009200 ) ;
#543 = DIRECTION ( 'NONE',  ( 0.000000000000000000, 1.000000000000000000, 0.000000000000000000 ) ) ;
#544 = ORIENTED_EDGE ( 'NONE', *, *, #657, .T. ) ;
#545 = STYLED_ITEM ( 'NONE', ( #53 ), #513 ) ;
#546 = SURFACE_STYLE_FILL_AREA ( #1139 ) ;
#547 = CIRCLE ( 'NONE', #1443, 0.1300000000000000044 ) ;
#548 = CARTESIAN_POINT ( 'NONE',  ( -0.6750000000000000444, 0.2149999999999999134, -0.8750000000000000000 ) ) ;
#549 = DIRECTION ( 'NONE',  ( 1.000000000000000000, 0.000000000000000000, 0.000000000000000000 ) ) ;
#550 = EDGE_CURVE ( 'NONE', #607, #314, #884, .T. ) ;
#551 = AXIS2_PLACEMENT_3D ( 'NONE', #1381, #130, #381 ) ;
#552 = FACE_OUTER_BOUND ( 'NONE', #439, .T. ) ;
#553 = ORIENTED_EDGE ( 'NONE', *, *, #221, .F. ) ;
#554 = SURFACE_SIDE_STYLE ('',( #546 ) ) ;
#555 = FILL_AREA_STYLE_COLOUR ( '', #162 ) ;
#556 = CARTESIAN_POINT ( 'NONE',  ( 0.6750000000000000444, 0.5749999999999999556, 0.8750000000000000000 ) ) ;
#557 = DIRECTION ( 'NONE',  ( 1.000000000000000000, 0.000000000000000000, 2.085004177856739315E-16 ) ) ;
#558 = ADVANCED_FACE ( 'NONE', ( #587 ), #367, .F. ) ;
#559 = CARTESIAN_POINT ( 'NONE',  ( 0.4000000000000000777, 0.2149999999999999412, -0.5999999999999999778 ) ) ;
#560 = ORIENTED_EDGE ( 'NONE', *, *, #1143, .F. ) ;
#561 =( LENGTH_UNIT ( ) NAMED_UNIT ( * ) SI_UNIT ( .MILLI., .METRE. ) );
#562 = LINE ( 'NONE', #775, #185 ) ;
#563 = DIRECTION ( 'NONE',  ( 1.000000000000000000, 0.000000000000000000, 2.085004177856739315E-16 ) ) ;
#564 = DIRECTION ( 'NONE',  ( -1.224646799147353207E-16, 3.087824930611581463E-32, 1.000000000000000000 ) ) ;
#565 = DIRECTION ( 'NONE',  ( 1.000000000000000000, -2.521400401129081168E-16, 0.000000000000000000 ) ) ;
#566 = COLOUR_RGB ( '',0.7921568627450980005, 0.8196078431372548767, 0.9333333333333333481 ) ;
#567 = PLANE ( 'NONE',  #231 ) ;
#568 = ORIENTED_EDGE ( 'NONE', *, *, #467, .F. ) ;
#569 = VECTOR ( 'NONE', #1477, 1000.000000000000000 ) ;
#570 = ADVANCED_FACE ( 'NONE', ( #1166 ), #489, .T. ) ;
#571 = AXIS2_PLACEMENT_3D ( 'NONE', #609, #1071, #1188 ) ;
#572 = DIRECTION ( 'NONE',  ( -2.521400401129081168E-16, -1.000000000000000000, 0.000000000000000000 ) ) ;
#573 = CARTESIAN_POINT ( 'NONE',  ( -0.4899999999999999911, 0.5749999999999999556, -0.5975000000000000311 ) ) ;
#574 = AXIS2_PLACEMENT_3D ( 'NONE', #406, #543, #794 ) ;
#575 = CIRCLE ( 'NONE', #962, 0.09836157786453009200 ) ;
#576 = AXIS2_PLACEMENT_3D ( 'NONE', #1434, #268, #766 ) ;
#577 = CARTESIAN_POINT ( 'NONE',  ( 0.000000000000000000, 0.2349999999999999867, 0.000000000000000000 ) ) ;
#578 = CARTESIAN_POINT ( 'NONE',  ( -0.6750000000000000444, -2.210203610530034446, 0.8750000000000000000 ) ) ;
#579 = ORIENTED_EDGE ( 'NONE', *, *, #1102, .F. ) ;
#580 = ADVANCED_FACE ( 'NONE', ( #1258 ), #1040, .T. ) ;
#581 = DIRECTION ( 'NONE',  ( -1.224646799147353207E-16, 3.087824930611581463E-32, 1.000000000000000000 ) ) ;
#582 = ADVANCED_FACE ( 'NONE', ( #236 ), #1379, .T. ) ;
#583 = DIRECTION ( 'NONE',  ( -2.521400401129081168E-16, -1.000000000000000000, 0.000000000000000000 ) ) ;
#584 = DIRECTION ( 'NONE',  ( 0.000000000000000000, 0.000000000000000000, 1.000000000000000000 ) ) ;
#585 =( NAMED_UNIT ( * ) PLANE_ANGLE_UNIT ( ) SI_UNIT ( $, .RADIAN. ) );
#586 = DIRECTION ( 'NONE',  ( -1.224646799147353207E-16, 3.087824930611581463E-32, 1.000000000000000000 ) ) ;
#587 = FACE_OUTER_BOUND ( 'NONE', #1081, .T. ) ;
#588 = VERTEX_POINT ( 'NONE', #948 ) ;
#589 = DIRECTION ( 'NONE',  ( -0.000000000000000000, -0.000000000000000000, 1.000000000000000000 ) ) ;
#590 = DIRECTION ( 'NONE',  ( 0.000000000000000000, 1.000000000000000000, 0.000000000000000000 ) ) ;
#591 = CARTESIAN_POINT ( 'NONE',  ( 5.421010862427522170E-17, 0.2149999999999999134, 0.6000000000000001998 ) ) ;
#592 = CARTESIAN_POINT ( 'NONE',  ( -0.6750000000000000444, 0.2349999999999999589, -0.8750000000000000000 ) ) ;
#593 = EDGE_LOOP ( 'NONE', ( #1273, #1351 ) ) ;
#594 = CARTESIAN_POINT ( 'NONE',  ( 0.4000000000000000777, 0.1300000000000000044, 0.6000000000000001998 ) ) ;
#595 = STYLED_ITEM ( 'NONE', ( #15 ), #33 ) ;
#596 = AXIS2_PLACEMENT_3D ( 'NONE', #1218, #740, #64 ) ;
#597 = LINE ( 'NONE', #837, #1107 ) ;
#598 = DIRECTION ( 'NONE',  ( -1.224646799147353207E-16, 3.087824930611581463E-32, 1.000000000000000000 ) ) ;
#599 = AXIS2_PLACEMENT_3D ( 'NONE', #456, #1496, #331 ) ;
#600 = EDGE_CURVE ( 'NONE', #1313, #355, #1484, .T. ) ;
#601 =( NAMED_UNIT ( * ) SI_UNIT ( $, .STERADIAN. ) SOLID_ANGLE_UNIT ( ) );
#602 = AXIS2_PLACEMENT_3D ( 'NONE', #906, #104, #232 ) ;
#603 = DIRECTION ( 'NONE',  ( -1.000000000000000000, 2.755654687592390269E-16, 0.000000000000000000 ) ) ;
#604 = VERTEX_POINT ( 'NONE', #217 ) ;
#605 = PRODUCT_RELATED_PRODUCT_CATEGORY ( 'part', '', ( #608 ) ) ;
#606 = DIRECTION ( 'NONE',  ( -1.000000000000000000, 2.085004177856739069E-16, 0.000000000000000000 ) ) ;
#607 = VERTEX_POINT ( 'NONE', #699 ) ;
#608 = PRODUCT ( 'DA7280-00V42', 'DA7280-00V42', '', ( #324 ) ) ;
#609 = CARTESIAN_POINT ( 'NONE',  ( -0.3999999999999999667, 0.2149999999999999134, -0.5999999999999999778 ) ) ;
#610 = PLANE ( 'NONE',  #352 ) ;
#611 = ORIENTED_EDGE ( 'NONE', *, *, #1493, .T. ) ;
#612 = ADVANCED_FACE ( 'NONE', ( #1405 ), #1160, .F. ) ;
#613 = CARTESIAN_POINT ( 'NONE',  ( 0.6750000000000000444, -2.210203610530034446, -0.8750000000000000000 ) ) ;
#614 = DIRECTION ( 'NONE',  ( -1.000000000000000000, 2.755654687592390269E-16, 0.000000000000000000 ) ) ;
#615 = CARTESIAN_POINT ( 'NONE',  ( 0.6750000000000000444, -2.210203610530034446, 0.8750000000000000000 ) ) ;
#616 = UNCERTAINTY_MEASURE_WITH_UNIT (LENGTH_MEASURE( 1.000000000000000082E-05 ), #684, 'distance_accuracy_value', 'NONE');
#617 = VERTEX_POINT ( 'NONE', #932 ) ;
#618 = ORIENTED_EDGE ( 'NONE', *, *, #467, .T. ) ;
#619 = DIRECTION ( 'NONE',  ( -1.000000000000000000, 0.000000000000000000, 0.000000000000000000 ) ) ;
#620 = CARTESIAN_POINT ( 'NONE',  ( 0.4000000000000000777, 0.1300000000000000044, -0.1999999999999999278 ) ) ;
#621 = PRESENTATION_LAYER_ASSIGNMENT (  '', '', ( #595 ) ) ;
#622 = AXIS2_PLACEMENT_3D ( 'NONE', #709, #1408, #142 ) ;
#623 = AXIS2_PLACEMENT_3D ( 'NONE', #21, #813, #1291 ) ;
#624 = COLOUR_RGB ( '',0.2509803921568627416, 0.2509803921568627416, 0.2509803921568627416 ) ;
#625 = ORIENTED_EDGE ( 'NONE', *, *, #1191, .T. ) ;
#626 = AXIS2_PLACEMENT_3D ( 'NONE', #660, #686, #1008 ) ;
#627 = PRESENTATION_STYLE_ASSIGNMENT (( #511 ) ) ;
#628 = ORIENTED_EDGE ( 'NONE', *, *, #144, .T. ) ;
#629 = AXIS2_PLACEMENT_3D ( 'NONE', #992, #1312, #1194 ) ;
#630 = DIRECTION ( 'NONE',  ( -1.000000000000000000, 0.000000000000000000, 0.000000000000000000 ) ) ;
#631 = CARTESIAN_POINT ( 'NONE',  ( -0.3999999999999999667, 0.2149999999999999134, 0.6000000000000001998 ) ) ;
#632 = ADVANCED_FACE ( 'NONE', ( #1372 ), #1070, .T. ) ;
#633 = PRODUCT_DEFINITION ( 'UNKNOWN', '', #1017, #1283 ) ;
#634 = ORIENTED_EDGE ( 'NONE', *, *, #600, .F. ) ;
#635 = FILL_AREA_STYLE_COLOUR ( '', #624 ) ;
#636 = EDGE_LOOP ( 'NONE', ( #517, #786, #851 ) ) ;
#637 = DIRECTION ( 'NONE',  ( -0.000000000000000000, 0.000000000000000000, -1.000000000000000000 ) ) ;
#638 = DIRECTION ( 'NONE',  ( -1.000000000000000000, 2.085004177856739069E-16, 0.000000000000000000 ) ) ;
#639 = CARTESIAN_POINT ( 'NONE',  ( -0.6750000000000000444, -2.210203610530034446, -0.8750000000000000000 ) ) ;
#640 = ORIENTED_EDGE ( 'NONE', *, *, #790, .T. ) ;
#641 = SURFACE_SIDE_STYLE ('',( #971 ) ) ;
#642 = VERTEX_POINT ( 'NONE', #828 ) ;
#643 = CARTESIAN_POINT ( 'NONE',  ( 0.6750000000000000444, 0.2349999999999999589, -0.8750000000000000000 ) ) ;
#644 = DIRECTION ( 'NONE',  ( 1.000000000000000000, 0.000000000000000000, 0.000000000000000000 ) ) ;
#645 = CLOSED_SHELL ( 'NONE', ( #440, #612, #1232 ) ) ;
#646 = EDGE_CURVE ( 'NONE', #1325, #332, #230, .T. ) ;
#647 = ORIENTED_EDGE ( 'NONE', *, *, #149, .F. ) ;
#648 = AXIS2_PLACEMENT_3D ( 'NONE', #594, #1179, #606 ) ;
#649 = VECTOR ( 'NONE', #1144, 1000.000000000000000 ) ;
#650 = CARTESIAN_POINT ( 'NONE',  ( -0.4899999999999999911, 0.5250000000000000222, -0.6900000000000000577 ) ) ;
#651 = ORIENTED_EDGE ( 'NONE', *, *, #285, .F. ) ;
#652 = DIRECTION ( 'NONE',  ( -0.000000000000000000, 0.000000000000000000, -1.000000000000000000 ) ) ;
#653 = CARTESIAN_POINT ( 'NONE',  ( 0.000000000000000000, 0.5749999999999999556, 0.000000000000000000 ) ) ;
#654 = PRESENTATION_STYLE_ASSIGNMENT (( #1342 ) ) ;
#655 = DIRECTION ( 'NONE',  ( 0.000000000000000000, 1.000000000000000000, 0.000000000000000000 ) ) ;
#656 = EDGE_LOOP ( 'NONE', ( #84, #977, #320 ) ) ;
#657 = EDGE_CURVE ( 'NONE', #445, #216, #1418, .T. ) ;
#658 = SURFACE_STYLE_FILL_AREA ( #1352 ) ;
#659 = DIRECTION ( 'NONE',  ( 0.000000000000000000, 0.000000000000000000, 1.000000000000000000 ) ) ;
#660 = CARTESIAN_POINT ( 'NONE',  ( 5.421010862427522170E-17, 0.1300000000000000044, 0.6000000000000001998 ) ) ;
#661 =( NAMED_UNIT ( * ) PLANE_ANGLE_UNIT ( ) SI_UNIT ( $, .RADIAN. ) );
#662 = CARTESIAN_POINT ( 'NONE',  ( -0.4899999999999999911, 0.5250000000000000222, -0.6900000000000000577 ) ) ;
#663 = EDGE_LOOP ( 'NONE', ( #93, #816, #1083 ) ) ;
#664 = EDGE_CURVE ( 'NONE', #1138, #270, #477, .T. ) ;
#665 =( NAMED_UNIT ( * ) SI_UNIT ( $, .STERADIAN. ) SOLID_ANGLE_UNIT ( ) );
#666 = SHAPE_DEFINITION_REPRESENTATION ( #37, #493 ) ;
#667 = CARTESIAN_POINT ( 'NONE',  ( -0.6750000000000000444, 0.2149999999999999134, 0.8750000000000000000 ) ) ;
#668 = CLOSED_SHELL ( 'NONE', ( #570, #974, #1407 ) ) ;
#669 = CIRCLE ( 'NONE', #12, 0.1300000000000000044 ) ;
#670 = COLOUR_RGB ( '',0.7921568627450980005, 0.8196078431372548767, 0.9333333333333333481 ) ;
#671 = CARTESIAN_POINT ( 'NONE',  ( -0.6750000000000000444, 0.2149999999999999134, 0.8750000000000000000 ) ) ;
#672 = EDGE_LOOP ( 'NONE', ( #1208, #611, #757, #651 ) ) ;
#673 =( NAMED_UNIT ( * ) SI_UNIT ( $, .STERADIAN. ) SOLID_ANGLE_UNIT ( ) );
#674 = DIRECTION ( 'NONE',  ( -2.521400401129081168E-16, -1.000000000000000000, 0.000000000000000000 ) ) ;
#675 = SPHERICAL_SURFACE ( 'NONE', #1035, 0.1300000000000000044 ) ;
#676 = DIRECTION ( 'NONE',  ( 0.000000000000000000, 0.000000000000000000, 1.000000000000000000 ) ) ;
#677 = CIRCLE ( 'NONE', #576, 0.09836157786453009200 ) ;
#678 = ADVANCED_FACE ( 'NONE', ( #241 ), #464, .T. ) ;
#679 =( GEOMETRIC_REPRESENTATION_CONTEXT ( 3 ) GLOBAL_UNCERTAINTY_ASSIGNED_CONTEXT ( ( #155 ) ) GLOBAL_UNIT_ASSIGNED_CONTEXT ( ( #797, #1240, #425 ) ) REPRESENTATION_CONTEXT ( 'NONE', 'WORKASPACE' ) );
#680 = CARTESIAN_POINT ( 'NONE',  ( -0.4000000000000000222, 0.000000000000000000, 0.2000000000000000944 ) ) ;
#681 = MANIFOLD_SOLID_BREP ( 'Split1[2]', #269 ) ;
#682 = LINE ( 'NONE', #1137, #399 ) ;
#683 = VERTEX_POINT ( 'NONE', #61 ) ;
#684 =( LENGTH_UNIT ( ) NAMED_UNIT ( * ) SI_UNIT ( .MILLI., .METRE. ) );
#685 = CARTESIAN_POINT ( 'NONE',  ( 0.4983615778645302252, 0.2149999999999999134, -0.5999999999999999778 ) ) ;
#686 = DIRECTION ( 'NONE',  ( 0.000000000000000000, 0.000000000000000000, 1.000000000000000000 ) ) ;
#687 = MANIFOLD_SOLID_BREP ( 'LPattern1[2]', #9 ) ;
#688 = EDGE_LOOP ( 'NONE', ( #1249, #264, #773 ) ) ;
#689 = DIRECTION ( 'NONE',  ( 1.000000000000000000, 0.000000000000000000, 2.085004177856739315E-16 ) ) ;
#690 = VERTEX_POINT ( 'NONE', #256 ) ;
#691 = CARTESIAN_POINT ( 'NONE',  ( -0.3999999999999999667, 0.1300000000000000044, 0.6000000000000001998 ) ) ;
#692 = DIRECTION ( 'NONE',  ( 1.000000000000000000, -0.000000000000000000, 0.000000000000000000 ) ) ;
#693 = FACE_OUTER_BOUND ( 'NONE', #916, .T. ) ;
#694 =( NAMED_UNIT ( * ) PLANE_ANGLE_UNIT ( ) SI_UNIT ( $, .RADIAN. ) );
#695 = EDGE_CURVE ( 'NONE', #342, #1290, #1417, .T. ) ;
#696 = PLANE ( 'NONE',  #986 ) ;
#697 = ORIENTED_EDGE ( 'NONE', *, *, #1490, .F. ) ;
#698 = EDGE_CURVE ( 'NONE', #1297, #987, #518, .T. ) ;
#699 = CARTESIAN_POINT ( 'NONE',  ( 1.347169921513936271E-17, 0.000000000000000000, 0.6000000000000001998 ) ) ;
#700 = LINE ( 'NONE', #935, #395 ) ;
#701 = AXIS2_PLACEMENT_3D ( 'NONE', #1055, #581, #7 ) ;
#702 = DIRECTION ( 'NONE',  ( -1.000000000000000000, 2.755654687592388790E-16, 0.000000000000000000 ) ) ;
#703 = CIRCLE ( 'NONE', #912, 0.1300000000000000044 ) ;
#704 = AXIS2_PLACEMENT_3D ( 'NONE', #859, #1000, #741 ) ;
#705 = CARTESIAN_POINT ( 'NONE',  ( -0.4000000000000000222, 0.000000000000000000, -0.5999999999999999778 ) ) ;
#706 = ORIENTED_EDGE ( 'NONE', *, *, #695, .F. ) ;
#707 = DIRECTION ( 'NONE',  ( -1.000000000000000000, 2.085004177856739069E-16, 0.000000000000000000 ) ) ;
#708 = ORIENTED_EDGE ( 'NONE', *, *, #809, .F. ) ;
#709 = CARTESIAN_POINT ( 'NONE',  ( -0.3999999999999999667, 0.2149999999999999412, 0.2000000000000000944 ) ) ;
#710 = CARTESIAN_POINT ( 'NONE',  ( -0.6750000000000000444, 0.5749999999999999556, -0.8750000000000000000 ) ) ;
#711 = DIRECTION ( 'NONE',  ( 0.000000000000000000, 1.000000000000000000, 0.000000000000000000 ) ) ;
#712 = MANIFOLD_SOLID_BREP ( 'Split1[1]', #791 ) ;
#713 = DIRECTION ( 'NONE',  ( -1.000000000000000000, 2.085004177856739069E-16, 0.000000000000000000 ) ) ;
#714 = EDGE_LOOP ( 'NONE', ( #383, #1122, #845, #1255 ) ) ;
#715 = CARTESIAN_POINT ( 'NONE',  ( 0.6750000000000000444, -2.210203610530034446, 0.8750000000000000000 ) ) ;
#716 = ADVANCED_FACE ( 'NONE', ( #288 ), #36, .T. ) ;
#717 = FACE_OUTER_BOUND ( 'NONE', #1327, .T. ) ;
#718 = CARTESIAN_POINT ( 'NONE',  ( -0.3999999999999999667, 0.1300000000000000044, -0.5999999999999999778 ) ) ;
#719 =( LENGTH_UNIT ( ) NAMED_UNIT ( * ) SI_UNIT ( .MILLI., .METRE. ) );
#720 = DIRECTION ( 'NONE',  ( -0.000000000000000000, 0.000000000000000000, -1.000000000000000000 ) ) ;
#721 =( GEOMETRIC_REPRESENTATION_CONTEXT ( 3 ) GLOBAL_UNCERTAINTY_ASSIGNED_CONTEXT ( ( #1090 ) ) GLOBAL_UNIT_ASSIGNED_CONTEXT ( ( #1229, #661, #893 ) ) REPRESENTATION_CONTEXT ( 'NONE', 'WORKASPACE' ) );
#722 = ORIENTED_EDGE ( 'NONE', *, *, #646, .T. ) ;
#723 = CIRCLE ( 'NONE', #882, 0.09836157786453009200 ) ;
#724 = CARTESIAN_POINT ( 'NONE',  ( -0.4983615778645300032, 0.2149999999999999689, 0.2000000000000000944 ) ) ;
#725 = CARTESIAN_POINT ( 'NONE',  ( 5.421010862427522170E-17, 0.2149999999999999134, -0.1999999999999999278 ) ) ;
#726 = AXIS2_PLACEMENT_3D ( 'NONE', #447, #652, #338 ) ;
#727 = COLOUR_RGB ( '',1.000000000000000000, 0.8117647058823529438, 0.4980392156862745168 ) ;
#728 = ADVANCED_FACE ( 'NONE', ( #1215 ), #1128, .T. ) ;
#729 = CIRCLE ( 'NONE', #66, 0.1300000000000000044 ) ;
#730 = CIRCLE ( 'NONE', #629, 0.09836157786453003649 ) ;
#731 =( NAMED_UNIT ( * ) PLANE_ANGLE_UNIT ( ) SI_UNIT ( $, .RADIAN. ) );
#732 = UNCERTAINTY_MEASURE_WITH_UNIT (LENGTH_MEASURE( 1.000000000000000082E-05 ), #719, 'distance_accuracy_value', 'NONE');
#733 = ORIENTED_EDGE ( 'NONE', *, *, #305, .T. ) ;
#734 = CARTESIAN_POINT ( 'NONE',  ( -0.3016384221354698192, 0.2149999999999999134, 0.6000000000000001998 ) ) ;
#735 = CARTESIAN_POINT ( 'NONE',  ( -0.3016384221354698192, 0.2149999999999999134, -0.5999999999999999778 ) ) ;
#736 = EDGE_CURVE ( 'NONE', #368, #216, #136, .T. ) ;
#737 = VERTEX_POINT ( 'NONE', #92 ) ;
#738 = FILL_AREA_STYLE ('',( #965 ) ) ;
#739 = ORIENTED_EDGE ( 'NONE', *, *, #909, .F. ) ;
#740 = DIRECTION ( 'NONE',  ( -2.521400401129081168E-16, -1.000000000000000000, 0.000000000000000000 ) ) ;
#741 = DIRECTION ( 'NONE',  ( -1.000000000000000000, 2.085004177856739069E-16, 0.000000000000000000 ) ) ;
#742 = VERTEX_POINT ( 'NONE', #671 ) ;
#743 = VERTEX_POINT ( 'NONE', #1451 ) ;
#744 = ADVANCED_FACE ( 'NONE', ( #552 ), #438, .T. ) ;
#745 = CARTESIAN_POINT ( 'NONE',  ( 5.421010862427522170E-17, 0.1300000000000000044, 0.2000000000000000944 ) ) ;
#746 = DIRECTION ( 'NONE',  ( -1.224646799147353207E-16, 3.087824930611581463E-32, 1.000000000000000000 ) ) ;
#747 = VECTOR ( 'NONE', #1130, 1000.000000000000000 ) ;
#748 =( GEOMETRIC_REPRESENTATION_CONTEXT ( 3 ) GLOBAL_UNCERTAINTY_ASSIGNED_CONTEXT ( ( #975 ) ) GLOBAL_UNIT_ASSIGNED_CONTEXT ( ( #1424, #1082, #265 ) ) REPRESENTATION_CONTEXT ( 'NONE', 'WORKASPACE' ) );
#749 = EDGE_LOOP ( 'NONE', ( #1387, #1276, #510 ) ) ;
#750 = AXIS2_PLACEMENT_3D ( 'NONE', #784, #1243, #87 ) ;
#751 = DIRECTION ( 'NONE',  ( 0.000000000000000000, 0.000000000000000000, -1.000000000000000000 ) ) ;
#752 = ORIENTED_EDGE ( 'NONE', *, *, #416, .F. ) ;
#753 = CIRCLE ( 'NONE', #403, 0.09836157786453009200 ) ;
#754 = EDGE_CURVE ( 'NONE', #861, #1308, #1355, .T. ) ;
#755 = DIRECTION ( 'NONE',  ( -1.000000000000000000, 2.755654687592388790E-16, 0.000000000000000000 ) ) ;
#756 = FACE_BOUND ( 'NONE', #593, .T. ) ;
#757 = ORIENTED_EDGE ( 'NONE', *, *, #72, .T. ) ;
#758 = SURFACE_SIDE_STYLE ('',( #495 ) ) ;
#759 = ORIENTED_EDGE ( 'NONE', *, *, #849, .F. ) ;
#760 = DIRECTION ( 'NONE',  ( -0.000000000000000000, 0.000000000000000000, -1.000000000000000000 ) ) ;
#761 = EDGE_CURVE ( 'NONE', #964, #430, #1318, .T. ) ;
#762 = VERTEX_POINT ( 'NONE', #1029 ) ;
#763 = FACE_OUTER_BOUND ( 'NONE', #423, .T. ) ;
#764 = EDGE_LOOP ( 'NONE', ( #579, #287, #952 ) ) ;
#765 = FACE_OUTER_BOUND ( 'NONE', #1226, .T. ) ;
#766 = DIRECTION ( 'NONE',  ( -1.000000000000000000, 2.755654687592388790E-16, 0.000000000000000000 ) ) ;
#767 = AXIS2_PLACEMENT_3D ( 'NONE', #1119, #1027, #1457 ) ;
#768 = AXIS2_PLACEMENT_3D ( 'NONE', #166, #760, #267 ) ;
#769 = EDGE_CURVE ( 'NONE', #1238, #355, #205, .T. ) ;
#770 = STYLED_ITEM ( 'NONE', ( #1475 ), #530 ) ;
#771 = COLOUR_RGB ( '',0.7921568627450980005, 0.8196078431372548767, 0.9333333333333333481 ) ;
#772 = DIRECTION ( 'NONE',  ( 0.000000000000000000, 1.000000000000000000, 0.000000000000000000 ) ) ;
#773 = ORIENTED_EDGE ( 'NONE', *, *, #144, .F. ) ;
#774 = VECTOR ( 'NONE', #466, 1000.000000000000000 ) ;
#775 = CARTESIAN_POINT ( 'NONE',  ( -0.6750000000000000444, 0.2349999999999999589, 0.8750000000000000000 ) ) ;
#776 = CARTESIAN_POINT ( 'NONE',  ( -0.3999999999999999667, 0.1300000000000000044, -0.5999999999999999778 ) ) ;
#777 = SURFACE_STYLE_USAGE ( .BOTH. , #1412 ) ;
#778 = EDGE_CURVE ( 'NONE', #195, #77, #1247, .T. ) ;
#779 = CARTESIAN_POINT ( 'NONE',  ( -0.3999999999999999667, 0.2149999999999999412, -0.1999999999999999278 ) ) ;
#780 = ORIENTED_EDGE ( 'NONE', *, *, #273, .F. ) ;
#781 = LINE ( 'NONE', #1123, #747 ) ;
#782 = DIRECTION ( 'NONE',  ( 1.000000000000000000, 0.000000000000000000, 0.000000000000000000 ) ) ;
#783 = DIRECTION ( 'NONE',  ( -1.000000000000000000, 2.755654687592388790E-16, 0.000000000000000000 ) ) ;
#784 = CARTESIAN_POINT ( 'NONE',  ( 0.4000000000000000777, 0.2149999999999999412, 0.6000000000000001998 ) ) ;
#785 = DIRECTION ( 'NONE',  ( 2.521400401129081168E-16, 1.000000000000000000, -0.000000000000000000 ) ) ;
#786 = ORIENTED_EDGE ( 'NONE', *, *, #1007, .T. ) ;
#787 = SURFACE_STYLE_USAGE ( .BOTH. , #192 ) ;
#788 = ADVANCED_FACE ( 'NONE', ( #1335 ), #1458, .F. ) ;
#789 = DIRECTION ( 'NONE',  ( -1.000000000000000000, 2.755654687592390269E-16, 0.000000000000000000 ) ) ;
#790 = EDGE_CURVE ( 'NONE', #683, #158, #319, .T. ) ;
#791 = CLOSED_SHELL ( 'NONE', ( #408, #1446, #1332, #1186, #863, #874 ) ) ;
#792 = VECTOR ( 'NONE', #1338, 1000.000000000000000 ) ;
#793 = PLANE ( 'NONE',  #370 ) ;
#794 = DIRECTION ( 'NONE',  ( 0.000000000000000000, 0.000000000000000000, 1.000000000000000000 ) ) ;
#795 = ORIENTED_EDGE ( 'NONE', *, *, #374, .F. ) ;
#796 = MECHANICAL_DESIGN_GEOMETRIC_PRESENTATION_REPRESENTATION (  '', ( #985 ), #748 ) ;
#797 =( LENGTH_UNIT ( ) NAMED_UNIT ( * ) SI_UNIT ( .MILLI., .METRE. ) );
#798 = AXIS2_PLACEMENT_3D ( 'NONE', #96, #1133, #311 ) ;
#799 = COLOUR_RGB ( '',0.7921568627450980005, 0.8196078431372548767, 0.9333333333333333481 ) ;
#800 = DIRECTION ( 'NONE',  ( 2.521400401129081168E-16, 1.000000000000000000, -0.000000000000000000 ) ) ;
#801 = CARTESIAN_POINT ( 'NONE',  ( 5.421010862427522170E-17, 0.2149999999999999412, -0.1999999999999999278 ) ) ;
#802 = ORIENTED_EDGE ( 'NONE', *, *, #1207, .T. ) ;
#803 = SURFACE_SIDE_STYLE ('',( #904 ) ) ;
#804 = DIRECTION ( 'NONE',  ( -0.000000000000000000, 0.000000000000000000, -1.000000000000000000 ) ) ;
#805 = ORIENTED_EDGE ( 'NONE', *, *, #1376, .F. ) ;
#806 = DIRECTION ( 'NONE',  ( -1.224646799147353207E-16, 3.087824930611581463E-32, 1.000000000000000000 ) ) ;
#807 = SURFACE_STYLE_FILL_AREA ( #460 ) ;
#808 = ADVANCED_FACE ( 'NONE', ( #763 ), #1230, .T. ) ;
#809 = EDGE_CURVE ( 'NONE', #216, #368, #375, .T. ) ;
#810 = PLANE ( 'NONE',  #472 ) ;
#811 = DIRECTION ( 'NONE',  ( 2.521400401129081168E-16, 1.000000000000000000, -0.000000000000000000 ) ) ;
#812 = EDGE_LOOP ( 'NONE', ( #151, #722, #35 ) ) ;
#813 = DIRECTION ( 'NONE',  ( -0.000000000000000000, 0.000000000000000000, -1.000000000000000000 ) ) ;
#814 = CARTESIAN_POINT ( 'NONE',  ( 0.4000000000000000777, 0.2149999999999999412, 0.2000000000000000944 ) ) ;
#815 = DIRECTION ( 'NONE',  ( 1.000000000000000000, -2.521400401129081168E-16, 0.000000000000000000 ) ) ;
#816 = ORIENTED_EDGE ( 'NONE', *, *, #1399, .T. ) ;
#817 = COLOUR_RGB ( '',0.7921568627450980005, 0.8196078431372548767, 0.9333333333333333481 ) ;
#818 = DIRECTION ( 'NONE',  ( 1.000000000000000000, 0.000000000000000000, 0.000000000000000000 ) ) ;
#819 = AXIS2_PLACEMENT_3D ( 'NONE', #483, #354, #247 ) ;
#820 = CARTESIAN_POINT ( 'NONE',  ( 5.421010862427522170E-17, 0.2149999999999999412, 0.2000000000000000944 ) ) ;
#821 = DIRECTION ( 'NONE',  ( -0.000000000000000000, 0.000000000000000000, -1.000000000000000000 ) ) ;
#822 = CIRCLE ( 'NONE', #1302, 0.1300000000000000044 ) ;
#823 = CIRCLE ( 'NONE', #1304, 0.1300000000000000044 ) ;
#824 = CARTESIAN_POINT ( 'NONE',  ( -0.6750000000000000444, 0.2349999999999999589, -0.8750000000000000000 ) ) ;
#825 = DIRECTION ( 'NONE',  ( 0.000000000000000000, 0.000000000000000000, 1.000000000000000000 ) ) ;
#826 = EDGE_LOOP ( 'NONE', ( #294, #1257 ) ) ;
#827 = ADVANCED_FACE ( 'NONE', ( #1120 ), #1114, .F. ) ;
#828 = CARTESIAN_POINT ( 'NONE',  ( -0.4983615778645300032, 0.2149999999999999689, -0.5999999999999999778 ) ) ;
#829 = CARTESIAN_POINT ( 'NONE',  ( 0.6750000000000000444, 0.2349999999999999589, -0.8750000000000000000 ) ) ;
#830 = PLANE ( 'NONE',  #1392 ) ;
#831 = FILL_AREA_STYLE_COLOUR ( '', #1241 ) ;
#832 = DIRECTION ( 'NONE',  ( -1.000000000000000000, 0.000000000000000000, 0.000000000000000000 ) ) ;
#833 = UNCERTAINTY_MEASURE_WITH_UNIT (LENGTH_MEASURE( 1.000000000000000082E-05 ), #396, 'distance_accuracy_value', 'NONE');
#834 = ORIENTED_EDGE ( 'NONE', *, *, #1224, .F. ) ;
#835 = VERTEX_POINT ( 'NONE', #186 ) ;
#836 = EDGE_CURVE ( 'NONE', #430, #964, #1087, .T. ) ;
#837 = CARTESIAN_POINT ( 'NONE',  ( -0.6750000000000000444, 0.2349999999999999589, 0.8750000000000000000 ) ) ;
#838 = FACE_OUTER_BOUND ( 'NONE', #148, .T. ) ;
#839 = AXIS2_PLACEMENT_3D ( 'NONE', #371, #1294, #146 ) ;
#840 = CARTESIAN_POINT ( 'NONE',  ( -0.4899999999999999911, 0.5250000000000000222, -0.7825000000000000844 ) ) ;
#841 = DIRECTION ( 'NONE',  ( 0.000000000000000000, 0.000000000000000000, 1.000000000000000000 ) ) ;
#842 = EDGE_CURVE ( 'NONE', #690, #52, #682, .T. ) ;
#843 = STYLED_ITEM ( 'NONE', ( #502 ), #687 ) ;
#844 = STYLED_ITEM ( 'NONE', ( #1006 ), #493 ) ;
#845 = ORIENTED_EDGE ( 'NONE', *, *, #292, .T. ) ;
#846 = SURFACE_STYLE_USAGE ( .BOTH. , #758 ) ;
#847 = FACE_OUTER_BOUND ( 'NONE', #749, .T. ) ;
#848 = DIRECTION ( 'NONE',  ( -1.000000000000000000, 0.000000000000000000, 0.000000000000000000 ) ) ;
#849 = EDGE_CURVE ( 'NONE', #1459, #457, #535, .T. ) ;
#850 = EDGE_CURVE ( 'NONE', #742, #887, #127, .T. ) ;
#851 = ORIENTED_EDGE ( 'NONE', *, *, #133, .F. ) ;
#852 = EDGE_LOOP ( 'NONE', ( #834, #105, #1180, #1049 ) ) ;
#853 = SURFACE_STYLE_FILL_AREA ( #386 ) ;
#854 = CARTESIAN_POINT ( 'NONE',  ( -0.6750000000000000444, -2.210203610530034446, -0.8750000000000000000 ) ) ;
#855 = ORIENTED_EDGE ( 'NONE', *, *, #176, .T. ) ;
#856 = ORIENTED_EDGE ( 'NONE', *, *, #176, .F. ) ;
#857 = CIRCLE ( 'NONE', #321, 0.09836157786453003649 ) ;
#858 = CARTESIAN_POINT ( 'NONE',  ( -0.6750000000000000444, -2.210203610530034446, 0.8750000000000000000 ) ) ;
#859 = CARTESIAN_POINT ( 'NONE',  ( -0.3999999999999999667, 0.1300000000000000044, 0.2000000000000000944 ) ) ;
#860 = AXIS2_PLACEMENT_3D ( 'NONE', #1286, #1174, #129 ) ;
#861 = VERTEX_POINT ( 'NONE', #592 ) ;
#862 =( GEOMETRIC_REPRESENTATION_CONTEXT ( 3 ) GLOBAL_UNCERTAINTY_ASSIGNED_CONTEXT ( ( #1413 ) ) GLOBAL_UNIT_ASSIGNED_CONTEXT ( ( #1187, #34, #525 ) ) REPRESENTATION_CONTEXT ( 'NONE', 'WORKASPACE' ) );
#863 = ADVANCED_FACE ( 'NONE', ( #1289 ), #468, .T. ) ;
#864 = ORIENTED_EDGE ( 'NONE', *, *, #353, .F. ) ;
#865 = AXIS2_PLACEMENT_3D ( 'NONE', #48, #873, #524 ) ;
#866 = DIRECTION ( 'NONE',  ( 2.521400401129081168E-16, 1.000000000000000000, -0.000000000000000000 ) ) ;
#867 = PLANE ( 'NONE',  #379 ) ;
#868 = CARTESIAN_POINT ( 'NONE',  ( 0.4000000000000000777, 0.1300000000000000044, 0.2000000000000000944 ) ) ;
#869 = EDGE_LOOP ( 'NONE', ( #366, #1216, #708 ) ) ;
#870 = DIRECTION ( 'NONE',  ( 0.000000000000000000, 0.000000000000000000, 1.000000000000000000 ) ) ;
#871 = VERTEX_POINT ( 'NONE', #245 ) ;
#872 = DIRECTION ( 'NONE',  ( -1.000000000000000000, 2.085004177856739069E-16, 0.000000000000000000 ) ) ;
#873 = DIRECTION ( 'NONE',  ( 0.000000000000000000, 0.000000000000000000, 1.000000000000000000 ) ) ;
#874 = ADVANCED_FACE ( 'NONE', ( #1282 ), #1377, .T. ) ;
#875 =( NAMED_UNIT ( * ) SI_UNIT ( $, .STERADIAN. ) SOLID_ANGLE_UNIT ( ) );
#876 =( LENGTH_UNIT ( ) NAMED_UNIT ( * ) SI_UNIT ( .MILLI., .METRE. ) );
#877 = DIRECTION ( 'NONE',  ( 0.000000000000000000, 1.000000000000000000, 0.000000000000000000 ) ) ;
#878 = ORIENTED_EDGE ( 'NONE', *, *, #1375, .T. ) ;
#879 = SURFACE_STYLE_USAGE ( .BOTH. , #911 ) ;
#880 = DIRECTION ( 'NONE',  ( -1.000000000000000000, 2.085004177856739069E-16, 0.000000000000000000 ) ) ;
#881 = DIRECTION ( 'NONE',  ( 1.000000000000000000, 0.000000000000000000, 2.085004177856739315E-16 ) ) ;
#882 = AXIS2_PLACEMENT_3D ( 'NONE', #814, #1266, #227 ) ;
#883 = ORIENTED_EDGE ( 'NONE', *, *, #1472, .F. ) ;
#884 = CIRCLE ( 'NONE', #726, 0.1300000000000000044 ) ;
#885 = AXIS2_PLACEMENT_3D ( 'NONE', #662, #1237, #296 ) ;
#886 = DIRECTION ( 'NONE',  ( 0.000000000000000000, 0.000000000000000000, 1.000000000000000000 ) ) ;
#887 = VERTEX_POINT ( 'NONE', #120 ) ;
#888 = AXIS2_PLACEMENT_3D ( 'NONE', #639, #984, #145 ) ;
#889 = SURFACE_STYLE_FILL_AREA ( #531 ) ;
#890 = VECTOR ( 'NONE', #453, 1000.000000000000000 ) ;
#891 = DIRECTION ( 'NONE',  ( 2.521400401129081168E-16, 1.000000000000000000, -0.000000000000000000 ) ) ;
#892 = CARTESIAN_POINT ( 'NONE',  ( 0.4000000000000000777, 0.1300000000000000044, -0.1999999999999999278 ) ) ;
#893 =( NAMED_UNIT ( * ) SI_UNIT ( $, .STERADIAN. ) SOLID_ANGLE_UNIT ( ) );
#894 = EDGE_CURVE ( 'NONE', #342, #861, #915, .T. ) ;
#895 = CARTESIAN_POINT ( 'NONE',  ( -0.4899999999999999911, 0.5250000000000000222, -0.6900000000000000577 ) ) ;
#896 = ORIENTED_EDGE ( 'NONE', *, *, #1085, .T. ) ;
#897 = SURFACE_STYLE_FILL_AREA ( #1233 ) ;
#898 = DIRECTION ( 'NONE',  ( 0.000000000000000000, 0.000000000000000000, 1.000000000000000000 ) ) ;
#899 = CARTESIAN_POINT ( 'NONE',  ( 0.4000000000000000777, 0.1300000000000000044, -0.5999999999999999778 ) ) ;
#900 = CARTESIAN_POINT ( 'NONE',  ( -0.6750000000000000444, 0.5749999999999999556, 0.8750000000000000000 ) ) ;
#901 = ORIENTED_EDGE ( 'NONE', *, *, #1191, .F. ) ;
#902 = CARTESIAN_POINT ( 'NONE',  ( -0.3999999999999999667, 0.2149999999999999412, 0.6000000000000001998 ) ) ;
#903 = CARTESIAN_POINT ( 'NONE',  ( -0.4983615778645300032, 0.2149999999999999689, 0.6000000000000001998 ) ) ;
#904 = SURFACE_STYLE_FILL_AREA ( #1135 ) ;
#905 = VECTOR ( 'NONE', #589, 1000.000000000000000 ) ;
#906 = CARTESIAN_POINT ( 'NONE',  ( -0.3999999999999999667, 0.1300000000000000044, 0.6000000000000001998 ) ) ;
#907 = EDGE_LOOP ( 'NONE', ( #805, #1423, #1129 ) ) ;
#908 = VECTOR ( 'NONE', #164, 1000.000000000000000 ) ;
#909 = EDGE_CURVE ( 'NONE', #445, #368, #547, .T. ) ;
#910 = FILL_AREA_STYLE_COLOUR ( '', #983 ) ;
#911 = SURFACE_SIDE_STYLE ('',( #658 ) ) ;
#912 = AXIS2_PLACEMENT_3D ( 'NONE', #1176, #1037, #689 ) ;
#913 = MECHANICAL_DESIGN_GEOMETRIC_PRESENTATION_REPRESENTATION (  '', ( #844 ), #679 ) ;
#914 = CARTESIAN_POINT ( 'NONE',  ( -0.3016384221354698192, 0.2149999999999999134, 0.2000000000000000944 ) ) ;
#915 = LINE ( 'NONE', #359, #1440 ) ;
#916 = EDGE_LOOP ( 'NONE', ( #44, #198 ) ) ;
#917 = DIRECTION ( 'NONE',  ( 0.000000000000000000, 0.000000000000000000, 1.000000000000000000 ) ) ;
#918 = DIRECTION ( 'NONE',  ( 1.000000000000000000, -2.521400401129081168E-16, 0.000000000000000000 ) ) ;
#919 =( NAMED_UNIT ( * ) PLANE_ANGLE_UNIT ( ) SI_UNIT ( $, .RADIAN. ) );
#920 = EDGE_CURVE ( 'NONE', #642, #1292, #454, .T. ) ;
#921 =( LENGTH_UNIT ( ) NAMED_UNIT ( * ) SI_UNIT ( .MILLI., .METRE. ) );
#922 = ORIENTED_EDGE ( 'NONE', *, *, #1349, .F. ) ;
#923 = DIRECTION ( 'NONE',  ( -1.224646799147353207E-16, 3.087824930611581463E-32, 1.000000000000000000 ) ) ;
#924 = DIRECTION ( 'NONE',  ( 0.000000000000000000, 0.000000000000000000, -1.000000000000000000 ) ) ;
#925 = EDGE_CURVE ( 'NONE', #289, #187, #377, .T. ) ;
#926 = DIRECTION ( 'NONE',  ( -2.521400401129081168E-16, -1.000000000000000000, 0.000000000000000000 ) ) ;
#927 = CLOSED_SHELL ( 'NONE', ( #448, #419, #1330 ) ) ;
#928 = CARTESIAN_POINT ( 'NONE',  ( 0.4983615778645302252, 0.2149999999999999134, 0.2000000000000000944 ) ) ;
#929 = ORIENTED_EDGE ( 'NONE', *, *, #193, .T. ) ;
#930 = CIRCLE ( 'NONE', #1217, 0.09836157786453009200 ) ;
#931 = CIRCLE ( 'NONE', #1360, 0.1300000000000000044 ) ;
#932 = CARTESIAN_POINT ( 'NONE',  ( 0.4983615778645302252, 0.2149999999999999134, -0.1999999999999999278 ) ) ;
#933 = VERTEX_POINT ( 'NONE', #928 ) ;
#934 = MECHANICAL_DESIGN_GEOMETRIC_PRESENTATION_REPRESENTATION (  '', ( #325 ), #1438 ) ;
#935 = CARTESIAN_POINT ( 'NONE',  ( 0.6750000000000000444, 0.5749999999999999556, 0.8750000000000000000 ) ) ;
#936 = PRESENTATION_LAYER_ASSIGNMENT (  '', '', ( #843 ) ) ;
#937 = DIRECTION ( 'NONE',  ( -2.521400401129081168E-16, -1.000000000000000000, 0.000000000000000000 ) ) ;
#938 = CIRCLE ( 'NONE', #750, 0.09836157786453009200 ) ;
#939 = AXIS2_PLACEMENT_3D ( 'NONE', #200, #218, #79 ) ;
#940 = CARTESIAN_POINT ( 'NONE',  ( -0.4899999999999999911, 0.5749999999999999556, -0.6900000000000000577 ) ) ;
#941 = EDGE_LOOP ( 'NONE', ( #362, #1069, #210 ) ) ;
#942 = EDGE_CURVE ( 'NONE', #6, #121, #703, .T. ) ;
#943 =( NAMED_UNIT ( * ) SI_UNIT ( $, .STERADIAN. ) SOLID_ANGLE_UNIT ( ) );
#944 = SPHERICAL_SURFACE ( 'NONE', #43, 0.1300000000000000044 ) ;
#945 = CARTESIAN_POINT ( 'NONE',  ( -0.4899999999999999911, 0.5250000000000000222, -0.5975000000000000311 ) ) ;
#946 = FILL_AREA_STYLE ('',( #279 ) ) ;
#947 = VERTEX_POINT ( 'NONE', #1480 ) ;
#948 = CARTESIAN_POINT ( 'NONE',  ( 0.09836157786453016139, 0.2149999999999999134, 0.2000000000000000944 ) ) ;
#949 = VERTEX_POINT ( 'NONE', #462 ) ;
#950 = PLANE ( 'NONE',  #839 ) ;
#951 = FACE_OUTER_BOUND ( 'NONE', #170, .T. ) ;
#952 = ORIENTED_EDGE ( 'NONE', *, *, #969, .F. ) ;
#953 = PRESENTATION_LAYER_ASSIGNMENT (  '', '', ( #1410 ) ) ;
#954 = PRESENTATION_LAYER_ASSIGNMENT (  '', '', ( #199 ) ) ;
#955 = CIRCLE ( 'NONE', #297, 0.1300000000000000044 ) ;
#956 = ADVANCED_FACE ( 'NONE', ( #1150 ), #336, .T. ) ;
#957 = CARTESIAN_POINT ( 'NONE',  ( 5.421010862427522170E-17, 0.1300000000000000044, -0.5999999999999999778 ) ) ;
#958 = DIRECTION ( 'NONE',  ( -1.000000000000000000, 2.085004177856739069E-16, 0.000000000000000000 ) ) ;
#959 = PRESENTATION_LAYER_ASSIGNMENT (  '', '', ( #770 ) ) ;
#960 = ADVANCED_FACE ( 'NONE', ( #444 ), #567, .T. ) ;
#961 =( GEOMETRIC_REPRESENTATION_CONTEXT ( 3 ) GLOBAL_UNCERTAINTY_ASSIGNED_CONTEXT ( ( #833 ) ) GLOBAL_UNIT_ASSIGNED_CONTEXT ( ( #396, #281, #51 ) ) REPRESENTATION_CONTEXT ( 'NONE', 'WORKASPACE' ) );
#962 = AXIS2_PLACEMENT_3D ( 'NONE', #1396, #811, #1263 ) ;
#963 = AXIS2_PLACEMENT_3D ( 'NONE', #1403, #486, #702 ) ;
#964 = VERTEX_POINT ( 'NONE', #1488 ) ;
#965 = FILL_AREA_STYLE_COLOUR ( '', #727 ) ;
#966 = ORIENTED_EDGE ( 'NONE', *, *, #842, .F. ) ;
#967 = CARTESIAN_POINT ( 'NONE',  ( 5.421010862427522170E-17, 0.1300000000000000044, -0.1999999999999999278 ) ) ;
#968 = CARTESIAN_POINT ( 'NONE',  ( 0.6750000000000000444, 0.2349999999999999589, 0.8750000000000000000 ) ) ;
#969 = EDGE_CURVE ( 'NONE', #115, #503, #575, .T. ) ;
#970 = ORIENTED_EDGE ( 'NONE', *, *, #497, .T. ) ;
#971 = SURFACE_STYLE_FILL_AREA ( #171 ) ;
#972 = ORIENTED_EDGE ( 'NONE', *, *, #1207, .F. ) ;
#973 = DIRECTION ( 'NONE',  ( 0.000000000000000000, 0.000000000000000000, 1.000000000000000000 ) ) ;
#974 = ADVANCED_FACE ( 'NONE', ( #222 ), #696, .F. ) ;
#975 = UNCERTAINTY_MEASURE_WITH_UNIT (LENGTH_MEASURE( 1.000000000000000082E-05 ), #1424, 'distance_accuracy_value', 'NONE');
#976 = EDGE_LOOP ( 'NONE', ( #1178, #413, #922 ) ) ;
#977 = ORIENTED_EDGE ( 'NONE', *, *, #1078, .T. ) ;
#978 = CLOSED_SHELL ( 'NONE', ( #458, #369, #1341 ) ) ;
#979 = MECHANICAL_DESIGN_GEOMETRIC_PRESENTATION_REPRESENTATION (  '', ( #199 ), #721 ) ;
#980 = CARTESIAN_POINT ( 'NONE',  ( 0.4000000000000000777, 0.1300000000000000044, 0.6000000000000001998 ) ) ;
#981 = CARTESIAN_POINT ( 'NONE',  ( 0.4000000000000000777, 0.1300000000000000044, -0.1999999999999999278 ) ) ;
#982 = VECTOR ( 'NONE', #924, 1000.000000000000000 ) ;
#983 = COLOUR_RGB ( '',0.7921568627450980005, 0.8196078431372548767, 0.9333333333333333481 ) ;
#984 = DIRECTION ( 'NONE',  ( 0.000000000000000000, 0.000000000000000000, -1.000000000000000000 ) ) ;
#985 = STYLED_ITEM ( 'NONE', ( #378 ), #712 ) ;
#986 = AXIS2_PLACEMENT_3D ( 'NONE', #1385, #1158, #815 ) ;
#987 = VERTEX_POINT ( 'NONE', #1048 ) ;
#988 = CIRCLE ( 'NONE', #330, 0.1300000000000000044 ) ;
#989 = ORIENTED_EDGE ( 'NONE', *, *, #842, .T. ) ;
#990 = VECTOR ( 'NONE', #590, 1000.000000000000000 ) ;
#991 = CARTESIAN_POINT ( 'NONE',  ( 5.421010862427522170E-17, 0.1300000000000000044, -0.5999999999999999778 ) ) ;
#992 = CARTESIAN_POINT ( 'NONE',  ( -0.3999999999999999667, 0.2149999999999999412, -0.5999999999999999778 ) ) ;
#993 = APPLICATION_CONTEXT ( 'automotive_design' ) ;
#994 = PLANE ( 'NONE',  #888 ) ;
#995 = VERTEX_POINT ( 'NONE', #705 ) ;
#996 = DIRECTION ( 'NONE',  ( 0.000000000000000000, 1.000000000000000000, 0.000000000000000000 ) ) ;
#997 = ORIENTED_EDGE ( 'NONE', *, *, #1143, .T. ) ;
#998 = ADVANCED_FACE ( 'NONE', ( #114 ), #1054, .T. ) ;
#999 = SURFACE_SIDE_STYLE ('',( #889 ) ) ;
#1000 = DIRECTION ( 'NONE',  ( 0.000000000000000000, 0.000000000000000000, 1.000000000000000000 ) ) ;
#1001 = FILL_AREA_STYLE_COLOUR ( '', #521 ) ;
#1002 = SURFACE_STYLE_USAGE ( .BOTH. , #803 ) ;
#1003 = DIRECTION ( 'NONE',  ( 0.000000000000000000, 0.000000000000000000, -1.000000000000000000 ) ) ;
#1004 = ORIENTED_EDGE ( 'NONE', *, *, #836, .T. ) ;
#1005 = PRESENTATION_STYLE_ASSIGNMENT (( #787 ) ) ;
#1006 = PRESENTATION_STYLE_ASSIGNMENT (( #879 ) ) ;
#1007 = EDGE_CURVE ( 'NONE', #1390, #743, #1223, .T. ) ;
#1008 = DIRECTION ( 'NONE',  ( -1.000000000000000000, 2.085004177856739069E-16, 0.000000000000000000 ) ) ;
#1009 = MECHANICAL_DESIGN_GEOMETRIC_PRESENTATION_REPRESENTATION (  '', ( #13 ), #108 ) ;
#1010 = EDGE_CURVE ( 'NONE', #99, #933, #822, .T. ) ;
#1011 = AXIS2_PLACEMENT_3D ( 'NONE', #691, #117, #1152 ) ;
#1012 =( GEOMETRIC_REPRESENTATION_CONTEXT ( 3 ) GLOBAL_UNCERTAINTY_ASSIGNED_CONTEXT ( ( #1397 ) ) GLOBAL_UNIT_ASSIGNED_CONTEXT ( ( #1104, #1209, #272 ) ) REPRESENTATION_CONTEXT ( 'NONE', 'WORKASPACE' ) );
#1013 = CARTESIAN_POINT ( 'NONE',  ( -0.4899999999999999911, 0.5749999999999999556, -0.6900000000000000577 ) ) ;
#1014 = ORIENTED_EDGE ( 'NONE', *, *, #532, .T. ) ;
#1015 =( LENGTH_UNIT ( ) NAMED_UNIT ( * ) SI_UNIT ( .MILLI., .METRE. ) );
#1016 = AXIS2_PLACEMENT_3D ( 'NONE', #981, #387, #638 ) ;
#1017 = PRODUCT_DEFINITION_FORMATION_WITH_SPECIFIED_SOURCE ( 'ANY', '', #608, .NOT_KNOWN. ) ;
#1018 = FACE_OUTER_BOUND ( 'NONE', #1414, .T. ) ;
#1019 = ORIENTED_EDGE ( 'NONE', *, *, #505, .F. ) ;
#1020 = DIRECTION ( 'NONE',  ( 0.000000000000000000, 0.000000000000000000, 1.000000000000000000 ) ) ;
#1021 = ORIENTED_EDGE ( 'NONE', *, *, #193, .F. ) ;
#1022 = CARTESIAN_POINT ( 'NONE',  ( 0.000000000000000000, 0.000000000000000000, 0.000000000000000000 ) ) ;
#1023 = MANIFOLD_SOLID_BREP ( 'LPattern1[3]', #927 ) ;
#1024 = CARTESIAN_POINT ( 'NONE',  ( -0.09836157786453003649, 0.2149999999999999689, 0.2000000000000000944 ) ) ;
#1025 = DIRECTION ( 'NONE',  ( -1.000000000000000000, 2.755654687592388790E-16, 0.000000000000000000 ) ) ;
#1026 = MANIFOLD_SOLID_BREP ( 'LPattern1[8]', #225 ) ;
#1027 = DIRECTION ( 'NONE',  ( 0.000000000000000000, 1.000000000000000000, 0.000000000000000000 ) ) ;
#1028 = ADVANCED_FACE ( 'NONE', ( #169 ), #994, .T. ) ;
#1029 = CARTESIAN_POINT ( 'NONE',  ( 0.09836157786453016139, 0.2149999999999999134, 0.6000000000000001998 ) ) ;
#1030 = ORIENTED_EDGE ( 'NONE', *, *, #778, .F. ) ;
#1031 = FILL_AREA_STYLE_COLOUR ( '', #476 ) ;
#1032 = APPLICATION_PROTOCOL_DEFINITION ( 'draft international standard', 'automotive_design', 1998, #436 ) ;
#1033 = CARTESIAN_POINT ( 'NONE',  ( 0.4000000000000000222, 0.000000000000000000, 0.2000000000000000944 ) ) ;
#1034 = FACE_OUTER_BOUND ( 'NONE', #177, .T. ) ;
#1035 = AXIS2_PLACEMENT_3D ( 'NONE', #776, #310, #1227 ) ;
#1036 = SURFACE_SIDE_STYLE ('',( #1060 ) ) ;
#1037 = DIRECTION ( 'NONE',  ( -1.224646799147353207E-16, 3.087824930611581463E-32, 1.000000000000000000 ) ) ;
#1038 = ORIENTED_EDGE ( 'NONE', *, *, #1096, .F. ) ;
#1039 = AXIS2_PLACEMENT_3D ( 'NONE', #1326, #772, #870 ) ;
#1040 = SPHERICAL_SURFACE ( 'NONE', #1272, 0.1300000000000000044 ) ;
#1041 = EDGE_CURVE ( 'NONE', #617, #1093, #184, .T. ) ;
#1042 = COLOUR_RGB ( '',0.7921568627450980005, 0.8196078431372548767, 0.9333333333333333481 ) ;
#1043 = MANIFOLD_SOLID_BREP ( 'LPattern1[9]', #470 ) ;
#1044 = VECTOR ( 'NONE', #357, 1000.000000000000000 ) ;
#1045 = CARTESIAN_POINT ( 'NONE',  ( -0.6750000000000000444, 0.5749999999999999556, 0.8750000000000000000 ) ) ;
#1046 = DIRECTION ( 'NONE',  ( 0.000000000000000000, -1.000000000000000000, 0.000000000000000000 ) ) ;
#1047 = MANIFOLD_SOLID_BREP ( 'LPattern1[10]', #1195 ) ;
#1048 = CARTESIAN_POINT ( 'NONE',  ( 0.4983615778645302252, 0.2149999999999999134, 0.6000000000000001998 ) ) ;
#1049 = ORIENTED_EDGE ( 'NONE', *, *, #398, .F. ) ;
#1050 = DIRECTION ( 'NONE',  ( 0.000000000000000000, 1.000000000000000000, 0.000000000000000000 ) ) ;
#1051 = PLANE ( 'NONE',  #571 ) ;
#1052 = CARTESIAN_POINT ( 'NONE',  ( 0.6750000000000000444, 0.5749999999999999556, -0.8750000000000000000 ) ) ;
#1053 = LINE ( 'NONE', #111, #421 ) ;
#1054 = SPHERICAL_SURFACE ( 'NONE', #255, 0.1300000000000000044 ) ;
#1055 = CARTESIAN_POINT ( 'NONE',  ( 0.4000000000000000777, 0.1300000000000000044, -0.5999999999999999778 ) ) ;
#1056 = CARTESIAN_POINT ( 'NONE',  ( -0.4983615778645300032, 0.2149999999999999689, -0.1999999999999999278 ) ) ;
#1057 = DIRECTION ( 'NONE',  ( 2.521400401129081168E-16, 1.000000000000000000, -0.000000000000000000 ) ) ;
#1058 = CLOSED_SHELL ( 'NONE', ( #580, #1076, #582 ) ) ;
#1059 = ADVANCED_FACE ( 'NONE', ( #102 ), #1267, .T. ) ;
#1060 = SURFACE_STYLE_FILL_AREA ( #1262 ) ;
#1061 = DIRECTION ( 'NONE',  ( -1.000000000000000000, 0.000000000000000000, 0.000000000000000000 ) ) ;
#1062 = ORIENTED_EDGE ( 'NONE', *, *, #437, .F. ) ;
#1063 = CIRCLE ( 'NONE', #201, 0.09836157786453009200 ) ;
#1064 = ORIENTED_EDGE ( 'NONE', *, *, #894, .T. ) ;
#1065 = STYLED_ITEM ( 'NONE', ( #1005 ), #534 ) ;
#1066 = CARTESIAN_POINT ( 'NONE',  ( -0.09836157786453003649, 0.2149999999999999689, 0.6000000000000001998 ) ) ;
#1067 = DIRECTION ( 'NONE',  ( -1.000000000000000000, 2.085004177856739069E-16, 0.000000000000000000 ) ) ;
#1068 = PRESENTATION_LAYER_ASSIGNMENT (  '', '', ( #113 ) ) ;
#1069 = ORIENTED_EDGE ( 'NONE', *, *, #106, .T. ) ;
#1070 = SPHERICAL_SURFACE ( 'NONE', #1011, 0.1300000000000000044 ) ;
#1071 = DIRECTION ( 'NONE',  ( -2.521400401129081168E-16, -1.000000000000000000, 0.000000000000000000 ) ) ;
#1072 = LINE ( 'NONE', #615, #1465 ) ;
#1073 =( LENGTH_UNIT ( ) NAMED_UNIT ( * ) SI_UNIT ( .MILLI., .METRE. ) );
#1074 = UNCERTAINTY_MEASURE_WITH_UNIT (LENGTH_MEASURE( 1.000000000000000082E-05 ), #300, 'distance_accuracy_value', 'NONE');
#1075 = ORIENTED_EDGE ( 'NONE', *, *, #790, .F. ) ;
#1076 = ADVANCED_FACE ( 'NONE', ( #693 ), #317, .F. ) ;
#1077 = DIRECTION ( 'NONE',  ( 2.521400401129081168E-16, 1.000000000000000000, -0.000000000000000000 ) ) ;
#1078 = EDGE_CURVE ( 'NONE', #737, #617, #1463, .T. ) ;
#1079 = DIRECTION ( 'NONE',  ( 0.000000000000000000, 0.000000000000000000, 1.000000000000000000 ) ) ;
#1080 = FACE_OUTER_BOUND ( 'NONE', #764, .T. ) ;
#1081 = EDGE_LOOP ( 'NONE', ( #246, #1452 ) ) ;
#1082 =( NAMED_UNIT ( * ) PLANE_ANGLE_UNIT ( ) SI_UNIT ( $, .RADIAN. ) );
#1083 = ORIENTED_EDGE ( 'NONE', *, *, #698, .F. ) ;
#1084 = AXIS2_PLACEMENT_3D ( 'NONE', #380, #276, #159 ) ;
#1085 = EDGE_CURVE ( 'NONE', #355, #1238, #1201, .T. ) ;
#1086 = DIRECTION ( 'NONE',  ( -1.000000000000000000, 2.085004177856739069E-16, 0.000000000000000000 ) ) ;
#1087 = CIRCLE ( 'NONE', #1246, 0.09250000000000002665 ) ;
#1088 = STYLED_ITEM ( 'NONE', ( #1154 ), #1047 ) ;
#1089 = AXIS2_PLACEMENT_3D ( 'NONE', #220, #1057, #1287 ) ;
#1090 = UNCERTAINTY_MEASURE_WITH_UNIT (LENGTH_MEASURE( 1.000000000000000082E-05 ), #1229, 'distance_accuracy_value', 'NONE');
#1091 = VERTEX_POINT ( 'NONE', #903 ) ;
#1092 = AXIS2_PLACEMENT_3D ( 'NONE', #1022, #315, #782 ) ;
#1093 = VERTEX_POINT ( 'NONE', #1142 ) ;
#1094 = SURFACE_STYLE_USAGE ( .BOTH. , #1311 ) ;
#1095 = DIRECTION ( 'NONE',  ( 0.000000000000000000, -0.000000000000000000, -1.000000000000000000 ) ) ;
#1096 = EDGE_CURVE ( 'NONE', #987, #1297, #938, .T. ) ;
#1097 = ORIENTED_EDGE ( 'NONE', *, *, #1254, .T. ) ;
#1098 = ORIENTED_EDGE ( 'NONE', *, *, #133, .T. ) ;
#1099 = FACE_OUTER_BOUND ( 'NONE', #672, .T. ) ;
#1100 = FACE_OUTER_BOUND ( 'NONE', #907, .T. ) ;
#1101 = CARTESIAN_POINT ( 'NONE',  ( 0.4000000000000000777, 0.2149999999999999412, -0.1999999999999999278 ) ) ;
#1102 = EDGE_CURVE ( 'NONE', #604, #115, #729, .T. ) ;
#1103 = ORIENTED_EDGE ( 'NONE', *, *, #1493, .F. ) ;
#1104 =( LENGTH_UNIT ( ) NAMED_UNIT ( * ) SI_UNIT ( .MILLI., .METRE. ) );
#1105 = ORIENTED_EDGE ( 'NONE', *, *, #1375, .F. ) ;
#1106 = DIRECTION ( 'NONE',  ( 0.000000000000000000, 0.000000000000000000, -1.000000000000000000 ) ) ;
#1107 = VECTOR ( 'NONE', #250, 1000.000000000000000 ) ;
#1108 = AXIS2_PLACEMENT_3D ( 'NONE', #1265, #572, #30 ) ;
#1109 = PRESENTATION_STYLE_ASSIGNMENT (( #1118 ) ) ;
#1110 = AXIS2_PLACEMENT_3D ( 'NONE', #390, #1077, #1321 ) ;
#1111 = AXIS2_PLACEMENT_3D ( 'NONE', #1171, #586, #487 ) ;
#1112 = ORIENTED_EDGE ( 'NONE', *, *, #1010, .T. ) ;
#1113 = AXIS2_PLACEMENT_3D ( 'NONE', #533, #973, #415 ) ;
#1114 = CYLINDRICAL_SURFACE ( 'NONE', #885, 0.09250000000000002665 ) ;
#1115 = ORIENTED_EDGE ( 'NONE', *, *, #550, .F. ) ;
#1116 =( NAMED_UNIT ( * ) PLANE_ANGLE_UNIT ( ) SI_UNIT ( $, .RADIAN. ) );
#1117 = SPHERICAL_SURFACE ( 'NONE', #1016, 0.1300000000000000044 ) ;
#1118 = SURFACE_STYLE_USAGE ( .BOTH. , #1324 ) ;
#1119 = CARTESIAN_POINT ( 'NONE',  ( -0.4899999999999999911, 0.5250000000000000222, -0.6900000000000000577 ) ) ;
#1120 = FACE_OUTER_BOUND ( 'NONE', #512, .T. ) ;
#1121 = EDGE_CURVE ( 'NONE', #743, #1497, #753, .T. ) ;
#1122 = ORIENTED_EDGE ( 'NONE', *, *, #1149, .T. ) ;
#1123 = CARTESIAN_POINT ( 'NONE',  ( -0.4899999999999999911, 0.5250000000000000222, -0.5975000000000000311 ) ) ;
#1124 = ADVANCED_FACE ( 'NONE', ( #1034 ), #435, .T. ) ;
#1125 = CARTESIAN_POINT ( 'NONE',  ( -0.09836157786453003649, 0.2149999999999999689, -0.1999999999999999278 ) ) ;
#1126 = DIRECTION ( 'NONE',  ( -1.000000000000000000, 2.085004177856739069E-16, 0.000000000000000000 ) ) ;
#1127 = FACE_OUTER_BOUND ( 'NONE', #163, .T. ) ;
#1128 = CYLINDRICAL_SURFACE ( 'NONE', #89, 0.09250000000000002665 ) ;
#1129 = ORIENTED_EDGE ( 'NONE', *, *, #769, .F. ) ;
#1130 = DIRECTION ( 'NONE',  ( -0.000000000000000000, 1.000000000000000000, -0.000000000000000000 ) ) ;
#1131 = CLOSED_SHELL ( 'NONE', ( #728, #716, #14, #960 ) ) ;
#1132 = FACE_OUTER_BOUND ( 'NONE', #826, .T. ) ;
#1133 = DIRECTION ( 'NONE',  ( 2.521400401129081168E-16, 1.000000000000000000, -0.000000000000000000 ) ) ;
#1134 = AXIS2_PLACEMENT_3D ( 'NONE', #485, #118, #1301 ) ;
#1135 = FILL_AREA_STYLE ('',( #75 ) ) ;
#1136 = AXIS2_PLACEMENT_3D ( 'NONE', #715, #1173, #751 ) ;
#1137 = CARTESIAN_POINT ( 'NONE',  ( -0.6750000000000000444, -2.210203610530034446, -0.8750000000000000000 ) ) ;
#1138 = VERTEX_POINT ( 'NONE', #1470 ) ;
#1139 = FILL_AREA_STYLE ('',( #1031 ) ) ;
#1140 = VECTOR ( 'NONE', #1147, 1000.000000000000000 ) ;
#1141 = LINE ( 'NONE', #667, #569 ) ;
#1142 = CARTESIAN_POINT ( 'NONE',  ( 0.3016384221354699857, 0.2149999999999999689, -0.1999999999999999278 ) ) ;
#1143 = EDGE_CURVE ( 'NONE', #270, #964, #1478, .T. ) ;
#1144 = DIRECTION ( 'NONE',  ( 1.000000000000000000, 0.000000000000000000, 0.000000000000000000 ) ) ;
#1145 = ORIENTED_EDGE ( 'NONE', *, *, #1430, .T. ) ;
#1146 = DIRECTION ( 'NONE',  ( -0.000000000000000000, 0.000000000000000000, -1.000000000000000000 ) ) ;
#1147 = DIRECTION ( 'NONE',  ( -0.000000000000000000, 1.000000000000000000, -0.000000000000000000 ) ) ;
#1148 = FILL_AREA_STYLE_COLOUR ( '', #566 ) ;
#1149 = EDGE_CURVE ( 'NONE', #457, #52, #442, .T. ) ;
#1150 = FACE_OUTER_BOUND ( 'NONE', #812, .T. ) ;
#1151 = VERTEX_POINT ( 'NONE', #328 ) ;
#1152 = DIRECTION ( 'NONE',  ( -1.000000000000000000, 2.085004177856739069E-16, 0.000000000000000000 ) ) ;
#1153 = SPHERICAL_SURFACE ( 'NONE', #85, 0.1300000000000000044 ) ;
#1154 = PRESENTATION_STYLE_ASSIGNMENT (( #110 ) ) ;
#1155 =( GEOMETRIC_REPRESENTATION_CONTEXT ( 3 ) GLOBAL_UNCERTAINTY_ASSIGNED_CONTEXT ( ( #1333 ) ) GLOBAL_UNIT_ASSIGNED_CONTEXT ( ( #876, #443, #420 ) ) REPRESENTATION_CONTEXT ( 'NONE', 'WORKASPACE' ) );
#1156 = PLANE ( 'NONE',  #295 ) ;
#1157 = CIRCLE ( 'NONE', #1269, 0.1300000000000000044 ) ;
#1158 = DIRECTION ( 'NONE',  ( -2.521400401129081168E-16, -1.000000000000000000, 0.000000000000000000 ) ) ;
#1159 = ORIENTED_EDGE ( 'NONE', *, *, #942, .T. ) ;
#1160 = PLANE ( 'NONE',  #819 ) ;
#1161 = AXIS2_PLACEMENT_3D ( 'NONE', #17, #480, #603 ) ;
#1162 = AXIS2_PLACEMENT_3D ( 'NONE', #183, #54, #284 ) ;
#1163 = DIRECTION ( 'NONE',  ( 0.000000000000000000, 0.000000000000000000, -1.000000000000000000 ) ) ;
#1164 =( NAMED_UNIT ( * ) SI_UNIT ( $, .STERADIAN. ) SOLID_ANGLE_UNIT ( ) );
#1165 = EDGE_LOOP ( 'NONE', ( #1115, #1429, #1062 ) ) ;
#1166 = FACE_OUTER_BOUND ( 'NONE', #1471, .T. ) ;
#1167 = EDGE_CURVE ( 'NONE', #1091, #332, #304, .T. ) ;
#1168 = CARTESIAN_POINT ( 'NONE',  ( -0.6750000000000000444, 0.2349999999999999589, 0.8750000000000000000 ) ) ;
#1169 = CARTESIAN_POINT ( 'NONE',  ( -0.3016384221354698192, 0.2149999999999999134, -0.1999999999999999278 ) ) ;
#1170 = CARTESIAN_POINT ( 'NONE',  ( -0.4899999999999999911, 0.5250000000000000222, -0.5975000000000000311 ) ) ;
#1171 = CARTESIAN_POINT ( 'NONE',  ( 5.421010862427522170E-17, 0.1300000000000000044, -0.1999999999999999278 ) ) ;
#1172 = ORIENTED_EDGE ( 'NONE', *, *, #736, .F. ) ;
#1173 = DIRECTION ( 'NONE',  ( 1.000000000000000000, -0.000000000000000000, 0.000000000000000000 ) ) ;
#1174 = DIRECTION ( 'NONE',  ( 0.000000000000000000, -1.000000000000000000, 0.000000000000000000 ) ) ;
#1175 = CARTESIAN_POINT ( 'NONE',  ( -0.3999999999999999667, 0.1300000000000000044, 0.2000000000000000944 ) ) ;
#1176 = CARTESIAN_POINT ( 'NONE',  ( -0.3999999999999999667, 0.1300000000000000044, 0.2000000000000000944 ) ) ;
#1177 = UNCERTAINTY_MEASURE_WITH_UNIT (LENGTH_MEASURE( 1.000000000000000082E-05 ), #1073, 'distance_accuracy_value', 'NONE');
#1178 = ORIENTED_EDGE ( 'NONE', *, *, #1270, .F. ) ;
#1179 = DIRECTION ( 'NONE',  ( 0.000000000000000000, 0.000000000000000000, 1.000000000000000000 ) ) ;
#1180 = ORIENTED_EDGE ( 'NONE', *, *, #695, .T. ) ;
#1181 = AXIS2_PLACEMENT_3D ( 'NONE', #1491, #1050, #1498 ) ;
#1182 = FACE_OUTER_BOUND ( 'NONE', #1447, .T. ) ;
#1183 = PRESENTATION_LAYER_ASSIGNMENT (  '', '', ( #329 ) ) ;
#1184 = CARTESIAN_POINT ( 'NONE',  ( 5.421010862427522170E-17, 0.1300000000000000044, -0.5999999999999999778 ) ) ;
#1185 = AXIS2_PLACEMENT_3D ( 'NONE', #631, #674, #1259 ) ;
#1186 = ADVANCED_FACE ( 'NONE', ( #951 ), #830, .T. ) ;
#1187 =( LENGTH_UNIT ( ) NAMED_UNIT ( * ) SI_UNIT ( .MILLI., .METRE. ) );
#1188 = DIRECTION ( 'NONE',  ( 1.000000000000000000, -2.521400401129081168E-16, 0.000000000000000000 ) ) ;
#1189 = CARTESIAN_POINT ( 'NONE',  ( 0.4000000000000000777, 0.2149999999999999412, -0.1999999999999999278 ) ) ;
#1190 = ORIENTED_EDGE ( 'NONE', *, *, #103, .T. ) ;
#1191 = EDGE_CURVE ( 'NONE', #1314, #1459, #1280, .T. ) ;
#1192 = ORIENTED_EDGE ( 'NONE', *, *, #416, .T. ) ;
#1193 = CARTESIAN_POINT ( 'NONE',  ( 5.421010862427522170E-17, 0.2149999999999999412, 0.6000000000000001998 ) ) ;
#1194 = DIRECTION ( 'NONE',  ( -1.000000000000000000, 2.755654687592390269E-16, 0.000000000000000000 ) ) ;
#1195 = CLOSED_SHELL ( 'NONE', ( #1059, #46, #202 ) ) ;
#1196 = ADVANCED_FACE ( 'NONE', ( #1409 ), #610, .F. ) ;
#1197 = EDGE_LOOP ( 'NONE', ( #560, #1437, #1014, #1004 ) ) ;
#1198 = SPHERICAL_SURFACE ( 'NONE', #1084, 0.1300000000000000044 ) ;
#1199 = SPHERICAL_SURFACE ( 'NONE', #865, 0.1300000000000000044 ) ;
#1200 = AXIS2_PLACEMENT_3D ( 'NONE', #779, #785, #1344 ) ;
#1201 = CIRCLE ( 'NONE', #798, 0.09836157786453003649 ) ;
#1202 = AXIS2_PLACEMENT_3D ( 'NONE', #1184, #243, #958 ) ;
#1203 = ORIENTED_EDGE ( 'NONE', *, *, #437, .T. ) ;
#1204 = EDGE_LOOP ( 'NONE', ( #165, #618 ) ) ;
#1205 = CARTESIAN_POINT ( 'NONE',  ( -0.4899999999999999911, 0.5749999999999999556, -0.5975000000000000311 ) ) ;
#1206 = FACE_OUTER_BOUND ( 'NONE', #501, .T. ) ;
#1207 = EDGE_CURVE ( 'NONE', #1290, #1308, #125, .T. ) ;
#1208 = ORIENTED_EDGE ( 'NONE', *, *, #754, .F. ) ;
#1209 =( NAMED_UNIT ( * ) PLANE_ANGLE_UNIT ( ) SI_UNIT ( $, .RADIAN. ) );
#1210 = EDGE_LOOP ( 'NONE', ( #883, #463, #1284, #625 ) ) ;
#1211 = FACE_OUTER_BOUND ( 'NONE', #469, .T. ) ;
#1212 = CARTESIAN_POINT ( 'NONE',  ( 0.4000000000000000777, 0.1300000000000000044, 0.6000000000000001998 ) ) ;
#1213 = SURFACE_STYLE_FILL_AREA ( #404 ) ;
#1214 = ORIENTED_EDGE ( 'NONE', *, *, #398, .T. ) ;
#1215 = FACE_OUTER_BOUND ( 'NONE', #233, .T. ) ;
#1216 = ORIENTED_EDGE ( 'NONE', *, *, #909, .T. ) ;
#1217 = AXIS2_PLACEMENT_3D ( 'NONE', #80, #1347, #783 ) ;
#1218 = CARTESIAN_POINT ( 'NONE',  ( -0.3999999999999999667, 0.2149999999999999134, -0.1999999999999999278 ) ) ;
#1219 = CIRCLE ( 'NONE', #622, 0.09836157786453003649 ) ;
#1220 = PRESENTATION_STYLE_ASSIGNMENT (( #365 ) ) ;
#1221 = AXIS2_PLACEMENT_3D ( 'NONE', #1248, #209, #190 ) ;
#1222 = EDGE_CURVE ( 'NONE', #1093, #617, #235, .T. ) ;
#1223 = CIRCLE ( 'NONE', #1111, 0.1300000000000000044 ) ;
#1224 = EDGE_CURVE ( 'NONE', #947, #158, #1072, .T. ) ;
#1225 = DIRECTION ( 'NONE',  ( -0.000000000000000000, 1.000000000000000000, -0.000000000000000000 ) ) ;
#1226 = EDGE_LOOP ( 'NONE', ( #634, #385, #1310 ) ) ;
#1227 = DIRECTION ( 'NONE',  ( -1.000000000000000000, 2.085004177856739069E-16, 0.000000000000000000 ) ) ;
#1228 = SURFACE_STYLE_FILL_AREA ( #1296 ) ;
#1229 =( LENGTH_UNIT ( ) NAMED_UNIT ( * ) SI_UNIT ( .MILLI., .METRE. ) );
#1230 = PLANE ( 'NONE',  #1486 ) ;
#1231 = EDGE_LOOP ( 'NONE', ( #520, #1489 ) ) ;
#1232 = ADVANCED_FACE ( 'NONE', ( #1080 ), #32, .T. ) ;
#1233 = FILL_AREA_STYLE ('',( #182 ) ) ;
#1234 = LINE ( 'NONE', #211, #208 ) ;
#1235 = CARTESIAN_POINT ( 'NONE',  ( -0.4899999999999999911, 0.5749999999999999556, -0.6900000000000000577 ) ) ;
#1236 = FILL_AREA_STYLE_COLOUR ( '', #799 ) ;
#1237 = DIRECTION ( 'NONE',  ( -0.000000000000000000, 1.000000000000000000, -0.000000000000000000 ) ) ;
#1238 = VERTEX_POINT ( 'NONE', #1169 ) ;
#1239 = EDGE_CURVE ( 'NONE', #187, #588, #141, .T. ) ;
#1240 =( NAMED_UNIT ( * ) PLANE_ANGLE_UNIT ( ) SI_UNIT ( $, .RADIAN. ) );
#1241 = COLOUR_RGB ( '',0.7921568627450980005, 0.8196078431372548767, 0.9333333333333333481 ) ;
#1242 = DIRECTION ( 'NONE',  ( 1.000000000000000000, -2.521400401129081168E-16, 0.000000000000000000 ) ) ;
#1243 = DIRECTION ( 'NONE',  ( 2.521400401129081168E-16, 1.000000000000000000, -0.000000000000000000 ) ) ;
#1244 = PRESENTATION_LAYER_ASSIGNMENT (  '', '', ( #325 ) ) ;
#1245 = FILL_AREA_STYLE ('',( #1148 ) ) ;
#1246 = AXIS2_PLACEMENT_3D ( 'NONE', #83, #1466, #431 ) ;
#1247 = CIRCLE ( 'NONE', #574, 0.09250000000000002665 ) ;
#1248 = CARTESIAN_POINT ( 'NONE',  ( 0.4000000000000000777, 0.2149999999999999412, -0.5999999999999999778 ) ) ;
#1249 = ORIENTED_EDGE ( 'NONE', *, *, #646, .F. ) ;
#1250 = MECHANICAL_DESIGN_GEOMETRIC_PRESENTATION_REPRESENTATION (  '', ( #329 ), #1487 ) ;
#1251 = VECTOR ( 'NONE', #258, 1000.000000000000000 ) ;
#1252 = LINE ( 'NONE', #109, #792 ) ;
#1253 = CARTESIAN_POINT ( 'NONE',  ( -0.4899999999999999911, 0.5250000000000000222, -0.7825000000000000844 ) ) ;
#1254 = EDGE_CURVE ( 'NONE', #6, #262, #1343, .T. ) ;
#1255 = ORIENTED_EDGE ( 'NONE', *, *, #1472, .T. ) ;
#1256 = CARTESIAN_POINT ( 'NONE',  ( 5.421010862427522170E-17, 0.1300000000000000044, 0.2000000000000000944 ) ) ;
#1257 = ORIENTED_EDGE ( 'NONE', *, *, #1041, .T. ) ;
#1258 = FACE_OUTER_BOUND ( 'NONE', #663, .T. ) ;
#1259 = DIRECTION ( 'NONE',  ( 1.000000000000000000, -2.521400401129081168E-16, 0.000000000000000000 ) ) ;
#1260 = LINE ( 'NONE', #548, #373 ) ;
#1261 = EDGE_CURVE ( 'NONE', #871, #457, #24, .T. ) ;
#1262 = FILL_AREA_STYLE ('',( #831 ) ) ;
#1263 = DIRECTION ( 'NONE',  ( -1.000000000000000000, 2.755654687592388790E-16, 0.000000000000000000 ) ) ;
#1264 = ORIENTED_EDGE ( 'NONE', *, *, #213, .F. ) ;
#1265 = CARTESIAN_POINT ( 'NONE',  ( 0.4000000000000000777, 0.2149999999999999134, -0.5999999999999999778 ) ) ;
#1266 = DIRECTION ( 'NONE',  ( 2.521400401129081168E-16, 1.000000000000000000, -0.000000000000000000 ) ) ;
#1267 = SPHERICAL_SURFACE ( 'NONE', #626, 0.1300000000000000044 ) ;
#1268 = AXIS2_PLACEMENT_3D ( 'NONE', #1358, #898, #880 ) ;
#1269 = AXIS2_PLACEMENT_3D ( 'NONE', #957, #637, #619 ) ;
#1270 = EDGE_CURVE ( 'NONE', #995, #1292, #523, .T. ) ;
#1271 = DIRECTION ( 'NONE',  ( 0.000000000000000000, 1.000000000000000000, 0.000000000000000000 ) ) ;
#1272 = AXIS2_PLACEMENT_3D ( 'NONE', #1389, #343, #707 ) ;
#1273 = ORIENTED_EDGE ( 'NONE', *, *, #836, .F. ) ;
#1274 = EDGE_CURVE ( 'NONE', #835, #933, #482, .T. ) ;
#1275 = AXIS2_PLACEMENT_3D ( 'NONE', #135, #1370, #1364 ) ;
#1276 = ORIENTED_EDGE ( 'NONE', *, *, #123, .T. ) ;
#1277 = MECHANICAL_DESIGN_GEOMETRIC_PRESENTATION_REPRESENTATION (  '', ( #1088 ), #1441 ) ;
#1278 = AXIS2_PLACEMENT_3D ( 'NONE', #1189, #238, #1303 ) ;
#1279 = LINE ( 'NONE', #1168, #271 ) ;
#1280 = LINE ( 'NONE', #143, #990 ) ;
#1281 = CARTESIAN_POINT ( 'NONE',  ( -0.6750000000000000444, 0.2349999999999999589, 0.8750000000000000000 ) ) ;
#1282 = FACE_OUTER_BOUND ( 'NONE', #309, .T. ) ;
#1283 = PRODUCT_DEFINITION_CONTEXT ( 'detailed design', #436, 'design' ) ;
#1284 = ORIENTED_EDGE ( 'NONE', *, *, #49, .F. ) ;
#1285 = ADVANCED_FACE ( 'NONE', ( #492 ), #119, .T. ) ;
#1286 = CARTESIAN_POINT ( 'NONE',  ( 0.000000000000000000, 0.2349999999999999867, 0.000000000000000000 ) ) ;
#1287 = DIRECTION ( 'NONE',  ( -1.000000000000000000, 2.755654687592390269E-16, 0.000000000000000000 ) ) ;
#1288 = FILL_AREA_STYLE_COLOUR ( '', #817 ) ;
#1289 = FACE_OUTER_BOUND ( 'NONE', #1210, .T. ) ;
#1290 = VERTEX_POINT ( 'NONE', #1052 ) ;
#1291 = DIRECTION ( 'NONE',  ( -1.000000000000000000, 0.000000000000000000, 0.000000000000000000 ) ) ;
#1292 = VERTEX_POINT ( 'NONE', #735 ) ;
#1293 = EDGE_CURVE ( 'NONE', #77, #128, #2, .T. ) ;
#1294 = DIRECTION ( 'NONE',  ( -2.521400401129081168E-16, -1.000000000000000000, 0.000000000000000000 ) ) ;
#1295 = AXIS2_PLACEMENT_3D ( 'NONE', #1235, #417, #659 ) ;
#1296 = FILL_AREA_STYLE ('',( #1001 ) ) ;
#1297 = VERTEX_POINT ( 'NONE', #474 ) ;
#1298 = CIRCLE ( 'NONE', #768, 0.1300000000000000044 ) ;
#1299 =( GEOMETRIC_REPRESENTATION_CONTEXT ( 3 ) GLOBAL_UNCERTAINTY_ASSIGNED_CONTEXT ( ( #350 ) ) GLOBAL_UNIT_ASSIGNED_CONTEXT ( ( #561, #1116, #665 ) ) REPRESENTATION_CONTEXT ( 'NONE', 'WORKASPACE' ) );
#1300 = AXIS2_PLACEMENT_3D ( 'NONE', #107, #923, #818 ) ;
#1301 = DIRECTION ( 'NONE',  ( -1.000000000000000000, 0.000000000000000000, 0.000000000000000000 ) ) ;
#1302 = AXIS2_PLACEMENT_3D ( 'NONE', #868, #418, #881 ) ;
#1303 = DIRECTION ( 'NONE',  ( -1.000000000000000000, 2.755654687592388790E-16, 0.000000000000000000 ) ) ;
#1304 = AXIS2_PLACEMENT_3D ( 'NONE', #1212, #1307, #644 ) ;
#1305 = ORIENTED_EDGE ( 'NONE', *, *, #664, .T. ) ;
#1306 = SPHERICAL_SURFACE ( 'NONE', #18, 0.1300000000000000044 ) ;
#1307 = DIRECTION ( 'NONE',  ( -1.224646799147353207E-16, 3.087824930611581463E-32, 1.000000000000000000 ) ) ;
#1308 = VERTEX_POINT ( 'NONE', #345 ) ;
#1309 = SURFACE_STYLE_USAGE ( .BOTH. , #384 ) ;
#1310 = ORIENTED_EDGE ( 'NONE', *, *, #1085, .F. ) ;
#1311 = SURFACE_SIDE_STYLE ('',( #853 ) ) ;
#1312 = DIRECTION ( 'NONE',  ( 2.521400401129081168E-16, 1.000000000000000000, -0.000000000000000000 ) ) ;
#1313 = VERTEX_POINT ( 'NONE', #11 ) ;
#1314 = VERTEX_POINT ( 'NONE', #364 ) ;
#1315 = ADVANCED_FACE ( 'NONE', ( #838 ), #1117, .T. ) ;
#1316 = DIRECTION ( 'NONE',  ( -1.000000000000000000, 0.000000000000000000, 0.000000000000000000 ) ) ;
#1317 = COLOUR_RGB ( '',1.000000000000000000, 1.000000000000000000, 1.000000000000000000 ) ;
#1318 = CIRCLE ( 'NONE', #20, 0.09250000000000002665 ) ;
#1319 = AXIS2_PLACEMENT_3D ( 'NONE', #1175, #821, #848 ) ;
#1320 = ORIENTED_EDGE ( 'NONE', *, *, #1167, .T. ) ;
#1321 = DIRECTION ( 'NONE',  ( -1.000000000000000000, 2.755654687592388790E-16, 0.000000000000000000 ) ) ;
#1322 = ORIENTED_EDGE ( 'NONE', *, *, #28, .T. ) ;
#1323 = FACE_OUTER_BOUND ( 'NONE', #1406, .T. ) ;
#1324 = SURFACE_SIDE_STYLE ('',( #1213 ) ) ;
#1325 = VERTEX_POINT ( 'NONE', #251 ) ;
#1326 = CARTESIAN_POINT ( 'NONE',  ( -0.4899999999999999911, 0.5250000000000000222, -0.6900000000000000577 ) ) ;
#1327 = EDGE_LOOP ( 'NONE', ( #50, #1112, #471 ) ) ;
#1328 = CARTESIAN_POINT ( 'NONE',  ( -0.3999999999999999667, 0.2149999999999999412, 0.2000000000000000944 ) ) ;
#1329 = FACE_OUTER_BOUND ( 'NONE', #351, .T. ) ;
#1330 = ADVANCED_FACE ( 'NONE', ( #1100 ), #57, .T. ) ;
#1331 = DIRECTION ( 'NONE',  ( -1.000000000000000000, 2.755654687592388790E-16, 0.000000000000000000 ) ) ;
#1332 = ADVANCED_FACE ( 'NONE', ( #515 ), #410, .T. ) ;
#1333 = UNCERTAINTY_MEASURE_WITH_UNIT (LENGTH_MEASURE( 1.000000000000000082E-05 ), #876, 'distance_accuracy_value', 'NONE');
#1334 = ORIENTED_EDGE ( 'NONE', *, *, #850, .T. ) ;
#1335 = FACE_OUTER_BOUND ( 'NONE', #1197, .T. ) ;
#1336 = EDGE_LOOP ( 'NONE', ( #282, #42 ) ) ;
#1337 =( NAMED_UNIT ( * ) SI_UNIT ( $, .STERADIAN. ) SOLID_ANGLE_UNIT ( ) );
#1338 = DIRECTION ( 'NONE',  ( -0.000000000000000000, 0.000000000000000000, 1.000000000000000000 ) ) ;
#1339 = SURFACE_STYLE_FILL_AREA ( #946 ) ;
#1340 = MECHANICAL_DESIGN_GEOMETRIC_PRESENTATION_REPRESENTATION (  '', ( #843 ), #961 ) ;
#1341 = ADVANCED_FACE ( 'NONE', ( #1329 ), #402, .T. ) ;
#1342 = SURFACE_STYLE_USAGE ( .BOTH. , #526 ) ;
#1343 = CIRCLE ( 'NONE', #1319, 0.1300000000000000044 ) ;
#1344 = DIRECTION ( 'NONE',  ( -1.000000000000000000, 2.755654687592390269E-16, 0.000000000000000000 ) ) ;
#1345 = ORIENTED_EDGE ( 'NONE', *, *, #769, .T. ) ;
#1346 = DIRECTION ( 'NONE',  ( 0.000000000000000000, 0.000000000000000000, 1.000000000000000000 ) ) ;
#1347 = DIRECTION ( 'NONE',  ( 2.521400401129081168E-16, 1.000000000000000000, -0.000000000000000000 ) ) ;
#1348 = DIRECTION ( 'NONE',  ( -1.224646799147353207E-16, 3.087824930611581463E-32, 1.000000000000000000 ) ) ;
#1349 = EDGE_CURVE ( 'NONE', #1292, #642, #730, .T. ) ;
#1350 = DIRECTION ( 'NONE',  ( 0.000000000000000000, 0.000000000000000000, 1.000000000000000000 ) ) ;
#1351 = ORIENTED_EDGE ( 'NONE', *, *, #761, .F. ) ;
#1352 = FILL_AREA_STYLE ('',( #555 ) ) ;
#1353 = SURFACE_SIDE_STYLE ('',( #807 ) ) ;
#1354 = DIRECTION ( 'NONE',  ( 0.000000000000000000, -0.000000000000000000, 1.000000000000000000 ) ) ;
#1355 = LINE ( 'NONE', #412, #500 ) ;
#1356 = ORIENTED_EDGE ( 'NONE', *, *, #149, .T. ) ;
#1357 = MECHANICAL_DESIGN_GEOMETRIC_PRESENTATION_REPRESENTATION (  '', ( #595 ), #226 ) ;
#1358 = CARTESIAN_POINT ( 'NONE',  ( 5.421010862427522170E-17, 0.1300000000000000044, -0.1999999999999999278 ) ) ;
#1359 = CARTESIAN_POINT ( 'NONE',  ( -0.6750000000000000444, 0.2349999999999999589, -0.8750000000000000000 ) ) ;
#1360 = AXIS2_PLACEMENT_3D ( 'NONE', #1469, #1146, #101 ) ;
#1361 = ORIENTED_EDGE ( 'NONE', *, *, #920, .F. ) ;
#1362 =( GEOMETRIC_REPRESENTATION_CONTEXT ( 3 ) GLOBAL_UNCERTAINTY_ASSIGNED_CONTEXT ( ( #1074 ) ) GLOBAL_UNIT_ASSIGNED_CONTEXT ( ( #300, #100, #1337 ) ) REPRESENTATION_CONTEXT ( 'NONE', 'WORKASPACE' ) );
#1363 = DIRECTION ( 'NONE',  ( -1.224646799147353207E-16, 3.087824930611581463E-32, 1.000000000000000000 ) ) ;
#1364 = DIRECTION ( 'NONE',  ( 0.000000000000000000, 0.000000000000000000, -1.000000000000000000 ) ) ;
#1365 = ORIENTED_EDGE ( 'NONE', *, *, #761, .T. ) ;
#1366 = PRESENTATION_LAYER_ASSIGNMENT (  '', '', ( #844 ) ) ;
#1367 = ADVANCED_FACE ( 'NONE', ( #756, #1454 ), #867, .F. ) ;
#1368 = DIRECTION ( 'NONE',  ( -1.000000000000000000, 2.755654687592388790E-16, 0.000000000000000000 ) ) ;
#1369 = DIRECTION ( 'NONE',  ( -1.000000000000000000, 2.085004177856739069E-16, 0.000000000000000000 ) ) ;
#1370 = DIRECTION ( 'NONE',  ( 1.000000000000000000, -0.000000000000000000, 0.000000000000000000 ) ) ;
#1371 = ORIENTED_EDGE ( 'NONE', *, *, #942, .F. ) ;
#1372 = FACE_OUTER_BOUND ( 'NONE', #688, .T. ) ;
#1373 = LINE ( 'NONE', #1045, #905 ) ;
#1374 =( NAMED_UNIT ( * ) SI_UNIT ( $, .STERADIAN. ) SOLID_ANGLE_UNIT ( ) );
#1375 = EDGE_CURVE ( 'NONE', #503, #115, #677, .T. ) ;
#1376 = EDGE_CURVE ( 'NONE', #1313, #1238, #22, .T. ) ;
#1377 = PLANE ( 'NONE',  #1275 ) ;
#1378 = ORIENTED_EDGE ( 'NONE', *, *, #285, .T. ) ;
#1379 = SPHERICAL_SURFACE ( 'NONE', #648, 0.1300000000000000044 ) ;
#1380 = DIRECTION ( 'NONE',  ( -1.000000000000000000, 2.755654687592388790E-16, 0.000000000000000000 ) ) ;
#1381 = CARTESIAN_POINT ( 'NONE',  ( 5.421010862427522170E-17, 0.2149999999999999412, 0.2000000000000000944 ) ) ;
#1382 = CLOSED_SHELL ( 'NONE', ( #509, #1196, #88 ) ) ;
#1383 = CIRCLE ( 'NONE', #178, 0.1300000000000000044 ) ;
#1384 = DIRECTION ( 'NONE',  ( -1.000000000000000000, 0.000000000000000000, 0.000000000000000000 ) ) ;
#1385 = CARTESIAN_POINT ( 'NONE',  ( -0.3999999999999999667, 0.2149999999999999134, 0.2000000000000000944 ) ) ;
#1386 = MECHANICAL_DESIGN_GEOMETRIC_PRESENTATION_REPRESENTATION (  '', ( #1065 ), #1299 ) ;
#1387 = ORIENTED_EDGE ( 'NONE', *, *, #925, .F. ) ;
#1388 = VECTOR ( 'NONE', #1003, 1000.000000000000000 ) ;
#1389 = CARTESIAN_POINT ( 'NONE',  ( 0.4000000000000000777, 0.1300000000000000044, 0.6000000000000001998 ) ) ;
#1390 = VERTEX_POINT ( 'NONE', #508 ) ;
#1391 = AXIS2_PLACEMENT_3D ( 'NONE', #892, #1348, #557 ) ;
#1392 = AXIS2_PLACEMENT_3D ( 'NONE', #1394, #147, #841 ) ;
#1393 = FACE_OUTER_BOUND ( 'NONE', #714, .T. ) ;
#1394 = CARTESIAN_POINT ( 'NONE',  ( -0.6750000000000000444, -2.210203610530034446, 0.8750000000000000000 ) ) ;
#1395 = SURFACE_SIDE_STYLE ('',( #244 ) ) ;
#1396 = CARTESIAN_POINT ( 'NONE',  ( 5.421010862427522170E-17, 0.2149999999999999412, -0.5999999999999999778 ) ) ;
#1397 = UNCERTAINTY_MEASURE_WITH_UNIT (LENGTH_MEASURE( 1.000000000000000082E-05 ), #1104, 'distance_accuracy_value', 'NONE');
#1398 = ORIENTED_EDGE ( 'NONE', *, *, #72, .F. ) ;
#1399 = EDGE_CURVE ( 'NONE', #949, #987, #823, .T. ) ;
#1400 = CARTESIAN_POINT ( 'NONE',  ( -0.3999999999999999667, 0.1300000000000000044, 0.2000000000000000944 ) ) ;
#1401 = ORIENTED_EDGE ( 'NONE', *, *, #1224, .T. ) ;
#1402 = DIRECTION ( 'NONE',  ( 0.000000000000000000, 0.000000000000000000, 1.000000000000000000 ) ) ;
#1403 = CARTESIAN_POINT ( 'NONE',  ( 0.4000000000000000777, 0.2149999999999999412, 0.2000000000000000944 ) ) ;
#1404 = ORIENTED_EDGE ( 'NONE', *, *, #3, .F. ) ;
#1405 = FACE_OUTER_BOUND ( 'NONE', #248, .T. ) ;
#1406 = EDGE_LOOP ( 'NONE', ( #1371, #1097, #568 ) ) ;
#1407 = ADVANCED_FACE ( 'NONE', ( #1323 ), #65, .T. ) ;
#1408 = DIRECTION ( 'NONE',  ( 2.521400401129081168E-16, 1.000000000000000000, -0.000000000000000000 ) ) ;
#1409 = FACE_OUTER_BOUND ( 'NONE', #407, .T. ) ;
#1410 = STYLED_ITEM ( 'NONE', ( #654 ), #25 ) ;
#1411 = VECTOR ( 'NONE', #711, 1000.000000000000000 ) ;
#1412 = SURFACE_SIDE_STYLE ('',( #1339 ) ) ;
#1413 = UNCERTAINTY_MEASURE_WITH_UNIT (LENGTH_MEASURE( 1.000000000000000082E-05 ), #1187, 'distance_accuracy_value', 'NONE');
#1414 = EDGE_LOOP ( 'NONE', ( #1404, #376, #1264 ) ) ;
#1415 = CIRCLE ( 'NONE', #1134, 0.1300000000000000044 ) ;
#1416 = AXIS2_PLACEMENT_3D ( 'NONE', #1453, #333, #188 ) ;
#1417 = LINE ( 'NONE', #613, #908 ) ;
#1418 = CIRCLE ( 'NONE', #701, 0.1300000000000000044 ) ;
#1419 = FACE_OUTER_BOUND ( 'NONE', #636, .T. ) ;
#1420 = AXIS2_PLACEMENT_3D ( 'NONE', #1256, #720, #215 ) ;
#1421 = DIRECTION ( 'NONE',  ( 0.000000000000000000, 1.000000000000000000, 0.000000000000000000 ) ) ;
#1422 = AXIS2_PLACEMENT_3D ( 'NONE', #393, #746, #73 ) ;
#1423 = ORIENTED_EDGE ( 'NONE', *, *, #600, .T. ) ;
#1424 =( LENGTH_UNIT ( ) NAMED_UNIT ( * ) SI_UNIT ( .MILLI., .METRE. ) );
#1425 = EDGE_LOOP ( 'NONE', ( #397, #1030 ) ) ;
#1426 = FILL_AREA_STYLE_COLOUR ( '', #1317 ) ;
#1427 = FACE_OUTER_BOUND ( 'NONE', #137, .T. ) ;
#1428 = ADVANCED_FACE ( 'NONE', ( #154 ), #1199, .T. ) ;
#1429 = ORIENTED_EDGE ( 'NONE', *, *, #3, .T. ) ;
#1430 = EDGE_CURVE ( 'NONE', #737, #1093, #988, .T. ) ;
#1431 = FILL_AREA_STYLE_COLOUR ( '', #771 ) ;
#1432 = ORIENTED_EDGE ( 'NONE', *, *, #221, .T. ) ;
#1433 = FACE_OUTER_BOUND ( 'NONE', #280, .T. ) ;
#1434 = CARTESIAN_POINT ( 'NONE',  ( 5.421010862427522170E-17, 0.2149999999999999412, -0.5999999999999999778 ) ) ;
#1435 = PRESENTATION_LAYER_ASSIGNMENT (  '', '', ( #13 ) ) ;
#1436 = CIRCLE ( 'NONE', #229, 0.09836157786453009200 ) ;
#1437 = ORIENTED_EDGE ( 'NONE', *, *, #664, .F. ) ;
#1438 =( GEOMETRIC_REPRESENTATION_CONTEXT ( 3 ) GLOBAL_UNCERTAINTY_ASSIGNED_CONTEXT ( ( #286 ) ) GLOBAL_UNIT_ASSIGNED_CONTEXT ( ( #1015, #361, #943 ) ) REPRESENTATION_CONTEXT ( 'NONE', 'WORKASPACE' ) );
#1439 = DIRECTION ( 'NONE',  ( -1.000000000000000000, 0.000000000000000000, -0.000000000000000000 ) ) ;
#1440 = VECTOR ( 'NONE', #832, 1000.000000000000000 ) ;
#1441 =( GEOMETRIC_REPRESENTATION_CONTEXT ( 3 ) GLOBAL_UNCERTAINTY_ASSIGNED_CONTEXT ( ( #68 ) ) GLOBAL_UNIT_ASSIGNED_CONTEXT ( ( #1494, #919, #1374 ) ) REPRESENTATION_CONTEXT ( 'NONE', 'WORKASPACE' ) );
#1442 = FILL_AREA_STYLE_COLOUR ( '', #1042 ) ;
#1443 = AXIS2_PLACEMENT_3D ( 'NONE', #349, #804, #1061 ) ;
#1444 =( GEOMETRIC_REPRESENTATION_CONTEXT ( 3 ) GLOBAL_UNCERTAINTY_ASSIGNED_CONTEXT ( ( #616 ) ) GLOBAL_UNIT_ASSIGNED_CONTEXT ( ( #684, #433, #1492 ) ) REPRESENTATION_CONTEXT ( 'NONE', 'WORKASPACE' ) );
#1445 = ORIENTED_EDGE ( 'NONE', *, *, #894, .F. ) ;
#1446 = ADVANCED_FACE ( 'NONE', ( #1206 ), #291, .F. ) ;
#1447 = EDGE_LOOP ( 'NONE', ( #494, #506 ) ) ;
#1448 = CARTESIAN_POINT ( 'NONE',  ( 0.000000000000000000, 0.2149999999999999967, 0.000000000000000000 ) ) ;
#1449 =( NAMED_UNIT ( * ) PLANE_ANGLE_UNIT ( ) SI_UNIT ( $, .RADIAN. ) );
#1450 = ORIENTED_EDGE ( 'NONE', *, *, #1399, .F. ) ;
#1451 = CARTESIAN_POINT ( 'NONE',  ( 0.09836157786453016139, 0.2149999999999999134, -0.1999999999999999278 ) ) ;
#1452 = ORIENTED_EDGE ( 'NONE', *, *, #809, .T. ) ;
#1453 = CARTESIAN_POINT ( 'NONE',  ( 0.4000000000000000777, 0.1300000000000000044, -0.5999999999999999778 ) ) ;
#1454 = FACE_OUTER_BOUND ( 'NONE', #337, .T. ) ;
#1455 = CARTESIAN_POINT ( 'NONE',  ( 5.421010862427522170E-17, 0.2149999999999999412, -0.1999999999999999278 ) ) ;
#1456 = UNCERTAINTY_MEASURE_WITH_UNIT (LENGTH_MEASURE( 1.000000000000000082E-05 ), #921, 'distance_accuracy_value', 'NONE');
#1457 = DIRECTION ( 'NONE',  ( 0.000000000000000000, 0.000000000000000000, 1.000000000000000000 ) ) ;
#1458 = CYLINDRICAL_SURFACE ( 'NONE', #45, 0.09250000000000002665 ) ;
#1459 = VERTEX_POINT ( 'NONE', #968 ) ;
#1460 = AXIS2_PLACEMENT_3D ( 'NONE', #858, #630, #1079 ) ;
#1461 = CARTESIAN_POINT ( 'NONE',  ( 5.421010862427522170E-17, 0.1300000000000000044, -0.1999999999999999278 ) ) ;
#1462 = ADVANCED_FACE ( 'NONE', ( #1427 ), #161, .F. ) ;
#1463 = CIRCLE ( 'NONE', #1391, 0.1300000000000000044 ) ;
#1464 = ORIENTED_EDGE ( 'NONE', *, *, #969, .T. ) ;
#1465 = VECTOR ( 'NONE', #1421, 1000.000000000000000 ) ;
#1466 = DIRECTION ( 'NONE',  ( 0.000000000000000000, 1.000000000000000000, 0.000000000000000000 ) ) ;
#1467 = EDGE_LOOP ( 'NONE', ( #1450, #970, #1038 ) ) ;
#1468 = SPHERICAL_SURFACE ( 'NONE', #1416, 0.1300000000000000044 ) ;
#1469 = CARTESIAN_POINT ( 'NONE',  ( -0.3999999999999999667, 0.1300000000000000044, -0.5999999999999999778 ) ) ;
#1470 = CARTESIAN_POINT ( 'NONE',  ( -0.4899999999999999911, 0.5250000000000000222, -0.5975000000000000311 ) ) ;
#1471 = EDGE_LOOP ( 'NONE', ( #405, #1159, #780 ) ) ;
#1472 = EDGE_CURVE ( 'NONE', #887, #1459, #1234, .T. ) ;
#1473 = DIRECTION ( 'NONE',  ( -1.000000000000000000, 2.755654687592388790E-16, 0.000000000000000000 ) ) ;
#1474 = ORIENTED_EDGE ( 'NONE', *, *, #292, .F. ) ;
#1475 = PRESENTATION_STYLE_ASSIGNMENT (( #94 ) ) ;
#1476 = DIRECTION ( 'NONE',  ( 1.000000000000000000, 0.000000000000000000, -0.000000000000000000 ) ) ;
#1477 = DIRECTION ( 'NONE',  ( 0.000000000000000000, 0.000000000000000000, -1.000000000000000000 ) ) ;
#1478 = LINE ( 'NONE', #1253, #1140 ) ;
#1479 = FACE_OUTER_BOUND ( 'NONE', #1425, .T. ) ;
#1480 = CARTESIAN_POINT ( 'NONE',  ( 0.6750000000000000444, 0.2349999999999999589, 0.8750000000000000000 ) ) ;
#1481 = ORIENTED_EDGE ( 'NONE', *, *, #778, .T. ) ;
#1482 =( NAMED_UNIT ( * ) PLANE_ANGLE_UNIT ( ) SI_UNIT ( $, .RADIAN. ) );
#1483 = DIRECTION ( 'NONE',  ( -0.000000000000000000, 0.000000000000000000, -1.000000000000000000 ) ) ;
#1484 = CIRCLE ( 'NONE', #623, 0.1300000000000000044 ) ;
#1485 = FACE_OUTER_BOUND ( 'NONE', #8, .T. ) ;
#1486 = AXIS2_PLACEMENT_3D ( 'NONE', #895, #655, #308 ) ;
#1487 =( GEOMETRIC_REPRESENTATION_CONTEXT ( 3 ) GLOBAL_UNCERTAINTY_ASSIGNED_CONTEXT ( ( #1177 ) ) GLOBAL_UNIT_ASSIGNED_CONTEXT ( ( #1073, #731, #875 ) ) REPRESENTATION_CONTEXT ( 'NONE', 'WORKASPACE' ) );
#1488 = CARTESIAN_POINT ( 'NONE',  ( -0.4899999999999999911, 0.5749999999999999556, -0.7825000000000000844 ) ) ;
#1489 = ORIENTED_EDGE ( 'NONE', *, *, #388, .T. ) ;
#1490 = EDGE_CURVE ( 'NONE', #128, #1151, #455, .T. ) ;
#1491 = CARTESIAN_POINT ( 'NONE',  ( -0.4899999999999999911, 0.5250000000000000222, -0.6900000000000000577 ) ) ;
#1492 =( NAMED_UNIT ( * ) SI_UNIT ( $, .STERADIAN. ) SOLID_ANGLE_UNIT ( ) );
#1493 = EDGE_CURVE ( 'NONE', #861, #63, #562, .T. ) ;
#1494 =( LENGTH_UNIT ( ) NAMED_UNIT ( * ) SI_UNIT ( .MILLI., .METRE. ) );
#1495 = DIRECTION ( 'NONE',  ( 0.000000000000000000, -0.000000000000000000, -1.000000000000000000 ) ) ;
#1496 = DIRECTION ( 'NONE',  ( 0.000000000000000000, 0.000000000000000000, 1.000000000000000000 ) ) ;
#1497 = VERTEX_POINT ( 'NONE', #1125 ) ;
#1498 = DIRECTION ( 'NONE',  ( 0.000000000000000000, 0.000000000000000000, 1.000000000000000000 ) ) ;
ENDSEC;
END-ISO-10303-21;
