ISO-10303-21;
HEADER;
FILE_DESCRIPTION(('FreeCAD Model'),'2;1');
FILE_NAME('Open CASCADE Shape Model','2025-12-15T11:18:42',(''),(''),
  'Open CASCADE STEP processor 7.9','FreeCAD','Unknown');
FILE_SCHEMA(('AUTOMOTIVE_DESIGN { 1 0 10303 214 1 1 1 1 }'));
ENDSEC;
DATA;
#1 = APPLICATION_PROTOCOL_DEFINITION('international standard',
  'automotive_design',2000,#2);
#2 = APPLICATION_CONTEXT(
  'core data for automotive mechanical design processes');
#3 = SHAPE_DEFINITION_REPRESENTATION(#4,#10);
#4 = PRODUCT_DEFINITION_SHAPE('','',#5);
#5 = PRODUCT_DEFINITION('design','',#6,#9);
#6 = PRODUCT_DEFINITION_FORMATION('','',#7);
#7 = PRODUCT('mainFrame','mainFrame','',(#8));
#8 = PRODUCT_CONTEXT('',#2,'mechanical');
#9 = PRODUCT_DEFINITION_CONTEXT('part definition',#2,'design');
#10 = ADVANCED_BREP_SHAPE_REPRESENTATION('',(#11,#15),#5547);
#11 = AXIS2_PLACEMENT_3D('',#12,#13,#14);
#12 = CARTESIAN_POINT('',(0.,0.,0.));
#13 = DIRECTION('',(0.,0.,1.));
#14 = DIRECTION('',(1.,0.,-0.));
#15 = MANIFOLD_SOLID_BREP('',#16);
#16 = CLOSED_SHELL('',(#17,#139,#193,#272,#340,#403,#1532,#1545,#1561,
    #1580,#1613,#1654,#1687,#1724,#1749,#1782,#1819,#1844,#1875,#1894,
    #1904,#1938,#1971,#2008,#2033,#2066,#2103,#2128,#2153,#2297,#2326,
    #2366,#2378,#2395,#2407,#2424,#2453,#2482,#2494,#2511,#2523,#2540,
    #2560,#2712,#2737,#2819,#3379,#3421,#3446,#3588,#3612,#3755,#3780,
    #3814,#3856,#3881,#4023,#4040,#4065,#4090,#4107,#4124,#4136,#4203,
    #4238,#4270,#4294,#4311,#4364,#4381,#4398,#4495,#4645,#4662,#4680,
    #4697,#4709,#4732,#4764,#4788,#4805,#4822,#4834,#4866,#4890,#4907,
    #4924,#4936,#4968,#4992,#5009,#5120,#5140,#5151,#5162,#5176,#5191,
    #5202,#5213,#5224,#5235,#5267,#5291,#5315,#5340,#5364,#5388,#5413,
    #5437,#5461,#5486,#5510,#5527));
#17 = ADVANCED_FACE('',(#18),#134,.T.);
#18 = FACE_BOUND('',#19,.T.);
#19 = EDGE_LOOP('',(#20,#31,#41,#49,#128));
#20 = ORIENTED_EDGE('',*,*,#21,.F.);
#21 = EDGE_CURVE('',#22,#24,#26,.T.);
#22 = VERTEX_POINT('',#23);
#23 = CARTESIAN_POINT('',(-12.10166421745,4.614901152222,-16.65651183652
    ));
#24 = VERTEX_POINT('',#25);
#25 = CARTESIAN_POINT('',(-12.02256567583,0.97500597409,-16.54764203389)
  );
#26 = B_SPLINE_CURVE_WITH_KNOTS('',3,(#27,#28,#29,#30),.UNSPECIFIED.,.F.
  ,.F.,(4,4),(0.,1.),.PIECEWISE_BEZIER_KNOTS.);
#27 = CARTESIAN_POINT('',(-12.02256567582,5.52500597409,-16.54764203388)
  );
#28 = CARTESIAN_POINT('',(-12.17538984142,4.350005974087,-16.75798645242
    ));
#29 = CARTESIAN_POINT('',(-12.17538984142,2.150005974087,-16.75798645242
    ));
#30 = CARTESIAN_POINT('',(-12.02256567583,0.97500597409,-16.54764203389)
  );
#31 = ORIENTED_EDGE('',*,*,#32,.F.);
#32 = EDGE_CURVE('',#33,#22,#35,.T.);
#33 = VERTEX_POINT('',#34);
#34 = CARTESIAN_POINT('',(-11.48180324372,5.52500597409,-15.80334639906)
  );
#35 = B_SPLINE_CURVE_WITH_KNOTS('',4,(#36,#37,#38,#39,#40),
  .UNSPECIFIED.,.F.,.F.,(5,5),(0.,1.),.PIECEWISE_BEZIER_KNOTS.);
#36 = CARTESIAN_POINT('',(-11.48180324372,5.52500597409,-15.80334639906)
  );
#37 = CARTESIAN_POINT('',(-11.63676848715,5.297479768623,-16.01663775842
    ));
#38 = CARTESIAN_POINT('',(-11.79173373058,5.069953563156,-16.22992911779
    ));
#39 = CARTESIAN_POINT('',(-11.94669897402,4.842427357689,-16.44322047715
    ));
#40 = CARTESIAN_POINT('',(-12.10166421745,4.614901152222,-16.65651183652
    ));
#41 = ORIENTED_EDGE('',*,*,#42,.T.);
#42 = EDGE_CURVE('',#33,#43,#45,.T.);
#43 = VERTEX_POINT('',#44);
#44 = CARTESIAN_POINT('',(-11.4744280133,5.52500597409,-15.79319526526)
  );
#45 = LINE('',#46,#47);
#46 = CARTESIAN_POINT('',(-12.02256567582,5.52500597409,-16.54764203388)
  );
#47 = VECTOR('',#48,1.);
#48 = DIRECTION('',(0.587785252292,0.,0.809016994375));
#49 = ORIENTED_EDGE('',*,*,#50,.T.);
#50 = EDGE_CURVE('',#43,#51,#53,.T.);
#51 = VERTEX_POINT('',#52);
#52 = CARTESIAN_POINT('',(-11.71729798758,0.97500597409,-16.12747710688)
  );
#53 = B_SPLINE_CURVE_WITH_KNOTS('',7,(#54,#55,#56,#57,#58,#59,#60,#61,
    #62,#63,#64,#65,#66,#67,#68,#69,#70,#71,#72,#73,#74,#75,#76,#77,#78,
    #79,#80,#81,#82,#83,#84,#85,#86,#87,#88,#89,#90,#91,#92,#93,#94,#95,
    #96,#97,#98,#99,#100,#101,#102,#103,#104,#105,#106,#107,#108,#109,
    #110,#111,#112,#113,#114,#115,#116,#117,#118,#119,#120,#121,#122,
    #123,#124,#125,#126,#127),.UNSPECIFIED.,.F.,.F.,(8,6,6,6,6,6,6,6,6,6
    ,6,6,8),(0.,9.332761003591E-03,8.546910198478E-02,0.292101214979,
    0.52087586057,0.684774438154,0.832359138413,0.89555787682,
    0.951243718463,0.976144797399,0.987876052066,0.994008753826,1.),
  .UNSPECIFIED.);
#54 = CARTESIAN_POINT('',(-11.4744280133,5.52500597409,-15.79319526526)
  );
#55 = CARTESIAN_POINT('',(-11.47698516869,5.520366845425,-15.7967148877)
  );
#56 = CARTESIAN_POINT('',(-11.47952906678,5.51570594335,-15.80021626304)
  );
#57 = CARTESIAN_POINT('',(-11.48205984396,5.511023506104,-15.803699579)
  );
#58 = CARTESIAN_POINT('',(-11.48457750077,5.506319983944,-15.80716483631
    ));
#59 = CARTESIAN_POINT('',(-11.48708209045,5.501595736612,-15.81061210827
    ));
#60 = CARTESIAN_POINT('',(-11.48957373441,5.4968510097,-15.81404156196)
  );
#61 = CARTESIAN_POINT('',(-11.51227385704,5.453214954952,-15.84528560035
    ));
#62 = CARTESIAN_POINT('',(-11.53163434696,5.413009406705,-15.87193302864
    ));
#63 = CARTESIAN_POINT('',(-11.55017455645,5.371641244285,-15.89745143779
    ));
#64 = CARTESIAN_POINT('',(-11.5679349642,5.329259628581,-15.92189654191)
  );
#65 = CARTESIAN_POINT('',(-11.58495567822,5.285990930552,-15.94532354496
    ));
#66 = CARTESIAN_POINT('',(-11.60127620894,5.241938479548,-15.96778682838
    ));
#67 = CARTESIAN_POINT('',(-11.65943346451,5.075715198424,-16.04783342349
    ));
#68 = CARTESIAN_POINT('',(-11.6970102117,4.949206572598,-16.09955337896)
  );
#69 = CARTESIAN_POINT('',(-11.73050188192,4.819145477971,-16.14565070833
    ));
#70 = CARTESIAN_POINT('',(-11.76039902139,4.686515068433,-16.18680059057
    ));
#71 = CARTESIAN_POINT('',(-11.78711629774,4.552013318492,-16.22357376671
    ));
#72 = CARTESIAN_POINT('',(-11.81096782862,4.416028734538,-16.25640258258
    ));
#73 = CARTESIAN_POINT('',(-11.8557190498,4.126615239073,-16.31799735433)
  );
#74 = CARTESIAN_POINT('',(-11.87599981912,3.973063896267,-16.34591143856
    ));
#75 = CARTESIAN_POINT('',(-11.89336883359,3.818391107475,-16.36981783605
    ));
#76 = CARTESIAN_POINT('',(-11.90801975639,3.66287904359,-16.38998310131)
  );
#77 = CARTESIAN_POINT('',(-11.92007459272,3.506749096407,-16.40657516009
    ));
#78 = CARTESIAN_POINT('',(-11.92960171858,3.35017043028,-16.41968812388)
  );
#79 = CARTESIAN_POINT('',(-11.94160729425,3.080839335655,-16.43621238117
    ));
#80 = CARTESIAN_POINT('',(-11.94531757435,2.968271288076,-16.44131914362
    ));
#81 = CARTESIAN_POINT('',(-11.94772648165,2.855601035964,-16.44463472008
    ));
#82 = CARTESIAN_POINT('',(-11.94881349359,2.742885236736,-16.44613086366
    ));
#83 = CARTESIAN_POINT('',(-11.94854005471,2.630188163632,-16.44575450734
    ));
#84 = CARTESIAN_POINT('',(-11.94684343462,2.517582496095,-16.44341931011
    ));
#85 = CARTESIAN_POINT('',(-11.94072231451,2.303909934417,-16.43499431106
    ));
#86 = CARTESIAN_POINT('',(-11.93658645734,2.20283593491,-16.42930179203)
  );
#87 = CARTESIAN_POINT('',(-11.93114331285,2.101965341586,-16.42180994635
    ));
#88 = CARTESIAN_POINT('',(-11.92428857875,2.001380218211,-16.41237521427
    ));
#89 = CARTESIAN_POINT('',(-11.91589223448,1.901204969379,-16.40081863782
    ));
#90 = CARTESIAN_POINT('',(-11.90577188283,1.801615356171,-16.38688916879
    ));
#91 = CARTESIAN_POINT('',(-11.88843423366,1.660570391882,-16.36302594193
    ));
#92 = CARTESIAN_POINT('',(-11.88286632478,1.618439107083,-16.35536237281
    ));
#93 = CARTESIAN_POINT('',(-11.87690525707,1.57648582121,-16.34715766698)
  );
#94 = CARTESIAN_POINT('',(-11.8705247196,1.534737686975,-16.33837561057)
  );
#95 = CARTESIAN_POINT('',(-11.86369374172,1.493230075464,-16.32897357611
    ));
#96 = CARTESIAN_POINT('',(-11.85637478463,1.452007721691,-16.3188998959)
  );
#97 = CARTESIAN_POINT('',(-11.8416024194,1.375103943634,-16.29856747947)
  );
#98 = CARTESIAN_POINT('',(-11.83426953792,1.339351713327,-16.28847463398
    ));
#99 = CARTESIAN_POINT('',(-11.82649024107,1.303903601948,-16.27776735043
    ));
#100 = CARTESIAN_POINT('',(-11.81822847034,1.268808762629,
    -16.26639599858));
#101 = CARTESIAN_POINT('',(-11.80944227667,1.234133564513,
    -16.25430284045));
#102 = CARTESIAN_POINT('',(-11.80008104061,1.19996407836,-16.2414182044)
  );
#103 = CARTESIAN_POINT('',(-11.7856117241,1.151403517179,-16.22150289875
    ));
#104 = CARTESIAN_POINT('',(-11.78101357487,1.136522289119,
    -16.21517408927));
#105 = CARTESIAN_POINT('',(-11.77628281947,1.121774831556,
    -16.20866276308));
#106 = CARTESIAN_POINT('',(-11.77141367085,1.107172946545,
    -16.20196095495));
#107 = CARTESIAN_POINT('',(-11.76639998038,1.092730284611,
    -16.19506020203));
#108 = CARTESIAN_POINT('',(-11.76123523792,1.078462344745,
    -16.18795154388));
#109 = CARTESIAN_POINT('',(-11.75340498758,1.057755130439,
    -16.17717412888));
#110 = CARTESIAN_POINT('',(-11.75086236327,1.051166476833,
    -16.17367450675));
#111 = CARTESIAN_POINT('',(-11.74828398172,1.044622361743,
    -16.17012566901));
#112 = CARTESIAN_POINT('',(-11.74566911625,1.038124769586,
    -16.16652661545));
#113 = CARTESIAN_POINT('',(-11.74301703056,1.031675821039,
    -16.16287633265));
#114 = CARTESIAN_POINT('',(-11.74032697878,1.025277773042,
    -16.15917379402));
#115 = CARTESIAN_POINT('',(-11.7361716954,1.015616196628,-16.1534545371)
  );
#116 = CARTESIAN_POINT('',(-11.73473965653,1.012325688412,
    -16.15148350468));
#117 = CARTESIAN_POINT('',(-11.73330209056,1.009061591868,
    -16.14950486487));
#118 = CARTESIAN_POINT('',(-11.73185899922,1.005824004714,
    -16.14751862005));
#119 = CARTESIAN_POINT('',(-11.73041038424,1.00261302467,-16.14552477257
    ));
#120 = CARTESIAN_POINT('',(-11.72895624732,0.999428749455,
    -16.14352332481));
#121 = CARTESIAN_POINT('',(-11.72607060121,0.993186633709,
    -16.13955157367));
#122 = CARTESIAN_POINT('',(-11.72463443423,0.990116956262,-16.1375748594
    ));
#123 = CARTESIAN_POINT('',(-11.72318801539,0.987062620893,
    -16.13558403466));
#124 = CARTESIAN_POINT('',(-11.72173126063,0.984023996762,
    -16.13357898376));
#125 = CARTESIAN_POINT('',(-11.72026407573,0.981001445742,
    -16.13155957699));
#126 = CARTESIAN_POINT('',(-11.71878635626,0.977995322419,
    -16.12952567062));
#127 = CARTESIAN_POINT('',(-11.71729798758,0.97500597409,-16.12747710688
    ));
#128 = ORIENTED_EDGE('',*,*,#129,.F.);
#129 = EDGE_CURVE('',#24,#51,#130,.T.);
#130 = LINE('',#131,#132);
#131 = CARTESIAN_POINT('',(-12.02256567583,0.97500597409,-16.54764203389
    ));
#132 = VECTOR('',#133,1.);
#133 = DIRECTION('',(0.587785252292,0.,0.809016994375));
#134 = PLANE('',#135);
#135 = AXIS2_PLACEMENT_3D('',#136,#137,#138);
#136 = CARTESIAN_POINT('',(-11.75780276557,3.250005974089,
    -16.18322715099));
#137 = DIRECTION('',(0.809016994375,0.,-0.587785252292));
#138 = DIRECTION('',(0.,1.,0.));
#139 = ADVANCED_FACE('',(#140),#184,.F.);
#140 = FACE_BOUND('',#141,.F.);
#141 = EDGE_LOOP('',(#142,#143,#168,#177));
#142 = ORIENTED_EDGE('',*,*,#21,.F.);
#143 = ORIENTED_EDGE('',*,*,#144,.T.);
#144 = EDGE_CURVE('',#22,#145,#147,.T.);
#145 = VERTEX_POINT('',#146);
#146 = CARTESIAN_POINT('',(12.101664217456,4.614901152223,
    -16.65651183652));
#147 = B_SPLINE_CURVE_WITH_KNOTS('',7,(#148,#149,#150,#151,#152,#153,
    #154,#155,#156,#157,#158,#159,#160,#161,#162,#163,#164,#165,#166,
    #167),.UNSPECIFIED.,.F.,.F.,(8,6,6,8),(-1.518358766427,1.992E-14,
    25.703278090769,27.221621752597),.UNSPECIFIED.);
#148 = CARTESIAN_POINT('',(-13.33812248192,4.614901152222,
    -15.75817232327));
#149 = CARTESIAN_POINT('',(-13.161485587,4.614901152222,-15.88650653945)
  );
#150 = CARTESIAN_POINT('',(-12.98484869207,4.614901152222,
    -16.01484075563));
#151 = CARTESIAN_POINT('',(-12.80821179715,4.614901152222,-16.1431749718
    ));
#152 = CARTESIAN_POINT('',(-12.63157490223,4.614901152222,
    -16.27150918798));
#153 = CARTESIAN_POINT('',(-12.4549380073,4.614901152222,-16.39984340416
    ));
#154 = CARTESIAN_POINT('',(-12.27830111238,4.614901152222,
    -16.52817762034));
#155 = CARTESIAN_POINT('',(-9.111496589274,4.614901152222,
    -18.82899578425));
#156 = CARTESIAN_POINT('',(-5.666223579419,4.614900285858,
    -20.37524682705));
#157 = CARTESIAN_POINT('',(-1.923669661383,4.614900583298,
    -21.18085416421));
#158 = CARTESIAN_POINT('',(1.92370137519,4.614903330784,-21.18082300923)
  );
#159 = CARTESIAN_POINT('',(5.666201496127,4.614897419423,-20.37524673496
    ));
#160 = CARTESIAN_POINT('',(9.111467112937,4.614900881782,-18.8290172936)
  );
#161 = CARTESIAN_POINT('',(12.278301335358,4.614901168198,
    -16.52817745281));
#162 = CARTESIAN_POINT('',(12.454938227656,4.614901184174,
    -16.39984323302));
#163 = CARTESIAN_POINT('',(12.631575119953,4.614901200149,
    -16.27150901322));
#164 = CARTESIAN_POINT('',(12.80821201225,4.614901216125,-16.14317479343
    ));
#165 = CARTESIAN_POINT('',(12.984848904548,4.6149012321,-16.01484057364)
  );
#166 = CARTESIAN_POINT('',(13.161485796845,4.614901248076,
    -15.88650635384));
#167 = CARTESIAN_POINT('',(13.338122689142,4.614901264051,
    -15.75817213405));
#168 = ORIENTED_EDGE('',*,*,#169,.T.);
#169 = EDGE_CURVE('',#145,#170,#172,.T.);
#170 = VERTEX_POINT('',#171);
#171 = CARTESIAN_POINT('',(12.022565675833,0.97500597409,-16.54764203389
    ));
#172 = B_SPLINE_CURVE_WITH_KNOTS('',3,(#173,#174,#175,#176),
  .UNSPECIFIED.,.F.,.F.,(4,4),(0.,1.),.PIECEWISE_BEZIER_KNOTS.);
#173 = CARTESIAN_POINT('',(12.022565675829,5.52500597409,-16.54764203388
    ));
#174 = CARTESIAN_POINT('',(12.175389841425,4.350005974087,
    -16.75798645242));
#175 = CARTESIAN_POINT('',(12.175389841425,2.150005974087,
    -16.75798645242));
#176 = CARTESIAN_POINT('',(12.022565675833,0.97500597409,-16.54764203389
    ));
#177 = ORIENTED_EDGE('',*,*,#178,.F.);
#178 = EDGE_CURVE('',#24,#170,#179,.T.);
#179 = CIRCLE('',#180,20.454010421226);
#180 = AXIS2_PLACEMENT_3D('',#181,#182,#183);
#181 = CARTESIAN_POINT('',(2.2E-16,0.97500597409,-2.2E-16));
#182 = DIRECTION('',(-2.2E-16,-1.,2.2E-16));
#183 = DIRECTION('',(-0.587785252292,-4.867098325814E-17,-0.809016994375
    ));
#184 = SURFACE_OF_REVOLUTION('',#185,#190);
#185 = B_SPLINE_CURVE_WITH_KNOTS('',3,(#186,#187,#188,#189),
  .UNSPECIFIED.,.F.,.F.,(4,4),(0.,1.),.PIECEWISE_BEZIER_KNOTS.);
#186 = CARTESIAN_POINT('',(-12.02256567582,5.52500597409,-16.54764203388
    ));
#187 = CARTESIAN_POINT('',(-12.17538984142,4.350005974087,
    -16.75798645242));
#188 = CARTESIAN_POINT('',(-12.17538984142,2.150005974087,
    -16.75798645242));
#189 = CARTESIAN_POINT('',(-12.02256567583,0.97500597409,-16.54764203389
    ));
#190 = AXIS1_PLACEMENT('',#191,#192);
#191 = CARTESIAN_POINT('',(0.,0.,0.));
#192 = DIRECTION('',(-2.2E-16,-1.,2.2E-16));
#193 = ADVANCED_FACE('',(#194),#231,.T.);
#194 = FACE_BOUND('',#195,.T.);
#195 = EDGE_LOOP('',(#196,#197,#198,#208));
#196 = ORIENTED_EDGE('',*,*,#32,.T.);
#197 = ORIENTED_EDGE('',*,*,#144,.T.);
#198 = ORIENTED_EDGE('',*,*,#199,.F.);
#199 = EDGE_CURVE('',#200,#145,#202,.T.);
#200 = VERTEX_POINT('',#201);
#201 = CARTESIAN_POINT('',(11.481803243718,5.52500597409,-15.80334639906
    ));
#202 = B_SPLINE_CURVE_WITH_KNOTS('',4,(#203,#204,#205,#206,#207),
  .UNSPECIFIED.,.F.,.F.,(5,5),(0.,1.),.PIECEWISE_BEZIER_KNOTS.);
#203 = CARTESIAN_POINT('',(11.481803243718,5.52500597409,-15.80334639906
    ));
#204 = CARTESIAN_POINT('',(11.636768487153,5.297479768623,
    -16.01663775842));
#205 = CARTESIAN_POINT('',(11.791733730587,5.069953563157,
    -16.22992911779));
#206 = CARTESIAN_POINT('',(11.946698974022,4.84242735769,-16.44322047715
    ));
#207 = CARTESIAN_POINT('',(12.101664217456,4.614901152223,
    -16.65651183652));
#208 = ORIENTED_EDGE('',*,*,#209,.F.);
#209 = EDGE_CURVE('',#33,#200,#210,.T.);
#210 = B_SPLINE_CURVE_WITH_KNOTS('',7,(#211,#212,#213,#214,#215,#216,
    #217,#218,#219,#220,#221,#222,#223,#224,#225,#226,#227,#228,#229,
    #230),.UNSPECIFIED.,.F.,.F.,(8,6,6,8),(-1.518358766427,1.992E-14,
    25.703278090769,27.221621752597),.UNSPECIFIED.);
#211 = CARTESIAN_POINT('',(-12.71826150819,5.52500597409,-14.90500688582
    ));
#212 = CARTESIAN_POINT('',(-12.53257707106,5.52500597409,-15.03991452618
    ));
#213 = CARTESIAN_POINT('',(-12.34990848134,5.52500597409,-15.17263102514
    ));
#214 = CARTESIAN_POINT('',(-12.17025573902,5.52500597409,-15.30315638271
    ));
#215 = CARTESIAN_POINT('',(-11.99361884409,5.52500597409,-15.43149059889
    ));
#216 = CARTESIAN_POINT('',(-11.81999779657,5.52500597409,-15.55763367367
    ));
#217 = CARTESIAN_POINT('',(-11.64939259644,5.52500597409,-15.68158560706
    ));
#218 = CARTESIAN_POINT('',(-8.644795394584,5.52500597409,-17.86455325374
    ));
#219 = CARTESIAN_POINT('',(-5.375992270966,5.52500597409,-19.33161040636
    ));
#220 = CARTESIAN_POINT('',(-1.825141767078,5.52500597409,-20.09594740725
    ));
#221 = CARTESIAN_POINT('',(1.825167329671,5.52500597409,-20.09590777745)
  );
#222 = CARTESIAN_POINT('',(5.375981820848,5.52500597409,-19.3316234067)
  );
#223 = CARTESIAN_POINT('',(8.644765321456,5.52500597409,-17.86457733686)
  );
#224 = CARTESIAN_POINT('',(11.649392479055,5.52500597409,-15.6815855604)
  );
#225 = CARTESIAN_POINT('',(11.819997721575,5.52500597409,-15.55763346188
    ));
#226 = CARTESIAN_POINT('',(11.993618757231,5.52500597409,-15.43149025902
    ));
#227 = CARTESIAN_POINT('',(12.170255586023,5.52500597409,-15.30315595182
    ));
#228 = CARTESIAN_POINT('',(12.349908207949,5.52500597409,-15.17263054028
    ));
#229 = CARTESIAN_POINT('',(12.532576623011,5.52500597409,-15.03991402439
    ));
#230 = CARTESIAN_POINT('',(12.718260831208,5.52500597409,-14.90500640416
    ));
#231 = B_SPLINE_SURFACE_WITH_KNOTS('',1,7,(
    (#232,#233,#234,#235,#236,#237,#238,#239,#240,#241,#242,#243,#244
      ,#245,#246,#247,#248,#249,#250,#251)
    ,(#252,#253,#254,#255,#256,#257,#258,#259,#260,#261,#262,#263,#264
      ,#265,#266,#267,#268,#269,#270,#271
    )),.UNSPECIFIED.,.F.,.F.,.F.,(2,2),(8,6,6,8),(0.,25.703278090769),(
    -1.518358766427,1.992E-14,25.703278090769,27.221621752597),
  .UNSPECIFIED.);
#232 = CARTESIAN_POINT('',(-12.71826150819,5.52500597409,-14.90500688582
    ));
#233 = CARTESIAN_POINT('',(-12.53257707106,5.52500597409,-15.03991452618
    ));
#234 = CARTESIAN_POINT('',(-12.34990848134,5.52500597409,-15.17263102514
    ));
#235 = CARTESIAN_POINT('',(-12.17025573902,5.52500597409,-15.30315638271
    ));
#236 = CARTESIAN_POINT('',(-11.99361884409,5.52500597409,-15.43149059889
    ));
#237 = CARTESIAN_POINT('',(-11.81999779657,5.52500597409,-15.55763367367
    ));
#238 = CARTESIAN_POINT('',(-11.64939259644,5.52500597409,-15.68158560706
    ));
#239 = CARTESIAN_POINT('',(-8.644795394584,5.52500597409,-17.86455325374
    ));
#240 = CARTESIAN_POINT('',(-5.375992270966,5.52500597409,-19.33161040636
    ));
#241 = CARTESIAN_POINT('',(-1.825141767078,5.52500597409,-20.09594740725
    ));
#242 = CARTESIAN_POINT('',(1.825167329671,5.52500597409,-20.09590777745)
  );
#243 = CARTESIAN_POINT('',(5.375981820848,5.52500597409,-19.3316234067)
  );
#244 = CARTESIAN_POINT('',(8.644765321456,5.52500597409,-17.86457733686)
  );
#245 = CARTESIAN_POINT('',(11.649392479055,5.52500597409,-15.6815855604)
  );
#246 = CARTESIAN_POINT('',(11.819997721575,5.52500597409,-15.55763346188
    ));
#247 = CARTESIAN_POINT('',(11.993618757231,5.52500597409,-15.43149025902
    ));
#248 = CARTESIAN_POINT('',(12.170255586023,5.52500597409,-15.30315595182
    ));
#249 = CARTESIAN_POINT('',(12.349908207949,5.52500597409,-15.17263054028
    ));
#250 = CARTESIAN_POINT('',(12.532576623011,5.52500597409,-15.03991402439
    ));
#251 = CARTESIAN_POINT('',(12.718260831208,5.52500597409,-14.90500640416
    ));
#252 = CARTESIAN_POINT('',(-13.33812248192,4.614901152222,
    -15.75817232327));
#253 = CARTESIAN_POINT('',(-13.161485587,4.614901152222,-15.88650653945)
  );
#254 = CARTESIAN_POINT('',(-12.98484869207,4.614901152222,
    -16.01484075563));
#255 = CARTESIAN_POINT('',(-12.80821179715,4.614901152222,-16.1431749718
    ));
#256 = CARTESIAN_POINT('',(-12.63157490223,4.614901152222,
    -16.27150918798));
#257 = CARTESIAN_POINT('',(-12.4549380073,4.614901152222,-16.39984340416
    ));
#258 = CARTESIAN_POINT('',(-12.27830111238,4.614901152222,
    -16.52817762034));
#259 = CARTESIAN_POINT('',(-9.111496589274,4.614901152222,
    -18.82899578425));
#260 = CARTESIAN_POINT('',(-5.666223579419,4.614900285858,
    -20.37524682705));
#261 = CARTESIAN_POINT('',(-1.923669661383,4.614900583298,
    -21.18085416421));
#262 = CARTESIAN_POINT('',(1.92370137519,4.614903330784,-21.18082300923)
  );
#263 = CARTESIAN_POINT('',(5.666201496127,4.614897419423,-20.37524673496
    ));
#264 = CARTESIAN_POINT('',(9.111467112937,4.614900881782,-18.8290172936)
  );
#265 = CARTESIAN_POINT('',(12.278301335358,4.614901168198,
    -16.52817745281));
#266 = CARTESIAN_POINT('',(12.454938227656,4.614901184174,
    -16.39984323302));
#267 = CARTESIAN_POINT('',(12.631575119953,4.614901200149,
    -16.27150901322));
#268 = CARTESIAN_POINT('',(12.80821201225,4.614901216125,-16.14317479343
    ));
#269 = CARTESIAN_POINT('',(12.984848904548,4.6149012321,-16.01484057364)
  );
#270 = CARTESIAN_POINT('',(13.161485796845,4.614901248076,
    -15.88650635384));
#271 = CARTESIAN_POINT('',(13.338122689142,4.614901264051,
    -15.75817213405));
#272 = ADVANCED_FACE('',(#273),#335,.F.);
#273 = FACE_BOUND('',#274,.F.);
#274 = EDGE_LOOP('',(#275,#276,#277,#285));
#275 = ORIENTED_EDGE('',*,*,#129,.F.);
#276 = ORIENTED_EDGE('',*,*,#178,.T.);
#277 = ORIENTED_EDGE('',*,*,#278,.T.);
#278 = EDGE_CURVE('',#170,#279,#281,.T.);
#279 = VERTEX_POINT('',#280);
#280 = CARTESIAN_POINT('',(11.717297987588,0.97500597409,-16.12747710688
    ));
#281 = LINE('',#282,#283);
#282 = CARTESIAN_POINT('',(12.022565675833,0.97500597409,-16.54764203389
    ));
#283 = VECTOR('',#284,1.);
#284 = DIRECTION('',(-0.587785252292,0.,0.809016994375));
#285 = ORIENTED_EDGE('',*,*,#286,.F.);
#286 = EDGE_CURVE('',#51,#279,#287,.T.);
#287 = B_SPLINE_CURVE_WITH_KNOTS('',6,(#288,#289,#290,#291,#292,#293,
    #294,#295,#296,#297,#298,#299,#300,#301,#302,#303,#304,#305,#306,
    #307,#308,#309,#310,#311,#312,#313,#314,#315,#316,#317,#318,#319,
    #320,#321,#322,#323,#324,#325,#326,#327,#328,#329,#330,#331,#332,
    #333,#334),.UNSPECIFIED.,.F.,.F.,(7,5,5,5,5,5,5,5,5,7),(0.,
    7.453661461673E-02,0.178887858855,0.263362685751,0.402497614817,
    0.501879755892,0.854677050315,0.929213664932,0.963997420232,1.),
  .UNSPECIFIED.);
#288 = CARTESIAN_POINT('',(-11.71729798758,0.97500597409,-16.12747710688
    ));
#289 = CARTESIAN_POINT('',(-11.46396818345,0.97500597409,-16.3115319832)
  );
#290 = CARTESIAN_POINT('',(-11.207168976,0.97500597409,-16.49081174057)
  );
#291 = CARTESIAN_POINT('',(-10.94701298701,0.97500597409,-16.66523455782
    ));
#292 = CARTESIAN_POINT('',(-10.68361523738,0.97500597409,-16.83472226617
    ));
#293 = CARTESIAN_POINT('',(-10.41709314721,0.97500597409,-16.9992003492)
  );
#294 = CARTESIAN_POINT('',(-9.770229338372,0.97500597409,-17.38175453934
    ));
#295 = CARTESIAN_POINT('',(-9.387002886936,0.97500597409,-17.59495360333
    ));
#296 = CARTESIAN_POINT('',(-8.99821628285,0.97500597409,-17.79800052841)
  );
#297 = CARTESIAN_POINT('',(-8.604206203098,0.97500597409,-17.99071569219
    ));
#298 = CARTESIAN_POINT('',(-8.205316900236,0.97500597409,-18.1729344564)
  );
#299 = CARTESIAN_POINT('',(-7.475324741168,0.97500597409,-18.48339937769
    ));
#300 = CARTESIAN_POINT('',(-7.145782042061,0.97500597409,-18.61531505539
    ));
#301 = CARTESIAN_POINT('',(-6.813458636798,0.97500597409,-18.74017487441
    ));
#302 = CARTESIAN_POINT('',(-6.478543520625,0.97500597409,-18.85790628504
    ));
#303 = CARTESIAN_POINT('',(-6.141228152316,0.97500597409,-18.96844351343
    ));
#304 = CARTESIAN_POINT('',(-5.242494566759,0.97500597409,-19.24184236663
    ));
#305 = CARTESIAN_POINT('',(-4.677295694277,0.97500597409,-19.39228119381
    ));
#306 = CARTESIAN_POINT('',(-4.106978181456,0.97500597409,-19.52278000783
    ));
#307 = CARTESIAN_POINT('',(-3.532421300237,0.97500597409,-19.63312671658
    ));
#308 = CARTESIAN_POINT('',(-2.954515249771,0.97500597409,-19.72316117117
    ));
#309 = CARTESIAN_POINT('',(-1.959622314406,0.97500597409,-19.84249947225
    ));
#310 = CARTESIAN_POINT('',(-1.543833505184,0.97500597409,-19.88180530576
    ));
#311 = CARTESIAN_POINT('',(-1.127122597117,0.97500597409,-19.91065335356
    ));
#312 = CARTESIAN_POINT('',(-0.709818239261,0.97500597409,-19.9290180936)
  );
#313 = CARTESIAN_POINT('',(-0.292249861354,0.97500597409,-19.93688779473
    ));
#314 = CARTESIAN_POINT('',(1.607345995973,0.97500597409,-19.92495212488)
  );
#315 = CARTESIAN_POINT('',(3.08875226159,0.97500597409,-19.78340792024)
  );
#316 = CARTESIAN_POINT('',(4.554405092489,0.97500597409,-19.5096804328)
  );
#317 = CARTESIAN_POINT('',(5.98976466448,0.97500597409,-19.10618587621)
  );
#318 = CARTESIAN_POINT('',(7.380724176044,0.97500597409,-18.577195401));
#319 = CARTESIAN_POINT('',(8.995386656323,0.97500597409,-17.79246079252)
  );
#320 = CARTESIAN_POINT('',(9.274440010048,0.97500597409,-17.65027679159)
  );
#321 = CARTESIAN_POINT('',(9.550788178398,0.97500597409,-17.50284495093)
  );
#322 = CARTESIAN_POINT('',(9.824308052936,0.97500597409,-17.35022995815)
  );
#323 = CARTESIAN_POINT('',(10.094878618388,0.97500597409,-17.19250033678
    ));
#324 = CARTESIAN_POINT('',(10.487215381803,0.97500597409,-16.95376822681
    ));
#325 = CARTESIAN_POINT('',(10.611381631137,0.97500597409,-16.87670990559
    ));
#326 = CARTESIAN_POINT('',(10.73486762388,0.97500597409,-16.79856083125)
  );
#327 = CARTESIAN_POINT('',(10.857661394846,0.97500597409,-16.719328527)
  );
#328 = CARTESIAN_POINT('',(10.979751090433,0.97500597409,-16.63902069068
    ));
#329 = CARTESIAN_POINT('',(11.226751793378,0.97500597409,-16.47341829743
    ));
#330 = CARTESIAN_POINT('',(11.351611746367,0.97500597409,-16.38804772305
    ));
#331 = CARTESIAN_POINT('',(11.475691808367,0.97500597409,-16.30154197482
    ));
#332 = CARTESIAN_POINT('',(11.598979104314,0.97500597409,-16.21390993893
    ));
#333 = CARTESIAN_POINT('',(11.721460903311,0.97500597409,-16.12516088443
    ));
#334 = CARTESIAN_POINT('',(11.843124618622,0.97500597409,-16.0353044633)
  );
#335 = PLANE('',#336);
#336 = AXIS2_PLACEMENT_3D('',#337,#338,#339);
#337 = CARTESIAN_POINT('',(2.2E-16,0.97500597409,-2.2E-16));
#338 = DIRECTION('',(-2.2E-16,-1.,2.2E-16));
#339 = DIRECTION('',(-0.587785252292,-4.867098325814E-17,-0.809016994375
    ));
#340 = ADVANCED_FACE('',(#341),#398,.T.);
#341 = FACE_BOUND('',#342,.T.);
#342 = EDGE_LOOP('',(#343,#344,#345,#353));
#343 = ORIENTED_EDGE('',*,*,#42,.F.);
#344 = ORIENTED_EDGE('',*,*,#209,.T.);
#345 = ORIENTED_EDGE('',*,*,#346,.T.);
#346 = EDGE_CURVE('',#200,#347,#349,.T.);
#347 = VERTEX_POINT('',#348);
#348 = CARTESIAN_POINT('',(11.474428013305,5.52500597409,-15.79319526526
    ));
#349 = LINE('',#350,#351);
#350 = CARTESIAN_POINT('',(12.022565675829,5.52500597409,-16.54764203388
    ));
#351 = VECTOR('',#352,1.);
#352 = DIRECTION('',(-0.587785252292,0.,0.809016994375));
#353 = ORIENTED_EDGE('',*,*,#354,.F.);
#354 = EDGE_CURVE('',#43,#347,#355,.T.);
#355 = B_SPLINE_CURVE_WITH_KNOTS('',6,(#356,#357,#358,#359,#360,#361,
    #362,#363,#364,#365,#366,#367,#368,#369,#370,#371,#372,#373,#374,
    #375,#376,#377,#378,#379,#380,#381,#382,#383,#384,#385,#386,#387,
    #388,#389,#390,#391,#392,#393,#394,#395,#396,#397),.UNSPECIFIED.,.F.
  ,.F.,(7,5,5,5,5,5,5,5,7),(0.,9.491558536357E-02,0.324710151102,
    0.409634626512,0.684387648596,0.854236369078,0.929169732397,
    0.964138637101,1.),.UNSPECIFIED.);
#356 = CARTESIAN_POINT('',(-11.4744280133,5.52500597409,-15.79319526526)
  );
#357 = CARTESIAN_POINT('',(-11.16019474482,5.52500597409,-16.02149909852
    ));
#358 = CARTESIAN_POINT('',(-10.84051030802,5.52500597409,-16.24230037765
    ));
#359 = CARTESIAN_POINT('',(-10.515598973,5.52500597409,-16.45543617435)
  );
#360 = CARTESIAN_POINT('',(-10.18569094234,5.52500597409,-16.66075284383
    ));
#361 = CARTESIAN_POINT('',(-9.851022351118,5.52500597409,-16.85810602482
    ));
#362 = CARTESIAN_POINT('',(-8.690649279071,5.52500597409,-17.50555390504
    ));
#363 = CARTESIAN_POINT('',(-7.842963260522,5.52500597409,-17.9162863814)
  );
#364 = CARTESIAN_POINT('',(-6.972236442147,5.52500597409,-18.27762398118
    ));
#365 = CARTESIAN_POINT('',(-6.082070352294,5.52500597409,-18.58800179244
    ));
#366 = CARTESIAN_POINT('',(-5.176193769063,5.52500597409,-18.84618848678
    ));
#367 = CARTESIAN_POINT('',(-3.919316753392,5.52500597409,-19.12713378553
    ));
#368 = CARTESIAN_POINT('',(-3.578538660377,5.52500597409,-19.19569931839
    ));
#369 = CARTESIAN_POINT('',(-3.236334638965,5.52500597409,-19.25697619401
    ));
#370 = CARTESIAN_POINT('',(-2.892899577015,5.52500597409,-19.31092807979
    ));
#371 = CARTESIAN_POINT('',(-2.548429532538,5.52500597409,-19.35752560584
    ));
#372 = CARTESIAN_POINT('',(-1.085960151928,5.52500597409,-19.52363583982
    ));
#373 = CARTESIAN_POINT('',(4.001052464748E-02,5.52500597409,
    -19.57331782362));
#374 = CARTESIAN_POINT('',(1.168034568385,5.52500597409,-19.54501493588)
  );
#375 = CARTESIAN_POINT('',(2.291400812503,5.52500597409,-19.43877192065)
  );
#376 = CARTESIAN_POINT('',(3.403440527351,5.52500597409,-19.25534363325)
  );
#377 = CARTESIAN_POINT('',(5.173895786375,5.52500597409,-18.83617315104)
  );
#378 = CARTESIAN_POINT('',(5.8434146037,5.52500597409,-18.64714100554));
#379 = CARTESIAN_POINT('',(6.504544211536,5.52500597409,-18.42957762762)
  );
#380 = CARTESIAN_POINT('',(7.155771340541,5.52500597409,-18.183957172));
#381 = CARTESIAN_POINT('',(7.795620344753,5.52500597409,-17.9108603932)
  );
#382 = CARTESIAN_POINT('',(8.699285729299,5.52500597409,-17.47867192564)
  );
#383 = CARTESIAN_POINT('',(8.973424463547,5.52500597409,-17.34115477837)
  );
#384 = CARTESIAN_POINT('',(9.244946425854,5.52500597409,-17.19848202251)
  );
#385 = CARTESIAN_POINT('',(9.513730663872,5.52500597409,-17.05071624612)
  );
#386 = CARTESIAN_POINT('',(9.779658251389,5.52500597409,-16.89792380649)
  );
#387 = CARTESIAN_POINT('',(10.16532417863,5.52500597409,-16.66655863741)
  );
#388 = CARTESIAN_POINT('',(10.287388508223,5.52500597409,-16.59186301377
    ));
#389 = CARTESIAN_POINT('',(10.408793405678,5.52500597409,-16.51609508109
    ));
#390 = CARTESIAN_POINT('',(10.529527107762,5.52500597409,-16.43926213288
    ));
#391 = CARTESIAN_POINT('',(10.649577959432,5.52500597409,-16.36137163434
    ));
#392 = CARTESIAN_POINT('',(10.891337021593,5.52500597409,-16.20147613416
    ));
#393 = CARTESIAN_POINT('',(11.013009330442,5.52500597409,-16.11941694576
    ));
#394 = CARTESIAN_POINT('',(11.133938884018,5.52500597409,-16.03626171912
    ));
#395 = CARTESIAN_POINT('',(11.254113362181,5.52500597409,-15.95201884636
    ));
#396 = CARTESIAN_POINT('',(11.373520581021,5.52500597409,-15.86669704974
    ));
#397 = CARTESIAN_POINT('',(11.492148492856,5.52500597409,-15.78030538162
    ));
#398 = PLANE('',#399);
#399 = AXIS2_PLACEMENT_3D('',#400,#401,#402);
#400 = CARTESIAN_POINT('',(1.23E-15,5.52500597409,-1.23E-15));
#401 = DIRECTION('',(-2.2E-16,-1.,2.2E-16));
#402 = DIRECTION('',(-0.587785252292,-4.867098325814E-17,-0.809016994375
    ));
#403 = ADVANCED_FACE('',(#404,#1441),#1523,.T.);
#404 = FACE_BOUND('',#405,.T.);
#405 = EDGE_LOOP('',(#406,#417,#424,#425,#437,#474,#551,#570,#579,#616,
    #638,#675,#684,#721,#743,#780,#789,#808,#885,#913,#927,#964,#1055,
    #1074,#1083,#1120,#1142,#1179,#1188,#1225,#1247,#1284,#1293,#1312,
    #1403,#1431));
#406 = ORIENTED_EDGE('',*,*,#407,.F.);
#407 = EDGE_CURVE('',#408,#410,#412,.T.);
#408 = VERTEX_POINT('',#409);
#409 = CARTESIAN_POINT('',(-19.4,5.640011948131,0.));
#410 = VERTEX_POINT('',#411);
#411 = CARTESIAN_POINT('',(-20.25742471534,3.648023982993,-6.E-15));
#412 = B_SPLINE_CURVE_WITH_KNOTS('',3,(#413,#414,#415,#416),
  .UNSPECIFIED.,.F.,.F.,(4,4),(0.,1.),.PIECEWISE_BEZIER_KNOTS.);
#413 = CARTESIAN_POINT('',(-19.4,5.640011948131,0.));
#414 = CARTESIAN_POINT('',(-20.6,4.640011948131,0.));
#415 = CARTESIAN_POINT('',(-20.6,0.8,0.));
#416 = CARTESIAN_POINT('',(-19.6,0.8,0.));
#417 = ORIENTED_EDGE('',*,*,#418,.T.);
#418 = EDGE_CURVE('',#408,#408,#419,.T.);
#419 = CIRCLE('',#420,19.4);
#420 = AXIS2_PLACEMENT_3D('',#421,#422,#423);
#421 = CARTESIAN_POINT('',(0.,5.640011948131,-1.25E-15));
#422 = DIRECTION('',(0.,1.,-2.2E-16));
#423 = DIRECTION('',(-1.,0.,0.));
#424 = ORIENTED_EDGE('',*,*,#407,.T.);
#425 = ORIENTED_EDGE('',*,*,#426,.T.);
#426 = EDGE_CURVE('',#410,#427,#429,.T.);
#427 = VERTEX_POINT('',#428);
#428 = CARTESIAN_POINT('',(-19.14802398299,3.648023982993,
    -6.611840412832));
#429 = B_SPLINE_CURVE_WITH_KNOTS('',6,(#430,#431,#432,#433,#434,#435,
    #436),.UNSPECIFIED.,.F.,.F.,(7,7),(0.,1.),.PIECEWISE_BEZIER_KNOTS.);
#430 = CARTESIAN_POINT('',(-20.25742471534,3.648023982993,-1.066E-14));
#431 = CARTESIAN_POINT('',(-20.25742471534,3.648023982993,
    -1.122531948845));
#432 = CARTESIAN_POINT('',(-20.18278077657,3.648023982993,-2.24509765736
    ));
#433 = CARTESIAN_POINT('',(-20.03348466348,3.648023982993,
    -3.361418483104));
#434 = CARTESIAN_POINT('',(-19.81024752128,3.648023982993,
    -4.465332769546));
#435 = CARTESIAN_POINT('',(-19.51440824759,3.648023982993,-5.550784149)
  );
#436 = CARTESIAN_POINT('',(-19.14802398299,3.648023982993,
    -6.611840412832));
#437 = ORIENTED_EDGE('',*,*,#438,.T.);
#438 = EDGE_CURVE('',#427,#439,#441,.T.);
#439 = VERTEX_POINT('',#440);
#440 = CARTESIAN_POINT('',(-17.56601002057,3.123502492868,-10.2));
#441 = B_SPLINE_CURVE_WITH_KNOTS('',7,(#442,#443,#444,#445,#446,#447,
    #448,#449,#450,#451,#452,#453,#454,#455,#456,#457,#458,#459,#460,
    #461,#462,#463,#464,#465,#466,#467,#468,#469,#470,#471,#472,#473),
  .UNSPECIFIED.,.F.,.F.,(8,6,6,6,6,8),(0.,0.587957672131,0.831976645827,
    0.923369413509,0.962137914784,1.),.UNSPECIFIED.);
#442 = CARTESIAN_POINT('',(-19.14802398299,3.648023982993,
    -6.611840412832));
#443 = CARTESIAN_POINT('',(-19.04039976387,3.648023982993,
    -6.923522334976));
#444 = CARTESIAN_POINT('',(-18.92732825433,3.642921120395,
    -7.234082829184));
#445 = CARTESIAN_POINT('',(-18.80891602777,3.631782967041,
    -7.543478408101));
#446 = CARTESIAN_POINT('',(-18.68528831583,3.613586107219,
    -7.851579386705));
#447 = CARTESIAN_POINT('',(-18.55658250766,3.587130197371,-8.15816068991
    ));
#448 = CARTESIAN_POINT('',(-18.42294868816,3.551028930597,
    -8.462902907312));
#449 = CARTESIAN_POINT('',(-18.22702731926,3.483443414388,
    -8.890870284184));
#450 = CARTESIAN_POINT('',(-18.16873662216,3.461613156287,
    -9.015988690866));
#451 = CARTESIAN_POINT('',(-18.10962702961,3.437632069824,
    -9.140669145913));
#452 = CARTESIAN_POINT('',(-18.049708801,3.411338005379,-9.264865588106)
  );
#453 = CARTESIAN_POINT('',(-17.98899461487,3.382547485818,-9.38851899653
    ));
#454 = CARTESIAN_POINT('',(-17.92749871108,3.351045425886,
    -9.511555606932));
#455 = CARTESIAN_POINT('',(-17.84191529038,3.303653979464,-9.67969934952
    ));
#456 = CARTESIAN_POINT('',(-17.81848808446,3.290323326817,-9.72541519841
    ));
#457 = CARTESIAN_POINT('',(-17.79495422634,3.276561565507,
    -9.771026249022));
#458 = CARTESIAN_POINT('',(-17.77131466161,3.262353880154,
    -9.816526875456));
#459 = CARTESIAN_POINT('',(-17.74757044108,3.247684285736,
    -9.861910778192));
#460 = CARTESIAN_POINT('',(-17.72372272086,3.232535627593,-9.90717098409
    ));
#461 = CARTESIAN_POINT('',(-17.68961327129,3.210252581843,-9.97144335632
    ));
#462 = CARTESIAN_POINT('',(-17.67957453636,3.203616977762,-9.99030102884
    ));
#463 = CARTESIAN_POINT('',(-17.66965306996,3.196982813294,-10.0088818764
    ));
#464 = CARTESIAN_POINT('',(-17.65984558246,3.19035013406,-10.02719438666
    ));
#465 = CARTESIAN_POINT('',(-17.65014898214,3.183718987183,
    -10.04524652251));
#466 = CARTESIAN_POINT('',(-17.64056037518,3.177089421294,-10.063045722)
  );
#467 = CARTESIAN_POINT('',(-17.621815478,3.163988514334,-10.09774167778)
  );
#468 = CARTESIAN_POINT('',(-17.61253933587,3.157436737424,
    -10.11486264254));
#469 = CARTESIAN_POINT('',(-17.60324873255,3.150804980733,
    -10.13196126073));
#470 = CARTESIAN_POINT('',(-17.59394376287,3.144092022712,
    -10.14903697594));
#471 = CARTESIAN_POINT('',(-17.5846245232,3.137296595334,-10.16608920734
    ));
#472 = CARTESIAN_POINT('',(-17.57529111146,3.130417384092,
    -10.18311734967));
#473 = CARTESIAN_POINT('',(-17.56594362713,3.123453027998,
    -10.20012077328));
#474 = ORIENTED_EDGE('',*,*,#475,.T.);
#475 = EDGE_CURVE('',#439,#476,#478,.T.);
#476 = VERTEX_POINT('',#477);
#477 = CARTESIAN_POINT('',(-16.5,0.999999605386,-11.22269834654));
#478 = B_SPLINE_CURVE_WITH_KNOTS('',8,(#479,#480,#481,#482,#483,#484,
    #485,#486,#487,#488,#489,#490,#491,#492,#493,#494,#495,#496,#497,
    #498,#499,#500,#501,#502,#503,#504,#505,#506,#507,#508,#509,#510,
    #511,#512,#513,#514,#515,#516,#517,#518,#519,#520,#521,#522,#523,
    #524,#525,#526,#527,#528,#529,#530,#531,#532,#533,#534,#535,#536,
    #537,#538,#539,#540,#541,#542,#543,#544,#545,#546,#547,#548,#549,
    #550),.UNSPECIFIED.,.F.,.F.,(9,7,7,7,7,7,7,7,7,7,9),(0.,
    7.624223914979E-02,0.447342806973,0.649437674199,0.70326759046,
    0.730916556387,0.788110708183,0.835383809749,0.858370059936,
    0.897892740284,1.),.UNSPECIFIED.);
#479 = CARTESIAN_POINT('',(-17.56601015029,3.123502502667,
    -10.19999947532));
#480 = CARTESIAN_POINT('',(-17.55353544868,3.114208823718,
    -10.22269184355));
#481 = CARTESIAN_POINT('',(-17.5410373048,3.104768154087,-10.24534142516
    ));
#482 = CARTESIAN_POINT('',(-17.52851108707,3.095170662163,
    -10.26794509918));
#483 = CARTESIAN_POINT('',(-17.51596699856,3.085427227665,
    -10.29050501864));
#484 = CARTESIAN_POINT('',(-17.5033929415,3.07551718081,-10.31301502001)
  );
#485 = CARTESIAN_POINT('',(-17.49079932006,3.065451349896,
    -10.33547709849));
#486 = CARTESIAN_POINT('',(-17.47818105985,3.055218625096,
    -10.35788754645));
#487 = CARTESIAN_POINT('',(-17.40401231814,2.994192302497,
    -10.48906744512));
#488 = CARTESIAN_POINT('',(-17.34203965724,2.939652139993,
    -10.59646212944));
#489 = CARTESIAN_POINT('',(-17.27955763157,2.880707051317,
    -10.70240464139));
#490 = CARTESIAN_POINT('',(-17.2165762474,2.816775890266,-10.80666000916
    ));
#491 = CARTESIAN_POINT('',(-17.15318620174,2.747238285259,
    -10.90881618363));
#492 = CARTESIAN_POINT('',(-17.08954950822,2.671237738933,
    -11.00817560464));
#493 = CARTESIAN_POINT('',(-17.02591433604,2.58785376618,-11.10384632479
    ));
#494 = CARTESIAN_POINT('',(-16.92802320462,2.444771167079,
    -11.24356499057));
#495 = CARTESIAN_POINT('',(-16.89368603762,2.391726809483,-11.2911372279
    ));
#496 = CARTESIAN_POINT('',(-16.85950067021,2.335713116289,
    -11.33688086236));
#497 = CARTESIAN_POINT('',(-16.82553751247,2.276393631146,
    -11.38045940926));
#498 = CARTESIAN_POINT('',(-16.79195958375,2.21346355042,-11.42132366013
    ));
#499 = CARTESIAN_POINT('',(-16.75901600085,2.146672232873,
    -11.45872977331));
#500 = CARTESIAN_POINT('',(-16.72702795365,2.075822313073,
    -11.49172937736));
#501 = CARTESIAN_POINT('',(-16.68819545395,1.980684337249,-11.5263523846
    ));
#502 = CARTESIAN_POINT('',(-16.68012741357,1.960384438094,
    -11.53322799911));
#503 = CARTESIAN_POINT('',(-16.67216825662,1.939797991784,
    -11.53967204818));
#504 = CARTESIAN_POINT('',(-16.664328259,1.918930508505,-11.54565782634)
  );
#505 = CARTESIAN_POINT('',(-16.65661865551,1.897790837429,
    -11.55115729603));
#506 = CARTESIAN_POINT('',(-16.64905141624,1.876391509936,
    -11.55614170814));
#507 = CARTESIAN_POINT('',(-16.64163902304,1.854749082849,
    -11.56058222251));
#508 = CARTESIAN_POINT('',(-16.63067306997,1.821654042239,
    -11.56643742849));
#509 = CARTESIAN_POINT('',(-16.62699614645,1.8103651449,-11.56827339325)
  );
#510 = CARTESIAN_POINT('',(-16.62336527101,1.799020744758,
    -11.56995450473));
#511 = CARTESIAN_POINT('',(-16.61978223216,1.787624147284,
    -11.57147698368));
#512 = CARTESIAN_POINT('',(-16.61624881142,1.776179008299,
    -11.57283718965));
#513 = CARTESIAN_POINT('',(-16.61276678325,1.764689333972,
    -11.57403162092));
#514 = CARTESIAN_POINT('',(-16.60933791511,1.753159480825,
    -11.57505691458));
#515 = CARTESIAN_POINT('',(-16.59898468016,1.717670333014,
    -11.57767420607));
#516 = CARTESIAN_POINT('',(-16.59223934203,1.693591397741,
    -11.57870142657));
#517 = CARTESIAN_POINT('',(-16.58574466944,1.669403276304,
    -11.57896316651));
#518 = CARTESIAN_POINT('',(-16.57951538521,1.645155240398,
    -11.57843606571));
#519 = CARTESIAN_POINT('',(-16.57356398858,1.620899821331,
    -11.57710290491));
#520 = CARTESIAN_POINT('',(-16.5679005251,1.596692724346,-11.57495376542
    ));
#521 = CARTESIAN_POINT('',(-16.56253235657,1.572592742928,
    -11.57198718882));
#522 = CARTESIAN_POINT('',(-16.55327468806,1.528881750573,
    -11.56509045377));
#523 = CARTESIAN_POINT('',(-16.54928962357,1.509214336263,
    -11.56141626073));
#524 = CARTESIAN_POINT('',(-16.54551120925,1.489693636405,
    -11.55719306167));
#525 = CARTESIAN_POINT('',(-16.54193981646,1.470351268615,-11.5524289399
    ));
#526 = CARTESIAN_POINT('',(-16.53857398824,1.451216370704,
    -11.54713537616));
#527 = CARTESIAN_POINT('',(-16.53541071139,1.432315709455,
    -11.54132686689));
#528 = CARTESIAN_POINT('',(-16.53244568845,1.413673789403,
    -11.53502054252));
#529 = CARTESIAN_POINT('',(-16.52832570385,1.386385123864,
    -11.52493674017));
#530 = CARTESIAN_POINT('',(-16.52702337946,1.377523460587,
    -11.52152445583));
#531 = CARTESIAN_POINT('',(-16.52576598561,1.368730358925,
    -11.51800111975));
#532 = CARTESIAN_POINT('',(-16.52455282287,1.360008024034,
    -11.51436897226));
#533 = CARTESIAN_POINT('',(-16.52338314334,1.351358479095,
    -11.51063030699));
#534 = CARTESIAN_POINT('',(-16.5222561507,1.342783565311,-11.50678747086
    ));
#535 = CARTESIAN_POINT('',(-16.52117100018,1.33428494191,-11.50284286412
    ));
#536 = CARTESIAN_POINT('',(-16.51833139279,1.311385222127,
    -11.49184579625));
#537 = CARTESIAN_POINT('',(-16.51665707846,1.297136313217,
    -11.48459899263));
#538 = CARTESIAN_POINT('',(-16.51509936588,1.283124810562,-11.4770708107
    ));
#539 = CARTESIAN_POINT('',(-16.51365350452,1.269356647158,
    -11.46927363516));
#540 = CARTESIAN_POINT('',(-16.51231456711,1.255836380694,
    -11.46121979892));
#541 = CARTESIAN_POINT('',(-16.51107753373,1.242567336386,-11.452921428)
  );
#542 = CARTESIAN_POINT('',(-16.5099373759,1.229551749827,-11.44439028638
    ));
#543 = CARTESIAN_POINT('',(-16.50618101395,1.183823145671,
    -11.41302501759));
#544 = CARTESIAN_POINT('',(-16.50408737915,1.152567367107,
    -11.38894184898));
#545 = CARTESIAN_POINT('',(-16.50252040478,1.123027757733,
    -11.36357374712));
#546 = CARTESIAN_POINT('',(-16.50139803477,1.095186718477,
    -11.33709106986));
#547 = CARTESIAN_POINT('',(-16.5006460284,1.069010845052,-11.30964513886
    ));
#548 = CARTESIAN_POINT('',(-16.50019893404,1.044455868987,-11.281365258)
  );
#549 = CARTESIAN_POINT('',(-16.4999999968,1.02147056224,-11.2523565122)
  );
#550 = CARTESIAN_POINT('',(-16.5,0.999999605386,-11.22269834654));
#551 = ORIENTED_EDGE('',*,*,#552,.T.);
#552 = EDGE_CURVE('',#476,#553,#555,.T.);
#553 = VERTEX_POINT('',#554);
#554 = CARTESIAN_POINT('',(-16.5,0.8,-10.57875228937));
#555 = B_SPLINE_CURVE_WITH_KNOTS('',5,(#556,#557,#558,#559,#560,#561,
    #562,#563,#564,#565,#566,#567,#568,#569),.UNSPECIFIED.,.F.,.F.,(6,4,
    4,6),(0.,0.286884776632,0.757118037421,1.),.UNSPECIFIED.);
#556 = CARTESIAN_POINT('',(-16.5,0.999999605386,-11.22269834654));
#557 = CARTESIAN_POINT('',(-16.5,0.976964342955,-11.19087938638));
#558 = CARTESIAN_POINT('',(-16.5,0.9553947658,-11.15800215887));
#559 = CARTESIAN_POINT('',(-16.5,0.935399131683,-11.12412609105));
#560 = CARTESIAN_POINT('',(-16.5,0.917062709999,-11.08933286633));
#561 = CARTESIAN_POINT('',(-16.5,0.87318586968,-10.99538019373));
#562 = CARTESIAN_POINT('',(-16.5,0.850523342802,-10.93484324551));
#563 = CARTESIAN_POINT('',(-16.5,0.832692854448,-10.87262988163));
#564 = CARTESIAN_POINT('',(-16.5,0.819590680652,-10.8092695081));
#565 = CARTESIAN_POINT('',(-16.5,0.806465004005,-10.71219893647));
#566 = CARTESIAN_POINT('',(-16.5,0.80318022017,-10.67895943914));
#567 = CARTESIAN_POINT('',(-16.5,0.801042134741,-10.64560452111));
#568 = CARTESIAN_POINT('',(-16.5,0.8,-10.61218761231));
#569 = CARTESIAN_POINT('',(-16.5,0.8,-10.57875228937));
#570 = ORIENTED_EDGE('',*,*,#571,.F.);
#571 = EDGE_CURVE('',#572,#553,#574,.T.);
#572 = VERTEX_POINT('',#573);
#573 = CARTESIAN_POINT('',(-15.21288728279,0.8,-12.35831948612));
#574 = CIRCLE('',#575,19.6);
#575 = AXIS2_PLACEMENT_3D('',#576,#577,#578);
#576 = CARTESIAN_POINT('',(0.,0.8,-1.8E-16));
#577 = DIRECTION('',(0.,1.,-2.2E-16));
#578 = DIRECTION('',(-1.,0.,0.));
#579 = ORIENTED_EDGE('',*,*,#580,.F.);
#580 = EDGE_CURVE('',#581,#572,#583,.T.);
#581 = VERTEX_POINT('',#582);
#582 = CARTESIAN_POINT('',(-16.28789513899,2.55,-12.15763702686));
#583 = B_SPLINE_CURVE_WITH_KNOTS('',7,(#584,#585,#586,#587,#588,#589,
    #590,#591,#592,#593,#594,#595,#596,#597,#598,#599,#600,#601,#602,
    #603,#604,#605,#606,#607,#608,#609,#610,#611,#612,#613,#614,#615),
  .UNSPECIFIED.,.F.,.F.,(8,6,6,6,6,8),(0.,0.346968794466,0.645045916288,
    0.747094079716,0.884311756159,1.),.UNSPECIFIED.);
#584 = CARTESIAN_POINT('',(-16.28790073456,2.550120886577,
    -12.15763437082));
#585 = CARTESIAN_POINT('',(-16.2830912308,2.446173133309,-12.15991729744
    ));
#586 = CARTESIAN_POINT('',(-16.27425680846,2.342388861747,
    -12.16409327763));
#587 = CARTESIAN_POINT('',(-16.26127031416,2.238908172796,
    -12.17017294547));
#588 = CARTESIAN_POINT('',(-16.24401355277,2.135885402813,
    -12.17809024351));
#589 = CARTESIAN_POINT('',(-16.22237697349,2.033489435768,
    -12.18770743923));
#590 = CARTESIAN_POINT('',(-16.1962141428,1.931910770981,-12.19882768564
    ));
#591 = CARTESIAN_POINT('',(-16.13865090864,1.745006455419,-12.2218570418
    ));
#592 = CARTESIAN_POINT('',(-16.10852745056,1.659469614431,
    -12.23342645009));
#593 = CARTESIAN_POINT('',(-16.07468726021,1.574831682506,
    -12.24577927772));
#594 = CARTESIAN_POINT('',(-16.03688666127,1.491257450498,
    -12.25874675205));
#595 = CARTESIAN_POINT('',(-15.99474929978,1.409042839302,-12.2721162138
    ));
#596 = CARTESIAN_POINT('',(-15.94782726299,1.328590449911,
    -12.28564181369));
#597 = CARTESIAN_POINT('',(-15.87707724818,1.223862567186,
    -12.30352828019));
#598 = CARTESIAN_POINT('',(-15.85836015426,1.197445198967,
    -12.30806528867));
#599 = CARTESIAN_POINT('',(-15.83893082886,1.171348881651,
    -12.31256282206));
#600 = CARTESIAN_POINT('',(-15.81874741186,1.145611079143,
    -12.31700383585));
#601 = CARTESIAN_POINT('',(-15.79776267891,1.120279647143,
    -12.32136819778));
#602 = CARTESIAN_POINT('',(-15.77592127864,1.095414325814,
    -12.32563193492));
#603 = CARTESIAN_POINT('',(-15.72254725165,1.038378481509,
    -12.33532594158));
#604 = CARTESIAN_POINT('',(-15.69030565601,1.006683583109,
    -12.34064499032));
#605 = CARTESIAN_POINT('',(-15.6562300773,0.976128061558,-12.34566336386
    ));
#606 = CARTESIAN_POINT('',(-15.62013203095,0.94696458685,-12.35029041298
    ));
#607 = CARTESIAN_POINT('',(-15.58184177717,0.919570293604,
    -12.35440237915));
#608 = CARTESIAN_POINT('',(-15.54120930411,0.894447108929,
    -12.35783981805));
#609 = CARTESIAN_POINT('',(-15.46175669718,0.8534915441,-12.36256801807)
  );
#610 = CARTESIAN_POINT('',(-15.42360606821,0.836795737987,
    -12.36411379855));
#611 = CARTESIAN_POINT('',(-15.38371755948,0.822608800712,
    -12.36491143269));
#612 = CARTESIAN_POINT('',(-15.34227481318,0.811444022855,
    -12.36482294551));
#613 = CARTESIAN_POINT('',(-15.29960101747,0.803796597773,
    -12.36372099342));
#614 = CARTESIAN_POINT('',(-15.25621043526,0.8,-12.3615340838));
#615 = CARTESIAN_POINT('',(-15.21288728279,0.8,-12.35831948612));
#616 = ORIENTED_EDGE('',*,*,#617,.T.);
#617 = EDGE_CURVE('',#581,#618,#620,.T.);
#618 = VERTEX_POINT('',#619);
#619 = CARTESIAN_POINT('',(-12.15763702686,2.55,-16.28789513899));
#620 = B_SPLINE_CURVE_WITH_KNOTS('',4,(#621,#622,#623,#624,#625,#626,
    #627,#628,#629,#630,#631,#632,#633,#634,#635,#636,#637),
  .UNSPECIFIED.,.F.,.F.,(5,3,3,3,3,5),(0.,0.115223632347,0.532064610175,
    0.772549895378,0.884776367653,1.),.UNSPECIFIED.);
#621 = CARTESIAN_POINT('',(-16.89510474528,2.55,-11.29863273947));
#622 = CARTESIAN_POINT('',(-16.76755160733,2.55,-11.48936504747));
#623 = CARTESIAN_POINT('',(-16.6371283397,2.55,-11.67817847724));
#624 = CARTESIAN_POINT('',(-16.50387673091,2.55,-11.86500601153));
#625 = CARTESIAN_POINT('',(-15.87572245206,2.55,-12.71826024931));
#626 = CARTESIAN_POINT('',(-15.34719814707,2.55,-13.35993801463));
#627 = CARTESIAN_POINT('',(-14.78446659041,2.55,-13.97183791708));
#628 = CARTESIAN_POINT('',(-13.84731983156,2.55,-14.88572270304));
#629 = CARTESIAN_POINT('',(-13.49395719295,2.55,-15.20929977377));
#630 = CARTESIAN_POINT('',(-13.13059866144,2.55,-15.52161028056));
#631 = CARTESIAN_POINT('',(-12.58382239924,2.55,-15.962488067));
#632 = CARTESIAN_POINT('',(-12.4077915231,2.55,-16.10021677381));
#633 = CARTESIAN_POINT('',(-12.22976014466,2.55,-16.23534965034));
#634 = CARTESIAN_POINT('',(-11.86500601153,2.55,-16.50387673091));
#635 = CARTESIAN_POINT('',(-11.67817847724,2.55,-16.63712833969));
#636 = CARTESIAN_POINT('',(-11.48936504747,2.55,-16.76755160733));
#637 = CARTESIAN_POINT('',(-11.29863273947,2.55,-16.89510474528));
#638 = ORIENTED_EDGE('',*,*,#639,.T.);
#639 = EDGE_CURVE('',#618,#640,#642,.T.);
#640 = VERTEX_POINT('',#641);
#641 = CARTESIAN_POINT('',(-12.35831948612,0.8,-15.21288728279));
#642 = B_SPLINE_CURVE_WITH_KNOTS('',7,(#643,#644,#645,#646,#647,#648,
    #649,#650,#651,#652,#653,#654,#655,#656,#657,#658,#659,#660,#661,
    #662,#663,#664,#665,#666,#667,#668,#669,#670,#671,#672,#673,#674),
  .UNSPECIFIED.,.F.,.F.,(8,6,6,6,6,8),(0.,0.346968794466,0.645045916288,
    0.747094079716,0.884311756159,1.),.UNSPECIFIED.);
#643 = CARTESIAN_POINT('',(-12.15763437082,2.550120886577,
    -16.28790073456));
#644 = CARTESIAN_POINT('',(-12.15991729744,2.446173133309,-16.2830912308
    ));
#645 = CARTESIAN_POINT('',(-12.16409327763,2.342388861747,
    -16.27425680846));
#646 = CARTESIAN_POINT('',(-12.17017294547,2.238908172796,
    -16.26127031416));
#647 = CARTESIAN_POINT('',(-12.17809024351,2.135885402813,
    -16.24401355277));
#648 = CARTESIAN_POINT('',(-12.18770743923,2.033489435768,
    -16.22237697349));
#649 = CARTESIAN_POINT('',(-12.19882768564,1.931910770981,-16.1962141428
    ));
#650 = CARTESIAN_POINT('',(-12.2218570418,1.745006455419,-16.13865090864
    ));
#651 = CARTESIAN_POINT('',(-12.23342645009,1.659469614431,
    -16.10852745056));
#652 = CARTESIAN_POINT('',(-12.24577927772,1.574831682506,
    -16.07468726021));
#653 = CARTESIAN_POINT('',(-12.25874675205,1.491257450498,
    -16.03688666127));
#654 = CARTESIAN_POINT('',(-12.2721162138,1.409042839301,-15.99474929978
    ));
#655 = CARTESIAN_POINT('',(-12.28564181369,1.328590449911,
    -15.94782726299));
#656 = CARTESIAN_POINT('',(-12.30352828019,1.223862567186,
    -15.87707724818));
#657 = CARTESIAN_POINT('',(-12.30806528867,1.197445198967,
    -15.85836015426));
#658 = CARTESIAN_POINT('',(-12.31256282206,1.171348881651,
    -15.83893082886));
#659 = CARTESIAN_POINT('',(-12.31700383585,1.145611079143,
    -15.81874741186));
#660 = CARTESIAN_POINT('',(-12.32136819778,1.120279647143,
    -15.79776267891));
#661 = CARTESIAN_POINT('',(-12.32563193492,1.095414325814,
    -15.77592127864));
#662 = CARTESIAN_POINT('',(-12.33532594158,1.038378481509,
    -15.72254725165));
#663 = CARTESIAN_POINT('',(-12.34064499032,1.006683583109,
    -15.69030565601));
#664 = CARTESIAN_POINT('',(-12.34566336386,0.976128061558,-15.6562300773
    ));
#665 = CARTESIAN_POINT('',(-12.35029041298,0.94696458685,-15.62013203095
    ));
#666 = CARTESIAN_POINT('',(-12.35440237915,0.919570293604,
    -15.58184177717));
#667 = CARTESIAN_POINT('',(-12.35783981805,0.894447108929,
    -15.54120930411));
#668 = CARTESIAN_POINT('',(-12.36256801807,0.8534915441,-15.46175669718)
  );
#669 = CARTESIAN_POINT('',(-12.36411379855,0.836795737987,
    -15.42360606821));
#670 = CARTESIAN_POINT('',(-12.36491143269,0.822608800712,
    -15.38371755948));
#671 = CARTESIAN_POINT('',(-12.36482294551,0.811444022855,
    -15.34227481318));
#672 = CARTESIAN_POINT('',(-12.36372099342,0.803796597773,
    -15.29960101747));
#673 = CARTESIAN_POINT('',(-12.3615340838,0.8,-15.25621043526));
#674 = CARTESIAN_POINT('',(-12.35831948612,0.8,-15.21288728279));
#675 = ORIENTED_EDGE('',*,*,#676,.F.);
#676 = EDGE_CURVE('',#677,#640,#679,.T.);
#677 = VERTEX_POINT('',#678);
#678 = CARTESIAN_POINT('',(12.358319486123,0.8,-15.21288728279));
#679 = CIRCLE('',#680,19.6);
#680 = AXIS2_PLACEMENT_3D('',#681,#682,#683);
#681 = CARTESIAN_POINT('',(0.,0.8,-1.8E-16));
#682 = DIRECTION('',(0.,1.,-2.2E-16));
#683 = DIRECTION('',(-1.,0.,0.));
#684 = ORIENTED_EDGE('',*,*,#685,.F.);
#685 = EDGE_CURVE('',#686,#677,#688,.T.);
#686 = VERTEX_POINT('',#687);
#687 = CARTESIAN_POINT('',(12.157637026862,2.55,-16.28789513899));
#688 = B_SPLINE_CURVE_WITH_KNOTS('',7,(#689,#690,#691,#692,#693,#694,
    #695,#696,#697,#698,#699,#700,#701,#702,#703,#704,#705,#706,#707,
    #708,#709,#710,#711,#712,#713,#714,#715,#716,#717,#718,#719,#720),
  .UNSPECIFIED.,.F.,.F.,(8,6,6,6,6,8),(0.,0.346968794466,0.645045916288,
    0.747094079715,0.884311756159,1.),.UNSPECIFIED.);
#689 = CARTESIAN_POINT('',(12.157634370822,2.550120886577,
    -16.28790073456));
#690 = CARTESIAN_POINT('',(12.159917297444,2.446173133309,-16.2830912308
    ));
#691 = CARTESIAN_POINT('',(12.164093277636,2.342388861747,
    -16.27425680846));
#692 = CARTESIAN_POINT('',(12.170172945477,2.238908172796,
    -16.26127031416));
#693 = CARTESIAN_POINT('',(12.178090243519,2.135885402813,
    -16.24401355277));
#694 = CARTESIAN_POINT('',(12.18770743923,2.033489435768,-16.22237697349
    ));
#695 = CARTESIAN_POINT('',(12.198827685643,1.931910770981,-16.1962141428
    ));
#696 = CARTESIAN_POINT('',(12.221857041804,1.745006455419,
    -16.13865090864));
#697 = CARTESIAN_POINT('',(12.233426450095,1.659469614431,
    -16.10852745056));
#698 = CARTESIAN_POINT('',(12.245779277726,1.574831682507,
    -16.07468726021));
#699 = CARTESIAN_POINT('',(12.258746752057,1.491257450497,
    -16.03688666127));
#700 = CARTESIAN_POINT('',(12.272116213808,1.409042839302,
    -15.99474929978));
#701 = CARTESIAN_POINT('',(12.285641813691,1.328590449911,
    -15.94782726299));
#702 = CARTESIAN_POINT('',(12.303528280194,1.223862567186,
    -15.87707724818));
#703 = CARTESIAN_POINT('',(12.308065288675,1.197445198967,
    -15.85836015426));
#704 = CARTESIAN_POINT('',(12.312562822068,1.171348881651,
    -15.83893082886));
#705 = CARTESIAN_POINT('',(12.317003835854,1.145611079143,
    -15.81874741186));
#706 = CARTESIAN_POINT('',(12.321368197782,1.120279647143,
    -15.79776267891));
#707 = CARTESIAN_POINT('',(12.325631934926,1.095414325814,
    -15.77592127864));
#708 = CARTESIAN_POINT('',(12.335325941586,1.038378481509,
    -15.72254725165));
#709 = CARTESIAN_POINT('',(12.340644990324,1.006683583109,
    -15.69030565601));
#710 = CARTESIAN_POINT('',(12.345663363867,0.976128061558,-15.6562300773
    ));
#711 = CARTESIAN_POINT('',(12.350290412986,0.94696458685,-15.62013203095
    ));
#712 = CARTESIAN_POINT('',(12.354402379157,0.919570293604,
    -15.58184177717));
#713 = CARTESIAN_POINT('',(12.357839818059,0.894447108929,
    -15.54120930411));
#714 = CARTESIAN_POINT('',(12.362568018076,0.8534915441,-15.46175669718)
  );
#715 = CARTESIAN_POINT('',(12.364113798556,0.836795737987,
    -15.42360606821));
#716 = CARTESIAN_POINT('',(12.364911432691,0.822608800712,
    -15.38371755948));
#717 = CARTESIAN_POINT('',(12.364822945511,0.811444022855,
    -15.34227481318));
#718 = CARTESIAN_POINT('',(12.363720993429,0.803796597773,
    -15.29960101747));
#719 = CARTESIAN_POINT('',(12.361534083802,0.8,-15.25621043526));
#720 = CARTESIAN_POINT('',(12.358319486124,0.8,-15.21288728279));
#721 = ORIENTED_EDGE('',*,*,#722,.T.);
#722 = EDGE_CURVE('',#686,#723,#725,.T.);
#723 = VERTEX_POINT('',#724);
#724 = CARTESIAN_POINT('',(16.287895138991,2.55,-12.15763702686));
#725 = B_SPLINE_CURVE_WITH_KNOTS('',4,(#726,#727,#728,#729,#730,#731,
    #732,#733,#734,#735,#736,#737,#738,#739,#740,#741,#742),
  .UNSPECIFIED.,.F.,.F.,(5,3,3,3,3,5),(0.,0.115223632347,0.532064610175,
    0.772549895377,0.884776367652,1.),.UNSPECIFIED.);
#726 = CARTESIAN_POINT('',(11.298632739477,2.55,-16.89510474528));
#727 = CARTESIAN_POINT('',(11.489365047471,2.55,-16.76755160733));
#728 = CARTESIAN_POINT('',(11.678178477248,2.55,-16.6371283397));
#729 = CARTESIAN_POINT('',(11.865006011535,2.55,-16.50387673091));
#730 = CARTESIAN_POINT('',(12.71826024931,2.55,-15.87572245206));
#731 = CARTESIAN_POINT('',(13.359938014628,2.55,-15.34719814707));
#732 = CARTESIAN_POINT('',(13.971837917082,2.55,-14.78446659041));
#733 = CARTESIAN_POINT('',(14.885722703044,2.55,-13.84731983156));
#734 = CARTESIAN_POINT('',(15.209299773775,2.55,-13.49395719295));
#735 = CARTESIAN_POINT('',(15.521610280567,2.55,-13.13059866144));
#736 = CARTESIAN_POINT('',(15.962488067007,2.55,-12.58382239924));
#737 = CARTESIAN_POINT('',(16.100216773815,2.55,-12.40779152311));
#738 = CARTESIAN_POINT('',(16.235349650345,2.55,-12.22976014466));
#739 = CARTESIAN_POINT('',(16.50387673091,2.55,-11.86500601153));
#740 = CARTESIAN_POINT('',(16.637128339698,2.55,-11.67817847725));
#741 = CARTESIAN_POINT('',(16.767551607331,2.55,-11.48936504747));
#742 = CARTESIAN_POINT('',(16.895104745284,2.55,-11.29863273947));
#743 = ORIENTED_EDGE('',*,*,#744,.T.);
#744 = EDGE_CURVE('',#723,#745,#747,.T.);
#745 = VERTEX_POINT('',#746);
#746 = CARTESIAN_POINT('',(15.212887282791,0.8,-12.35831948612));
#747 = B_SPLINE_CURVE_WITH_KNOTS('',7,(#748,#749,#750,#751,#752,#753,
    #754,#755,#756,#757,#758,#759,#760,#761,#762,#763,#764,#765,#766,
    #767,#768,#769,#770,#771,#772,#773,#774,#775,#776,#777,#778,#779),
  .UNSPECIFIED.,.F.,.F.,(8,6,6,6,6,8),(0.,0.346968794469,0.645045916289,
    0.747094079717,0.884311756161,1.),.UNSPECIFIED.);
#748 = CARTESIAN_POINT('',(16.287900734565,2.550120886577,
    -12.15763437082));
#749 = CARTESIAN_POINT('',(16.283091230806,2.446173133308,
    -12.15991729744));
#750 = CARTESIAN_POINT('',(16.274256808464,2.342388861745,
    -12.16409327763));
#751 = CARTESIAN_POINT('',(16.261270314159,2.238908172794,
    -12.17017294547));
#752 = CARTESIAN_POINT('',(16.244013552776,2.135885402811,
    -12.17809024351));
#753 = CARTESIAN_POINT('',(16.222376973497,2.033489435765,
    -12.18770743923));
#754 = CARTESIAN_POINT('',(16.196214142801,1.931910770977,
    -12.19882768564));
#755 = CARTESIAN_POINT('',(16.138650908644,1.745006455415,-12.2218570418
    ));
#756 = CARTESIAN_POINT('',(16.10852745056,1.659469614426,-12.23342645009
    ));
#757 = CARTESIAN_POINT('',(16.074687260215,1.574831682503,
    -12.24577927772));
#758 = CARTESIAN_POINT('',(16.036886661274,1.491257450493,
    -12.25874675205));
#759 = CARTESIAN_POINT('',(15.99474929978,1.409042839298,-12.2721162138)
  );
#760 = CARTESIAN_POINT('',(15.947827262988,1.328590449907,
    -12.28564181369));
#761 = CARTESIAN_POINT('',(15.87707724818,1.223862567182,-12.30352828019
    ));
#762 = CARTESIAN_POINT('',(15.858360154259,1.197445198964,
    -12.30806528867));
#763 = CARTESIAN_POINT('',(15.838930828858,1.171348881648,
    -12.31256282206));
#764 = CARTESIAN_POINT('',(15.818747411863,1.14561107914,-12.31700383585
    ));
#765 = CARTESIAN_POINT('',(15.797762678907,1.12027964714,-12.32136819778
    ));
#766 = CARTESIAN_POINT('',(15.775921278638,1.095414325811,
    -12.32563193492));
#767 = CARTESIAN_POINT('',(15.722547251648,1.038378481507,
    -12.33532594158));
#768 = CARTESIAN_POINT('',(15.690305656016,1.006683583106,
    -12.34064499032));
#769 = CARTESIAN_POINT('',(15.656230077298,0.976128061555,
    -12.34566336386));
#770 = CARTESIAN_POINT('',(15.620132030951,0.946964586848,
    -12.35029041298));
#771 = CARTESIAN_POINT('',(15.58184177717,0.919570293602,-12.35440237915
    ));
#772 = CARTESIAN_POINT('',(15.541209304111,0.894447108927,
    -12.35783981805));
#773 = CARTESIAN_POINT('',(15.461756697184,0.853491544099,
    -12.36256801807));
#774 = CARTESIAN_POINT('',(15.42360606821,0.836795737986,-12.36411379855
    ));
#775 = CARTESIAN_POINT('',(15.383717559479,0.822608800712,
    -12.36491143269));
#776 = CARTESIAN_POINT('',(15.342274813188,0.811444022855,
    -12.36482294551));
#777 = CARTESIAN_POINT('',(15.299601017471,0.803796597773,
    -12.36372099342));
#778 = CARTESIAN_POINT('',(15.256210435269,0.8,-12.3615340838));
#779 = CARTESIAN_POINT('',(15.212887282791,0.8,-12.35831948612));
#780 = ORIENTED_EDGE('',*,*,#781,.F.);
#781 = EDGE_CURVE('',#782,#745,#784,.T.);
#782 = VERTEX_POINT('',#783);
#783 = CARTESIAN_POINT('',(16.5,0.8,-10.57875228937));
#784 = CIRCLE('',#785,19.6);
#785 = AXIS2_PLACEMENT_3D('',#786,#787,#788);
#786 = CARTESIAN_POINT('',(0.,0.8,-1.8E-16));
#787 = DIRECTION('',(0.,1.,-2.2E-16));
#788 = DIRECTION('',(-1.,0.,0.));
#789 = ORIENTED_EDGE('',*,*,#790,.F.);
#790 = EDGE_CURVE('',#791,#782,#793,.T.);
#791 = VERTEX_POINT('',#792);
#792 = CARTESIAN_POINT('',(16.5,0.999999605386,-11.22269834654));
#793 = B_SPLINE_CURVE_WITH_KNOTS('',5,(#794,#795,#796,#797,#798,#799,
    #800,#801,#802,#803,#804,#805,#806,#807),.UNSPECIFIED.,.F.,.F.,(6,4,
    4,6),(0.,0.286884776632,0.757118037421,1.),.UNSPECIFIED.);
#794 = CARTESIAN_POINT('',(16.5,0.999999605386,-11.22269834654));
#795 = CARTESIAN_POINT('',(16.5,0.976964342955,-11.19087938638));
#796 = CARTESIAN_POINT('',(16.5,0.9553947658,-11.15800215887));
#797 = CARTESIAN_POINT('',(16.5,0.935399131683,-11.12412609105));
#798 = CARTESIAN_POINT('',(16.5,0.917062709999,-11.08933286633));
#799 = CARTESIAN_POINT('',(16.5,0.87318586968,-10.99538019373));
#800 = CARTESIAN_POINT('',(16.5,0.850523342802,-10.93484324551));
#801 = CARTESIAN_POINT('',(16.5,0.832692854448,-10.87262988163));
#802 = CARTESIAN_POINT('',(16.5,0.819590680652,-10.8092695081));
#803 = CARTESIAN_POINT('',(16.5,0.806465004005,-10.71219893647));
#804 = CARTESIAN_POINT('',(16.5,0.80318022017,-10.67895943914));
#805 = CARTESIAN_POINT('',(16.5,0.801042134741,-10.64560452111));
#806 = CARTESIAN_POINT('',(16.5,0.8,-10.61218761231));
#807 = CARTESIAN_POINT('',(16.5,0.8,-10.57875228937));
#808 = ORIENTED_EDGE('',*,*,#809,.F.);
#809 = EDGE_CURVE('',#810,#791,#812,.T.);
#810 = VERTEX_POINT('',#811);
#811 = CARTESIAN_POINT('',(17.566010020574,3.123502492868,-10.2));
#812 = B_SPLINE_CURVE_WITH_KNOTS('',8,(#813,#814,#815,#816,#817,#818,
    #819,#820,#821,#822,#823,#824,#825,#826,#827,#828,#829,#830,#831,
    #832,#833,#834,#835,#836,#837,#838,#839,#840,#841,#842,#843,#844,
    #845,#846,#847,#848,#849,#850,#851,#852,#853,#854,#855,#856,#857,
    #858,#859,#860,#861,#862,#863,#864,#865,#866,#867,#868,#869,#870,
    #871,#872,#873,#874,#875,#876,#877,#878,#879,#880,#881,#882,#883,
    #884),.UNSPECIFIED.,.F.,.F.,(9,7,7,7,7,7,7,7,7,7,9),(0.,
    7.624223914979E-02,0.447342806973,0.649437674199,0.70326759046,
    0.730916556387,0.788110708183,0.835383809749,0.858370059936,
    0.897892740284,1.),.UNSPECIFIED.);
#813 = CARTESIAN_POINT('',(17.566010150294,3.123502502667,
    -10.19999947532));
#814 = CARTESIAN_POINT('',(17.553535448684,3.114208823718,
    -10.22269184355));
#815 = CARTESIAN_POINT('',(17.5410373048,3.104768154087,-10.24534142516)
  );
#816 = CARTESIAN_POINT('',(17.528511087074,3.095170662163,
    -10.26794509918));
#817 = CARTESIAN_POINT('',(17.515966998564,3.085427227665,
    -10.29050501864));
#818 = CARTESIAN_POINT('',(17.503392941506,3.07551718081,-10.31301502001
    ));
#819 = CARTESIAN_POINT('',(17.490799320068,3.065451349896,
    -10.33547709849));
#820 = CARTESIAN_POINT('',(17.478181059851,3.055218625096,
    -10.35788754645));
#821 = CARTESIAN_POINT('',(17.40401231814,2.994192302497,-10.48906744512
    ));
#822 = CARTESIAN_POINT('',(17.342039657243,2.939652139993,
    -10.59646212944));
#823 = CARTESIAN_POINT('',(17.279557631571,2.880707051317,
    -10.70240464139));
#824 = CARTESIAN_POINT('',(17.216576247405,2.816775890266,
    -10.80666000916));
#825 = CARTESIAN_POINT('',(17.15318620174,2.747238285259,-10.90881618363
    ));
#826 = CARTESIAN_POINT('',(17.089549508225,2.671237738933,
    -11.00817560464));
#827 = CARTESIAN_POINT('',(17.025914336041,2.58785376618,-11.10384632479
    ));
#828 = CARTESIAN_POINT('',(16.928023204623,2.444771167079,
    -11.24356499057));
#829 = CARTESIAN_POINT('',(16.893686037627,2.391726809483,-11.2911372279
    ));
#830 = CARTESIAN_POINT('',(16.859500670211,2.335713116289,
    -11.33688086236));
#831 = CARTESIAN_POINT('',(16.825537512476,2.276393631146,
    -11.38045940926));
#832 = CARTESIAN_POINT('',(16.791959583758,2.21346355042,-11.42132366013
    ));
#833 = CARTESIAN_POINT('',(16.759016000858,2.146672232873,
    -11.45872977331));
#834 = CARTESIAN_POINT('',(16.727027953659,2.075822313073,
    -11.49172937736));
#835 = CARTESIAN_POINT('',(16.688195453958,1.980684337249,-11.5263523846
    ));
#836 = CARTESIAN_POINT('',(16.680127413574,1.960384438094,
    -11.53322799911));
#837 = CARTESIAN_POINT('',(16.67216825662,1.939797991784,-11.53967204818
    ));
#838 = CARTESIAN_POINT('',(16.664328259008,1.918930508505,
    -11.54565782634));
#839 = CARTESIAN_POINT('',(16.656618655518,1.897790837429,
    -11.55115729603));
#840 = CARTESIAN_POINT('',(16.649051416243,1.876391509936,
    -11.55614170814));
#841 = CARTESIAN_POINT('',(16.641639023045,1.854749082849,
    -11.56058222251));
#842 = CARTESIAN_POINT('',(16.63067306997,1.821654042239,-11.56643742849
    ));
#843 = CARTESIAN_POINT('',(16.626996146457,1.8103651449,-11.56827339325)
  );
#844 = CARTESIAN_POINT('',(16.623365271012,1.799020744758,
    -11.56995450473));
#845 = CARTESIAN_POINT('',(16.619782232166,1.787624147284,
    -11.57147698368));
#846 = CARTESIAN_POINT('',(16.616248811421,1.776179008299,
    -11.57283718965));
#847 = CARTESIAN_POINT('',(16.612766783256,1.764689333972,
    -11.57403162092));
#848 = CARTESIAN_POINT('',(16.609337915119,1.753159480825,
    -11.57505691458));
#849 = CARTESIAN_POINT('',(16.598984680165,1.717670333014,
    -11.57767420607));
#850 = CARTESIAN_POINT('',(16.592239342038,1.693591397741,
    -11.57870142657));
#851 = CARTESIAN_POINT('',(16.585744669443,1.669403276304,
    -11.57896316651));
#852 = CARTESIAN_POINT('',(16.579515385218,1.645155240398,
    -11.57843606571));
#853 = CARTESIAN_POINT('',(16.573563988588,1.620899821331,
    -11.57710290491));
#854 = CARTESIAN_POINT('',(16.567900525103,1.596692724345,
    -11.57495376542));
#855 = CARTESIAN_POINT('',(16.562532356572,1.572592742928,
    -11.57198718882));
#856 = CARTESIAN_POINT('',(16.553274688069,1.528881750573,
    -11.56509045377));
#857 = CARTESIAN_POINT('',(16.549289623579,1.509214336263,
    -11.56141626073));
#858 = CARTESIAN_POINT('',(16.545511209255,1.489693636405,
    -11.55719306167));
#859 = CARTESIAN_POINT('',(16.541939816461,1.470351268615,-11.5524289399
    ));
#860 = CARTESIAN_POINT('',(16.538573988247,1.451216370704,
    -11.54713537616));
#861 = CARTESIAN_POINT('',(16.535410711392,1.432315709455,
    -11.54132686689));
#862 = CARTESIAN_POINT('',(16.53244568845,1.413673789403,-11.53502054252
    ));
#863 = CARTESIAN_POINT('',(16.528325703859,1.386385123864,
    -11.52493674017));
#864 = CARTESIAN_POINT('',(16.527023379469,1.377523460587,
    -11.52152445583));
#865 = CARTESIAN_POINT('',(16.525765985619,1.368730358925,
    -11.51800111975));
#866 = CARTESIAN_POINT('',(16.524552822871,1.360008024034,
    -11.51436897226));
#867 = CARTESIAN_POINT('',(16.523383143341,1.351358479095,
    -11.51063030699));
#868 = CARTESIAN_POINT('',(16.522256150702,1.342783565311,
    -11.50678747086));
#869 = CARTESIAN_POINT('',(16.521171000185,1.33428494191,-11.50284286412
    ));
#870 = CARTESIAN_POINT('',(16.518331392797,1.311385222127,
    -11.49184579625));
#871 = CARTESIAN_POINT('',(16.516657078468,1.297136313217,
    -11.48459899263));
#872 = CARTESIAN_POINT('',(16.515099365887,1.283124810562,-11.4770708107
    ));
#873 = CARTESIAN_POINT('',(16.513653504525,1.269356647158,
    -11.46927363516));
#874 = CARTESIAN_POINT('',(16.512314567113,1.255836380694,
    -11.46121979892));
#875 = CARTESIAN_POINT('',(16.511077533733,1.242567336386,-11.452921428)
  );
#876 = CARTESIAN_POINT('',(16.509937375906,1.229551749827,
    -11.44439028638));
#877 = CARTESIAN_POINT('',(16.506181013957,1.183823145671,
    -11.41302501759));
#878 = CARTESIAN_POINT('',(16.504087379156,1.152567367107,
    -11.38894184898));
#879 = CARTESIAN_POINT('',(16.502520404786,1.123027757733,
    -11.36357374712));
#880 = CARTESIAN_POINT('',(16.501398034778,1.095186718477,
    -11.33709106986));
#881 = CARTESIAN_POINT('',(16.500646028404,1.069010845052,
    -11.30964513886));
#882 = CARTESIAN_POINT('',(16.500198934041,1.044455868987,-11.281365258)
  );
#883 = CARTESIAN_POINT('',(16.4999999968,1.02147056224,-11.2523565122));
#884 = CARTESIAN_POINT('',(16.5,0.999999605386,-11.22269834654));
#885 = ORIENTED_EDGE('',*,*,#886,.T.);
#886 = EDGE_CURVE('',#810,#887,#889,.T.);
#887 = VERTEX_POINT('',#888);
#888 = CARTESIAN_POINT('',(19.148023982993,3.648023982993,
    -6.611840412832));
#889 = B_SPLINE_CURVE_WITH_KNOTS('',8,(#890,#891,#892,#893,#894,#895,
    #896,#897,#898,#899,#900,#901,#902,#903,#904,#905,#906,#907,#908,
    #909,#910,#911,#912),.UNSPECIFIED.,.F.,.F.,(9,7,7,9),(0.,
    4.874872386383E-02,0.298805345099,1.),.UNSPECIFIED.);
#890 = CARTESIAN_POINT('',(17.565943481408,3.123452919424,
    -10.20012103836));
#891 = CARTESIAN_POINT('',(17.577291472114,3.131907763717,
    -10.17947862854));
#892 = CARTESIAN_POINT('',(17.588619094781,3.140239611213,
    -10.15880058535));
#893 = CARTESIAN_POINT('',(17.599926307971,3.148450895399,
    -10.13808781658));
#894 = CARTESIAN_POINT('',(17.611212881205,3.156543719293,
    -10.11734141073));
#895 = CARTESIAN_POINT('',(17.622478596671,3.164520107067,
    -10.09656239508));
#896 = CARTESIAN_POINT('',(17.633723327994,3.172382107217,
    -10.07575164478));
#897 = CARTESIAN_POINT('',(17.644946996079,3.180131747293,
    -10.05490994308));
#898 = CARTESIAN_POINT('',(17.713612152984,3.226955573767,
    -9.926976530301));
#899 = CARTESIAN_POINT('',(17.770513647288,3.263230726962,
    -9.819127933445));
#900 = CARTESIAN_POINT('',(17.826839505022,3.296853254114,
    -9.710595841366));
#901 = CARTESIAN_POINT('',(17.882575354781,3.328032473353,
    -9.601464671265));
#902 = CARTESIAN_POINT('',(17.93770839735,3.356945157803,-9.491803191344
    ));
#903 = CARTESIAN_POINT('',(17.992228359067,3.383745875888,
    -9.381666780733));
#904 = CARTESIAN_POINT('',(18.046127834843,3.408572580731,
    -9.271098576199));
#905 = CARTESIAN_POINT('',(18.24879048453,3.495972275722,-8.848956305122
    ));
#906 = CARTESIAN_POINT('',(18.393208578768,3.54581390243,-8.534743297823
    ));
#907 = CARTESIAN_POINT('',(18.532563443466,3.583796293239,
    -8.218166841429));
#908 = CARTESIAN_POINT('',(18.666684660334,3.611654303016,
    -7.899693621131));
#909 = CARTESIAN_POINT('',(18.795421317677,3.630864669283,
    -7.579666201685));
#910 = CARTESIAN_POINT('',(18.918630855039,3.642626564832,
    -7.258297357094));
#911 = CARTESIAN_POINT('',(19.036197763586,3.648023982993,
    -6.935691413074));
#912 = CARTESIAN_POINT('',(19.148023982993,3.648023982993,
    -6.611840412832));
#913 = ORIENTED_EDGE('',*,*,#914,.T.);
#914 = EDGE_CURVE('',#887,#915,#917,.T.);
#915 = VERTEX_POINT('',#916);
#916 = CARTESIAN_POINT('',(19.148023982993,3.648023982993,6.611840412832
    ));
#917 = B_SPLINE_CURVE_WITH_KNOTS('',8,(#918,#919,#920,#921,#922,#923,
    #924,#925,#926),.UNSPECIFIED.,.F.,.F.,(9,9),(0.,1.),
  .PIECEWISE_BEZIER_KNOTS.);
#918 = CARTESIAN_POINT('',(19.148023982993,3.648023982993,
    -6.611840412832));
#919 = CARTESIAN_POINT('',(19.697535088982,3.648023982993,
    -5.020445100873));
#920 = CARTESIAN_POINT('',(20.096075219342,3.648023982993,
    -3.376320808553));
#921 = CARTESIAN_POINT('',(20.337401208658,3.648023982993,-1.69697345918
    ));
#922 = CARTESIAN_POINT('',(20.418213861668,3.648023982993,1.355183E-11)
  );
#923 = CARTESIAN_POINT('',(20.33740120866,3.648023982993,1.69697345916)
  );
#924 = CARTESIAN_POINT('',(20.096075219341,3.648023982993,3.376320808562
    ));
#925 = CARTESIAN_POINT('',(19.697535088983,3.648023982993,5.020445100871
    ));
#926 = CARTESIAN_POINT('',(19.148023982993,3.648023982993,6.611840412832
    ));
#927 = ORIENTED_EDGE('',*,*,#928,.T.);
#928 = EDGE_CURVE('',#915,#929,#931,.T.);
#929 = VERTEX_POINT('',#930);
#930 = CARTESIAN_POINT('',(17.566010020574,3.123502492868,10.2));
#931 = B_SPLINE_CURVE_WITH_KNOTS('',7,(#932,#933,#934,#935,#936,#937,
    #938,#939,#940,#941,#942,#943,#944,#945,#946,#947,#948,#949,#950,
    #951,#952,#953,#954,#955,#956,#957,#958,#959,#960,#961,#962,#963),
  .UNSPECIFIED.,.F.,.F.,(8,6,6,6,6,8),(0.,0.587389729692,0.831640677486,
    0.923087285513,0.961876328955,1.),.UNSPECIFIED.);
#932 = CARTESIAN_POINT('',(19.148023982993,3.648023982993,6.611840412832
    ));
#933 = CARTESIAN_POINT('',(19.040501437522,3.648023982993,6.923227886038
    ));
#934 = CARTESIAN_POINT('',(18.927541643315,3.642930752307,7.233496758324
    ));
#935 = CARTESIAN_POINT('',(18.809251021524,3.63181448706,7.54260310479)
  );
#936 = CARTESIAN_POINT('',(18.68575458605,3.613654691518,7.850417271629)
  );
#937 = CARTESIAN_POINT('',(18.557189368004,3.587254860155,8.156714981249
    ));
#938 = CARTESIAN_POINT('',(18.423704969014,3.551233138478,8.461178102572
    ));
#939 = CARTESIAN_POINT('',(18.227896640738,3.483766602519,8.889001284356
    ));
#940 = CARTESIAN_POINT('',(18.169559554048,3.461942144687,9.01424707019)
  );
#941 = CARTESIAN_POINT('',(18.1104018666,3.437964320724,9.139054520955)
  );
#942 = CARTESIAN_POINT('',(18.05043386067,3.411670689143,9.263377523837)
  );
#943 = CARTESIAN_POINT('',(17.989668241229,3.382877439268,9.387156982852
    ));
#944 = CARTESIAN_POINT('',(17.928119275761,3.351369083296,9.510319031743
    ));
#945 = CARTESIAN_POINT('',(17.842469143996,3.303968028905,9.678617600299
    ));
#946 = CARTESIAN_POINT('',(17.819029746904,3.290637880951,9.724363550995
    ));
#947 = CARTESIAN_POINT('',(17.795483551298,3.276876340692,9.770004667473
    ));
#948 = CARTESIAN_POINT('',(17.771831503359,3.262668579401,9.815535321173
    ));
#949 = CARTESIAN_POINT('',(17.748074654555,3.247998597447,9.860949209424
    ));
#950 = CARTESIAN_POINT('',(17.724214161641,3.232849224293,9.906239355452
    ));
#951 = CARTESIAN_POINT('',(17.690086918413,3.210565062405,9.970553163618
    ));
#952 = CARTESIAN_POINT('',(17.68004342472,3.203929400403,9.989422075187)
  );
#953 = CARTESIAN_POINT('',(17.670117311749,3.197295176556,
    10.008013872289));
#954 = CARTESIAN_POINT('',(17.660305284056,3.190662436444,
    10.026337058044));
#955 = CARTESIAN_POINT('',(17.65060424458,3.184031227155,10.04439960948)
  );
#956 = CARTESIAN_POINT('',(17.641011294646,3.177401597286,
    10.062208977538));
#957 = CARTESIAN_POINT('',(17.622198919263,3.164259290786,
    10.097033925739));
#958 = CARTESIAN_POINT('',(17.612859344193,3.157665129238,
    10.114273668133));
#959 = CARTESIAN_POINT('',(17.603505106065,3.150989917027,
    10.131490769789));
#960 = CARTESIAN_POINT('',(17.594136302539,3.14423240926,10.148684662205
    ));
#961 = CARTESIAN_POINT('',(17.584753031623,3.137391311426,
    10.165854752839));
#962 = CARTESIAN_POINT('',(17.575355391677,3.130465279397,
    10.183000425103));
#963 = CARTESIAN_POINT('',(17.565943481408,3.123452919424,
    10.200121038369));
#964 = ORIENTED_EDGE('',*,*,#965,.F.);
#965 = EDGE_CURVE('',#966,#929,#968,.T.);
#966 = VERTEX_POINT('',#967);
#967 = CARTESIAN_POINT('',(16.5,1.,11.222698891633));
#968 = B_SPLINE_CURVE_WITH_KNOTS('',8,(#969,#970,#971,#972,#973,#974,
    #975,#976,#977,#978,#979,#980,#981,#982,#983,#984,#985,#986,#987,
    #988,#989,#990,#991,#992,#993,#994,#995,#996,#997,#998,#999,#1000,
    #1001,#1002,#1003,#1004,#1005,#1006,#1007,#1008,#1009,#1010,#1011,
    #1012,#1013,#1014,#1015,#1016,#1017,#1018,#1019,#1020,#1021,#1022,
    #1023,#1024,#1025,#1026,#1027,#1028,#1029,#1030,#1031,#1032,#1033,
    #1034,#1035,#1036,#1037,#1038,#1039,#1040,#1041,#1042,#1043,#1044,
    #1045,#1046,#1047,#1048,#1049,#1050,#1051,#1052,#1053,#1054),
  .UNSPECIFIED.,.F.,.F.,(9,7,7,7,7,7,7,7,7,7,7,7,9),(0.,0.102885051942,
    0.142374080614,0.165347503521,0.211280235662,0.275282491647,
    0.308472880242,0.378300264388,0.493078782755,0.645178807729,
    0.864071453155,0.924511680286,1.),.UNSPECIFIED.);
#969 = CARTESIAN_POINT('',(16.5,1.,11.222698891633));
#970 = CARTESIAN_POINT('',(16.5,1.021641800397,11.252593001692));
#971 = CARTESIAN_POINT('',(16.500202117842,1.04482204351,11.281827183538
    ));
#972 = CARTESIAN_POINT('',(16.500656756299,1.069597478849,
    11.310320243419));
#973 = CARTESIAN_POINT('',(16.50142209228,1.096020593455,11.337964429266
    ));
#974 = CARTESIAN_POINT('',(16.502565297598,1.124136625293,
    11.364626907789));
#975 = CARTESIAN_POINT('',(16.50416262303,1.153979465655,11.390152081891
    ));
#976 = CARTESIAN_POINT('',(16.506298345666,1.18556645057,11.414364748427
    ));
#977 = CARTESIAN_POINT('',(16.510123539436,1.231682968386,
    11.445790329312));
#978 = CARTESIAN_POINT('',(16.511276940275,1.244728219059,
    11.454283874873));
#979 = CARTESIAN_POINT('',(16.512527732277,1.258026408137,
    11.462543455506));
#980 = CARTESIAN_POINT('',(16.513880936613,1.271575194387,
    11.470557285705));
#981 = CARTESIAN_POINT('',(16.515341560193,1.285371137185,
    11.478313228847));
#982 = CARTESIAN_POINT('',(16.516914510424,1.299409553251,
    11.485798954123));
#983 = CARTESIAN_POINT('',(16.518604509972,1.313684373378,
    11.493002093459));
#984 = CARTESIAN_POINT('',(16.521469883772,1.336625733386,
    11.503929423928));
#985 = CARTESIAN_POINT('',(16.522564868059,1.345140893374,
    11.507848677109));
#986 = CARTESIAN_POINT('',(16.52370185119,1.353731971813,11.511665708983
    ));
#987 = CARTESIAN_POINT('',(16.5248816705,1.362397279291,11.515378126309)
  );
#988 = CARTESIAN_POINT('',(16.526105113864,1.371134944294,11.51898359162
    ));
#989 = CARTESIAN_POINT('',(16.527372919689,1.37994291321,11.522479823223
    ));
#990 = CARTESIAN_POINT('',(16.528685776918,1.388818950323,
    11.525864595198));
#991 = CARTESIAN_POINT('',(16.532760586633,1.415638519508,
    11.535676012182));
#992 = CARTESIAN_POINT('',(16.535659633513,1.433779890646,
    11.541762496807));
#993 = CARTESIAN_POINT('',(16.538746260794,1.452164043691,
    11.547377555745));
#994 = CARTESIAN_POINT('',(16.542024344095,1.470768344514,11.55250558929
    ));
#995 = CARTESIAN_POINT('',(16.545496603506,1.489568138194,
    11.557133364404));
#996 = CARTESIAN_POINT('',(16.549164367563,1.508536654811,
    11.561250345542));
#997 = CARTESIAN_POINT('',(16.553027337224,1.527644915248,
    11.564849025497));
#998 = CARTESIAN_POINT('',(16.562734961359,1.573638044263,
    11.572211648465));
#999 = CARTESIAN_POINT('',(16.568762608788,1.600631070177,
    11.575484596357));
#1000 = CARTESIAN_POINT('',(16.575160113237,1.627752998272,
    11.577731868857));
#1001 = CARTESIAN_POINT('',(16.581916733752,1.654921335637,
    11.57895657816));
#1002 = CARTESIAN_POINT('',(16.589017631991,1.682058931158,
    11.579175035167));
#1003 = CARTESIAN_POINT('',(16.596444336915,1.709094093791,
    11.578414604949));
#1004 = CARTESIAN_POINT('',(16.604175209464,1.735960710828,
    11.576711562202));
#1005 = CARTESIAN_POINT('',(16.616340107246,1.776412162539,
    11.572759278375));
#1006 = CARTESIAN_POINT('',(16.620570052767,1.790165863117,
    11.571167462605));
#1007 = CARTESIAN_POINT('',(16.624872624063,1.803852070198,
    11.569339540143));
#1008 = CARTESIAN_POINT('',(16.629244726152,1.817464092858,
    11.567281727645));
#1009 = CARTESIAN_POINT('',(16.633683288808,1.830995946943,
    11.565000417693));
#1010 = CARTESIAN_POINT('',(16.638185266564,1.844442355077,
    11.562502178797));
#1011 = CARTESIAN_POINT('',(16.64274763871,1.857798746656,
    11.559793755391));
#1012 = CARTESIAN_POINT('',(16.657086683726,1.898963506146,
    11.550756332839));
#1013 = CARTESIAN_POINT('',(16.667059331661,1.926447613742,
    11.543730934384));
#1014 = CARTESIAN_POINT('',(16.677259171006,1.953481101272,
    11.535868417503));
#1015 = CARTESIAN_POINT('',(16.687661197772,1.980041116546,
    11.527230485435));
#1016 = CARTESIAN_POINT('',(16.698242149045,2.006113484849,
    11.517876609267));
#1017 = CARTESIAN_POINT('',(16.708981065976,2.031691759229,
    11.507862637568));
#1018 = CARTESIAN_POINT('',(16.719859856752,2.056776270794,
    11.497239406023));
#1019 = CARTESIAN_POINT('',(16.748951650719,2.121804260817,
    11.467661014312));
#1020 = CARTESIAN_POINT('',(16.767370543575,2.160902104107,
    11.447752416142));
#1021 = CARTESIAN_POINT('',(16.786058455753,2.198705022144,
    11.426521226056));
#1022 = CARTESIAN_POINT('',(16.804961014164,2.235256557418,
    11.404136806051));
#1023 = CARTESIAN_POINT('',(16.824032401948,2.270605617712,
    11.380743080265));
#1024 = CARTESIAN_POINT('',(16.843236205394,2.30480661217,
    11.356459408633));
#1025 = CARTESIAN_POINT('',(16.86254626087,2.337919587357,
    11.331381460527));
#1026 = CARTESIAN_POINT('',(16.907657270994,2.41253581058,
    11.271393764669));
#1027 = CARTESIAN_POINT('',(16.933513078544,2.453242965192,
    11.235956909172));
#1028 = CARTESIAN_POINT('',(16.959470987317,2.492273379282,
    11.199452315793));
#1029 = CARTESIAN_POINT('',(16.985492968518,2.529743539928,
    11.162026423894));
#1030 = CARTESIAN_POINT('',(17.011547854253,2.565755156131,
    11.123798287973));
#1031 = CARTESIAN_POINT('',(17.037611983754,2.600401823423,
    11.084864081391));
#1032 = CARTESIAN_POINT('',(17.063669543197,2.633772066116,
    11.045299134185));
#1033 = CARTESIAN_POINT('',(17.127192102582,2.71225539674,
    10.947388234909));
#1034 = CARTESIAN_POINT('',(17.164626439164,2.756071788889,
    10.888448232813));
#1035 = CARTESIAN_POINT('',(17.201981601326,2.797635811538,
    10.828516716947));
#1036 = CARTESIAN_POINT('',(17.239227384966,2.837134723885,
    10.767735535684));
#1037 = CARTESIAN_POINT('',(17.276339076127,2.874724166828,
    10.706217687852));
#1038 = CARTESIAN_POINT('',(17.313298497123,2.910540612515,
    10.644052843303));
#1039 = CARTESIAN_POINT('',(17.350094412112,2.944707263049,
    10.581309863674));
#1040 = CARTESIAN_POINT('',(17.396835913707,2.986342065689,
    10.500565351952));
#1041 = CARTESIAN_POINT('',(17.407073456024,2.995355074818,
    10.482817723655));
#1042 = CARTESIAN_POINT('',(17.41743762343,3.004372249566,
    10.464786684841));
#1043 = CARTESIAN_POINT('',(17.42793129361,3.013393412418,10.44646502614
    ));
#1044 = CARTESIAN_POINT('',(17.438557517564,3.022418384504,
    10.427845082433));
#1045 = CARTESIAN_POINT('',(17.44931951961,3.031446985601,
    10.408918732853));
#1046 = CARTESIAN_POINT('',(17.460220697383,3.040479034133,
    10.389677400785));
#1047 = CARTESIAN_POINT('',(17.485058204998,3.060799225334,
    10.345675428897));
#1048 = CARTESIAN_POINT('',(17.4955643289,3.069217385843,10.326952188253
    ));
#1049 = CARTESIAN_POINT('',(17.506143069257,3.077670075373,
    10.308081295087));
#1050 = CARTESIAN_POINT('',(17.518722780969,3.087584195047,
    10.285559613864));
#1051 = CARTESIAN_POINT('',(17.533622023467,3.099227481862,
    10.258813828608));
#1052 = CARTESIAN_POINT('',(17.54925145533,3.111005154619,
    10.230478706065));
#1053 = CARTESIAN_POINT('',(17.562032036398,3.120538799443,
    10.207235947044));
#1054 = CARTESIAN_POINT('',(17.566010150295,3.123502502667,
    10.199999475325));
#1055 = ORIENTED_EDGE('',*,*,#1056,.T.);
#1056 = EDGE_CURVE('',#966,#1057,#1059,.T.);
#1057 = VERTEX_POINT('',#1058);
#1058 = CARTESIAN_POINT('',(16.5,0.8,10.578752289377));
#1059 = B_SPLINE_CURVE_WITH_KNOTS('',5,(#1060,#1061,#1062,#1063,#1064,
    #1065,#1066,#1067,#1068,#1069,#1070,#1071,#1072,#1073),
  .UNSPECIFIED.,.F.,.F.,(6,4,4,6),(0.,0.28688547754,0.757118276144,1.),
  .UNSPECIFIED.);
#1060 = CARTESIAN_POINT('',(16.5,1.,11.222698891633));
#1061 = CARTESIAN_POINT('',(16.5,0.976964638551,11.190879836943));
#1062 = CARTESIAN_POINT('',(16.5,0.955394971325,11.158002507066));
#1063 = CARTESIAN_POINT('',(16.5,0.935399257332,11.124126329476));
#1064 = CARTESIAN_POINT('',(16.5,0.91706276696,11.089332988307));
#1065 = CARTESIAN_POINT('',(16.5,0.87318586968,10.995380193736));
#1066 = CARTESIAN_POINT('',(16.5,0.850523342802,10.934843245517));
#1067 = CARTESIAN_POINT('',(16.5,0.832692854448,10.872629881636));
#1068 = CARTESIAN_POINT('',(16.5,0.819590680652,10.809269508105));
#1069 = CARTESIAN_POINT('',(16.5,0.806465004005,10.712198936477));
#1070 = CARTESIAN_POINT('',(16.5,0.80318022017,10.678959439145));
#1071 = CARTESIAN_POINT('',(16.5,0.801042134741,10.645604521116));
#1072 = CARTESIAN_POINT('',(16.5,0.8,10.612187612312));
#1073 = CARTESIAN_POINT('',(16.5,0.8,10.578752289377));
#1074 = ORIENTED_EDGE('',*,*,#1075,.F.);
#1075 = EDGE_CURVE('',#1076,#1057,#1078,.T.);
#1076 = VERTEX_POINT('',#1077);
#1077 = CARTESIAN_POINT('',(15.212887282791,0.8,12.358319486123));
#1078 = CIRCLE('',#1079,19.6);
#1079 = AXIS2_PLACEMENT_3D('',#1080,#1081,#1082);
#1080 = CARTESIAN_POINT('',(0.,0.8,-1.8E-16));
#1081 = DIRECTION('',(0.,1.,-2.2E-16));
#1082 = DIRECTION('',(-1.,0.,0.));
#1083 = ORIENTED_EDGE('',*,*,#1084,.F.);
#1084 = EDGE_CURVE('',#1085,#1076,#1087,.T.);
#1085 = VERTEX_POINT('',#1086);
#1086 = CARTESIAN_POINT('',(16.287895138991,2.55,12.157637026862));
#1087 = B_SPLINE_CURVE_WITH_KNOTS('',7,(#1088,#1089,#1090,#1091,#1092,
    #1093,#1094,#1095,#1096,#1097,#1098,#1099,#1100,#1101,#1102,#1103,
    #1104,#1105,#1106,#1107,#1108,#1109,#1110,#1111,#1112,#1113,#1114,
    #1115,#1116,#1117,#1118,#1119),.UNSPECIFIED.,.F.,.F.,(8,6,6,6,6,8),(
    0.,0.346968794469,0.645045916289,0.747094079717,0.884311756161,1.),
  .UNSPECIFIED.);
#1088 = CARTESIAN_POINT('',(16.287900734565,2.550120886577,
    12.157634370822));
#1089 = CARTESIAN_POINT('',(16.283091230806,2.446173133308,
    12.159917297444));
#1090 = CARTESIAN_POINT('',(16.274256808464,2.342388861745,
    12.164093277636));
#1091 = CARTESIAN_POINT('',(16.261270314159,2.238908172794,
    12.170172945477));
#1092 = CARTESIAN_POINT('',(16.244013552776,2.135885402811,
    12.178090243519));
#1093 = CARTESIAN_POINT('',(16.222376973497,2.033489435765,
    12.187707439231));
#1094 = CARTESIAN_POINT('',(16.196214142801,1.931910770977,
    12.198827685644));
#1095 = CARTESIAN_POINT('',(16.138650908644,1.745006455415,
    12.221857041805));
#1096 = CARTESIAN_POINT('',(16.10852745056,1.659469614426,
    12.233426450096));
#1097 = CARTESIAN_POINT('',(16.074687260215,1.574831682502,
    12.245779277727));
#1098 = CARTESIAN_POINT('',(16.036886661274,1.491257450493,
    12.258746752057));
#1099 = CARTESIAN_POINT('',(15.99474929978,1.409042839298,
    12.272116213808));
#1100 = CARTESIAN_POINT('',(15.947827262988,1.328590449907,
    12.285641813692));
#1101 = CARTESIAN_POINT('',(15.87707724818,1.223862567182,
    12.303528280194));
#1102 = CARTESIAN_POINT('',(15.858360154259,1.197445198964,
    12.308065288675));
#1103 = CARTESIAN_POINT('',(15.838930828858,1.171348881648,
    12.312562822068));
#1104 = CARTESIAN_POINT('',(15.818747411863,1.14561107914,
    12.317003835855));
#1105 = CARTESIAN_POINT('',(15.797762678907,1.12027964714,
    12.321368197783));
#1106 = CARTESIAN_POINT('',(15.775921278638,1.095414325811,
    12.325631934927));
#1107 = CARTESIAN_POINT('',(15.722547251648,1.038378481507,
    12.335325941586));
#1108 = CARTESIAN_POINT('',(15.690305656016,1.006683583106,
    12.340644990324));
#1109 = CARTESIAN_POINT('',(15.656230077298,0.976128061555,
    12.345663363867));
#1110 = CARTESIAN_POINT('',(15.620132030951,0.946964586848,
    12.350290412986));
#1111 = CARTESIAN_POINT('',(15.58184177717,0.919570293602,
    12.354402379158));
#1112 = CARTESIAN_POINT('',(15.541209304111,0.894447108927,
    12.357839818059));
#1113 = CARTESIAN_POINT('',(15.461756697184,0.853491544099,
    12.362568018076));
#1114 = CARTESIAN_POINT('',(15.42360606821,0.836795737986,
    12.364113798556));
#1115 = CARTESIAN_POINT('',(15.383717559479,0.822608800712,
    12.364911432691));
#1116 = CARTESIAN_POINT('',(15.342274813188,0.811444022855,
    12.364822945511));
#1117 = CARTESIAN_POINT('',(15.299601017471,0.803796597773,
    12.363720993429));
#1118 = CARTESIAN_POINT('',(15.256210435269,0.8,12.361534083802));
#1119 = CARTESIAN_POINT('',(15.212887282791,0.8,12.358319486124));
#1120 = ORIENTED_EDGE('',*,*,#1121,.T.);
#1121 = EDGE_CURVE('',#1085,#1122,#1124,.T.);
#1122 = VERTEX_POINT('',#1123);
#1123 = CARTESIAN_POINT('',(12.157637026862,2.55,16.287895138991));
#1124 = B_SPLINE_CURVE_WITH_KNOTS('',4,(#1125,#1126,#1127,#1128,#1129,
    #1130,#1131,#1132,#1133,#1134,#1135,#1136,#1137,#1138,#1139,#1140,
    #1141),.UNSPECIFIED.,.F.,.F.,(5,3,3,3,3,5),(0.,0.115223632347,
    0.532064610175,0.772549895377,0.884776367652,1.),.UNSPECIFIED.);
#1125 = CARTESIAN_POINT('',(16.895104745284,2.55,11.298632739477));
#1126 = CARTESIAN_POINT('',(16.767551607332,2.55,11.489365047471));
#1127 = CARTESIAN_POINT('',(16.6371283397,2.55,11.678178477248));
#1128 = CARTESIAN_POINT('',(16.503876730913,2.55,11.865006011535));
#1129 = CARTESIAN_POINT('',(15.875722452069,2.55,12.71826024931));
#1130 = CARTESIAN_POINT('',(15.347198147071,2.55,13.359938014628));
#1131 = CARTESIAN_POINT('',(14.784466590415,2.55,13.971837917082));
#1132 = CARTESIAN_POINT('',(13.847319831568,2.55,14.885722703045));
#1133 = CARTESIAN_POINT('',(13.493957192951,2.55,15.209299773776));
#1134 = CARTESIAN_POINT('',(13.130598661442,2.55,15.521610280567));
#1135 = CARTESIAN_POINT('',(12.583822399242,2.55,15.962488067007));
#1136 = CARTESIAN_POINT('',(12.40779152311,2.55,16.100216773816));
#1137 = CARTESIAN_POINT('',(12.229760144665,2.55,16.235349650346));
#1138 = CARTESIAN_POINT('',(11.865006011539,2.55,16.50387673091));
#1139 = CARTESIAN_POINT('',(11.67817847725,2.55,16.637128339699));
#1140 = CARTESIAN_POINT('',(11.489365047472,2.55,16.767551607331));
#1141 = CARTESIAN_POINT('',(11.298632739477,2.55,16.895104745284));
#1142 = ORIENTED_EDGE('',*,*,#1143,.T.);
#1143 = EDGE_CURVE('',#1122,#1144,#1146,.T.);
#1144 = VERTEX_POINT('',#1145);
#1145 = CARTESIAN_POINT('',(12.358319486123,0.8,15.212887282791));
#1146 = B_SPLINE_CURVE_WITH_KNOTS('',7,(#1147,#1148,#1149,#1150,#1151,
    #1152,#1153,#1154,#1155,#1156,#1157,#1158,#1159,#1160,#1161,#1162,
    #1163,#1164,#1165,#1166,#1167,#1168,#1169,#1170,#1171,#1172,#1173,
    #1174,#1175,#1176,#1177,#1178),.UNSPECIFIED.,.F.,.F.,(8,6,6,6,6,8),(
    0.,0.346968794466,0.645045916288,0.747094079715,0.884311756159,1.),
  .UNSPECIFIED.);
#1147 = CARTESIAN_POINT('',(12.157634370822,2.550120886577,
    16.287900734565));
#1148 = CARTESIAN_POINT('',(12.159917297444,2.446173133309,
    16.283091230806));
#1149 = CARTESIAN_POINT('',(12.164093277636,2.342388861747,
    16.274256808465));
#1150 = CARTESIAN_POINT('',(12.170172945477,2.238908172796,
    16.26127031416));
#1151 = CARTESIAN_POINT('',(12.178090243519,2.135885402813,
    16.244013552777));
#1152 = CARTESIAN_POINT('',(12.18770743923,2.033489435768,
    16.222376973498));
#1153 = CARTESIAN_POINT('',(12.198827685643,1.931910770981,
    16.196214142802));
#1154 = CARTESIAN_POINT('',(12.221857041804,1.745006455419,
    16.138650908645));
#1155 = CARTESIAN_POINT('',(12.233426450095,1.659469614431,
    16.108527450562));
#1156 = CARTESIAN_POINT('',(12.245779277726,1.574831682506,
    16.074687260216));
#1157 = CARTESIAN_POINT('',(12.258746752057,1.491257450498,
    16.036886661276));
#1158 = CARTESIAN_POINT('',(12.272116213808,1.409042839302,
    15.994749299782));
#1159 = CARTESIAN_POINT('',(12.285641813691,1.328590449911,
    15.94782726299));
#1160 = CARTESIAN_POINT('',(12.303528280194,1.223862567186,
    15.877077248182));
#1161 = CARTESIAN_POINT('',(12.308065288675,1.197445198967,
    15.858360154262));
#1162 = CARTESIAN_POINT('',(12.312562822068,1.171348881651,
    15.83893082886));
#1163 = CARTESIAN_POINT('',(12.317003835854,1.145611079143,
    15.818747411866));
#1164 = CARTESIAN_POINT('',(12.321368197782,1.120279647143,
    15.79776267891));
#1165 = CARTESIAN_POINT('',(12.325631934926,1.095414325814,
    15.77592127864));
#1166 = CARTESIAN_POINT('',(12.335325941586,1.038378481509,
    15.722547251651));
#1167 = CARTESIAN_POINT('',(12.340644990324,1.006683583109,
    15.690305656019));
#1168 = CARTESIAN_POINT('',(12.345663363867,0.976128061558,
    15.656230077301));
#1169 = CARTESIAN_POINT('',(12.350290412986,0.94696458685,
    15.620132030954));
#1170 = CARTESIAN_POINT('',(12.354402379157,0.919570293604,
    15.581841777172));
#1171 = CARTESIAN_POINT('',(12.357839818059,0.894447108929,
    15.541209304114));
#1172 = CARTESIAN_POINT('',(12.362568018076,0.8534915441,15.461756697187
    ));
#1173 = CARTESIAN_POINT('',(12.364113798556,0.836795737987,
    15.423606068213));
#1174 = CARTESIAN_POINT('',(12.364911432691,0.822608800712,
    15.383717559481));
#1175 = CARTESIAN_POINT('',(12.364822945511,0.811444022855,
    15.342274813189));
#1176 = CARTESIAN_POINT('',(12.363720993429,0.803796597773,
    15.299601017472));
#1177 = CARTESIAN_POINT('',(12.361534083802,0.8,15.256210435269));
#1178 = CARTESIAN_POINT('',(12.358319486124,0.8,15.212887282791));
#1179 = ORIENTED_EDGE('',*,*,#1180,.F.);
#1180 = EDGE_CURVE('',#1181,#1144,#1183,.T.);
#1181 = VERTEX_POINT('',#1182);
#1182 = CARTESIAN_POINT('',(-12.35831948612,0.8,15.212887282791));
#1183 = CIRCLE('',#1184,19.6);
#1184 = AXIS2_PLACEMENT_3D('',#1185,#1186,#1187);
#1185 = CARTESIAN_POINT('',(0.,0.8,-1.8E-16));
#1186 = DIRECTION('',(0.,1.,-2.2E-16));
#1187 = DIRECTION('',(-1.,0.,0.));
#1188 = ORIENTED_EDGE('',*,*,#1189,.F.);
#1189 = EDGE_CURVE('',#1190,#1181,#1192,.T.);
#1190 = VERTEX_POINT('',#1191);
#1191 = CARTESIAN_POINT('',(-12.15763702686,2.55,16.287895138991));
#1192 = B_SPLINE_CURVE_WITH_KNOTS('',7,(#1193,#1194,#1195,#1196,#1197,
    #1198,#1199,#1200,#1201,#1202,#1203,#1204,#1205,#1206,#1207,#1208,
    #1209,#1210,#1211,#1212,#1213,#1214,#1215,#1216,#1217,#1218,#1219,
    #1220,#1221,#1222,#1223,#1224),.UNSPECIFIED.,.F.,.F.,(8,6,6,6,6,8),(
    0.,0.346968794467,0.645045916288,0.747094079716,0.88431175616,1.),
  .UNSPECIFIED.);
#1193 = CARTESIAN_POINT('',(-12.15763437082,2.550120886577,
    16.287900734565));
#1194 = CARTESIAN_POINT('',(-12.15991729744,2.446173133308,
    16.283091230806));
#1195 = CARTESIAN_POINT('',(-12.16409327763,2.342388861746,
    16.274256808464));
#1196 = CARTESIAN_POINT('',(-12.17017294547,2.238908172796,
    16.26127031416));
#1197 = CARTESIAN_POINT('',(-12.17809024351,2.135885402813,
    16.244013552777));
#1198 = CARTESIAN_POINT('',(-12.18770743923,2.033489435767,
    16.222376973498));
#1199 = CARTESIAN_POINT('',(-12.19882768564,1.93191077098,
    16.196214142802));
#1200 = CARTESIAN_POINT('',(-12.2218570418,1.745006455418,
    16.138650908645));
#1201 = CARTESIAN_POINT('',(-12.23342645009,1.659469614429,
    16.108527450562));
#1202 = CARTESIAN_POINT('',(-12.24577927772,1.574831682506,
    16.074687260216));
#1203 = CARTESIAN_POINT('',(-12.25874675205,1.491257450496,
    16.036886661275));
#1204 = CARTESIAN_POINT('',(-12.2721162138,1.409042839301,
    15.994749299782));
#1205 = CARTESIAN_POINT('',(-12.28564181369,1.32859044991,15.94782726299
    ));
#1206 = CARTESIAN_POINT('',(-12.30352828019,1.223862567185,
    15.877077248182));
#1207 = CARTESIAN_POINT('',(-12.30806528867,1.197445198966,
    15.858360154261));
#1208 = CARTESIAN_POINT('',(-12.31256282206,1.171348881651,
    15.83893082886));
#1209 = CARTESIAN_POINT('',(-12.31700383585,1.145611079142,
    15.818747411865));
#1210 = CARTESIAN_POINT('',(-12.32136819778,1.120279647142,
    15.797762678909));
#1211 = CARTESIAN_POINT('',(-12.32563193492,1.095414325814,
    15.77592127864));
#1212 = CARTESIAN_POINT('',(-12.33532594158,1.038378481509,
    15.722547251651));
#1213 = CARTESIAN_POINT('',(-12.34064499032,1.006683583108,
    15.690305656018));
#1214 = CARTESIAN_POINT('',(-12.34566336386,0.976128061557,15.6562300773
    ));
#1215 = CARTESIAN_POINT('',(-12.35029041298,0.94696458685,
    15.620132030953));
#1216 = CARTESIAN_POINT('',(-12.35440237915,0.919570293604,
    15.581841777172));
#1217 = CARTESIAN_POINT('',(-12.35783981805,0.894447108928,
    15.541209304114));
#1218 = CARTESIAN_POINT('',(-12.36256801807,0.8534915441,15.461756697186
    ));
#1219 = CARTESIAN_POINT('',(-12.36411379855,0.836795737987,
    15.423606068212));
#1220 = CARTESIAN_POINT('',(-12.36491143269,0.822608800712,
    15.383717559481));
#1221 = CARTESIAN_POINT('',(-12.36482294551,0.811444022855,
    15.342274813189));
#1222 = CARTESIAN_POINT('',(-12.36372099342,0.803796597773,
    15.299601017471));
#1223 = CARTESIAN_POINT('',(-12.3615340838,0.8,15.256210435269));
#1224 = CARTESIAN_POINT('',(-12.35831948612,0.8,15.212887282791));
#1225 = ORIENTED_EDGE('',*,*,#1226,.T.);
#1226 = EDGE_CURVE('',#1190,#1227,#1229,.T.);
#1227 = VERTEX_POINT('',#1228);
#1228 = CARTESIAN_POINT('',(-16.28789513899,2.55,12.157637026862));
#1229 = B_SPLINE_CURVE_WITH_KNOTS('',4,(#1230,#1231,#1232,#1233,#1234,
    #1235,#1236,#1237,#1238,#1239,#1240,#1241,#1242,#1243,#1244,#1245,
    #1246),.UNSPECIFIED.,.F.,.F.,(5,3,3,3,3,5),(0.,0.115223632347,
    0.532064610175,0.772549895377,0.884776367652,1.),.UNSPECIFIED.);
#1230 = CARTESIAN_POINT('',(-11.29863273947,2.55,16.895104745284));
#1231 = CARTESIAN_POINT('',(-11.48936504747,2.55,16.767551607332));
#1232 = CARTESIAN_POINT('',(-11.67817847724,2.55,16.6371283397));
#1233 = CARTESIAN_POINT('',(-11.86500601153,2.55,16.503876730913));
#1234 = CARTESIAN_POINT('',(-12.71826024931,2.55,15.875722452069));
#1235 = CARTESIAN_POINT('',(-13.35993801462,2.55,15.347198147071));
#1236 = CARTESIAN_POINT('',(-13.97183791708,2.55,14.784466590415));
#1237 = CARTESIAN_POINT('',(-14.88572270304,2.55,13.847319831568));
#1238 = CARTESIAN_POINT('',(-15.20929977377,2.55,13.493957192951));
#1239 = CARTESIAN_POINT('',(-15.52161028056,2.55,13.130598661442));
#1240 = CARTESIAN_POINT('',(-15.962488067,2.55,12.583822399241));
#1241 = CARTESIAN_POINT('',(-16.10021677381,2.55,12.40779152311));
#1242 = CARTESIAN_POINT('',(-16.23534965034,2.55,12.229760144665));
#1243 = CARTESIAN_POINT('',(-16.50387673091,2.55,11.865006011538));
#1244 = CARTESIAN_POINT('',(-16.63712833969,2.55,11.67817847725));
#1245 = CARTESIAN_POINT('',(-16.76755160733,2.55,11.489365047472));
#1246 = CARTESIAN_POINT('',(-16.89510474528,2.55,11.298632739477));
#1247 = ORIENTED_EDGE('',*,*,#1248,.T.);
#1248 = EDGE_CURVE('',#1227,#1249,#1251,.T.);
#1249 = VERTEX_POINT('',#1250);
#1250 = CARTESIAN_POINT('',(-15.21288728279,0.8,12.358319486123));
#1251 = B_SPLINE_CURVE_WITH_KNOTS('',7,(#1252,#1253,#1254,#1255,#1256,
    #1257,#1258,#1259,#1260,#1261,#1262,#1263,#1264,#1265,#1266,#1267,
    #1268,#1269,#1270,#1271,#1272,#1273,#1274,#1275,#1276,#1277,#1278,
    #1279,#1280,#1281,#1282,#1283),.UNSPECIFIED.,.F.,.F.,(8,6,6,6,6,8),(
    0.,0.346968794466,0.645045916287,0.747094079715,0.884311756159,1.),
  .UNSPECIFIED.);
#1252 = CARTESIAN_POINT('',(-16.28790073456,2.550120886577,
    12.157634370822));
#1253 = CARTESIAN_POINT('',(-16.2830912308,2.446173133309,
    12.159917297444));
#1254 = CARTESIAN_POINT('',(-16.27425680846,2.342388861747,
    12.164093277636));
#1255 = CARTESIAN_POINT('',(-16.26127031416,2.238908172796,
    12.170172945477));
#1256 = CARTESIAN_POINT('',(-16.24401355277,2.135885402813,
    12.178090243519));
#1257 = CARTESIAN_POINT('',(-16.22237697349,2.033489435768,
    12.18770743923));
#1258 = CARTESIAN_POINT('',(-16.1962141428,1.931910770981,
    12.198827685643));
#1259 = CARTESIAN_POINT('',(-16.13865090864,1.745006455419,
    12.221857041804));
#1260 = CARTESIAN_POINT('',(-16.10852745056,1.659469614431,
    12.233426450095));
#1261 = CARTESIAN_POINT('',(-16.07468726021,1.574831682507,
    12.245779277726));
#1262 = CARTESIAN_POINT('',(-16.03688666127,1.491257450497,
    12.258746752057));
#1263 = CARTESIAN_POINT('',(-15.99474929978,1.409042839302,
    12.272116213808));
#1264 = CARTESIAN_POINT('',(-15.94782726299,1.328590449911,
    12.285641813691));
#1265 = CARTESIAN_POINT('',(-15.87707724818,1.223862567186,
    12.303528280194));
#1266 = CARTESIAN_POINT('',(-15.85836015426,1.197445198967,
    12.308065288675));
#1267 = CARTESIAN_POINT('',(-15.83893082886,1.171348881651,
    12.312562822068));
#1268 = CARTESIAN_POINT('',(-15.81874741186,1.145611079143,
    12.317003835854));
#1269 = CARTESIAN_POINT('',(-15.79776267891,1.120279647143,
    12.321368197782));
#1270 = CARTESIAN_POINT('',(-15.77592127864,1.095414325814,
    12.325631934926));
#1271 = CARTESIAN_POINT('',(-15.72254725165,1.038378481509,
    12.335325941586));
#1272 = CARTESIAN_POINT('',(-15.69030565601,1.006683583109,
    12.340644990324));
#1273 = CARTESIAN_POINT('',(-15.6562300773,0.976128061558,
    12.345663363867));
#1274 = CARTESIAN_POINT('',(-15.62013203095,0.94696458685,
    12.350290412986));
#1275 = CARTESIAN_POINT('',(-15.58184177717,0.919570293604,
    12.354402379157));
#1276 = CARTESIAN_POINT('',(-15.54120930411,0.894447108929,
    12.357839818059));
#1277 = CARTESIAN_POINT('',(-15.46175669718,0.8534915441,12.362568018076
    ));
#1278 = CARTESIAN_POINT('',(-15.42360606821,0.836795737987,
    12.364113798556));
#1279 = CARTESIAN_POINT('',(-15.38371755948,0.822608800712,
    12.364911432691));
#1280 = CARTESIAN_POINT('',(-15.34227481318,0.811444022855,
    12.364822945511));
#1281 = CARTESIAN_POINT('',(-15.29960101747,0.803796597773,
    12.363720993429));
#1282 = CARTESIAN_POINT('',(-15.25621043526,0.8,12.361534083802));
#1283 = CARTESIAN_POINT('',(-15.21288728279,0.8,12.358319486124));
#1284 = ORIENTED_EDGE('',*,*,#1285,.F.);
#1285 = EDGE_CURVE('',#1286,#1249,#1288,.T.);
#1286 = VERTEX_POINT('',#1287);
#1287 = CARTESIAN_POINT('',(-16.5,0.8,10.578752289377));
#1288 = CIRCLE('',#1289,19.6);
#1289 = AXIS2_PLACEMENT_3D('',#1290,#1291,#1292);
#1290 = CARTESIAN_POINT('',(0.,0.8,-1.8E-16));
#1291 = DIRECTION('',(0.,1.,-2.2E-16));
#1292 = DIRECTION('',(-1.,0.,0.));
#1293 = ORIENTED_EDGE('',*,*,#1294,.F.);
#1294 = EDGE_CURVE('',#1295,#1286,#1297,.T.);
#1295 = VERTEX_POINT('',#1296);
#1296 = CARTESIAN_POINT('',(-16.5,1.,11.222698891633));
#1297 = B_SPLINE_CURVE_WITH_KNOTS('',5,(#1298,#1299,#1300,#1301,#1302,
    #1303,#1304,#1305,#1306,#1307,#1308,#1309,#1310,#1311),
  .UNSPECIFIED.,.F.,.F.,(6,4,4,6),(0.,0.28688547754,0.757118276144,1.),
  .UNSPECIFIED.);
#1298 = CARTESIAN_POINT('',(-16.5,1.,11.222698891633));
#1299 = CARTESIAN_POINT('',(-16.5,0.976964638551,11.190879836943));
#1300 = CARTESIAN_POINT('',(-16.5,0.955394971325,11.158002507066));
#1301 = CARTESIAN_POINT('',(-16.5,0.935399257332,11.124126329476));
#1302 = CARTESIAN_POINT('',(-16.5,0.91706276696,11.089332988307));
#1303 = CARTESIAN_POINT('',(-16.5,0.87318586968,10.995380193736));
#1304 = CARTESIAN_POINT('',(-16.5,0.850523342802,10.934843245517));
#1305 = CARTESIAN_POINT('',(-16.5,0.832692854448,10.872629881636));
#1306 = CARTESIAN_POINT('',(-16.5,0.819590680652,10.809269508105));
#1307 = CARTESIAN_POINT('',(-16.5,0.806465004005,10.712198936477));
#1308 = CARTESIAN_POINT('',(-16.5,0.80318022017,10.678959439145));
#1309 = CARTESIAN_POINT('',(-16.5,0.801042134741,10.645604521116));
#1310 = CARTESIAN_POINT('',(-16.5,0.8,10.612187612312));
#1311 = CARTESIAN_POINT('',(-16.5,0.8,10.578752289377));
#1312 = ORIENTED_EDGE('',*,*,#1313,.T.);
#1313 = EDGE_CURVE('',#1295,#1314,#1316,.T.);
#1314 = VERTEX_POINT('',#1315);
#1315 = CARTESIAN_POINT('',(-17.56601002057,3.123502492868,10.2));
#1316 = B_SPLINE_CURVE_WITH_KNOTS('',8,(#1317,#1318,#1319,#1320,#1321,
    #1322,#1323,#1324,#1325,#1326,#1327,#1328,#1329,#1330,#1331,#1332,
    #1333,#1334,#1335,#1336,#1337,#1338,#1339,#1340,#1341,#1342,#1343,
    #1344,#1345,#1346,#1347,#1348,#1349,#1350,#1351,#1352,#1353,#1354,
    #1355,#1356,#1357,#1358,#1359,#1360,#1361,#1362,#1363,#1364,#1365,
    #1366,#1367,#1368,#1369,#1370,#1371,#1372,#1373,#1374,#1375,#1376,
    #1377,#1378,#1379,#1380,#1381,#1382,#1383,#1384,#1385,#1386,#1387,
    #1388,#1389,#1390,#1391,#1392,#1393,#1394,#1395,#1396,#1397,#1398,
    #1399,#1400,#1401,#1402),.UNSPECIFIED.,.F.,.F.,(9,7,7,7,7,7,7,7,7,7,
    7,7,9),(0.,0.102885051942,0.142374080614,0.165347503521,
    0.211280235662,0.275282491647,0.308472880242,0.378300264388,
    0.493078782755,0.645178807729,0.864071453155,0.924511680286,1.),
  .UNSPECIFIED.);
#1317 = CARTESIAN_POINT('',(-16.5,1.,11.222698891633));
#1318 = CARTESIAN_POINT('',(-16.5,1.021641800397,11.252593001692));
#1319 = CARTESIAN_POINT('',(-16.50020211784,1.04482204351,
    11.281827183538));
#1320 = CARTESIAN_POINT('',(-16.50065675629,1.069597478849,
    11.310320243419));
#1321 = CARTESIAN_POINT('',(-16.50142209228,1.096020593455,
    11.337964429266));
#1322 = CARTESIAN_POINT('',(-16.50256529759,1.124136625293,
    11.364626907789));
#1323 = CARTESIAN_POINT('',(-16.50416262303,1.153979465655,
    11.390152081891));
#1324 = CARTESIAN_POINT('',(-16.50629834566,1.18556645057,
    11.414364748427));
#1325 = CARTESIAN_POINT('',(-16.51012353943,1.231682968386,
    11.445790329312));
#1326 = CARTESIAN_POINT('',(-16.51127694027,1.244728219059,
    11.454283874873));
#1327 = CARTESIAN_POINT('',(-16.51252773227,1.258026408137,
    11.462543455506));
#1328 = CARTESIAN_POINT('',(-16.51388093661,1.271575194387,
    11.470557285705));
#1329 = CARTESIAN_POINT('',(-16.51534156019,1.285371137185,
    11.478313228847));
#1330 = CARTESIAN_POINT('',(-16.51691451042,1.299409553251,
    11.485798954123));
#1331 = CARTESIAN_POINT('',(-16.51860450997,1.313684373378,
    11.493002093459));
#1332 = CARTESIAN_POINT('',(-16.52146988377,1.336625733386,
    11.503929423928));
#1333 = CARTESIAN_POINT('',(-16.52256486805,1.345140893374,
    11.507848677109));
#1334 = CARTESIAN_POINT('',(-16.52370185119,1.353731971813,
    11.511665708983));
#1335 = CARTESIAN_POINT('',(-16.5248816705,1.362397279291,
    11.515378126309));
#1336 = CARTESIAN_POINT('',(-16.52610511386,1.371134944294,
    11.51898359162));
#1337 = CARTESIAN_POINT('',(-16.52737291968,1.37994291321,
    11.522479823222));
#1338 = CARTESIAN_POINT('',(-16.52868577691,1.388818950323,
    11.525864595198));
#1339 = CARTESIAN_POINT('',(-16.53276058663,1.415638519508,
    11.535676012182));
#1340 = CARTESIAN_POINT('',(-16.53565963351,1.433779890646,
    11.541762496807));
#1341 = CARTESIAN_POINT('',(-16.53874626079,1.452164043691,
    11.547377555745));
#1342 = CARTESIAN_POINT('',(-16.54202434409,1.470768344514,
    11.55250558929));
#1343 = CARTESIAN_POINT('',(-16.5454966035,1.489568138194,
    11.557133364404));
#1344 = CARTESIAN_POINT('',(-16.54916436756,1.508536654811,
    11.561250345542));
#1345 = CARTESIAN_POINT('',(-16.55302733722,1.527644915248,
    11.564849025497));
#1346 = CARTESIAN_POINT('',(-16.56273496135,1.573638044263,
    11.572211648465));
#1347 = CARTESIAN_POINT('',(-16.56876260878,1.600631070177,
    11.575484596357));
#1348 = CARTESIAN_POINT('',(-16.57516011323,1.627752998272,
    11.577731868857));
#1349 = CARTESIAN_POINT('',(-16.58191673375,1.654921335637,
    11.57895657816));
#1350 = CARTESIAN_POINT('',(-16.58901763199,1.682058931158,
    11.579175035167));
#1351 = CARTESIAN_POINT('',(-16.59644433691,1.709094093791,
    11.578414604948));
#1352 = CARTESIAN_POINT('',(-16.60417520946,1.735960710828,
    11.576711562202));
#1353 = CARTESIAN_POINT('',(-16.61634010724,1.776412162539,
    11.572759278375));
#1354 = CARTESIAN_POINT('',(-16.62057005276,1.790165863117,
    11.571167462605));
#1355 = CARTESIAN_POINT('',(-16.62487262406,1.803852070198,
    11.569339540143));
#1356 = CARTESIAN_POINT('',(-16.62924472615,1.817464092858,
    11.567281727645));
#1357 = CARTESIAN_POINT('',(-16.6336832888,1.830995946943,
    11.565000417693));
#1358 = CARTESIAN_POINT('',(-16.63818526656,1.844442355078,
    11.562502178797));
#1359 = CARTESIAN_POINT('',(-16.64274763871,1.857798746656,
    11.559793755391));
#1360 = CARTESIAN_POINT('',(-16.65708668372,1.898963506146,
    11.550756332839));
#1361 = CARTESIAN_POINT('',(-16.66705933166,1.926447613742,
    11.543730934384));
#1362 = CARTESIAN_POINT('',(-16.677259171,1.953481101272,11.535868417503
    ));
#1363 = CARTESIAN_POINT('',(-16.68766119777,1.980041116546,
    11.527230485435));
#1364 = CARTESIAN_POINT('',(-16.69824214904,2.006113484849,
    11.517876609267));
#1365 = CARTESIAN_POINT('',(-16.70898106597,2.031691759229,
    11.507862637568));
#1366 = CARTESIAN_POINT('',(-16.71985985675,2.056776270794,
    11.497239406023));
#1367 = CARTESIAN_POINT('',(-16.74895165071,2.121804260817,
    11.467661014312));
#1368 = CARTESIAN_POINT('',(-16.76737054357,2.160902104107,
    11.447752416142));
#1369 = CARTESIAN_POINT('',(-16.78605845575,2.198705022144,
    11.426521226056));
#1370 = CARTESIAN_POINT('',(-16.80496101416,2.235256557418,
    11.404136806051));
#1371 = CARTESIAN_POINT('',(-16.82403240194,2.270605617712,
    11.380743080265));
#1372 = CARTESIAN_POINT('',(-16.84323620539,2.30480661217,
    11.356459408633));
#1373 = CARTESIAN_POINT('',(-16.86254626087,2.337919587357,
    11.331381460527));
#1374 = CARTESIAN_POINT('',(-16.90765727099,2.41253581058,
    11.271393764669));
#1375 = CARTESIAN_POINT('',(-16.93351307854,2.453242965192,
    11.235956909172));
#1376 = CARTESIAN_POINT('',(-16.95947098731,2.492273379283,
    11.199452315793));
#1377 = CARTESIAN_POINT('',(-16.98549296851,2.529743539928,
    11.162026423894));
#1378 = CARTESIAN_POINT('',(-17.01154785425,2.565755156131,
    11.123798287973));
#1379 = CARTESIAN_POINT('',(-17.03761198375,2.600401823423,
    11.084864081391));
#1380 = CARTESIAN_POINT('',(-17.06366954319,2.633772066116,
    11.045299134185));
#1381 = CARTESIAN_POINT('',(-17.12719210258,2.71225539674,
    10.947388234909));
#1382 = CARTESIAN_POINT('',(-17.16462643916,2.756071788889,
    10.888448232813));
#1383 = CARTESIAN_POINT('',(-17.20198160132,2.797635811538,
    10.828516716947));
#1384 = CARTESIAN_POINT('',(-17.23922738496,2.837134723885,
    10.767735535684));
#1385 = CARTESIAN_POINT('',(-17.27633907612,2.874724166828,
    10.706217687852));
#1386 = CARTESIAN_POINT('',(-17.31329849712,2.910540612515,
    10.644052843303));
#1387 = CARTESIAN_POINT('',(-17.35009441211,2.944707263049,
    10.581309863674));
#1388 = CARTESIAN_POINT('',(-17.3968359137,2.986342065689,
    10.500565351952));
#1389 = CARTESIAN_POINT('',(-17.40707345602,2.995355074818,
    10.482817723655));
#1390 = CARTESIAN_POINT('',(-17.41743762343,3.004372249566,
    10.464786684841));
#1391 = CARTESIAN_POINT('',(-17.42793129361,3.013393412418,
    10.44646502614));
#1392 = CARTESIAN_POINT('',(-17.43855751756,3.022418384504,
    10.427845082433));
#1393 = CARTESIAN_POINT('',(-17.44931951961,3.031446985601,
    10.408918732853));
#1394 = CARTESIAN_POINT('',(-17.46022069738,3.040479034133,
    10.389677400785));
#1395 = CARTESIAN_POINT('',(-17.48505820499,3.060799225334,
    10.345675428897));
#1396 = CARTESIAN_POINT('',(-17.4955643289,3.069217385843,
    10.326952188253));
#1397 = CARTESIAN_POINT('',(-17.50614306925,3.077670075373,
    10.308081295087));
#1398 = CARTESIAN_POINT('',(-17.51872278096,3.087584195047,
    10.285559613864));
#1399 = CARTESIAN_POINT('',(-17.53362202346,3.099227481862,
    10.258813828608));
#1400 = CARTESIAN_POINT('',(-17.54925145533,3.111005154619,
    10.230478706065));
#1401 = CARTESIAN_POINT('',(-17.56203203639,3.120538799443,
    10.207235947044));
#1402 = CARTESIAN_POINT('',(-17.56601015029,3.123502502667,
    10.199999475325));
#1403 = ORIENTED_EDGE('',*,*,#1404,.T.);
#1404 = EDGE_CURVE('',#1314,#1405,#1407,.T.);
#1405 = VERTEX_POINT('',#1406);
#1406 = CARTESIAN_POINT('',(-19.14802398299,3.648023982993,
    6.611840412832));
#1407 = B_SPLINE_CURVE_WITH_KNOTS('',8,(#1408,#1409,#1410,#1411,#1412,
    #1413,#1414,#1415,#1416,#1417,#1418,#1419,#1420,#1421,#1422,#1423,
    #1424,#1425,#1426,#1427,#1428,#1429,#1430),.UNSPECIFIED.,.F.,.F.,(9,
    7,7,9),(0.,4.874864940285E-02,0.298805290188,1.),.UNSPECIFIED.);
#1408 = CARTESIAN_POINT('',(-17.56594362713,3.123453027998,
    10.200120773286));
#1409 = CARTESIAN_POINT('',(-17.57729159939,3.131907857335,
    10.179478396205));
#1410 = CARTESIAN_POINT('',(-17.58861920367,3.140239690288,
    10.158800385885));
#1411 = CARTESIAN_POINT('',(-17.59992639853,3.148450960339,
    10.138087650105));
#1412 = CARTESIAN_POINT('',(-17.61121295351,3.156543770494,
    10.11734127736));
#1413 = CARTESIAN_POINT('',(-17.62247865079,3.164520144909,
    10.096562294916));
#1414 = CARTESIAN_POINT('',(-17.63372336399,3.172382132073,
    10.075751577932));
#1415 = CARTESIAN_POINT('',(-17.64494701402,3.180131759529,
    10.05490990965));
#1416 = CARTESIAN_POINT('',(-17.71361215293,3.226955573737,9.92697653039
    ));
#1417 = CARTESIAN_POINT('',(-17.77051364723,3.263230726931,
    9.819127933542));
#1418 = CARTESIAN_POINT('',(-17.82683950496,3.296853254083,9.71059584147
    ));
#1419 = CARTESIAN_POINT('',(-17.88257535472,3.328032473322,
    9.601464671377));
#1420 = CARTESIAN_POINT('',(-17.93770839729,3.356945157772,
    9.491803191464));
#1421 = CARTESIAN_POINT('',(-17.992228359,3.383745875858,9.381666780861)
  );
#1422 = CARTESIAN_POINT('',(-18.04612783477,3.408572580701,
    9.271098576335));
#1423 = CARTESIAN_POINT('',(-18.24879048447,3.495972275702,
    8.848956305248));
#1424 = CARTESIAN_POINT('',(-18.39320857871,3.545813902417,
    8.534743297934));
#1425 = CARTESIAN_POINT('',(-18.53256344342,3.583796293232,
    8.218166841518));
#1426 = CARTESIAN_POINT('',(-18.6666846603,3.611654303011,7.899693621209
    ));
#1427 = CARTESIAN_POINT('',(-18.79542131765,3.630864669281,
    7.579666201737));
#1428 = CARTESIAN_POINT('',(-18.91863085502,3.642626564831,
    7.258297357133));
#1429 = CARTESIAN_POINT('',(-19.03619776357,3.648023982993,
    6.935691413092));
#1430 = CARTESIAN_POINT('',(-19.14802398299,3.648023982993,
    6.611840412832));
#1431 = ORIENTED_EDGE('',*,*,#1432,.T.);
#1432 = EDGE_CURVE('',#1405,#410,#1433,.T.);
#1433 = B_SPLINE_CURVE_WITH_KNOTS('',6,(#1434,#1435,#1436,#1437,#1438,
    #1439,#1440),.UNSPECIFIED.,.F.,.F.,(7,7),(0.,1.),
  .PIECEWISE_BEZIER_KNOTS.);
#1434 = CARTESIAN_POINT('',(-19.14802398299,3.648023982993,
    6.611840412832));
#1435 = CARTESIAN_POINT('',(-19.51440824759,3.648023982993,5.550784149)
  );
#1436 = CARTESIAN_POINT('',(-19.81024752128,3.648023982993,
    4.465332769546));
#1437 = CARTESIAN_POINT('',(-20.03348466348,3.648023982993,
    3.361418483104));
#1438 = CARTESIAN_POINT('',(-20.18278077657,3.648023982993,2.24509765736
    ));
#1439 = CARTESIAN_POINT('',(-20.25742471534,3.648023982993,
    1.122531948845));
#1440 = CARTESIAN_POINT('',(-20.25742471534,3.648023982993,-5.33E-15));
#1441 = FACE_BOUND('',#1442,.T.);
#1442 = EDGE_LOOP('',(#1443,#1444,#1445,#1522));
#1443 = ORIENTED_EDGE('',*,*,#50,.F.);
#1444 = ORIENTED_EDGE('',*,*,#354,.T.);
#1445 = ORIENTED_EDGE('',*,*,#1446,.T.);
#1446 = EDGE_CURVE('',#347,#279,#1447,.T.);
#1447 = B_SPLINE_CURVE_WITH_KNOTS('',7,(#1448,#1449,#1450,#1451,#1452,
    #1453,#1454,#1455,#1456,#1457,#1458,#1459,#1460,#1461,#1462,#1463,
    #1464,#1465,#1466,#1467,#1468,#1469,#1470,#1471,#1472,#1473,#1474,
    #1475,#1476,#1477,#1478,#1479,#1480,#1481,#1482,#1483,#1484,#1485,
    #1486,#1487,#1488,#1489,#1490,#1491,#1492,#1493,#1494,#1495,#1496,
    #1497,#1498,#1499,#1500,#1501,#1502,#1503,#1504,#1505,#1506,#1507,
    #1508,#1509,#1510,#1511,#1512,#1513,#1514,#1515,#1516,#1517,#1518,
    #1519,#1520,#1521),.UNSPECIFIED.,.F.,.F.,(8,6,6,6,6,6,6,6,6,6,6,6,8)
  ,(0.,9.332761003503E-03,8.546910198439E-02,0.292101214977,
    0.520875860569,0.684774438154,0.832359138413,0.89555787682,
    0.951243718463,0.976144797399,0.987876052066,0.994008753826,1.),
  .UNSPECIFIED.);
#1448 = CARTESIAN_POINT('',(11.474428013305,5.52500597409,
    -15.79319526526));
#1449 = CARTESIAN_POINT('',(11.476985168695,5.520366845425,
    -15.7967148877));
#1450 = CARTESIAN_POINT('',(11.47952906678,5.51570594335,-15.80021626304
    ));
#1451 = CARTESIAN_POINT('',(11.482059843968,5.511023506104,-15.803699579
    ));
#1452 = CARTESIAN_POINT('',(11.484577500774,5.506319983944,
    -15.80716483631));
#1453 = CARTESIAN_POINT('',(11.487082090458,5.501595736612,
    -15.81061210827));
#1454 = CARTESIAN_POINT('',(11.489573734415,5.4968510097,-15.81404156196
    ));
#1455 = CARTESIAN_POINT('',(11.512273857048,5.453214954952,
    -15.84528560035));
#1456 = CARTESIAN_POINT('',(11.531634346963,5.413009406705,
    -15.87193302864));
#1457 = CARTESIAN_POINT('',(11.550174556457,5.371641244285,
    -15.89745143779));
#1458 = CARTESIAN_POINT('',(11.567934964204,5.329259628581,
    -15.92189654191));
#1459 = CARTESIAN_POINT('',(11.584955678225,5.285990930552,
    -15.94532354496));
#1460 = CARTESIAN_POINT('',(11.601276208946,5.241938479548,
    -15.96778682838));
#1461 = CARTESIAN_POINT('',(11.659433464513,5.075715198424,
    -16.04783342349));
#1462 = CARTESIAN_POINT('',(11.697010211709,4.949206572598,
    -16.09955337896));
#1463 = CARTESIAN_POINT('',(11.730501881926,4.819145477972,
    -16.14565070833));
#1464 = CARTESIAN_POINT('',(11.760399021393,4.686515068431,
    -16.18680059057));
#1465 = CARTESIAN_POINT('',(11.787116297747,4.552013318493,
    -16.22357376671));
#1466 = CARTESIAN_POINT('',(11.810967828622,4.416028734537,
    -16.25640258258));
#1467 = CARTESIAN_POINT('',(11.855719049802,4.126615239073,
    -16.31799735433));
#1468 = CARTESIAN_POINT('',(11.875999819126,3.973063896267,
    -16.34591143856));
#1469 = CARTESIAN_POINT('',(11.893368833594,3.818391107475,
    -16.36981783605));
#1470 = CARTESIAN_POINT('',(11.908019756397,3.66287904359,
    -16.38998310131));
#1471 = CARTESIAN_POINT('',(11.920074592724,3.506749096407,
    -16.40657516009));
#1472 = CARTESIAN_POINT('',(11.929601718589,3.350170430279,
    -16.41968812388));
#1473 = CARTESIAN_POINT('',(11.941607294252,3.080839335655,
    -16.43621238117));
#1474 = CARTESIAN_POINT('',(11.945317574354,2.968271288076,
    -16.44131914362));
#1475 = CARTESIAN_POINT('',(11.947726481658,2.855601035964,
    -16.44463472008));
#1476 = CARTESIAN_POINT('',(11.948813493595,2.742885236735,
    -16.44613086366));
#1477 = CARTESIAN_POINT('',(11.948540054719,2.630188163632,
    -16.44575450734));
#1478 = CARTESIAN_POINT('',(11.946843434623,2.517582496095,
    -16.44341931011));
#1479 = CARTESIAN_POINT('',(11.940722314517,2.303909934417,
    -16.43499431106));
#1480 = CARTESIAN_POINT('',(11.936586457348,2.20283593491,
    -16.42930179203));
#1481 = CARTESIAN_POINT('',(11.931143312851,2.101965341586,
    -16.42180994635));
#1482 = CARTESIAN_POINT('',(11.92428857875,2.001380218211,
    -16.41237521427));
#1483 = CARTESIAN_POINT('',(11.915892234484,1.901204969379,
    -16.40081863782));
#1484 = CARTESIAN_POINT('',(11.905771882838,1.801615356171,
    -16.38688916879));
#1485 = CARTESIAN_POINT('',(11.888434233669,1.660570391882,
    -16.36302594193));
#1486 = CARTESIAN_POINT('',(11.882866324789,1.618439107083,
    -16.35536237281));
#1487 = CARTESIAN_POINT('',(11.87690525707,1.57648582121,-16.34715766698
    ));
#1488 = CARTESIAN_POINT('',(11.870524719609,1.534737686975,
    -16.33837561057));
#1489 = CARTESIAN_POINT('',(11.863693741726,1.493230075464,
    -16.32897357611));
#1490 = CARTESIAN_POINT('',(11.856374784635,1.452007721691,
    -16.3188998959));
#1491 = CARTESIAN_POINT('',(11.841602419405,1.375103943634,
    -16.29856747947));
#1492 = CARTESIAN_POINT('',(11.834269537929,1.339351713327,
    -16.28847463398));
#1493 = CARTESIAN_POINT('',(11.826490241071,1.303903601948,
    -16.27776735043));
#1494 = CARTESIAN_POINT('',(11.818228470348,1.268808762629,
    -16.26639599858));
#1495 = CARTESIAN_POINT('',(11.80944227667,1.234133564513,
    -16.25430284045));
#1496 = CARTESIAN_POINT('',(11.800081040618,1.19996407836,-16.2414182044
    ));
#1497 = CARTESIAN_POINT('',(11.785611724106,1.151403517179,
    -16.22150289875));
#1498 = CARTESIAN_POINT('',(11.781013574871,1.136522289119,
    -16.21517408927));
#1499 = CARTESIAN_POINT('',(11.776282819479,1.121774831556,
    -16.20866276308));
#1500 = CARTESIAN_POINT('',(11.771413670855,1.107172946545,
    -16.20196095495));
#1501 = CARTESIAN_POINT('',(11.766399980388,1.092730284611,
    -16.19506020203));
#1502 = CARTESIAN_POINT('',(11.761235237926,1.078462344745,
    -16.18795154388));
#1503 = CARTESIAN_POINT('',(11.753404987581,1.057755130439,
    -16.17717412888));
#1504 = CARTESIAN_POINT('',(11.75086236327,1.051166476833,
    -16.17367450675));
#1505 = CARTESIAN_POINT('',(11.748283981729,1.044622361743,
    -16.17012566901));
#1506 = CARTESIAN_POINT('',(11.745669116256,1.038124769586,
    -16.16652661545));
#1507 = CARTESIAN_POINT('',(11.743017030565,1.031675821039,
    -16.16287633265));
#1508 = CARTESIAN_POINT('',(11.740326978789,1.025277773042,
    -16.15917379402));
#1509 = CARTESIAN_POINT('',(11.736171695408,1.015616196628,
    -16.1534545371));
#1510 = CARTESIAN_POINT('',(11.734739656531,1.012325688412,
    -16.15148350468));
#1511 = CARTESIAN_POINT('',(11.733302090564,1.009061591868,
    -16.14950486487));
#1512 = CARTESIAN_POINT('',(11.731858999228,1.005824004714,
    -16.14751862005));
#1513 = CARTESIAN_POINT('',(11.730410384243,1.00261302467,
    -16.14552477257));
#1514 = CARTESIAN_POINT('',(11.728956247327,0.999428749455,
    -16.14352332481));
#1515 = CARTESIAN_POINT('',(11.726070601213,0.993186633709,
    -16.13955157367));
#1516 = CARTESIAN_POINT('',(11.724634434231,0.990116956262,
    -16.1375748594));
#1517 = CARTESIAN_POINT('',(11.72318801539,0.987062620892,
    -16.13558403466));
#1518 = CARTESIAN_POINT('',(11.721731260639,0.984023996762,
    -16.13357898376));
#1519 = CARTESIAN_POINT('',(11.720264075739,0.981001445742,
    -16.13155957699));
#1520 = CARTESIAN_POINT('',(11.71878635626,0.977995322419,
    -16.12952567062));
#1521 = CARTESIAN_POINT('',(11.717297987588,0.97500597409,
    -16.12747710688));
#1522 = ORIENTED_EDGE('',*,*,#286,.F.);
#1523 = SURFACE_OF_REVOLUTION('',#1524,#1529);
#1524 = B_SPLINE_CURVE_WITH_KNOTS('',3,(#1525,#1526,#1527,#1528),
  .UNSPECIFIED.,.F.,.F.,(4,4),(0.,1.),.PIECEWISE_BEZIER_KNOTS.);
#1525 = CARTESIAN_POINT('',(-19.4,5.640011948131,-1.25E-15));
#1526 = CARTESIAN_POINT('',(-20.6,4.640011948131,-1.03E-15));
#1527 = CARTESIAN_POINT('',(-20.6,0.8,-1.8E-16));
#1528 = CARTESIAN_POINT('',(-19.6,0.8,-1.8E-16));
#1529 = AXIS1_PLACEMENT('',#1530,#1531);
#1530 = CARTESIAN_POINT('',(0.,0.,0.));
#1531 = DIRECTION('',(0.,1.,-2.2E-16));
#1532 = ADVANCED_FACE('',(#1533),#1540,.F.);
#1533 = FACE_BOUND('',#1534,.F.);
#1534 = EDGE_LOOP('',(#1535,#1536,#1537,#1538,#1539));
#1535 = ORIENTED_EDGE('',*,*,#169,.F.);
#1536 = ORIENTED_EDGE('',*,*,#199,.F.);
#1537 = ORIENTED_EDGE('',*,*,#346,.T.);
#1538 = ORIENTED_EDGE('',*,*,#1446,.T.);
#1539 = ORIENTED_EDGE('',*,*,#278,.F.);
#1540 = PLANE('',#1541);
#1541 = AXIS2_PLACEMENT_3D('',#1542,#1543,#1544);
#1542 = CARTESIAN_POINT('',(11.757802765571,3.250005974089,
    -16.18322715099));
#1543 = DIRECTION('',(0.809016994375,0.,0.587785252292));
#1544 = DIRECTION('',(0.,1.,0.));
#1545 = ADVANCED_FACE('',(#1546),#1556,.T.);
#1546 = FACE_BOUND('',#1547,.T.);
#1547 = EDGE_LOOP('',(#1548,#1554,#1555));
#1548 = ORIENTED_EDGE('',*,*,#1549,.F.);
#1549 = EDGE_CURVE('',#427,#1405,#1550,.T.);
#1550 = LINE('',#1551,#1552);
#1551 = CARTESIAN_POINT('',(-19.14802398299,3.648023982993,-10.2));
#1552 = VECTOR('',#1553,1.);
#1553 = DIRECTION('',(-1.1E-16,1.44E-15,1.));
#1554 = ORIENTED_EDGE('',*,*,#426,.F.);
#1555 = ORIENTED_EDGE('',*,*,#1432,.F.);
#1556 = PLANE('',#1557);
#1557 = AXIS2_PLACEMENT_3D('',#1558,#1559,#1560);
#1558 = CARTESIAN_POINT('',(-21.14497833563,3.648023982993,-10.2));
#1559 = DIRECTION('',(1.1E-16,1.,-1.44E-15));
#1560 = DIRECTION('',(1.,-1.1E-16,-2.2E-16));
#1561 = ADVANCED_FACE('',(#1562),#1575,.T.);
#1562 = FACE_BOUND('',#1563,.F.);
#1563 = EDGE_LOOP('',(#1564,#1565,#1566,#1567,#1568,#1569));
#1564 = ORIENTED_EDGE('',*,*,#1313,.T.);
#1565 = ORIENTED_EDGE('',*,*,#1404,.T.);
#1566 = ORIENTED_EDGE('',*,*,#1549,.F.);
#1567 = ORIENTED_EDGE('',*,*,#438,.T.);
#1568 = ORIENTED_EDGE('',*,*,#475,.T.);
#1569 = ORIENTED_EDGE('',*,*,#1570,.F.);
#1570 = EDGE_CURVE('',#1295,#476,#1571,.T.);
#1571 = LINE('',#1572,#1573);
#1572 = CARTESIAN_POINT('',(-16.5,0.999999605386,-10.2));
#1573 = VECTOR('',#1574,1.);
#1574 = DIRECTION('',(2.2E-16,-1.78E-15,-1.));
#1575 = CYLINDRICAL_SURFACE('',#1576,2.648023982993);
#1576 = AXIS2_PLACEMENT_3D('',#1577,#1578,#1579);
#1577 = CARTESIAN_POINT('',(-19.14802398299,1.,-10.2));
#1578 = DIRECTION('',(2.2E-16,-1.89E-15,-1.));
#1579 = DIRECTION('',(1.,-7.8E-16,2.2E-16));
#1580 = ADVANCED_FACE('',(#1581),#1608,.T.);
#1581 = FACE_BOUND('',#1582,.T.);
#1582 = EDGE_LOOP('',(#1583,#1593,#1599,#1600,#1601,#1602));
#1583 = ORIENTED_EDGE('',*,*,#1584,.T.);
#1584 = EDGE_CURVE('',#1585,#1587,#1589,.T.);
#1585 = VERTEX_POINT('',#1586);
#1586 = CARTESIAN_POINT('',(-16.5,3.9E-14,10.578752289376));
#1587 = VERTEX_POINT('',#1588);
#1588 = CARTESIAN_POINT('',(-16.5,8.E-15,-10.57875228937));
#1589 = LINE('',#1590,#1591);
#1590 = CARTESIAN_POINT('',(-16.5,-1.443E-14,-10.2));
#1591 = VECTOR('',#1592,1.);
#1592 = DIRECTION('',(2.2E-16,-1.78E-15,-1.));
#1593 = ORIENTED_EDGE('',*,*,#1594,.F.);
#1594 = EDGE_CURVE('',#553,#1587,#1595,.T.);
#1595 = LINE('',#1596,#1597);
#1596 = CARTESIAN_POINT('',(-16.5,0.799999999999,-10.57875228937));
#1597 = VECTOR('',#1598,1.);
#1598 = DIRECTION('',(-6.7E-16,-1.,2.44E-15));
#1599 = ORIENTED_EDGE('',*,*,#552,.F.);
#1600 = ORIENTED_EDGE('',*,*,#1570,.F.);
#1601 = ORIENTED_EDGE('',*,*,#1294,.T.);
#1602 = ORIENTED_EDGE('',*,*,#1603,.T.);
#1603 = EDGE_CURVE('',#1286,#1585,#1604,.T.);
#1604 = LINE('',#1605,#1606);
#1605 = CARTESIAN_POINT('',(-16.5,0.8,10.578752289377));
#1606 = VECTOR('',#1607,1.);
#1607 = DIRECTION('',(-5.6E-16,-1.,2.11E-15));
#1608 = PLANE('',#1609);
#1609 = AXIS2_PLACEMENT_3D('',#1610,#1611,#1612);
#1610 = CARTESIAN_POINT('',(-16.5,0.521163958962,2.9346557512E-07));
#1611 = DIRECTION('',(1.,1.48E-15,5.5E-16));
#1612 = DIRECTION('',(-1.48E-15,1.,0.));
#1613 = ADVANCED_FACE('',(#1614),#1649,.F.);
#1614 = FACE_BOUND('',#1615,.T.);
#1615 = EDGE_LOOP('',(#1616,#1623,#1624,#1632,#1639,#1640,#1641,#1648));
#1616 = ORIENTED_EDGE('',*,*,#1617,.T.);
#1617 = EDGE_CURVE('',#1144,#1076,#1618,.T.);
#1618 = CIRCLE('',#1619,19.6);
#1619 = AXIS2_PLACEMENT_3D('',#1620,#1621,#1622);
#1620 = CARTESIAN_POINT('',(0.,0.8,-1.8E-16));
#1621 = DIRECTION('',(0.,1.,-2.2E-16));
#1622 = DIRECTION('',(-1.,0.,0.));
#1623 = ORIENTED_EDGE('',*,*,#1075,.T.);
#1624 = ORIENTED_EDGE('',*,*,#1625,.T.);
#1625 = EDGE_CURVE('',#1057,#1626,#1628,.T.);
#1626 = VERTEX_POINT('',#1627);
#1627 = CARTESIAN_POINT('',(16.5,2.1E-14,10.578752289376));
#1628 = LINE('',#1629,#1630);
#1629 = CARTESIAN_POINT('',(16.5,0.8,10.578752289377));
#1630 = VECTOR('',#1631,1.);
#1631 = DIRECTION('',(-1.1E-16,-1.,2.33E-15));
#1632 = ORIENTED_EDGE('',*,*,#1633,.F.);
#1633 = EDGE_CURVE('',#1585,#1626,#1634,.T.);
#1634 = CIRCLE('',#1635,19.6);
#1635 = AXIS2_PLACEMENT_3D('',#1636,#1637,#1638);
#1636 = CARTESIAN_POINT('',(0.,4.35E-15,0.));
#1637 = DIRECTION('',(2.22E-15,1.,-8.9E-16));
#1638 = DIRECTION('',(-1.,2.22E-15,0.));
#1639 = ORIENTED_EDGE('',*,*,#1603,.F.);
#1640 = ORIENTED_EDGE('',*,*,#1285,.T.);
#1641 = ORIENTED_EDGE('',*,*,#1642,.T.);
#1642 = EDGE_CURVE('',#1249,#1181,#1643,.T.);
#1643 = CIRCLE('',#1644,19.6);
#1644 = AXIS2_PLACEMENT_3D('',#1645,#1646,#1647);
#1645 = CARTESIAN_POINT('',(0.,0.8,-1.8E-16));
#1646 = DIRECTION('',(0.,1.,-2.2E-16));
#1647 = DIRECTION('',(-1.,0.,0.));
#1648 = ORIENTED_EDGE('',*,*,#1180,.T.);
#1649 = CYLINDRICAL_SURFACE('',#1650,19.6);
#1650 = AXIS2_PLACEMENT_3D('',#1651,#1652,#1653);
#1651 = CARTESIAN_POINT('',(0.,0.8,-1.8E-16));
#1652 = DIRECTION('',(0.,-1.,2.2E-16));
#1653 = DIRECTION('',(-1.,0.,0.));
#1654 = ADVANCED_FACE('',(#1655),#1682,.F.);
#1655 = FACE_BOUND('',#1656,.F.);
#1656 = EDGE_LOOP('',(#1657,#1666,#1674,#1681));
#1657 = ORIENTED_EDGE('',*,*,#1658,.F.);
#1658 = EDGE_CURVE('',#1659,#1249,#1661,.T.);
#1659 = VERTEX_POINT('',#1660);
#1660 = CARTESIAN_POINT('',(-13.85929291125,0.8,11.737972567697));
#1661 = CIRCLE('',#1662,2.138009049774);
#1662 = AXIS2_PLACEMENT_3D('',#1663,#1664,#1665);
#1663 = CARTESIAN_POINT('',(-15.37109360859,0.8,10.226171870363));
#1664 = DIRECTION('',(0.,-1.,0.));
#1665 = DIRECTION('',(1.,0.,0.));
#1666 = ORIENTED_EDGE('',*,*,#1667,.T.);
#1667 = EDGE_CURVE('',#1659,#1668,#1670,.T.);
#1668 = VERTEX_POINT('',#1669);
#1669 = CARTESIAN_POINT('',(-13.85929291125,2.55,11.737972567697));
#1670 = LINE('',#1671,#1672);
#1671 = CARTESIAN_POINT('',(-13.85929291125,0.8,11.737972567697));
#1672 = VECTOR('',#1673,1.);
#1673 = DIRECTION('',(0.,1.,-2.2E-16));
#1674 = ORIENTED_EDGE('',*,*,#1675,.T.);
#1675 = EDGE_CURVE('',#1668,#1227,#1676,.T.);
#1676 = CIRCLE('',#1677,2.138009049774);
#1677 = AXIS2_PLACEMENT_3D('',#1678,#1679,#1680);
#1678 = CARTESIAN_POINT('',(-15.37109360859,2.55,10.226171870363));
#1679 = DIRECTION('',(0.,-1.,0.));
#1680 = DIRECTION('',(1.,0.,0.));
#1681 = ORIENTED_EDGE('',*,*,#1248,.T.);
#1682 = CYLINDRICAL_SURFACE('',#1683,2.138009049774);
#1683 = AXIS2_PLACEMENT_3D('',#1684,#1685,#1686);
#1684 = CARTESIAN_POINT('',(-15.37109360859,0.8,10.226171870363));
#1685 = DIRECTION('',(-2.2E-16,-1.,-0.));
#1686 = DIRECTION('',(1.,-2.2E-16,2.2E-16));
#1687 = ADVANCED_FACE('',(#1688,#1708),#1719,.T.);
#1688 = FACE_BOUND('',#1689,.T.);
#1689 = EDGE_LOOP('',(#1690,#1691,#1700,#1707));
#1690 = ORIENTED_EDGE('',*,*,#1226,.F.);
#1691 = ORIENTED_EDGE('',*,*,#1692,.T.);
#1692 = EDGE_CURVE('',#1190,#1693,#1695,.T.);
#1693 = VERTEX_POINT('',#1694);
#1694 = CARTESIAN_POINT('',(-11.73797256769,2.55,13.859292911256));
#1695 = CIRCLE('',#1696,2.138009049774);
#1696 = AXIS2_PLACEMENT_3D('',#1697,#1698,#1699);
#1697 = CARTESIAN_POINT('',(-10.22617187036,2.55,15.37109360859));
#1698 = DIRECTION('',(0.,-1.,0.));
#1699 = DIRECTION('',(1.,0.,0.));
#1700 = ORIENTED_EDGE('',*,*,#1701,.F.);
#1701 = EDGE_CURVE('',#1668,#1693,#1702,.T.);
#1702 = CIRCLE('',#1703,1.5);
#1703 = AXIS2_PLACEMENT_3D('',#1704,#1705,#1706);
#1704 = CARTESIAN_POINT('',(-12.79863273947,2.55,12.798632739477));
#1705 = DIRECTION('',(0.,-1.,0.));
#1706 = DIRECTION('',(1.,0.,0.));
#1707 = ORIENTED_EDGE('',*,*,#1675,.T.);
#1708 = FACE_BOUND('',#1709,.T.);
#1709 = EDGE_LOOP('',(#1710));
#1710 = ORIENTED_EDGE('',*,*,#1711,.T.);
#1711 = EDGE_CURVE('',#1712,#1712,#1714,.T.);
#1712 = VERTEX_POINT('',#1713);
#1713 = CARTESIAN_POINT('',(-12.14863273947,2.55,12.798632739477));
#1714 = CIRCLE('',#1715,0.65);
#1715 = AXIS2_PLACEMENT_3D('',#1716,#1717,#1718);
#1716 = CARTESIAN_POINT('',(-12.79863273947,2.55,12.798632739477));
#1717 = DIRECTION('',(0.,-1.,0.));
#1718 = DIRECTION('',(1.,0.,0.));
#1719 = PLANE('',#1720);
#1720 = AXIS2_PLACEMENT_3D('',#1721,#1722,#1723);
#1721 = CARTESIAN_POINT('',(-13.57030488366,2.55,13.570304883669));
#1722 = DIRECTION('',(0.,1.,0.));
#1723 = DIRECTION('',(0.,0.,1.));
#1724 = ADVANCED_FACE('',(#1725),#1744,.F.);
#1725 = FACE_BOUND('',#1726,.F.);
#1726 = EDGE_LOOP('',(#1727,#1736,#1737,#1738));
#1727 = ORIENTED_EDGE('',*,*,#1728,.F.);
#1728 = EDGE_CURVE('',#1181,#1729,#1731,.T.);
#1729 = VERTEX_POINT('',#1730);
#1730 = CARTESIAN_POINT('',(-11.73797256769,0.8,13.859292911256));
#1731 = CIRCLE('',#1732,2.138009049774);
#1732 = AXIS2_PLACEMENT_3D('',#1733,#1734,#1735);
#1733 = CARTESIAN_POINT('',(-10.22617187036,0.8,15.37109360859));
#1734 = DIRECTION('',(0.,-1.,0.));
#1735 = DIRECTION('',(1.,0.,0.));
#1736 = ORIENTED_EDGE('',*,*,#1189,.F.);
#1737 = ORIENTED_EDGE('',*,*,#1692,.T.);
#1738 = ORIENTED_EDGE('',*,*,#1739,.F.);
#1739 = EDGE_CURVE('',#1729,#1693,#1740,.T.);
#1740 = LINE('',#1741,#1742);
#1741 = CARTESIAN_POINT('',(-11.73797256769,0.8,13.859292911256));
#1742 = VECTOR('',#1743,1.);
#1743 = DIRECTION('',(0.,1.,-2.2E-16));
#1744 = CYLINDRICAL_SURFACE('',#1745,2.138009049774);
#1745 = AXIS2_PLACEMENT_3D('',#1746,#1747,#1748);
#1746 = CARTESIAN_POINT('',(-10.22617187036,0.8,15.37109360859));
#1747 = DIRECTION('',(-2.2E-16,-1.,-0.));
#1748 = DIRECTION('',(1.,-2.2E-16,2.2E-16));
#1749 = ADVANCED_FACE('',(#1750),#1777,.F.);
#1750 = FACE_BOUND('',#1751,.F.);
#1751 = EDGE_LOOP('',(#1752,#1761,#1769,#1776));
#1752 = ORIENTED_EDGE('',*,*,#1753,.F.);
#1753 = EDGE_CURVE('',#1754,#1144,#1756,.T.);
#1754 = VERTEX_POINT('',#1755);
#1755 = CARTESIAN_POINT('',(11.737972567697,0.8,13.859292911256));
#1756 = CIRCLE('',#1757,2.138009049774);
#1757 = AXIS2_PLACEMENT_3D('',#1758,#1759,#1760);
#1758 = CARTESIAN_POINT('',(10.226171870363,0.8,15.37109360859));
#1759 = DIRECTION('',(0.,-1.,0.));
#1760 = DIRECTION('',(0.,0.,-1.));
#1761 = ORIENTED_EDGE('',*,*,#1762,.T.);
#1762 = EDGE_CURVE('',#1754,#1763,#1765,.T.);
#1763 = VERTEX_POINT('',#1764);
#1764 = CARTESIAN_POINT('',(11.737972567697,2.55,13.859292911256));
#1765 = LINE('',#1766,#1767);
#1766 = CARTESIAN_POINT('',(11.737972567697,0.8,13.859292911256));
#1767 = VECTOR('',#1768,1.);
#1768 = DIRECTION('',(-2.2E-16,1.,0.));
#1769 = ORIENTED_EDGE('',*,*,#1770,.T.);
#1770 = EDGE_CURVE('',#1763,#1122,#1771,.T.);
#1771 = CIRCLE('',#1772,2.138009049774);
#1772 = AXIS2_PLACEMENT_3D('',#1773,#1774,#1775);
#1773 = CARTESIAN_POINT('',(10.226171870363,2.55,15.37109360859));
#1774 = DIRECTION('',(0.,-1.,0.));
#1775 = DIRECTION('',(0.,0.,-1.));
#1776 = ORIENTED_EDGE('',*,*,#1143,.T.);
#1777 = CYLINDRICAL_SURFACE('',#1778,2.138009049774);
#1778 = AXIS2_PLACEMENT_3D('',#1779,#1780,#1781);
#1779 = CARTESIAN_POINT('',(10.226171870363,0.8,15.37109360859));
#1780 = DIRECTION('',(-0.,-1.,2.2E-16));
#1781 = DIRECTION('',(2.2E-16,-2.2E-16,-1.));
#1782 = ADVANCED_FACE('',(#1783,#1803),#1814,.T.);
#1783 = FACE_BOUND('',#1784,.T.);
#1784 = EDGE_LOOP('',(#1785,#1786,#1795,#1802));
#1785 = ORIENTED_EDGE('',*,*,#1121,.F.);
#1786 = ORIENTED_EDGE('',*,*,#1787,.T.);
#1787 = EDGE_CURVE('',#1085,#1788,#1790,.T.);
#1788 = VERTEX_POINT('',#1789);
#1789 = CARTESIAN_POINT('',(13.859292911256,2.55,11.737972567697));
#1790 = CIRCLE('',#1791,2.138009049774);
#1791 = AXIS2_PLACEMENT_3D('',#1792,#1793,#1794);
#1792 = CARTESIAN_POINT('',(15.37109360859,2.55,10.226171870363));
#1793 = DIRECTION('',(0.,-1.,0.));
#1794 = DIRECTION('',(0.,0.,-1.));
#1795 = ORIENTED_EDGE('',*,*,#1796,.F.);
#1796 = EDGE_CURVE('',#1763,#1788,#1797,.T.);
#1797 = CIRCLE('',#1798,1.5);
#1798 = AXIS2_PLACEMENT_3D('',#1799,#1800,#1801);
#1799 = CARTESIAN_POINT('',(12.798632739477,2.55,12.798632739477));
#1800 = DIRECTION('',(0.,-1.,0.));
#1801 = DIRECTION('',(0.,0.,-1.));
#1802 = ORIENTED_EDGE('',*,*,#1770,.T.);
#1803 = FACE_BOUND('',#1804,.T.);
#1804 = EDGE_LOOP('',(#1805));
#1805 = ORIENTED_EDGE('',*,*,#1806,.T.);
#1806 = EDGE_CURVE('',#1807,#1807,#1809,.T.);
#1807 = VERTEX_POINT('',#1808);
#1808 = CARTESIAN_POINT('',(12.798632739477,2.55,12.148632739477));
#1809 = CIRCLE('',#1810,0.65);
#1810 = AXIS2_PLACEMENT_3D('',#1811,#1812,#1813);
#1811 = CARTESIAN_POINT('',(12.798632739477,2.55,12.798632739477));
#1812 = DIRECTION('',(0.,-1.,0.));
#1813 = DIRECTION('',(0.,0.,-1.));
#1814 = PLANE('',#1815);
#1815 = AXIS2_PLACEMENT_3D('',#1816,#1817,#1818);
#1816 = CARTESIAN_POINT('',(13.570304883669,2.55,13.570304883669));
#1817 = DIRECTION('',(0.,1.,0.));
#1818 = DIRECTION('',(1.,0.,0.));
#1819 = ADVANCED_FACE('',(#1820),#1839,.F.);
#1820 = FACE_BOUND('',#1821,.F.);
#1821 = EDGE_LOOP('',(#1822,#1831,#1832,#1833));
#1822 = ORIENTED_EDGE('',*,*,#1823,.F.);
#1823 = EDGE_CURVE('',#1076,#1824,#1826,.T.);
#1824 = VERTEX_POINT('',#1825);
#1825 = CARTESIAN_POINT('',(13.859292911256,0.8,11.737972567697));
#1826 = CIRCLE('',#1827,2.138009049774);
#1827 = AXIS2_PLACEMENT_3D('',#1828,#1829,#1830);
#1828 = CARTESIAN_POINT('',(15.37109360859,0.8,10.226171870363));
#1829 = DIRECTION('',(0.,-1.,0.));
#1830 = DIRECTION('',(0.,0.,-1.));
#1831 = ORIENTED_EDGE('',*,*,#1084,.F.);
#1832 = ORIENTED_EDGE('',*,*,#1787,.T.);
#1833 = ORIENTED_EDGE('',*,*,#1834,.F.);
#1834 = EDGE_CURVE('',#1824,#1788,#1835,.T.);
#1835 = LINE('',#1836,#1837);
#1836 = CARTESIAN_POINT('',(13.859292911256,0.8,11.737972567697));
#1837 = VECTOR('',#1838,1.);
#1838 = DIRECTION('',(-2.2E-16,1.,0.));
#1839 = CYLINDRICAL_SURFACE('',#1840,2.138009049774);
#1840 = AXIS2_PLACEMENT_3D('',#1841,#1842,#1843);
#1841 = CARTESIAN_POINT('',(15.37109360859,0.8,10.226171870363));
#1842 = DIRECTION('',(-0.,-1.,2.2E-16));
#1843 = DIRECTION('',(2.2E-16,-2.2E-16,-1.));
#1844 = ADVANCED_FACE('',(#1845),#1870,.T.);
#1845 = FACE_BOUND('',#1846,.T.);
#1846 = EDGE_LOOP('',(#1847,#1855,#1856,#1857,#1863,#1864));
#1847 = ORIENTED_EDGE('',*,*,#1848,.T.);
#1848 = EDGE_CURVE('',#1849,#1626,#1851,.T.);
#1849 = VERTEX_POINT('',#1850);
#1850 = CARTESIAN_POINT('',(16.5,4.E-15,-10.57875228937));
#1851 = LINE('',#1852,#1853);
#1852 = CARTESIAN_POINT('',(16.5,2.14E-15,10.2));
#1853 = VECTOR('',#1854,1.);
#1854 = DIRECTION('',(-6.7E-16,8.9E-16,1.));
#1855 = ORIENTED_EDGE('',*,*,#1625,.F.);
#1856 = ORIENTED_EDGE('',*,*,#1056,.F.);
#1857 = ORIENTED_EDGE('',*,*,#1858,.F.);
#1858 = EDGE_CURVE('',#791,#966,#1859,.T.);
#1859 = LINE('',#1860,#1861);
#1860 = CARTESIAN_POINT('',(16.5,1.,10.2));
#1861 = VECTOR('',#1862,1.);
#1862 = DIRECTION('',(-6.7E-16,8.9E-16,1.));
#1863 = ORIENTED_EDGE('',*,*,#790,.T.);
#1864 = ORIENTED_EDGE('',*,*,#1865,.T.);
#1865 = EDGE_CURVE('',#782,#1849,#1866,.T.);
#1866 = LINE('',#1867,#1868);
#1867 = CARTESIAN_POINT('',(16.5,0.799999999999,-10.57875228937));
#1868 = VECTOR('',#1869,1.);
#1869 = DIRECTION('',(0.,-1.,2.66E-15));
#1870 = PLANE('',#1871);
#1871 = AXIS2_PLACEMENT_3D('',#1872,#1873,#1874);
#1872 = CARTESIAN_POINT('',(16.5,0.521163958962,2.9346557306E-07));
#1873 = DIRECTION('',(-1.,1.66E-15,-8.2E-16));
#1874 = DIRECTION('',(-1.66E-15,-1.,0.));
#1875 = ADVANCED_FACE('',(#1876),#1889,.T.);
#1876 = FACE_BOUND('',#1877,.T.);
#1877 = EDGE_LOOP('',(#1878,#1879,#1880,#1881,#1887,#1888));
#1878 = ORIENTED_EDGE('',*,*,#1858,.T.);
#1879 = ORIENTED_EDGE('',*,*,#965,.T.);
#1880 = ORIENTED_EDGE('',*,*,#928,.F.);
#1881 = ORIENTED_EDGE('',*,*,#1882,.F.);
#1882 = EDGE_CURVE('',#887,#915,#1883,.T.);
#1883 = LINE('',#1884,#1885);
#1884 = CARTESIAN_POINT('',(19.148023982993,3.648023982993,-10.2));
#1885 = VECTOR('',#1886,1.);
#1886 = DIRECTION('',(-7.8E-16,1.22E-15,1.));
#1887 = ORIENTED_EDGE('',*,*,#886,.F.);
#1888 = ORIENTED_EDGE('',*,*,#809,.T.);
#1889 = CYLINDRICAL_SURFACE('',#1890,2.648023982993);
#1890 = AXIS2_PLACEMENT_3D('',#1891,#1892,#1893);
#1891 = CARTESIAN_POINT('',(19.148023982993,1.,-10.2));
#1892 = DIRECTION('',(1.E-15,-1.11E-15,-1.));
#1893 = DIRECTION('',(-1.,5.6E-16,-1.E-15));
#1894 = ADVANCED_FACE('',(#1895),#1899,.T.);
#1895 = FACE_BOUND('',#1896,.F.);
#1896 = EDGE_LOOP('',(#1897,#1898));
#1897 = ORIENTED_EDGE('',*,*,#1882,.F.);
#1898 = ORIENTED_EDGE('',*,*,#914,.T.);
#1899 = PLANE('',#1900);
#1900 = AXIS2_PLACEMENT_3D('',#1901,#1902,#1903);
#1901 = CARTESIAN_POINT('',(21.144978335636,3.648023982993,-10.2));
#1902 = DIRECTION('',(5.6E-16,1.,-1.67E-15));
#1903 = DIRECTION('',(1.,-5.6E-16,1.11E-15));
#1904 = ADVANCED_FACE('',(#1905),#1933,.F.);
#1905 = FACE_BOUND('',#1906,.T.);
#1906 = EDGE_LOOP('',(#1907,#1908,#1909,#1916,#1917,#1924,#1925,#1926));
#1907 = ORIENTED_EDGE('',*,*,#1865,.F.);
#1908 = ORIENTED_EDGE('',*,*,#781,.T.);
#1909 = ORIENTED_EDGE('',*,*,#1910,.T.);
#1910 = EDGE_CURVE('',#745,#677,#1911,.T.);
#1911 = CIRCLE('',#1912,19.6);
#1912 = AXIS2_PLACEMENT_3D('',#1913,#1914,#1915);
#1913 = CARTESIAN_POINT('',(0.,0.8,-1.8E-16));
#1914 = DIRECTION('',(0.,1.,-2.2E-16));
#1915 = DIRECTION('',(-1.,0.,0.));
#1916 = ORIENTED_EDGE('',*,*,#676,.T.);
#1917 = ORIENTED_EDGE('',*,*,#1918,.T.);
#1918 = EDGE_CURVE('',#640,#572,#1919,.T.);
#1919 = CIRCLE('',#1920,19.6);
#1920 = AXIS2_PLACEMENT_3D('',#1921,#1922,#1923);
#1921 = CARTESIAN_POINT('',(0.,0.8,-1.8E-16));
#1922 = DIRECTION('',(0.,1.,-2.2E-16));
#1923 = DIRECTION('',(-1.,0.,0.));
#1924 = ORIENTED_EDGE('',*,*,#571,.T.);
#1925 = ORIENTED_EDGE('',*,*,#1594,.T.);
#1926 = ORIENTED_EDGE('',*,*,#1927,.F.);
#1927 = EDGE_CURVE('',#1849,#1587,#1928,.T.);
#1928 = CIRCLE('',#1929,19.6);
#1929 = AXIS2_PLACEMENT_3D('',#1930,#1931,#1932);
#1930 = CARTESIAN_POINT('',(0.,4.35E-15,0.));
#1931 = DIRECTION('',(2.22E-15,1.,-8.9E-16));
#1932 = DIRECTION('',(-1.,2.22E-15,0.));
#1933 = CYLINDRICAL_SURFACE('',#1934,19.6);
#1934 = AXIS2_PLACEMENT_3D('',#1935,#1936,#1937);
#1935 = CARTESIAN_POINT('',(0.,0.8,-1.8E-16));
#1936 = DIRECTION('',(0.,-1.,2.2E-16));
#1937 = DIRECTION('',(-1.,0.,0.));
#1938 = ADVANCED_FACE('',(#1939),#1966,.F.);
#1939 = FACE_BOUND('',#1940,.F.);
#1940 = EDGE_LOOP('',(#1941,#1950,#1958,#1965));
#1941 = ORIENTED_EDGE('',*,*,#1942,.F.);
#1942 = EDGE_CURVE('',#1943,#745,#1945,.T.);
#1943 = VERTEX_POINT('',#1944);
#1944 = CARTESIAN_POINT('',(13.859292911256,0.8,-11.73797256769));
#1945 = CIRCLE('',#1946,2.138009049774);
#1946 = AXIS2_PLACEMENT_3D('',#1947,#1948,#1949);
#1947 = CARTESIAN_POINT('',(15.37109360859,0.8,-10.22617187036));
#1948 = DIRECTION('',(-0.,-1.,-0.));
#1949 = DIRECTION('',(-1.,0.,0.));
#1950 = ORIENTED_EDGE('',*,*,#1951,.T.);
#1951 = EDGE_CURVE('',#1943,#1952,#1954,.T.);
#1952 = VERTEX_POINT('',#1953);
#1953 = CARTESIAN_POINT('',(13.859292911256,2.55,-11.73797256769));
#1954 = LINE('',#1955,#1956);
#1955 = CARTESIAN_POINT('',(13.859292911256,0.8,-11.73797256769));
#1956 = VECTOR('',#1957,1.);
#1957 = DIRECTION('',(0.,1.,2.2E-16));
#1958 = ORIENTED_EDGE('',*,*,#1959,.T.);
#1959 = EDGE_CURVE('',#1952,#723,#1960,.T.);
#1960 = CIRCLE('',#1961,2.138009049774);
#1961 = AXIS2_PLACEMENT_3D('',#1962,#1963,#1964);
#1962 = CARTESIAN_POINT('',(15.37109360859,2.55,-10.22617187036));
#1963 = DIRECTION('',(-0.,-1.,-0.));
#1964 = DIRECTION('',(-1.,0.,0.));
#1965 = ORIENTED_EDGE('',*,*,#744,.T.);
#1966 = CYLINDRICAL_SURFACE('',#1967,2.138009049774);
#1967 = AXIS2_PLACEMENT_3D('',#1968,#1969,#1970);
#1968 = CARTESIAN_POINT('',(15.37109360859,0.8,-10.22617187036));
#1969 = DIRECTION('',(2.2E-16,-1.,0.));
#1970 = DIRECTION('',(-1.,-2.2E-16,-2.2E-16));
#1971 = ADVANCED_FACE('',(#1972,#1992),#2003,.T.);
#1972 = FACE_BOUND('',#1973,.T.);
#1973 = EDGE_LOOP('',(#1974,#1975,#1984,#1991));
#1974 = ORIENTED_EDGE('',*,*,#722,.F.);
#1975 = ORIENTED_EDGE('',*,*,#1976,.T.);
#1976 = EDGE_CURVE('',#686,#1977,#1979,.T.);
#1977 = VERTEX_POINT('',#1978);
#1978 = CARTESIAN_POINT('',(11.737972567697,2.55,-13.85929291125));
#1979 = CIRCLE('',#1980,2.138009049774);
#1980 = AXIS2_PLACEMENT_3D('',#1981,#1982,#1983);
#1981 = CARTESIAN_POINT('',(10.226171870363,2.55,-15.37109360859));
#1982 = DIRECTION('',(-0.,-1.,-0.));
#1983 = DIRECTION('',(-1.,0.,0.));
#1984 = ORIENTED_EDGE('',*,*,#1985,.F.);
#1985 = EDGE_CURVE('',#1952,#1977,#1986,.T.);
#1986 = CIRCLE('',#1987,1.5);
#1987 = AXIS2_PLACEMENT_3D('',#1988,#1989,#1990);
#1988 = CARTESIAN_POINT('',(12.798632739477,2.55,-12.79863273947));
#1989 = DIRECTION('',(-0.,-1.,-0.));
#1990 = DIRECTION('',(-1.,0.,0.));
#1991 = ORIENTED_EDGE('',*,*,#1959,.T.);
#1992 = FACE_BOUND('',#1993,.T.);
#1993 = EDGE_LOOP('',(#1994));
#1994 = ORIENTED_EDGE('',*,*,#1995,.T.);
#1995 = EDGE_CURVE('',#1996,#1996,#1998,.T.);
#1996 = VERTEX_POINT('',#1997);
#1997 = CARTESIAN_POINT('',(12.148632739477,2.55,-12.79863273947));
#1998 = CIRCLE('',#1999,0.65);
#1999 = AXIS2_PLACEMENT_3D('',#2000,#2001,#2002);
#2000 = CARTESIAN_POINT('',(12.798632739477,2.55,-12.79863273947));
#2001 = DIRECTION('',(-0.,-1.,-0.));
#2002 = DIRECTION('',(-1.,0.,0.));
#2003 = PLANE('',#2004);
#2004 = AXIS2_PLACEMENT_3D('',#2005,#2006,#2007);
#2005 = CARTESIAN_POINT('',(13.570304883669,2.55,-13.57030488366));
#2006 = DIRECTION('',(0.,1.,0.));
#2007 = DIRECTION('',(0.,0.,-1.));
#2008 = ADVANCED_FACE('',(#2009),#2028,.F.);
#2009 = FACE_BOUND('',#2010,.F.);
#2010 = EDGE_LOOP('',(#2011,#2020,#2021,#2022));
#2011 = ORIENTED_EDGE('',*,*,#2012,.F.);
#2012 = EDGE_CURVE('',#677,#2013,#2015,.T.);
#2013 = VERTEX_POINT('',#2014);
#2014 = CARTESIAN_POINT('',(11.737972567697,0.8,-13.85929291125));
#2015 = CIRCLE('',#2016,2.138009049774);
#2016 = AXIS2_PLACEMENT_3D('',#2017,#2018,#2019);
#2017 = CARTESIAN_POINT('',(10.226171870363,0.8,-15.37109360859));
#2018 = DIRECTION('',(-0.,-1.,-0.));
#2019 = DIRECTION('',(-1.,0.,0.));
#2020 = ORIENTED_EDGE('',*,*,#685,.F.);
#2021 = ORIENTED_EDGE('',*,*,#1976,.T.);
#2022 = ORIENTED_EDGE('',*,*,#2023,.F.);
#2023 = EDGE_CURVE('',#2013,#1977,#2024,.T.);
#2024 = LINE('',#2025,#2026);
#2025 = CARTESIAN_POINT('',(11.737972567697,0.8,-13.85929291125));
#2026 = VECTOR('',#2027,1.);
#2027 = DIRECTION('',(0.,1.,2.2E-16));
#2028 = CYLINDRICAL_SURFACE('',#2029,2.138009049774);
#2029 = AXIS2_PLACEMENT_3D('',#2030,#2031,#2032);
#2030 = CARTESIAN_POINT('',(10.226171870363,0.8,-15.37109360859));
#2031 = DIRECTION('',(2.2E-16,-1.,0.));
#2032 = DIRECTION('',(-1.,-2.2E-16,-2.2E-16));
#2033 = ADVANCED_FACE('',(#2034),#2061,.F.);
#2034 = FACE_BOUND('',#2035,.F.);
#2035 = EDGE_LOOP('',(#2036,#2045,#2053,#2060));
#2036 = ORIENTED_EDGE('',*,*,#2037,.F.);
#2037 = EDGE_CURVE('',#2038,#640,#2040,.T.);
#2038 = VERTEX_POINT('',#2039);
#2039 = CARTESIAN_POINT('',(-11.73797256769,0.8,-13.85929291125));
#2040 = CIRCLE('',#2041,2.138009049774);
#2041 = AXIS2_PLACEMENT_3D('',#2042,#2043,#2044);
#2042 = CARTESIAN_POINT('',(-10.22617187036,0.8,-15.37109360859));
#2043 = DIRECTION('',(0.,-1.,0.));
#2044 = DIRECTION('',(0.,0.,1.));
#2045 = ORIENTED_EDGE('',*,*,#2046,.T.);
#2046 = EDGE_CURVE('',#2038,#2047,#2049,.T.);
#2047 = VERTEX_POINT('',#2048);
#2048 = CARTESIAN_POINT('',(-11.73797256769,2.55,-13.85929291125));
#2049 = LINE('',#2050,#2051);
#2050 = CARTESIAN_POINT('',(-11.73797256769,0.8,-13.85929291125));
#2051 = VECTOR('',#2052,1.);
#2052 = DIRECTION('',(2.2E-16,1.,0.));
#2053 = ORIENTED_EDGE('',*,*,#2054,.T.);
#2054 = EDGE_CURVE('',#2047,#618,#2055,.T.);
#2055 = CIRCLE('',#2056,2.138009049774);
#2056 = AXIS2_PLACEMENT_3D('',#2057,#2058,#2059);
#2057 = CARTESIAN_POINT('',(-10.22617187036,2.55,-15.37109360859));
#2058 = DIRECTION('',(0.,-1.,0.));
#2059 = DIRECTION('',(0.,0.,1.));
#2060 = ORIENTED_EDGE('',*,*,#639,.T.);
#2061 = CYLINDRICAL_SURFACE('',#2062,2.138009049774);
#2062 = AXIS2_PLACEMENT_3D('',#2063,#2064,#2065);
#2063 = CARTESIAN_POINT('',(-10.22617187036,0.8,-15.37109360859));
#2064 = DIRECTION('',(0.,-1.,-2.2E-16));
#2065 = DIRECTION('',(-2.2E-16,-2.2E-16,1.));
#2066 = ADVANCED_FACE('',(#2067,#2087),#2098,.T.);
#2067 = FACE_BOUND('',#2068,.T.);
#2068 = EDGE_LOOP('',(#2069,#2070,#2079,#2086));
#2069 = ORIENTED_EDGE('',*,*,#617,.F.);
#2070 = ORIENTED_EDGE('',*,*,#2071,.T.);
#2071 = EDGE_CURVE('',#581,#2072,#2074,.T.);
#2072 = VERTEX_POINT('',#2073);
#2073 = CARTESIAN_POINT('',(-13.85929291125,2.55,-11.73797256769));
#2074 = CIRCLE('',#2075,2.138009049774);
#2075 = AXIS2_PLACEMENT_3D('',#2076,#2077,#2078);
#2076 = CARTESIAN_POINT('',(-15.37109360859,2.55,-10.22617187036));
#2077 = DIRECTION('',(0.,-1.,0.));
#2078 = DIRECTION('',(0.,0.,1.));
#2079 = ORIENTED_EDGE('',*,*,#2080,.F.);
#2080 = EDGE_CURVE('',#2047,#2072,#2081,.T.);
#2081 = CIRCLE('',#2082,1.5);
#2082 = AXIS2_PLACEMENT_3D('',#2083,#2084,#2085);
#2083 = CARTESIAN_POINT('',(-12.79863273947,2.55,-12.79863273947));
#2084 = DIRECTION('',(0.,-1.,0.));
#2085 = DIRECTION('',(0.,0.,1.));
#2086 = ORIENTED_EDGE('',*,*,#2054,.T.);
#2087 = FACE_BOUND('',#2088,.T.);
#2088 = EDGE_LOOP('',(#2089));
#2089 = ORIENTED_EDGE('',*,*,#2090,.T.);
#2090 = EDGE_CURVE('',#2091,#2091,#2093,.T.);
#2091 = VERTEX_POINT('',#2092);
#2092 = CARTESIAN_POINT('',(-12.79863273947,2.55,-12.14863273947));
#2093 = CIRCLE('',#2094,0.65);
#2094 = AXIS2_PLACEMENT_3D('',#2095,#2096,#2097);
#2095 = CARTESIAN_POINT('',(-12.79863273947,2.55,-12.79863273947));
#2096 = DIRECTION('',(0.,-1.,0.));
#2097 = DIRECTION('',(0.,0.,1.));
#2098 = PLANE('',#2099);
#2099 = AXIS2_PLACEMENT_3D('',#2100,#2101,#2102);
#2100 = CARTESIAN_POINT('',(-13.57030488366,2.55,-13.57030488366));
#2101 = DIRECTION('',(0.,1.,0.));
#2102 = DIRECTION('',(-1.,0.,0.));
#2103 = ADVANCED_FACE('',(#2104),#2123,.F.);
#2104 = FACE_BOUND('',#2105,.F.);
#2105 = EDGE_LOOP('',(#2106,#2115,#2116,#2117));
#2106 = ORIENTED_EDGE('',*,*,#2107,.F.);
#2107 = EDGE_CURVE('',#572,#2108,#2110,.T.);
#2108 = VERTEX_POINT('',#2109);
#2109 = CARTESIAN_POINT('',(-13.85929291125,0.8,-11.73797256769));
#2110 = CIRCLE('',#2111,2.138009049774);
#2111 = AXIS2_PLACEMENT_3D('',#2112,#2113,#2114);
#2112 = CARTESIAN_POINT('',(-15.37109360859,0.8,-10.22617187036));
#2113 = DIRECTION('',(0.,-1.,0.));
#2114 = DIRECTION('',(0.,0.,1.));
#2115 = ORIENTED_EDGE('',*,*,#580,.F.);
#2116 = ORIENTED_EDGE('',*,*,#2071,.T.);
#2117 = ORIENTED_EDGE('',*,*,#2118,.F.);
#2118 = EDGE_CURVE('',#2108,#2072,#2119,.T.);
#2119 = LINE('',#2120,#2121);
#2120 = CARTESIAN_POINT('',(-13.85929291125,0.8,-11.73797256769));
#2121 = VECTOR('',#2122,1.);
#2122 = DIRECTION('',(2.2E-16,1.,0.));
#2123 = CYLINDRICAL_SURFACE('',#2124,2.138009049774);
#2124 = AXIS2_PLACEMENT_3D('',#2125,#2126,#2127);
#2125 = CARTESIAN_POINT('',(-15.37109360859,0.8,-10.22617187036));
#2126 = DIRECTION('',(0.,-1.,-2.2E-16));
#2127 = DIRECTION('',(-2.2E-16,-2.2E-16,1.));
#2128 = ADVANCED_FACE('',(#2129),#2148,.F.);
#2129 = FACE_BOUND('',#2130,.T.);
#2130 = EDGE_LOOP('',(#2131,#2140,#2146,#2147));
#2131 = ORIENTED_EDGE('',*,*,#2132,.T.);
#2132 = EDGE_CURVE('',#2133,#2133,#2135,.T.);
#2133 = VERTEX_POINT('',#2134);
#2134 = CARTESIAN_POINT('',(-19.4,6.140011948131,0.));
#2135 = CIRCLE('',#2136,19.4);
#2136 = AXIS2_PLACEMENT_3D('',#2137,#2138,#2139);
#2137 = CARTESIAN_POINT('',(0.,6.140011948131,-1.36E-15));
#2138 = DIRECTION('',(0.,1.,-2.2E-16));
#2139 = DIRECTION('',(-1.,0.,0.));
#2140 = ORIENTED_EDGE('',*,*,#2141,.T.);
#2141 = EDGE_CURVE('',#2133,#408,#2142,.T.);
#2142 = LINE('',#2143,#2144);
#2143 = CARTESIAN_POINT('',(-19.4,6.140011948131,0.));
#2144 = VECTOR('',#2145,1.);
#2145 = DIRECTION('',(0.,-1.,0.));
#2146 = ORIENTED_EDGE('',*,*,#418,.F.);
#2147 = ORIENTED_EDGE('',*,*,#2141,.F.);
#2148 = CYLINDRICAL_SURFACE('',#2149,19.4);
#2149 = AXIS2_PLACEMENT_3D('',#2150,#2151,#2152);
#2150 = CARTESIAN_POINT('',(0.,6.140011948131,-1.36E-15));
#2151 = DIRECTION('',(0.,-1.,2.2E-16));
#2152 = DIRECTION('',(-1.,0.,0.));
#2153 = ADVANCED_FACE('',(#2154,#2286),#2292,.T.);
#2154 = FACE_BOUND('',#2155,.T.);
#2155 = EDGE_LOOP('',(#2156,#2166,#2174,#2182,#2191,#2199,#2207,#2215,
    #2223,#2231,#2239,#2247,#2256,#2264,#2272,#2280));
#2156 = ORIENTED_EDGE('',*,*,#2157,.T.);
#2157 = EDGE_CURVE('',#2158,#2160,#2162,.T.);
#2158 = VERTEX_POINT('',#2159);
#2159 = CARTESIAN_POINT('',(-17.14802398299,-1.4E-14,-10.2));
#2160 = VERTEX_POINT('',#2161);
#2161 = CARTESIAN_POINT('',(-20.14812398299,2.9E-14,-10.2));
#2162 = LINE('',#2163,#2164);
#2163 = CARTESIAN_POINT('',(-17.6669182372,2.201E-14,-10.2));
#2164 = VECTOR('',#2165,1.);
#2165 = DIRECTION('',(-1.,1.86E-15,-2.2E-16));
#2166 = ORIENTED_EDGE('',*,*,#2167,.T.);
#2167 = EDGE_CURVE('',#2160,#2168,#2170,.T.);
#2168 = VERTEX_POINT('',#2169);
#2169 = CARTESIAN_POINT('',(-20.14812398299,2.5E-14,-12.2));
#2170 = LINE('',#2171,#2172);
#2171 = CARTESIAN_POINT('',(-20.14812398299,2.864E-14,-10.2));
#2172 = VECTOR('',#2173,1.);
#2173 = DIRECTION('',(8.9E-16,-1.61E-15,-1.));
#2174 = ORIENTED_EDGE('',*,*,#2175,.F.);
#2175 = EDGE_CURVE('',#2176,#2168,#2178,.T.);
#2176 = VERTEX_POINT('',#2177);
#2177 = CARTESIAN_POINT('',(-16.34992354722,1.7E-14,-12.2));
#2178 = LINE('',#2179,#2180);
#2179 = CARTESIAN_POINT('',(-16.34992354722,2.349984709444E-14,-12.2));
#2180 = VECTOR('',#2181,1.);
#2181 = DIRECTION('',(-1.,2.E-15,0.));
#2182 = ORIENTED_EDGE('',*,*,#2183,.F.);
#2183 = EDGE_CURVE('',#2184,#2176,#2186,.T.);
#2184 = VERTEX_POINT('',#2185);
#2185 = CARTESIAN_POINT('',(16.349923547222,-4.E-14,-12.2));
#2186 = CIRCLE('',#2187,20.4);
#2187 = AXIS2_PLACEMENT_3D('',#2188,#2189,#2190);
#2188 = CARTESIAN_POINT('',(0.,4.53E-15,0.));
#2189 = DIRECTION('',(0.,1.,-2.2E-16));
#2190 = DIRECTION('',(-1.,0.,0.));
#2191 = ORIENTED_EDGE('',*,*,#2192,.T.);
#2192 = EDGE_CURVE('',#2184,#2193,#2195,.T.);
#2193 = VERTEX_POINT('',#2194);
#2194 = CARTESIAN_POINT('',(20.148123982993,-4.5E-14,-12.2));
#2195 = LINE('',#2196,#2197);
#2196 = CARTESIAN_POINT('',(16.349923547222,-4.373984709444E-14,-12.2));
#2197 = VECTOR('',#2198,1.);
#2198 = DIRECTION('',(1.,-2.44E-15,2.2E-16));
#2199 = ORIENTED_EDGE('',*,*,#2200,.F.);
#2200 = EDGE_CURVE('',#2201,#2193,#2203,.T.);
#2201 = VERTEX_POINT('',#2202);
#2202 = CARTESIAN_POINT('',(20.148123982993,-4.3E-14,-10.2));
#2203 = LINE('',#2204,#2205);
#2204 = CARTESIAN_POINT('',(20.148123982993,-4.835E-14,-10.2));
#2205 = VECTOR('',#2206,1.);
#2206 = DIRECTION('',(0.,-1.39E-15,-1.));
#2207 = ORIENTED_EDGE('',*,*,#2208,.T.);
#2208 = EDGE_CURVE('',#2201,#2209,#2211,.T.);
#2209 = VERTEX_POINT('',#2210);
#2210 = CARTESIAN_POINT('',(17.148023982993,-1.8E-14,-10.2));
#2211 = LINE('',#2212,#2213);
#2212 = CARTESIAN_POINT('',(24.,-5.265E-14,-10.2));
#2213 = VECTOR('',#2214,1.);
#2214 = DIRECTION('',(-1.,2.E-15,-1.1E-16));
#2215 = ORIENTED_EDGE('',*,*,#2216,.T.);
#2216 = EDGE_CURVE('',#2209,#2217,#2219,.T.);
#2217 = VERTEX_POINT('',#2218);
#2218 = CARTESIAN_POINT('',(17.148023982993,5.E-15,10.2));
#2219 = LINE('',#2220,#2221);
#2220 = CARTESIAN_POINT('',(17.148023982993,-2.309E-14,-10.2));
#2221 = VECTOR('',#2222,1.);
#2222 = DIRECTION('',(-7.8E-16,1.22E-15,1.));
#2223 = ORIENTED_EDGE('',*,*,#2224,.T.);
#2224 = EDGE_CURVE('',#2217,#2225,#2227,.T.);
#2225 = VERTEX_POINT('',#2226);
#2226 = CARTESIAN_POINT('',(20.148123982993,-1.2E-14,10.2));
#2227 = LINE('',#2228,#2229);
#2228 = CARTESIAN_POINT('',(14.,-1.459E-14,10.2));
#2229 = VECTOR('',#2230,1.);
#2230 = DIRECTION('',(1.,-2.E-15,1.1E-16));
#2231 = ORIENTED_EDGE('',*,*,#2232,.T.);
#2232 = EDGE_CURVE('',#2225,#2233,#2235,.T.);
#2233 = VERTEX_POINT('',#2234);
#2234 = CARTESIAN_POINT('',(20.148123982993,-9.E-15,12.2));
#2235 = LINE('',#2236,#2237);
#2236 = CARTESIAN_POINT('',(20.148123982993,-1.502E-14,10.2));
#2237 = VECTOR('',#2238,1.);
#2238 = DIRECTION('',(0.,1.39E-15,1.));
#2239 = ORIENTED_EDGE('',*,*,#2240,.T.);
#2240 = EDGE_CURVE('',#2233,#2241,#2243,.T.);
#2241 = VERTEX_POINT('',#2242);
#2242 = CARTESIAN_POINT('',(16.349923547222,-1.4E-14,12.2));
#2243 = LINE('',#2244,#2245);
#2244 = CARTESIAN_POINT('',(21.148023982993,-4.190604796599E-14,12.2));
#2245 = VECTOR('',#2246,1.);
#2246 = DIRECTION('',(-1.,2.44E-15,-2.2E-16));
#2247 = ORIENTED_EDGE('',*,*,#2248,.F.);
#2248 = EDGE_CURVE('',#2249,#2241,#2251,.T.);
#2249 = VERTEX_POINT('',#2250);
#2250 = CARTESIAN_POINT('',(-16.34992354722,5.1E-14,12.2));
#2251 = CIRCLE('',#2252,20.4);
#2252 = AXIS2_PLACEMENT_3D('',#2253,#2254,#2255);
#2253 = CARTESIAN_POINT('',(0.,4.53E-15,0.));
#2254 = DIRECTION('',(0.,1.,-2.2E-16));
#2255 = DIRECTION('',(-1.,0.,0.));
#2256 = ORIENTED_EDGE('',*,*,#2257,.F.);
#2257 = EDGE_CURVE('',#2258,#2249,#2260,.T.);
#2258 = VERTEX_POINT('',#2259);
#2259 = CARTESIAN_POINT('',(-20.14812398299,7.E-14,12.2));
#2260 = LINE('',#2261,#2262);
#2261 = CARTESIAN_POINT('',(-21.14802398299,5.749604796599E-14,12.2));
#2262 = VECTOR('',#2263,1.);
#2263 = DIRECTION('',(1.,-2.E-15,0.));
#2264 = ORIENTED_EDGE('',*,*,#2265,.F.);
#2265 = EDGE_CURVE('',#2266,#2258,#2268,.T.);
#2266 = VERTEX_POINT('',#2267);
#2267 = CARTESIAN_POINT('',(-20.14812398299,6.7E-14,10.2));
#2268 = LINE('',#2269,#2270);
#2269 = CARTESIAN_POINT('',(-20.14812398299,6.65E-14,10.2));
#2270 = VECTOR('',#2271,1.);
#2271 = DIRECTION('',(-8.9E-16,1.61E-15,1.));
#2272 = ORIENTED_EDGE('',*,*,#2273,.F.);
#2273 = EDGE_CURVE('',#2274,#2266,#2276,.T.);
#2274 = VERTEX_POINT('',#2275);
#2275 = CARTESIAN_POINT('',(-17.14802398299,1.6E-14,10.2));
#2276 = LINE('',#2277,#2278);
#2277 = CARTESIAN_POINT('',(-17.6669182372,5.037E-14,10.2));
#2278 = VECTOR('',#2279,1.);
#2279 = DIRECTION('',(-1.,1.86E-15,-2.2E-16));
#2280 = ORIENTED_EDGE('',*,*,#2281,.F.);
#2281 = EDGE_CURVE('',#2158,#2274,#2282,.T.);
#2282 = LINE('',#2283,#2284);
#2283 = CARTESIAN_POINT('',(-17.14802398299,-1.393E-14,-10.2));
#2284 = VECTOR('',#2285,1.);
#2285 = DIRECTION('',(-1.1E-16,1.44E-15,1.));
#2286 = FACE_BOUND('',#2287,.T.);
#2287 = EDGE_LOOP('',(#2288,#2289,#2290,#2291));
#2288 = ORIENTED_EDGE('',*,*,#1633,.T.);
#2289 = ORIENTED_EDGE('',*,*,#1848,.F.);
#2290 = ORIENTED_EDGE('',*,*,#1927,.T.);
#2291 = ORIENTED_EDGE('',*,*,#1584,.F.);
#2292 = PLANE('',#2293);
#2293 = AXIS2_PLACEMENT_3D('',#2294,#2295,#2296);
#2294 = CARTESIAN_POINT('',(-8.15E-14,3.91E-15,2.36E-15));
#2295 = DIRECTION('',(-2.51E-15,-1.,1.37E-15));
#2296 = DIRECTION('',(-1.,2.51E-15,0.));
#2297 = ADVANCED_FACE('',(#2298,#2310),#2321,.F.);
#2298 = FACE_BOUND('',#2299,.F.);
#2299 = EDGE_LOOP('',(#2300,#2301,#2302,#2309));
#2300 = ORIENTED_EDGE('',*,*,#1617,.T.);
#2301 = ORIENTED_EDGE('',*,*,#1823,.T.);
#2302 = ORIENTED_EDGE('',*,*,#2303,.F.);
#2303 = EDGE_CURVE('',#1754,#1824,#2304,.T.);
#2304 = CIRCLE('',#2305,1.5);
#2305 = AXIS2_PLACEMENT_3D('',#2306,#2307,#2308);
#2306 = CARTESIAN_POINT('',(12.798632739477,0.8,12.798632739477));
#2307 = DIRECTION('',(0.,-1.,0.));
#2308 = DIRECTION('',(0.,0.,-1.));
#2309 = ORIENTED_EDGE('',*,*,#1753,.T.);
#2310 = FACE_BOUND('',#2311,.F.);
#2311 = EDGE_LOOP('',(#2312));
#2312 = ORIENTED_EDGE('',*,*,#2313,.T.);
#2313 = EDGE_CURVE('',#2314,#2314,#2316,.T.);
#2314 = VERTEX_POINT('',#2315);
#2315 = CARTESIAN_POINT('',(12.798632739477,0.8,12.148632739477));
#2316 = CIRCLE('',#2317,0.65);
#2317 = AXIS2_PLACEMENT_3D('',#2318,#2319,#2320);
#2318 = CARTESIAN_POINT('',(12.798632739477,0.8,12.798632739477));
#2319 = DIRECTION('',(0.,-1.,0.));
#2320 = DIRECTION('',(0.,0.,-1.));
#2321 = PLANE('',#2322);
#2322 = AXIS2_PLACEMENT_3D('',#2323,#2324,#2325);
#2323 = CARTESIAN_POINT('',(13.570304883669,0.8,13.570304883669));
#2324 = DIRECTION('',(0.,1.,0.));
#2325 = DIRECTION('',(1.,0.,0.));
#2326 = ADVANCED_FACE('',(#2327,#2339,#2350),#2361,.F.);
#2327 = FACE_BOUND('',#2328,.F.);
#2328 = EDGE_LOOP('',(#2329,#2330,#2331,#2338));
#2329 = ORIENTED_EDGE('',*,*,#1642,.T.);
#2330 = ORIENTED_EDGE('',*,*,#1728,.T.);
#2331 = ORIENTED_EDGE('',*,*,#2332,.F.);
#2332 = EDGE_CURVE('',#1659,#1729,#2333,.T.);
#2333 = CIRCLE('',#2334,1.5);
#2334 = AXIS2_PLACEMENT_3D('',#2335,#2336,#2337);
#2335 = CARTESIAN_POINT('',(-12.79863273947,0.8,12.798632739477));
#2336 = DIRECTION('',(0.,-1.,0.));
#2337 = DIRECTION('',(1.,0.,0.));
#2338 = ORIENTED_EDGE('',*,*,#1658,.T.);
#2339 = FACE_BOUND('',#2340,.F.);
#2340 = EDGE_LOOP('',(#2341));
#2341 = ORIENTED_EDGE('',*,*,#2342,.T.);
#2342 = EDGE_CURVE('',#2343,#2343,#2345,.T.);
#2343 = VERTEX_POINT('',#2344);
#2344 = CARTESIAN_POINT('',(-12.14863273947,0.8,12.798632739477));
#2345 = CIRCLE('',#2346,0.65);
#2346 = AXIS2_PLACEMENT_3D('',#2347,#2348,#2349);
#2347 = CARTESIAN_POINT('',(-12.79863273947,0.8,12.798632739477));
#2348 = DIRECTION('',(0.,-1.,0.));
#2349 = DIRECTION('',(1.,0.,0.));
#2350 = FACE_BOUND('',#2351,.F.);
#2351 = EDGE_LOOP('',(#2352));
#2352 = ORIENTED_EDGE('',*,*,#2353,.T.);
#2353 = EDGE_CURVE('',#2354,#2354,#2356,.T.);
#2354 = VERTEX_POINT('',#2355);
#2355 = CARTESIAN_POINT('',(-11.87081528017,0.8,12.020815280171));
#2356 = CIRCLE('',#2357,0.15);
#2357 = AXIS2_PLACEMENT_3D('',#2358,#2359,#2360);
#2358 = CARTESIAN_POINT('',(-12.02081528017,0.8,12.020815280171));
#2359 = DIRECTION('',(0.,-1.,0.));
#2360 = DIRECTION('',(1.,0.,0.));
#2361 = PLANE('',#2362);
#2362 = AXIS2_PLACEMENT_3D('',#2363,#2364,#2365);
#2363 = CARTESIAN_POINT('',(-13.57030488366,0.8,13.570304883669));
#2364 = DIRECTION('',(0.,1.,0.));
#2365 = DIRECTION('',(0.,0.,1.));
#2366 = ADVANCED_FACE('',(#2367),#2373,.T.);
#2367 = FACE_BOUND('',#2368,.T.);
#2368 = EDGE_LOOP('',(#2369,#2370,#2371,#2372));
#2369 = ORIENTED_EDGE('',*,*,#1667,.T.);
#2370 = ORIENTED_EDGE('',*,*,#1701,.T.);
#2371 = ORIENTED_EDGE('',*,*,#1739,.F.);
#2372 = ORIENTED_EDGE('',*,*,#2332,.F.);
#2373 = CYLINDRICAL_SURFACE('',#2374,1.5);
#2374 = AXIS2_PLACEMENT_3D('',#2375,#2376,#2377);
#2375 = CARTESIAN_POINT('',(-12.79863273947,0.8,12.798632739477));
#2376 = DIRECTION('',(-2.2E-16,-1.,-0.));
#2377 = DIRECTION('',(1.,-2.2E-16,2.2E-16));
#2378 = ADVANCED_FACE('',(#2379),#2390,.F.);
#2379 = FACE_BOUND('',#2380,.F.);
#2380 = EDGE_LOOP('',(#2381,#2387,#2388,#2389));
#2381 = ORIENTED_EDGE('',*,*,#2382,.T.);
#2382 = EDGE_CURVE('',#2343,#1712,#2383,.T.);
#2383 = LINE('',#2384,#2385);
#2384 = CARTESIAN_POINT('',(-12.14863273947,0.8,12.798632739477));
#2385 = VECTOR('',#2386,1.);
#2386 = DIRECTION('',(0.,1.,-2.2E-16));
#2387 = ORIENTED_EDGE('',*,*,#1711,.T.);
#2388 = ORIENTED_EDGE('',*,*,#2382,.F.);
#2389 = ORIENTED_EDGE('',*,*,#2342,.F.);
#2390 = CYLINDRICAL_SURFACE('',#2391,0.65);
#2391 = AXIS2_PLACEMENT_3D('',#2392,#2393,#2394);
#2392 = CARTESIAN_POINT('',(-12.79863273947,0.8,12.798632739477));
#2393 = DIRECTION('',(-2.2E-16,-1.,-0.));
#2394 = DIRECTION('',(1.,-2.2E-16,2.2E-16));
#2395 = ADVANCED_FACE('',(#2396),#2402,.T.);
#2396 = FACE_BOUND('',#2397,.T.);
#2397 = EDGE_LOOP('',(#2398,#2399,#2400,#2401));
#2398 = ORIENTED_EDGE('',*,*,#1762,.T.);
#2399 = ORIENTED_EDGE('',*,*,#1796,.T.);
#2400 = ORIENTED_EDGE('',*,*,#1834,.F.);
#2401 = ORIENTED_EDGE('',*,*,#2303,.F.);
#2402 = CYLINDRICAL_SURFACE('',#2403,1.5);
#2403 = AXIS2_PLACEMENT_3D('',#2404,#2405,#2406);
#2404 = CARTESIAN_POINT('',(12.798632739477,0.8,12.798632739477));
#2405 = DIRECTION('',(-0.,-1.,2.2E-16));
#2406 = DIRECTION('',(2.2E-16,-2.2E-16,-1.));
#2407 = ADVANCED_FACE('',(#2408),#2419,.F.);
#2408 = FACE_BOUND('',#2409,.F.);
#2409 = EDGE_LOOP('',(#2410,#2416,#2417,#2418));
#2410 = ORIENTED_EDGE('',*,*,#2411,.T.);
#2411 = EDGE_CURVE('',#2314,#1807,#2412,.T.);
#2412 = LINE('',#2413,#2414);
#2413 = CARTESIAN_POINT('',(12.798632739477,0.8,12.148632739477));
#2414 = VECTOR('',#2415,1.);
#2415 = DIRECTION('',(-2.2E-16,1.,0.));
#2416 = ORIENTED_EDGE('',*,*,#1806,.T.);
#2417 = ORIENTED_EDGE('',*,*,#2411,.F.);
#2418 = ORIENTED_EDGE('',*,*,#2313,.F.);
#2419 = CYLINDRICAL_SURFACE('',#2420,0.65);
#2420 = AXIS2_PLACEMENT_3D('',#2421,#2422,#2423);
#2421 = CARTESIAN_POINT('',(12.798632739477,0.8,12.798632739477));
#2422 = DIRECTION('',(-0.,-1.,2.2E-16));
#2423 = DIRECTION('',(2.2E-16,-2.2E-16,-1.));
#2424 = ADVANCED_FACE('',(#2425,#2437),#2448,.F.);
#2425 = FACE_BOUND('',#2426,.F.);
#2426 = EDGE_LOOP('',(#2427,#2428,#2429,#2436));
#2427 = ORIENTED_EDGE('',*,*,#1918,.T.);
#2428 = ORIENTED_EDGE('',*,*,#2107,.T.);
#2429 = ORIENTED_EDGE('',*,*,#2430,.F.);
#2430 = EDGE_CURVE('',#2038,#2108,#2431,.T.);
#2431 = CIRCLE('',#2432,1.5);
#2432 = AXIS2_PLACEMENT_3D('',#2433,#2434,#2435);
#2433 = CARTESIAN_POINT('',(-12.79863273947,0.8,-12.79863273947));
#2434 = DIRECTION('',(0.,-1.,0.));
#2435 = DIRECTION('',(0.,0.,1.));
#2436 = ORIENTED_EDGE('',*,*,#2037,.T.);
#2437 = FACE_BOUND('',#2438,.F.);
#2438 = EDGE_LOOP('',(#2439));
#2439 = ORIENTED_EDGE('',*,*,#2440,.T.);
#2440 = EDGE_CURVE('',#2441,#2441,#2443,.T.);
#2441 = VERTEX_POINT('',#2442);
#2442 = CARTESIAN_POINT('',(-12.79863273947,0.8,-12.14863273947));
#2443 = CIRCLE('',#2444,0.65);
#2444 = AXIS2_PLACEMENT_3D('',#2445,#2446,#2447);
#2445 = CARTESIAN_POINT('',(-12.79863273947,0.8,-12.79863273947));
#2446 = DIRECTION('',(0.,-1.,0.));
#2447 = DIRECTION('',(0.,0.,1.));
#2448 = PLANE('',#2449);
#2449 = AXIS2_PLACEMENT_3D('',#2450,#2451,#2452);
#2450 = CARTESIAN_POINT('',(-13.57030488366,0.8,-13.57030488366));
#2451 = DIRECTION('',(0.,1.,0.));
#2452 = DIRECTION('',(-1.,0.,0.));
#2453 = ADVANCED_FACE('',(#2454,#2466),#2477,.F.);
#2454 = FACE_BOUND('',#2455,.F.);
#2455 = EDGE_LOOP('',(#2456,#2457,#2458,#2465));
#2456 = ORIENTED_EDGE('',*,*,#1910,.T.);
#2457 = ORIENTED_EDGE('',*,*,#2012,.T.);
#2458 = ORIENTED_EDGE('',*,*,#2459,.F.);
#2459 = EDGE_CURVE('',#1943,#2013,#2460,.T.);
#2460 = CIRCLE('',#2461,1.5);
#2461 = AXIS2_PLACEMENT_3D('',#2462,#2463,#2464);
#2462 = CARTESIAN_POINT('',(12.798632739477,0.8,-12.79863273947));
#2463 = DIRECTION('',(-0.,-1.,-0.));
#2464 = DIRECTION('',(-1.,0.,0.));
#2465 = ORIENTED_EDGE('',*,*,#1942,.T.);
#2466 = FACE_BOUND('',#2467,.F.);
#2467 = EDGE_LOOP('',(#2468));
#2468 = ORIENTED_EDGE('',*,*,#2469,.T.);
#2469 = EDGE_CURVE('',#2470,#2470,#2472,.T.);
#2470 = VERTEX_POINT('',#2471);
#2471 = CARTESIAN_POINT('',(12.148632739477,0.8,-12.79863273947));
#2472 = CIRCLE('',#2473,0.65);
#2473 = AXIS2_PLACEMENT_3D('',#2474,#2475,#2476);
#2474 = CARTESIAN_POINT('',(12.798632739477,0.8,-12.79863273947));
#2475 = DIRECTION('',(-0.,-1.,-0.));
#2476 = DIRECTION('',(-1.,0.,0.));
#2477 = PLANE('',#2478);
#2478 = AXIS2_PLACEMENT_3D('',#2479,#2480,#2481);
#2479 = CARTESIAN_POINT('',(13.570304883669,0.8,-13.57030488366));
#2480 = DIRECTION('',(0.,1.,0.));
#2481 = DIRECTION('',(0.,0.,-1.));
#2482 = ADVANCED_FACE('',(#2483),#2489,.T.);
#2483 = FACE_BOUND('',#2484,.T.);
#2484 = EDGE_LOOP('',(#2485,#2486,#2487,#2488));
#2485 = ORIENTED_EDGE('',*,*,#1951,.T.);
#2486 = ORIENTED_EDGE('',*,*,#1985,.T.);
#2487 = ORIENTED_EDGE('',*,*,#2023,.F.);
#2488 = ORIENTED_EDGE('',*,*,#2459,.F.);
#2489 = CYLINDRICAL_SURFACE('',#2490,1.5);
#2490 = AXIS2_PLACEMENT_3D('',#2491,#2492,#2493);
#2491 = CARTESIAN_POINT('',(12.798632739477,0.8,-12.79863273947));
#2492 = DIRECTION('',(2.2E-16,-1.,0.));
#2493 = DIRECTION('',(-1.,-2.2E-16,-2.2E-16));
#2494 = ADVANCED_FACE('',(#2495),#2506,.F.);
#2495 = FACE_BOUND('',#2496,.F.);
#2496 = EDGE_LOOP('',(#2497,#2503,#2504,#2505));
#2497 = ORIENTED_EDGE('',*,*,#2498,.T.);
#2498 = EDGE_CURVE('',#2470,#1996,#2499,.T.);
#2499 = LINE('',#2500,#2501);
#2500 = CARTESIAN_POINT('',(12.148632739477,0.8,-12.79863273947));
#2501 = VECTOR('',#2502,1.);
#2502 = DIRECTION('',(0.,1.,2.2E-16));
#2503 = ORIENTED_EDGE('',*,*,#1995,.T.);
#2504 = ORIENTED_EDGE('',*,*,#2498,.F.);
#2505 = ORIENTED_EDGE('',*,*,#2469,.F.);
#2506 = CYLINDRICAL_SURFACE('',#2507,0.65);
#2507 = AXIS2_PLACEMENT_3D('',#2508,#2509,#2510);
#2508 = CARTESIAN_POINT('',(12.798632739477,0.8,-12.79863273947));
#2509 = DIRECTION('',(2.2E-16,-1.,0.));
#2510 = DIRECTION('',(-1.,-2.2E-16,-2.2E-16));
#2511 = ADVANCED_FACE('',(#2512),#2518,.T.);
#2512 = FACE_BOUND('',#2513,.T.);
#2513 = EDGE_LOOP('',(#2514,#2515,#2516,#2517));
#2514 = ORIENTED_EDGE('',*,*,#2046,.T.);
#2515 = ORIENTED_EDGE('',*,*,#2080,.T.);
#2516 = ORIENTED_EDGE('',*,*,#2118,.F.);
#2517 = ORIENTED_EDGE('',*,*,#2430,.F.);
#2518 = CYLINDRICAL_SURFACE('',#2519,1.5);
#2519 = AXIS2_PLACEMENT_3D('',#2520,#2521,#2522);
#2520 = CARTESIAN_POINT('',(-12.79863273947,0.8,-12.79863273947));
#2521 = DIRECTION('',(0.,-1.,-2.2E-16));
#2522 = DIRECTION('',(-2.2E-16,-2.2E-16,1.));
#2523 = ADVANCED_FACE('',(#2524),#2535,.F.);
#2524 = FACE_BOUND('',#2525,.F.);
#2525 = EDGE_LOOP('',(#2526,#2532,#2533,#2534));
#2526 = ORIENTED_EDGE('',*,*,#2527,.T.);
#2527 = EDGE_CURVE('',#2441,#2091,#2528,.T.);
#2528 = LINE('',#2529,#2530);
#2529 = CARTESIAN_POINT('',(-12.79863273947,0.8,-12.14863273947));
#2530 = VECTOR('',#2531,1.);
#2531 = DIRECTION('',(2.2E-16,1.,0.));
#2532 = ORIENTED_EDGE('',*,*,#2090,.T.);
#2533 = ORIENTED_EDGE('',*,*,#2527,.F.);
#2534 = ORIENTED_EDGE('',*,*,#2440,.F.);
#2535 = CYLINDRICAL_SURFACE('',#2536,0.65);
#2536 = AXIS2_PLACEMENT_3D('',#2537,#2538,#2539);
#2537 = CARTESIAN_POINT('',(-12.79863273947,0.8,-12.79863273947));
#2538 = DIRECTION('',(0.,-1.,-2.2E-16));
#2539 = DIRECTION('',(-2.2E-16,-2.2E-16,1.));
#2540 = ADVANCED_FACE('',(#2541,#2552),#2555,.F.);
#2541 = FACE_BOUND('',#2542,.T.);
#2542 = EDGE_LOOP('',(#2543));
#2543 = ORIENTED_EDGE('',*,*,#2544,.T.);
#2544 = EDGE_CURVE('',#2545,#2545,#2547,.T.);
#2545 = VERTEX_POINT('',#2546);
#2546 = CARTESIAN_POINT('',(-20.3,6.140011948131,0.));
#2547 = CIRCLE('',#2548,20.3);
#2548 = AXIS2_PLACEMENT_3D('',#2549,#2550,#2551);
#2549 = CARTESIAN_POINT('',(0.,6.140011948131,-1.36E-15));
#2550 = DIRECTION('',(0.,1.,-2.2E-16));
#2551 = DIRECTION('',(-1.,0.,0.));
#2552 = FACE_BOUND('',#2553,.T.);
#2553 = EDGE_LOOP('',(#2554));
#2554 = ORIENTED_EDGE('',*,*,#2132,.F.);
#2555 = PLANE('',#2556);
#2556 = AXIS2_PLACEMENT_3D('',#2557,#2558,#2559);
#2557 = CARTESIAN_POINT('',(0.,6.140011948131,-1.36E-15));
#2558 = DIRECTION('',(0.,-1.,2.2E-16));
#2559 = DIRECTION('',(1.,0.,0.));
#2560 = ADVANCED_FACE('',(#2561,#2680),#2707,.T.);
#2561 = FACE_BOUND('',#2562,.T.);
#2562 = EDGE_LOOP('',(#2563,#2573,#2580,#2581,#2589,#2598,#2607,#2616,
    #2665,#2673));
#2563 = ORIENTED_EDGE('',*,*,#2564,.F.);
#2564 = EDGE_CURVE('',#2565,#2567,#2569,.T.);
#2565 = VERTEX_POINT('',#2566);
#2566 = CARTESIAN_POINT('',(-21.14802398299,0.9999,-10.2));
#2567 = VERTEX_POINT('',#2568);
#2568 = CARTESIAN_POINT('',(-21.14802398299,1.,-10.2));
#2569 = LINE('',#2570,#2571);
#2570 = CARTESIAN_POINT('',(-21.14802398299,2.847E-14,-10.2));
#2571 = VECTOR('',#2572,1.);
#2572 = DIRECTION('',(1.63E-15,1.,-1.61E-15));
#2573 = ORIENTED_EDGE('',*,*,#2574,.T.);
#2574 = EDGE_CURVE('',#2565,#2160,#2575,.T.);
#2575 = CIRCLE('',#2576,0.9999);
#2576 = AXIS2_PLACEMENT_3D('',#2577,#2578,#2579);
#2577 = CARTESIAN_POINT('',(-20.14812398299,0.9999,-10.2));
#2578 = DIRECTION('',(-8.9E-16,1.61E-15,1.));
#2579 = DIRECTION('',(0.,1.,-1.61E-15));
#2580 = ORIENTED_EDGE('',*,*,#2157,.F.);
#2581 = ORIENTED_EDGE('',*,*,#2582,.F.);
#2582 = EDGE_CURVE('',#2583,#2158,#2585,.T.);
#2583 = VERTEX_POINT('',#2584);
#2584 = CARTESIAN_POINT('',(-17.14802398299,0.999999953363,-10.2));
#2585 = LINE('',#2586,#2587);
#2586 = CARTESIAN_POINT('',(-17.14802398299,0.999999953363,-10.2));
#2587 = VECTOR('',#2588,1.);
#2588 = DIRECTION('',(-1.1E-16,-1.,2.33E-15));
#2589 = ORIENTED_EDGE('',*,*,#2590,.T.);
#2590 = EDGE_CURVE('',#2583,#2591,#2593,.T.);
#2591 = VERTEX_POINT('',#2592);
#2592 = CARTESIAN_POINT('',(-17.55964726643,2.215343328568,-10.2));
#2593 = CIRCLE('',#2594,2.);
#2594 = AXIS2_PLACEMENT_3D('',#2595,#2596,#2597);
#2595 = CARTESIAN_POINT('',(-19.14802398299,1.,-10.2));
#2596 = DIRECTION('',(-0.,1.E-15,1.));
#2597 = DIRECTION('',(1.,0.,0.));
#2598 = ORIENTED_EDGE('',*,*,#2599,.T.);
#2599 = EDGE_CURVE('',#2591,#2600,#2602,.T.);
#2600 = VERTEX_POINT('',#2601);
#2601 = CARTESIAN_POINT('',(-17.6669182372,2.343996194111,-10.2));
#2602 = CIRCLE('',#2603,2.);
#2603 = AXIS2_PLACEMENT_3D('',#2604,#2605,#2606);
#2604 = CARTESIAN_POINT('',(-19.14802398299,1.,-10.2));
#2605 = DIRECTION('',(-0.,1.E-15,1.));
#2606 = DIRECTION('',(1.,0.,0.));
#2607 = ORIENTED_EDGE('',*,*,#2608,.T.);
#2608 = EDGE_CURVE('',#2600,#2609,#2611,.T.);
#2609 = VERTEX_POINT('',#2610);
#2610 = CARTESIAN_POINT('',(-18.5234551744,2.899977316531,-10.2));
#2611 = CIRCLE('',#2612,2.);
#2612 = AXIS2_PLACEMENT_3D('',#2613,#2614,#2615);
#2613 = CARTESIAN_POINT('',(-19.14802398299,1.,-10.2));
#2614 = DIRECTION('',(-0.,1.E-15,1.));
#2615 = DIRECTION('',(1.,0.,0.));
#2616 = ORIENTED_EDGE('',*,*,#2617,.F.);
#2617 = EDGE_CURVE('',#2618,#2609,#2620,.T.);
#2618 = VERTEX_POINT('',#2619);
#2619 = CARTESIAN_POINT('',(-18.52562869068,3.,-10.2));
#2620 = B_SPLINE_CURVE_WITH_KNOTS('',8,(#2621,#2622,#2623,#2624,#2625,
    #2626,#2627,#2628,#2629,#2630,#2631,#2632,#2633,#2634,#2635,#2636,
    #2637,#2638,#2639,#2640,#2641,#2642,#2643,#2644,#2645,#2646,#2647,
    #2648,#2649,#2650,#2651,#2652,#2653,#2654,#2655,#2656,#2657,#2658,
    #2659,#2660,#2661,#2662,#2663,#2664),.UNSPECIFIED.,.F.,.F.,(9,7,7,7,
    7,7,9),(0.,0.335101079841,0.630500032068,0.820900036659,
    0.921780143682,0.947526394279,1.),.UNSPECIFIED.);
#2621 = CARTESIAN_POINT('',(-18.52562869068,3.,-10.2));
#2622 = CARTESIAN_POINT('',(-18.52313044662,2.861798952323,-10.2));
#2623 = CARTESIAN_POINT('',(-18.51904323521,2.723636764198,-10.2));
#2624 = CARTESIAN_POINT('',(-18.51334478332,2.585531647831,-10.2));
#2625 = CARTESIAN_POINT('',(-18.50598941717,2.447508929982,-10.2));
#2626 = CARTESIAN_POINT('',(-18.4969101069,2.309600909159,-10.2));
#2627 = CARTESIAN_POINT('',(-18.48601328272,2.171847454718,-10.2));
#2628 = CARTESIAN_POINT('',(-18.47316642267,2.034297347861,-10.2));
#2629 = CARTESIAN_POINT('',(-18.44496615199,1.775988877356,-10.2));
#2630 = CARTESIAN_POINT('',(-18.43009421961,1.655208028096,-10.2));
#2631 = CARTESIAN_POINT('',(-18.41342688268,1.534678713706,-10.2));
#2632 = CARTESIAN_POINT('',(-18.39480040643,1.414445902633,-10.2));
#2633 = CARTESIAN_POINT('',(-18.37398944869,1.294597530041,-10.2));
#2634 = CARTESIAN_POINT('',(-18.35070971782,1.175263590158,-10.2));
#2635 = CARTESIAN_POINT('',(-18.32457187656,1.05662588084,-10.2));
#2636 = CARTESIAN_POINT('',(-18.27577768462,0.863116331279,-10.2));
#2637 = CARTESIAN_POINT('',(-18.25521218461,0.78778245257,-10.2));
#2638 = CARTESIAN_POINT('',(-18.23301043724,0.712939287107,-10.2));
#2639 = CARTESIAN_POINT('',(-18.20892821666,0.638670522466,-10.2));
#2640 = CARTESIAN_POINT('',(-18.18269115023,0.565149385185,-10.2));
#2641 = CARTESIAN_POINT('',(-18.15388940006,0.492690498844,-10.2));
#2642 = CARTESIAN_POINT('',(-18.12204916358,0.421714530327,-10.2));
#2643 = CARTESIAN_POINT('',(-18.06715295392,0.316523663491,-10.2));
#2644 = CARTESIAN_POINT('',(-18.04705497264,0.280809550652,-10.2));
#2645 = CARTESIAN_POINT('',(-18.02569642387,0.245850411105,-10.2));
#2646 = CARTESIAN_POINT('',(-18.002897712,0.211797055543,-10.2));
#2647 = CARTESIAN_POINT('',(-17.97846612447,0.178922549151,-10.2));
#2648 = CARTESIAN_POINT('',(-17.95219699033,0.147620863145,-10.2));
#2649 = CARTESIAN_POINT('',(-17.92386078153,0.118417677939,-10.2));
#2650 = CARTESIAN_POINT('',(-17.88531515591,8.527814950327E-02,-10.2));
#2651 = CARTESIAN_POINT('',(-17.87732825827,7.872680548763E-02,-10.2));
#2652 = CARTESIAN_POINT('',(-17.86918895575,7.237512251104E-02,-10.2));
#2653 = CARTESIAN_POINT('',(-17.8608952143,6.623734137005E-02,-10.2));
#2654 = CARTESIAN_POINT('',(-17.85244592286,6.032874558283E-02,-10.2));
#2655 = CARTESIAN_POINT('',(-17.84384107009,5.466538776859E-02,-10.2));
#2656 = CARTESIAN_POINT('',(-17.83508192121,4.926381602699E-02,-10.2));
#2657 = CARTESIAN_POINT('',(-17.8080101833,3.369954769986E-02,-10.2));
#2658 = CARTESIAN_POINT('',(-17.78919276813,2.440017370108E-02,-10.2));
#2659 = CARTESIAN_POINT('',(-17.76977245278,1.640837106689E-02,-10.2));
#2660 = CARTESIAN_POINT('',(-17.7498200066,9.874724264438E-03,-10.2));
#2661 = CARTESIAN_POINT('',(-17.72942720817,4.920341715099E-03,-10.2));
#2662 = CARTESIAN_POINT('',(-17.70871058882,1.622488027186E-03,-10.2));
#2663 = CARTESIAN_POINT('',(-17.68781517608,2.1622869079E-07,-10.2));
#2664 = CARTESIAN_POINT('',(-17.6669182372,1.36E-14,-10.2));
#2665 = ORIENTED_EDGE('',*,*,#2666,.T.);
#2666 = EDGE_CURVE('',#2618,#2667,#2669,.T.);
#2667 = VERTEX_POINT('',#2668);
#2668 = CARTESIAN_POINT('',(-19.14802398299,3.,-10.2));
#2669 = LINE('',#2670,#2671);
#2670 = CARTESIAN_POINT('',(-19.40747111009,3.,-10.2));
#2671 = VECTOR('',#2672,1.);
#2672 = DIRECTION('',(-1.,5.6E-16,-2.2E-16));
#2673 = ORIENTED_EDGE('',*,*,#2674,.F.);
#2674 = EDGE_CURVE('',#2567,#2667,#2675,.T.);
#2675 = CIRCLE('',#2676,2.);
#2676 = AXIS2_PLACEMENT_3D('',#2677,#2678,#2679);
#2677 = CARTESIAN_POINT('',(-19.14802398299,1.,-10.2));
#2678 = DIRECTION('',(8.9E-16,-3.E-15,-1.));
#2679 = DIRECTION('',(0.,1.,-3.E-15));
#2680 = FACE_BOUND('',#2681,.T.);
#2681 = EDGE_LOOP('',(#2682,#2693,#2701));
#2682 = ORIENTED_EDGE('',*,*,#2683,.F.);
#2683 = EDGE_CURVE('',#2684,#2686,#2688,.T.);
#2684 = VERTEX_POINT('',#2685);
#2685 = CARTESIAN_POINT('',(-19.50157737358,1.353553390593,-10.2));
#2686 = VERTEX_POINT('',#2687);
#2687 = CARTESIAN_POINT('',(-18.7944705924,1.353553390593,-10.2));
#2688 = CIRCLE('',#2689,0.5);
#2689 = AXIS2_PLACEMENT_3D('',#2690,#2691,#2692);
#2690 = CARTESIAN_POINT('',(-19.14802398299,1.,-10.2));
#2691 = DIRECTION('',(-0.,1.E-15,1.));
#2692 = DIRECTION('',(1.,0.,0.));
#2693 = ORIENTED_EDGE('',*,*,#2694,.T.);
#2694 = EDGE_CURVE('',#2684,#2695,#2697,.T.);
#2695 = VERTEX_POINT('',#2696);
#2696 = CARTESIAN_POINT('',(-19.14802398299,1.707106781187,-10.2));
#2697 = LINE('',#2698,#2699);
#2698 = CARTESIAN_POINT('',(-19.50157737358,1.353553390593,-10.2));
#2699 = VECTOR('',#2700,1.);
#2700 = DIRECTION('',(0.707106781187,0.707106781187,-7.071067811865E-16)
  );
#2701 = ORIENTED_EDGE('',*,*,#2702,.T.);
#2702 = EDGE_CURVE('',#2695,#2686,#2703,.T.);
#2703 = LINE('',#2704,#2705);
#2704 = CARTESIAN_POINT('',(-19.14802398299,1.707106781187,-10.2));
#2705 = VECTOR('',#2706,1.);
#2706 = DIRECTION('',(0.707106781187,-0.707106781187,7.071067811865E-16)
  );
#2707 = PLANE('',#2708);
#2708 = AXIS2_PLACEMENT_3D('',#2709,#2710,#2711);
#2709 = CARTESIAN_POINT('',(-19.29641784431,1.391645883918,-10.2));
#2710 = DIRECTION('',(-5.1E-16,1.47E-15,1.));
#2711 = DIRECTION('',(0.,1.,-1.47E-15));
#2712 = ADVANCED_FACE('',(#2713),#2732,.T.);
#2713 = FACE_BOUND('',#2714,.F.);
#2714 = EDGE_LOOP('',(#2715,#2716,#2717,#2726));
#2715 = ORIENTED_EDGE('',*,*,#2574,.T.);
#2716 = ORIENTED_EDGE('',*,*,#2167,.T.);
#2717 = ORIENTED_EDGE('',*,*,#2718,.F.);
#2718 = EDGE_CURVE('',#2719,#2168,#2721,.T.);
#2719 = VERTEX_POINT('',#2720);
#2720 = CARTESIAN_POINT('',(-21.14802398299,0.9999,-12.2));
#2721 = CIRCLE('',#2722,0.9999);
#2722 = AXIS2_PLACEMENT_3D('',#2723,#2724,#2725);
#2723 = CARTESIAN_POINT('',(-20.14812398299,0.9999,-12.2));
#2724 = DIRECTION('',(-8.9E-16,1.61E-15,1.));
#2725 = DIRECTION('',(0.,1.,-1.61E-15));
#2726 = ORIENTED_EDGE('',*,*,#2727,.F.);
#2727 = EDGE_CURVE('',#2565,#2719,#2728,.T.);
#2728 = LINE('',#2729,#2730);
#2729 = CARTESIAN_POINT('',(-21.14802398299,0.9999,-10.2));
#2730 = VECTOR('',#2731,1.);
#2731 = DIRECTION('',(8.9E-16,-1.61E-15,-1.));
#2732 = CYLINDRICAL_SURFACE('',#2733,0.9999);
#2733 = AXIS2_PLACEMENT_3D('',#2734,#2735,#2736);
#2734 = CARTESIAN_POINT('',(-20.14812398299,0.9999,-10.2));
#2735 = DIRECTION('',(8.9E-16,-1.61E-15,-1.));
#2736 = DIRECTION('',(-1.,1.86E-15,-8.9E-16));
#2737 = ADVANCED_FACE('',(#2738),#2814,.F.);
#2738 = FACE_BOUND('',#2739,.F.);
#2739 = EDGE_LOOP('',(#2740,#2748,#2749,#2750,#2799,#2807));
#2740 = ORIENTED_EDGE('',*,*,#2741,.F.);
#2741 = EDGE_CURVE('',#2719,#2742,#2744,.T.);
#2742 = VERTEX_POINT('',#2743);
#2743 = CARTESIAN_POINT('',(-21.14802398299,1.,-12.2));
#2744 = LINE('',#2745,#2746);
#2745 = CARTESIAN_POINT('',(-21.14802398299,2.569E-14,-12.2));
#2746 = VECTOR('',#2747,1.);
#2747 = DIRECTION('',(1.63E-15,1.,-1.61E-15));
#2748 = ORIENTED_EDGE('',*,*,#2718,.T.);
#2749 = ORIENTED_EDGE('',*,*,#2175,.F.);
#2750 = ORIENTED_EDGE('',*,*,#2751,.F.);
#2751 = EDGE_CURVE('',#2752,#2176,#2754,.T.);
#2752 = VERTEX_POINT('',#2753);
#2753 = CARTESIAN_POINT('',(-17.27422699819,3.,-12.2));
#2754 = B_SPLINE_CURVE_WITH_KNOTS('',8,(#2755,#2756,#2757,#2758,#2759,
    #2760,#2761,#2762,#2763,#2764,#2765,#2766,#2767,#2768,#2769,#2770,
    #2771,#2772,#2773,#2774,#2775,#2776,#2777,#2778,#2779,#2780,#2781,
    #2782,#2783,#2784,#2785,#2786,#2787,#2788,#2789,#2790,#2791,#2792,
    #2793,#2794,#2795,#2796,#2797,#2798),.UNSPECIFIED.,.F.,.F.,(9,7,7,7,
    7,7,9),(0.,0.334621204314,0.627272051278,0.820183122468,
    0.914010852809,0.941001990336,1.),.UNSPECIFIED.);
#2755 = CARTESIAN_POINT('',(-17.27422699819,3.,-12.2));
#2756 = CARTESIAN_POINT('',(-17.27152502719,2.86062565918,-12.2));
#2757 = CARTESIAN_POINT('',(-17.26708995683,2.721296167044,-12.2));
#2758 = CARTESIAN_POINT('',(-17.26089743275,2.58203236487,-12.2));
#2759 = CARTESIAN_POINT('',(-17.25289717804,2.442863530308,-12.2));
#2760 = CARTESIAN_POINT('',(-17.24301539077,2.303827185471,-12.2));
#2761 = CARTESIAN_POINT('',(-17.23114907454,2.164969767796,-12.2));
#2762 = CARTESIAN_POINT('',(-17.21715230175,2.026348163657,-12.2));
#2763 = CARTESIAN_POINT('',(-17.18652572213,1.767064541242,-12.2));
#2764 = CARTESIAN_POINT('',(-17.17045139903,1.646371540954,-12.2));
#2765 = CARTESIAN_POINT('',(-17.15244526709,1.525965945705,-12.2));
#2766 = CARTESIAN_POINT('',(-17.13233087414,1.405899601551,-12.2));
#2767 = CARTESIAN_POINT('',(-17.10986736141,1.286272920333,-12.2));
#2768 = CARTESIAN_POINT('',(-17.08475168191,1.167234025177,-12.2));
#2769 = CARTESIAN_POINT('',(-17.05657081056,1.048989429758,-12.2));
#2770 = CARTESIAN_POINT('',(-17.00355450717,0.854630451237,-12.2));
#2771 = CARTESIAN_POINT('',(-16.98088563713,0.778016739627,-12.2));
#2772 = CARTESIAN_POINT('',(-16.9563898326,0.701986405219,-12.2));
#2773 = CARTESIAN_POINT('',(-16.92979352428,0.626641256053,-12.2));
#2774 = CARTESIAN_POINT('',(-16.90078997757,0.552192528456,-12.2));
#2775 = CARTESIAN_POINT('',(-16.86893261514,0.479017585924,-12.2));
#2776 = CARTESIAN_POINT('',(-16.83370571132,0.407622149774,-12.2));
#2777 = CARTESIAN_POINT('',(-16.7747564883,0.305427126033,-12.2));
#2778 = CARTESIAN_POINT('',(-16.75445310546,0.272672058815,-12.2));
#2779 = CARTESIAN_POINT('',(-16.73300337815,0.240668540219,-12.2));
#2780 = CARTESIAN_POINT('',(-16.71027167256,0.20956199823,-12.2));
#2781 = CARTESIAN_POINT('',(-16.68611999928,0.179576480198,-12.2));
#2782 = CARTESIAN_POINT('',(-16.66040638781,0.15101615828,-12.2));
#2783 = CARTESIAN_POINT('',(-16.63298090164,0.124269166465,-12.2));
#2784 = CARTESIAN_POINT('',(-16.59525018964,9.277875948335E-02,-12.2));
#2785 = CARTESIAN_POINT('',(-16.58666944201,8.59364319525E-02,-12.2));
#2786 = CARTESIAN_POINT('',(-16.57793490914,7.929912810586E-02,-12.2));
#2787 = CARTESIAN_POINT('',(-16.56904516586,7.288023426525E-02,-12.2));
#2788 = CARTESIAN_POINT('',(-16.55999965764,6.669394167379E-02,-12.2));
#2789 = CARTESIAN_POINT('',(-16.55079885443,6.075500662527E-02,-12.2));
#2790 = CARTESIAN_POINT('',(-16.54144440457,5.507851059343E-02,-12.2));
#2791 = CARTESIAN_POINT('',(-16.51116273129,3.787856982112E-02,-12.2));
#2792 = CARTESIAN_POINT('',(-16.48963576863,2.738658492801E-02,-12.2));
#2793 = CARTESIAN_POINT('',(-16.46742414388,1.838945687038E-02,-12.2));
#2794 = CARTESIAN_POINT('',(-16.44461238428,1.105107991991E-02,-12.2));
#2795 = CARTESIAN_POINT('',(-16.42130757904,5.499226850523E-03,-12.2));
#2796 = CARTESIAN_POINT('',(-16.39764315726,1.811324357341E-03,-12.2));
#2797 = CARTESIAN_POINT('',(-16.37378266581,2.2847568277E-07,-12.2));
#2798 = CARTESIAN_POINT('',(-16.34992354722,2.211E-14,-12.2));
#2799 = ORIENTED_EDGE('',*,*,#2800,.T.);
#2800 = EDGE_CURVE('',#2752,#2801,#2803,.T.);
#2801 = VERTEX_POINT('',#2802);
#2802 = CARTESIAN_POINT('',(-19.14802398299,3.,-12.2));
#2803 = LINE('',#2804,#2805);
#2804 = CARTESIAN_POINT('',(-18.7489737651,3.,-12.2));
#2805 = VECTOR('',#2806,1.);
#2806 = DIRECTION('',(-1.,5.6E-16,-2.2E-16));
#2807 = ORIENTED_EDGE('',*,*,#2808,.F.);
#2808 = EDGE_CURVE('',#2742,#2801,#2809,.T.);
#2809 = CIRCLE('',#2810,2.);
#2810 = AXIS2_PLACEMENT_3D('',#2811,#2812,#2813);
#2811 = CARTESIAN_POINT('',(-19.14802398299,1.,-12.2));
#2812 = DIRECTION('',(8.9E-16,-3.E-15,-1.));
#2813 = DIRECTION('',(0.,1.,-3.E-15));
#2814 = PLANE('',#2815);
#2815 = AXIS2_PLACEMENT_3D('',#2816,#2817,#2818);
#2816 = CARTESIAN_POINT('',(-16.34992354722,1.678E-14,-12.2));
#2817 = DIRECTION('',(-2.2E-16,1.61E-15,1.));
#2818 = DIRECTION('',(-1.,1.86E-15,-2.2E-16));
#2819 = ADVANCED_FACE('',(#2820),#3370,.F.);
#2820 = FACE_BOUND('',#2821,.F.);
#2821 = EDGE_LOOP('',(#2822,#2833,#2840,#2841,#2853,#2866,#2920,#2933,
    #2934,#2935,#2984,#2999,#3055,#3067,#3081,#3095,#3109,#3165,#3180,
    #3227,#3228,#3277,#3292,#3348,#3360));
#2822 = ORIENTED_EDGE('',*,*,#2823,.F.);
#2823 = EDGE_CURVE('',#2824,#2826,#2828,.T.);
#2824 = VERTEX_POINT('',#2825);
#2825 = CARTESIAN_POINT('',(-20.4,6.500011948131,-9.E-15));
#2826 = VERTEX_POINT('',#2827);
#2827 = CARTESIAN_POINT('',(-21.14497833563,3.648023982993,-9.E-15));
#2828 = B_SPLINE_CURVE_WITH_KNOTS('',3,(#2829,#2830,#2831,#2832),
  .UNSPECIFIED.,.F.,.F.,(4,4),(0.,1.),.PIECEWISE_BEZIER_KNOTS.);
#2829 = CARTESIAN_POINT('',(-20.4,6.500011948131,0.));
#2830 = CARTESIAN_POINT('',(-21.4,6.500011948131,0.));
#2831 = CARTESIAN_POINT('',(-21.4,1.194813132283E-05,0.));
#2832 = CARTESIAN_POINT('',(-20.4,0.,0.));
#2833 = ORIENTED_EDGE('',*,*,#2834,.T.);
#2834 = EDGE_CURVE('',#2824,#2824,#2835,.T.);
#2835 = CIRCLE('',#2836,20.4);
#2836 = AXIS2_PLACEMENT_3D('',#2837,#2838,#2839);
#2837 = CARTESIAN_POINT('',(0.,6.500011948131,-1.44E-15));
#2838 = DIRECTION('',(0.,1.,-2.2E-16));
#2839 = DIRECTION('',(-1.,0.,0.));
#2840 = ORIENTED_EDGE('',*,*,#2823,.T.);
#2841 = ORIENTED_EDGE('',*,*,#2842,.T.);
#2842 = EDGE_CURVE('',#2826,#2843,#2845,.T.);
#2843 = VERTEX_POINT('',#2844);
#2844 = CARTESIAN_POINT('',(-19.14802398299,3.648023982993,
    -8.970133018034));
#2845 = B_SPLINE_CURVE_WITH_KNOTS('',6,(#2846,#2847,#2848,#2849,#2850,
    #2851,#2852),.UNSPECIFIED.,.F.,.F.,(7,7),(0.,1.),
  .PIECEWISE_BEZIER_KNOTS.);
#2846 = CARTESIAN_POINT('',(-21.14497833563,3.648023982993,-1.066E-14));
#2847 = CARTESIAN_POINT('',(-21.14497833563,3.648023982993,
    -1.543900877521));
#2848 = CARTESIAN_POINT('',(-21.00970461955,3.648023982993,
    -3.087940782768));
#2849 = CARTESIAN_POINT('',(-20.73911321462,3.648023982993,
    -4.616995353915));
#2850 = CARTESIAN_POINT('',(-20.33549340072,3.648023982993,
    -6.116434857354));
#2851 = CARTESIAN_POINT('',(-19.80297829774,3.648023982993,
    -7.572039934983));
#2852 = CARTESIAN_POINT('',(-19.14802398299,3.648023982993,
    -8.970133018034));
#2853 = ORIENTED_EDGE('',*,*,#2854,.T.);
#2854 = EDGE_CURVE('',#2843,#2855,#2857,.T.);
#2855 = VERTEX_POINT('',#2856);
#2856 = CARTESIAN_POINT('',(-18.52410406603,3.573471381564,-10.2));
#2857 = B_SPLINE_CURVE_WITH_KNOTS('',4,(#2858,#2859,#2860,#2861,#2862,
    #2863,#2864,#2865),.UNSPECIFIED.,.F.,.F.,(5,3,5),(0.,0.385799626183,
    1.),.UNSPECIFIED.);
#2858 = CARTESIAN_POINT('',(-19.14802398299,3.648023982993,
    -8.970133018034));
#2859 = CARTESIAN_POINT('',(-19.09183854703,3.648023982993,
    -9.090068817545));
#2860 = CARTESIAN_POINT('',(-19.03460757241,3.646434330771,
    -9.209724055893));
#2861 = CARTESIAN_POINT('',(-18.97633806138,3.643122778134,
    -9.329074987494));
#2862 = CARTESIAN_POINT('',(-18.82263978485,3.629664639324,
    -9.63755477725));
#2863 = CARTESIAN_POINT('',(-18.72563589186,3.616628671337,
    -9.826159677884));
#2864 = CARTESIAN_POINT('',(-18.62607222946,3.598195920665,
    -10.01376739221));
#2865 = CARTESIAN_POINT('',(-18.52403793951,3.573455348759,
    -10.20012077328));
#2866 = ORIENTED_EDGE('',*,*,#2867,.T.);
#2867 = EDGE_CURVE('',#2855,#2618,#2868,.T.);
#2868 = B_SPLINE_CURVE_WITH_KNOTS('',8,(#2869,#2870,#2871,#2872,#2873,
    #2874,#2875,#2876,#2877,#2878,#2879,#2880,#2881,#2882,#2883,#2884,
    #2885,#2886,#2887,#2888,#2889,#2890,#2891,#2892,#2893,#2894,#2895,
    #2896,#2897,#2898,#2899,#2900,#2901,#2902,#2903,#2904,#2905,#2906,
    #2907,#2908,#2909,#2910,#2911,#2912,#2913,#2914,#2915,#2916,#2917,
    #2918,#2919),.UNSPECIFIED.,.F.,.F.,(9,7,7,7,7,7,7,9),(0.,
    0.100829602087,0.412013751238,0.68741559081,0.84754094979,
    0.934619733546,0.956139802786,1.),.UNSPECIFIED.);
#2869 = CARTESIAN_POINT('',(-18.52215184082,3.648023982993,-10.2));
#2870 = CARTESIAN_POINT('',(-18.5235910676,3.598286230325,-10.2));
#2871 = CARTESIAN_POINT('',(-18.52482122375,3.548541490649,-10.2));
#2872 = CARTESIAN_POINT('',(-18.52584404523,3.49879098282,-10.2));
#2873 = CARTESIAN_POINT('',(-18.52666091799,3.449035902812,-10.2));
#2874 = CARTESIAN_POINT('',(-18.52727287799,3.399277423713,-10.2));
#2875 = CARTESIAN_POINT('',(-18.52768061117,3.349516695726,-10.2));
#2876 = CARTESIAN_POINT('',(-18.52788445347,3.299754846172,-10.2));
#2877 = CARTESIAN_POINT('',(-18.52788419745,3.096416015737,-10.2));
#2878 = CARTESIAN_POINT('',(-18.52594168343,2.942846346812,-10.2));
#2879 = CARTESIAN_POINT('',(-18.52205815771,2.789307942324,-10.2));
#2880 = CARTESIAN_POINT('',(-18.51620104244,2.63583220607,-10.2));
#2881 = CARTESIAN_POINT('',(-18.50830877312,2.482457771004,-10.2));
#2882 = CARTESIAN_POINT('',(-18.49828574699,2.329231133333,-10.2));
#2883 = CARTESIAN_POINT('',(-18.4859873199,2.17620812576,-10.2));
#2884 = CARTESIAN_POINT('',(-18.45810333304,1.888268903515,-10.2));
#2885 = CARTESIAN_POINT('',(-18.44306388223,1.753345837543,-10.2));
#2886 = CARTESIAN_POINT('',(-18.42591794375,1.618690549918,-10.2));
#2887 = CARTESIAN_POINT('',(-18.406474251,1.484350469414,-10.2));
#2888 = CARTESIAN_POINT('',(-18.38445526967,1.350431149231,-10.2));
#2889 = CARTESIAN_POINT('',(-18.35950996596,1.217092889965,-10.2));
#2890 = CARTESIAN_POINT('',(-18.33115028939,1.084563470512,-10.2));
#2891 = CARTESIAN_POINT('',(-18.27946692079,0.876823152492,-10.2));
#2892 = CARTESIAN_POINT('',(-18.25902908152,0.800943318928,-10.2));
#2893 = CARTESIAN_POINT('',(-18.23696358634,0.725545512192,-10.2));
#2894 = CARTESIAN_POINT('',(-18.21303008874,0.650712017639,-10.2));
#2895 = CARTESIAN_POINT('',(-18.18695749971,0.576611974395,-10.2));
#2896 = CARTESIAN_POINT('',(-18.15834247796,0.503550538896,-10.2));
#2897 = CARTESIAN_POINT('',(-18.12671618598,0.431936315156,-10.2));
#2898 = CARTESIAN_POINT('',(-18.07171941756,0.324705751635,-10.2));
#2899 = CARTESIAN_POINT('',(-18.05121850001,0.287676424102,-10.2));
#2900 = CARTESIAN_POINT('',(-18.02940130286,0.251421655583,-10.2));
#2901 = CARTESIAN_POINT('',(-18.00607456564,0.216096516001,-10.2));
#2902 = CARTESIAN_POINT('',(-17.98102936592,0.181991465127,-10.2));
#2903 = CARTESIAN_POINT('',(-17.95404327791,0.149529995612,-10.2));
#2904 = CARTESIAN_POINT('',(-17.92486516164,0.11928119184,-10.2));
#2905 = CARTESIAN_POINT('',(-17.88531515595,8.527814953768E-02,-10.2));
#2906 = CARTESIAN_POINT('',(-17.87732825831,7.872680552079E-02,-10.2));
#2907 = CARTESIAN_POINT('',(-17.86918895579,7.237512254293E-02,-10.2));
#2908 = CARTESIAN_POINT('',(-17.86089521434,6.623734140065E-02,-10.2));
#2909 = CARTESIAN_POINT('',(-17.8524459229,6.032874561211E-02,-10.2));
#2910 = CARTESIAN_POINT('',(-17.84384107014,5.46653877965E-02,-10.2));
#2911 = CARTESIAN_POINT('',(-17.83508192125,4.926381605348E-02,-10.2));
#2912 = CARTESIAN_POINT('',(-17.80801018334,3.369954771936E-02,-10.2));
#2913 = CARTESIAN_POINT('',(-17.78919276817,2.440017371544E-02,-10.2));
#2914 = CARTESIAN_POINT('',(-17.76977245281,1.640837107667E-02,-10.2));
#2915 = CARTESIAN_POINT('',(-17.74982000662,9.874724270379E-03,-10.2));
#2916 = CARTESIAN_POINT('',(-17.72942720819,4.920341718072E-03,-10.2));
#2917 = CARTESIAN_POINT('',(-17.70871058883,1.622488028167E-03,-10.2));
#2918 = CARTESIAN_POINT('',(-17.68781517608,2.1622869406E-07,-10.2));
#2919 = CARTESIAN_POINT('',(-17.6669182372,1.688E-14,-10.2));
#2920 = ORIENTED_EDGE('',*,*,#2921,.T.);
#2921 = EDGE_CURVE('',#2618,#2752,#2922,.T.);
#2922 = B_SPLINE_CURVE_WITH_KNOTS('',5,(#2923,#2924,#2925,#2926,#2927,
    #2928,#2929,#2930,#2931,#2932),.UNSPECIFIED.,.F.,.F.,(6,4,6),(0.,
    0.500899078851,1.),.UNSPECIFIED.);
#2923 = CARTESIAN_POINT('',(-18.52562869068,3.,-10.2));
#2924 = CARTESIAN_POINT('',(-18.41157519521,3.,-10.40714781496));
#2925 = CARTESIAN_POINT('',(-18.29462696358,3.,-10.61270212579));
#2926 = CARTESIAN_POINT('',(-18.17481229119,3.,-10.81660748714));
#2927 = CARTESIAN_POINT('',(-18.05216374541,3.,-11.0188121388));
#2928 = CARTESIAN_POINT('',(-17.80171324844,3.,-11.41899476764));
#2929 = CARTESIAN_POINT('',(-17.6739318576,3.,-11.61698543162));
#2930 = CARTESIAN_POINT('',(-17.54339996273,3.,-11.81318328312));
#2931 = CARTESIAN_POINT('',(-17.41015423182,3.,-12.00753853551));
#2932 = CARTESIAN_POINT('',(-17.27422699819,3.,-12.2));
#2933 = ORIENTED_EDGE('',*,*,#2751,.T.);
#2934 = ORIENTED_EDGE('',*,*,#2183,.F.);
#2935 = ORIENTED_EDGE('',*,*,#2936,.F.);
#2936 = EDGE_CURVE('',#2937,#2184,#2939,.T.);
#2937 = VERTEX_POINT('',#2938);
#2938 = CARTESIAN_POINT('',(17.274226998197,3.,-12.2));
#2939 = B_SPLINE_CURVE_WITH_KNOTS('',8,(#2940,#2941,#2942,#2943,#2944,
    #2945,#2946,#2947,#2948,#2949,#2950,#2951,#2952,#2953,#2954,#2955,
    #2956,#2957,#2958,#2959,#2960,#2961,#2962,#2963,#2964,#2965,#2966,
    #2967,#2968,#2969,#2970,#2971,#2972,#2973,#2974,#2975,#2976,#2977,
    #2978,#2979,#2980,#2981,#2982,#2983),.UNSPECIFIED.,.F.,.F.,(9,7,7,7,
    7,7,9),(0.,0.334621204308,0.62727205127,0.820183122462,
    0.914010852806,0.941001990334,1.),.UNSPECIFIED.);
#2940 = CARTESIAN_POINT('',(17.274226998197,3.,-12.2));
#2941 = CARTESIAN_POINT('',(17.271525027196,2.86062565918,-12.2));
#2942 = CARTESIAN_POINT('',(17.267089956831,2.721296167044,-12.2));
#2943 = CARTESIAN_POINT('',(17.260897432757,2.58203236487,-12.2));
#2944 = CARTESIAN_POINT('',(17.252897178043,2.442863530308,-12.2));
#2945 = CARTESIAN_POINT('',(17.243015390778,2.303827185471,-12.2));
#2946 = CARTESIAN_POINT('',(17.231149074545,2.164969767796,-12.2));
#2947 = CARTESIAN_POINT('',(17.217152301758,2.026348163658,-12.2));
#2948 = CARTESIAN_POINT('',(17.186525722131,1.767064541241,-12.2));
#2949 = CARTESIAN_POINT('',(17.17045139903,1.646371540958,-12.2));
#2950 = CARTESIAN_POINT('',(17.152445267099,1.525965945701,-12.2));
#2951 = CARTESIAN_POINT('',(17.13233087414,1.405899601551,-12.2));
#2952 = CARTESIAN_POINT('',(17.109867361413,1.286272920336,-12.2));
#2953 = CARTESIAN_POINT('',(17.084751681917,1.167234025174,-12.2));
#2954 = CARTESIAN_POINT('',(17.056570810567,1.048989429758,-12.2));
#2955 = CARTESIAN_POINT('',(17.003554507174,0.854630451235,-12.2));
#2956 = CARTESIAN_POINT('',(16.980885637131,0.778016739633,-12.2));
#2957 = CARTESIAN_POINT('',(16.956389832601,0.701986405207,-12.2));
#2958 = CARTESIAN_POINT('',(16.929793524288,0.626641256065,-12.2));
#2959 = CARTESIAN_POINT('',(16.900789977575,0.552192528449,-12.2));
#2960 = CARTESIAN_POINT('',(16.868932615149,0.479017585926,-12.2));
#2961 = CARTESIAN_POINT('',(16.833705711324,0.407622149774,-12.2));
#2962 = CARTESIAN_POINT('',(16.774756488301,0.305427126033,-12.2));
#2963 = CARTESIAN_POINT('',(16.754453105463,0.272672058815,-12.2));
#2964 = CARTESIAN_POINT('',(16.733003378151,0.240668540219,-12.2));
#2965 = CARTESIAN_POINT('',(16.710271672563,0.20956199823,-12.2));
#2966 = CARTESIAN_POINT('',(16.686119999286,0.179576480198,-12.2));
#2967 = CARTESIAN_POINT('',(16.660406387815,0.151016158281,-12.2));
#2968 = CARTESIAN_POINT('',(16.632980901641,0.124269166465,-12.2));
#2969 = CARTESIAN_POINT('',(16.595250189641,9.277875948333E-02,-12.2));
#2970 = CARTESIAN_POINT('',(16.586669442011,8.593643195248E-02,-12.2));
#2971 = CARTESIAN_POINT('',(16.577934909141,7.929912810585E-02,-12.2));
#2972 = CARTESIAN_POINT('',(16.569045165868,7.288023426522E-02,-12.2));
#2973 = CARTESIAN_POINT('',(16.559999657645,6.669394167376E-02,-12.2));
#2974 = CARTESIAN_POINT('',(16.55079885443,6.075500662524E-02,-12.2));
#2975 = CARTESIAN_POINT('',(16.54144440457,5.507851059341E-02,-12.2));
#2976 = CARTESIAN_POINT('',(16.511162731295,3.787856982108E-02,-12.2));
#2977 = CARTESIAN_POINT('',(16.489635768638,2.738658492799E-02,-12.2));
#2978 = CARTESIAN_POINT('',(16.467424143887,1.838945687036E-02,-12.2));
#2979 = CARTESIAN_POINT('',(16.444612384284,1.105107991989E-02,-12.2));
#2980 = CARTESIAN_POINT('',(16.421307579047,5.499226850485E-03,-12.2));
#2981 = CARTESIAN_POINT('',(16.397643157268,1.811324357302E-03,-12.2));
#2982 = CARTESIAN_POINT('',(16.373782665815,2.2847565088E-07,-12.2));
#2983 = CARTESIAN_POINT('',(16.349923547222,-9.68E-15,-12.2));
#2984 = ORIENTED_EDGE('',*,*,#2985,.T.);
#2985 = EDGE_CURVE('',#2937,#2986,#2988,.T.);
#2986 = VERTEX_POINT('',#2987);
#2987 = CARTESIAN_POINT('',(18.525628690688,3.,-10.2));
#2988 = B_SPLINE_CURVE_WITH_KNOTS('',5,(#2989,#2990,#2991,#2992,#2993,
    #2994,#2995,#2996,#2997,#2998),.UNSPECIFIED.,.F.,.F.,(6,4,6),(0.,
    0.499100921147,1.),.UNSPECIFIED.);
#2989 = CARTESIAN_POINT('',(17.274226998197,3.,-12.2));
#2990 = CARTESIAN_POINT('',(17.41015423182,3.,-12.00753853551));
#2991 = CARTESIAN_POINT('',(17.543399962737,3.,-11.81318328312));
#2992 = CARTESIAN_POINT('',(17.673931857608,3.,-11.61698543162));
#2993 = CARTESIAN_POINT('',(17.801713248439,3.,-11.41899476764));
#2994 = CARTESIAN_POINT('',(18.052163745412,3.,-11.0188121388));
#2995 = CARTESIAN_POINT('',(18.174812291191,3.,-10.81660748714));
#2996 = CARTESIAN_POINT('',(18.294626963589,3.,-10.61270212579));
#2997 = CARTESIAN_POINT('',(18.411575195217,3.,-10.40714781496));
#2998 = CARTESIAN_POINT('',(18.525628690688,3.,-10.2));
#2999 = ORIENTED_EDGE('',*,*,#3000,.F.);
#3000 = EDGE_CURVE('',#3001,#2986,#3003,.T.);
#3001 = VERTEX_POINT('',#3002);
#3002 = CARTESIAN_POINT('',(18.524104066034,3.573471381564,-10.2));
#3003 = B_SPLINE_CURVE_WITH_KNOTS('',8,(#3004,#3005,#3006,#3007,#3008,
    #3009,#3010,#3011,#3012,#3013,#3014,#3015,#3016,#3017,#3018,#3019,
    #3020,#3021,#3022,#3023,#3024,#3025,#3026,#3027,#3028,#3029,#3030,
    #3031,#3032,#3033,#3034,#3035,#3036,#3037,#3038,#3039,#3040,#3041,
    #3042,#3043,#3044,#3045,#3046,#3047,#3048,#3049,#3050,#3051,#3052,
    #3053,#3054),.UNSPECIFIED.,.F.,.F.,(9,7,7,7,7,7,7,9),(0.,
    0.100829602087,0.412013751259,0.687415590825,0.847540949801,
    0.934619733555,0.956139802795,1.),.UNSPECIFIED.);
#3004 = CARTESIAN_POINT('',(18.522151840823,3.648023982993,-10.2));
#3005 = CARTESIAN_POINT('',(18.523591067601,3.598286230325,-10.2));
#3006 = CARTESIAN_POINT('',(18.52482122375,3.548541490648,-10.2));
#3007 = CARTESIAN_POINT('',(18.52584404523,3.49879098282,-10.2));
#3008 = CARTESIAN_POINT('',(18.526660917996,3.449035902812,-10.2));
#3009 = CARTESIAN_POINT('',(18.527272877997,3.399277423713,-10.2));
#3010 = CARTESIAN_POINT('',(18.527680611177,3.349516695726,-10.2));
#3011 = CARTESIAN_POINT('',(18.527884453473,3.299754846172,-10.2));
#3012 = CARTESIAN_POINT('',(18.527884197458,3.096416015726,-10.2));
#3013 = CARTESIAN_POINT('',(18.525941683434,2.942846346791,-10.2));
#3014 = CARTESIAN_POINT('',(18.522058157712,2.789307942292,-10.2));
#3015 = CARTESIAN_POINT('',(18.516201042448,2.635832206027,-10.2));
#3016 = CARTESIAN_POINT('',(18.508308773118,2.48245777095,-10.2));
#3017 = CARTESIAN_POINT('',(18.498285746986,2.329231133268,-10.2));
#3018 = CARTESIAN_POINT('',(18.485987319903,2.176208125685,-10.2));
#3019 = CARTESIAN_POINT('',(18.458103333032,1.888268903432,-10.2));
#3020 = CARTESIAN_POINT('',(18.44306388222,1.753345837461,-10.2));
#3021 = CARTESIAN_POINT('',(18.425917943746,1.61869054984,-10.2));
#3022 = CARTESIAN_POINT('',(18.406474250989,1.484350469337,-10.2));
#3023 = CARTESIAN_POINT('',(18.384455269658,1.350431149156,-10.2));
#3024 = CARTESIAN_POINT('',(18.359509965954,1.217092889894,-10.2));
#3025 = CARTESIAN_POINT('',(18.331150289376,1.084563470442,-10.2));
#3026 = CARTESIAN_POINT('',(18.279466920778,0.876823152427,-10.2));
#3027 = CARTESIAN_POINT('',(18.259029081507,0.800943318867,-10.2));
#3028 = CARTESIAN_POINT('',(18.236963586321,0.725545512129,-10.2));
#3029 = CARTESIAN_POINT('',(18.213030088726,0.650712017587,-10.2));
#3030 = CARTESIAN_POINT('',(18.18695749969,0.576611974338,-10.2));
#3031 = CARTESIAN_POINT('',(18.158342477945,0.503550538846,-10.2));
#3032 = CARTESIAN_POINT('',(18.126716185962,0.431936315108,-10.2));
#3033 = CARTESIAN_POINT('',(18.071719417543,0.324705751592,-10.2));
#3034 = CARTESIAN_POINT('',(18.05121849999,0.287676424062,-10.2));
#3035 = CARTESIAN_POINT('',(18.029401302842,0.251421655545,-10.2));
#3036 = CARTESIAN_POINT('',(18.006074565624,0.216096515965,-10.2));
#3037 = CARTESIAN_POINT('',(17.981029365897,0.181991465094,-10.2));
#3038 = CARTESIAN_POINT('',(17.954043277891,0.149529995581,-10.2));
#3039 = CARTESIAN_POINT('',(17.924865161617,0.119281191812,-10.2));
#3040 = CARTESIAN_POINT('',(17.885315155926,8.527814951448E-02,-10.2));
#3041 = CARTESIAN_POINT('',(17.877328258285,7.872680549842E-02,-10.2));
#3042 = CARTESIAN_POINT('',(17.869188955766,7.237512252141E-02,-10.2));
#3043 = CARTESIAN_POINT('',(17.86089521432,6.623734138E-02,-10.2));
#3044 = CARTESIAN_POINT('',(17.852445922877,6.032874559236E-02,-10.2));
#3045 = CARTESIAN_POINT('',(17.843841070113,5.466538777768E-02,-10.2));
#3046 = CARTESIAN_POINT('',(17.835081921228,4.926381603561E-02,-10.2));
#3047 = CARTESIAN_POINT('',(17.808010183319,3.36995477062E-02,-10.2));
#3048 = CARTESIAN_POINT('',(17.789192768147,2.440017370574E-02,-10.2));
#3049 = CARTESIAN_POINT('',(17.769772452793,1.640837107006E-02,-10.2));
#3050 = CARTESIAN_POINT('',(17.749820006609,9.874724266359E-03,-10.2));
#3051 = CARTESIAN_POINT('',(17.729427208181,4.920341716057E-03,-10.2));
#3052 = CARTESIAN_POINT('',(17.708710588827,1.622488027495E-03,-10.2));
#3053 = CARTESIAN_POINT('',(17.687815176085,2.1622867807E-07,-10.2));
#3054 = CARTESIAN_POINT('',(17.666918237203,0.,-10.2));
#3055 = ORIENTED_EDGE('',*,*,#3056,.T.);
#3056 = EDGE_CURVE('',#3001,#3057,#3059,.T.);
#3057 = VERTEX_POINT('',#3058);
#3058 = CARTESIAN_POINT('',(19.148023982993,3.648023982993,
    -8.970133018034));
#3059 = B_SPLINE_CURVE_WITH_KNOTS('',6,(#3060,#3061,#3062,#3063,#3064,
    #3065,#3066),.UNSPECIFIED.,.F.,.F.,(7,7),(0.,1.),
  .PIECEWISE_BEZIER_KNOTS.);
#3060 = CARTESIAN_POINT('',(18.524037794376,3.573455313566,
    -10.20012103836));
#3061 = CARTESIAN_POINT('',(18.634788506244,3.600309059276,
    -9.997847776375));
#3062 = CARTESIAN_POINT('',(18.742917549736,3.620471521991,
    -9.794248901912));
#3063 = CARTESIAN_POINT('',(18.84835232512,3.634745944006,-9.58953871795
    ));
#3064 = CARTESIAN_POINT('',(18.951036493455,3.643752050827,
    -9.383878721448));
#3065 = CARTESIAN_POINT('',(19.050933704608,3.648023982993,
    -9.177386018106));
#3066 = CARTESIAN_POINT('',(19.148023982993,3.648023982993,
    -8.970133018034));
#3067 = ORIENTED_EDGE('',*,*,#3068,.T.);
#3068 = EDGE_CURVE('',#3057,#3069,#3071,.T.);
#3069 = VERTEX_POINT('',#3070);
#3070 = CARTESIAN_POINT('',(21.144978335636,3.648023982993,-3.469277E-07
    ));
#3071 = B_SPLINE_CURVE_WITH_KNOTS('',8,(#3072,#3073,#3074,#3075,#3076,
    #3077,#3078,#3079,#3080),.UNSPECIFIED.,.F.,.F.,(9,9),(0.,1.),
  .PIECEWISE_BEZIER_KNOTS.);
#3072 = CARTESIAN_POINT('',(19.148023982993,3.648023982993,
    -8.970133018034));
#3073 = CARTESIAN_POINT('',(20.130113622525,3.648023982993,
    -6.87372308371));
#3074 = CARTESIAN_POINT('',(20.850876177654,3.648023982993,
    -4.652321692221));
#3075 = CARTESIAN_POINT('',(21.289890809191,3.648023982993,
    -2.347139017562));
#3076 = CARTESIAN_POINT('',(21.437425070436,3.648023982993,2.041212E-11)
  );
#3077 = CARTESIAN_POINT('',(21.289890809194,3.648023982993,
    2.347139017532));
#3078 = CARTESIAN_POINT('',(20.850876177651,3.648023982993,
    4.652321692233));
#3079 = CARTESIAN_POINT('',(20.130113622526,3.648023982993,
    6.873723083708));
#3080 = CARTESIAN_POINT('',(19.148023982993,3.648023982993,
    8.970133018034));
#3081 = ORIENTED_EDGE('',*,*,#3082,.T.);
#3082 = EDGE_CURVE('',#3069,#3083,#3085,.T.);
#3083 = VERTEX_POINT('',#3084);
#3084 = CARTESIAN_POINT('',(19.148023982993,3.648023982993,
    8.970133018034));
#3085 = B_SPLINE_CURVE_WITH_KNOTS('',8,(#3086,#3087,#3088,#3089,#3090,
    #3091,#3092,#3093,#3094),.UNSPECIFIED.,.F.,.F.,(9,9),(0.,1.),
  .PIECEWISE_BEZIER_KNOTS.);
#3086 = CARTESIAN_POINT('',(19.148023982993,3.648023982993,
    -8.970133018034));
#3087 = CARTESIAN_POINT('',(20.130113622525,3.648023982993,
    -6.87372308371));
#3088 = CARTESIAN_POINT('',(20.850876177654,3.648023982993,
    -4.652321692221));
#3089 = CARTESIAN_POINT('',(21.289890809191,3.648023982993,
    -2.347139017562));
#3090 = CARTESIAN_POINT('',(21.437425070436,3.648023982993,2.041212E-11)
  );
#3091 = CARTESIAN_POINT('',(21.289890809194,3.648023982993,
    2.347139017532));
#3092 = CARTESIAN_POINT('',(20.850876177651,3.648023982993,
    4.652321692233));
#3093 = CARTESIAN_POINT('',(20.130113622526,3.648023982993,
    6.873723083708));
#3094 = CARTESIAN_POINT('',(19.148023982993,3.648023982993,
    8.970133018034));
#3095 = ORIENTED_EDGE('',*,*,#3096,.T.);
#3096 = EDGE_CURVE('',#3083,#3097,#3099,.T.);
#3097 = VERTEX_POINT('',#3098);
#3098 = CARTESIAN_POINT('',(18.524104066034,3.573471381564,10.2));
#3099 = B_SPLINE_CURVE_WITH_KNOTS('',8,(#3100,#3101,#3102,#3103,#3104,
    #3105,#3106,#3107,#3108),.UNSPECIFIED.,.F.,.F.,(9,9),(0.,1.),
  .PIECEWISE_BEZIER_KNOTS.);
#3100 = CARTESIAN_POINT('',(19.148023982993,3.648023982993,
    8.970133018034));
#3101 = CARTESIAN_POINT('',(19.075206373639,3.648024008069,
    9.125572633594));
#3102 = CARTESIAN_POINT('',(19.000884886276,3.645735444741,
    9.280604924729));
#3103 = CARTESIAN_POINT('',(18.925067111503,3.640993326804,
    9.435204312196));
#3104 = CARTESIAN_POINT('',(18.847762925163,3.633616885002,
    9.589334819221));
#3105 = CARTESIAN_POINT('',(18.768987755647,3.623409490283,
    9.742952140454));
#3106 = CARTESIAN_POINT('',(18.688759445028,3.610151237027,
    9.896000847758));
#3107 = CARTESIAN_POINT('',(18.607100857092,3.593595629835,
    10.048416039246));
#3108 = CARTESIAN_POINT('',(18.524037794376,3.573455313566,
    10.200121038369));
#3109 = ORIENTED_EDGE('',*,*,#3110,.T.);
#3110 = EDGE_CURVE('',#3097,#3111,#3113,.T.);
#3111 = VERTEX_POINT('',#3112);
#3112 = CARTESIAN_POINT('',(18.525628690688,3.,10.2));
#3113 = B_SPLINE_CURVE_WITH_KNOTS('',8,(#3114,#3115,#3116,#3117,#3118,
    #3119,#3120,#3121,#3122,#3123,#3124,#3125,#3126,#3127,#3128,#3129,
    #3130,#3131,#3132,#3133,#3134,#3135,#3136,#3137,#3138,#3139,#3140,
    #3141,#3142,#3143,#3144,#3145,#3146,#3147,#3148,#3149,#3150,#3151,
    #3152,#3153,#3154,#3155,#3156,#3157,#3158,#3159,#3160,#3161,#3162,
    #3163,#3164),.UNSPECIFIED.,.F.,.F.,(9,7,7,7,7,7,7,9),(0.,
    0.100829602088,0.412013751255,0.687415590823,0.847540949799,
    0.934619733553,0.956139802793,1.),.UNSPECIFIED.);
#3114 = CARTESIAN_POINT('',(18.522151840823,3.648023982993,10.2));
#3115 = CARTESIAN_POINT('',(18.523591067601,3.598286230325,10.2));
#3116 = CARTESIAN_POINT('',(18.52482122375,3.548541490649,10.2));
#3117 = CARTESIAN_POINT('',(18.52584404523,3.49879098282,10.2));
#3118 = CARTESIAN_POINT('',(18.526660917996,3.449035902812,10.2));
#3119 = CARTESIAN_POINT('',(18.527272877997,3.399277423713,10.2));
#3120 = CARTESIAN_POINT('',(18.527680611177,3.349516695726,10.2));
#3121 = CARTESIAN_POINT('',(18.527884453473,3.299754846172,10.2));
#3122 = CARTESIAN_POINT('',(18.527884197458,3.096416015729,10.2));
#3123 = CARTESIAN_POINT('',(18.525941683434,2.942846346796,10.2));
#3124 = CARTESIAN_POINT('',(18.522058157712,2.7893079423,10.2));
#3125 = CARTESIAN_POINT('',(18.516201042448,2.635832206039,10.2));
#3126 = CARTESIAN_POINT('',(18.508308773119,2.482457770964,10.2));
#3127 = CARTESIAN_POINT('',(18.498285746987,2.329231133285,10.2));
#3128 = CARTESIAN_POINT('',(18.485987319905,2.176208125705,10.2));
#3129 = CARTESIAN_POINT('',(18.458103333035,1.888268903454,10.2));
#3130 = CARTESIAN_POINT('',(18.443063882223,1.753345837481,10.2));
#3131 = CARTESIAN_POINT('',(18.425917943748,1.618690549861,10.2));
#3132 = CARTESIAN_POINT('',(18.406474250992,1.484350469357,10.2));
#3133 = CARTESIAN_POINT('',(18.384455269662,1.350431149175,10.2));
#3134 = CARTESIAN_POINT('',(18.359509965958,1.217092889913,10.2));
#3135 = CARTESIAN_POINT('',(18.33115028938,1.08456347046,10.2));
#3136 = CARTESIAN_POINT('',(18.279466920782,0.876823152444,10.2));
#3137 = CARTESIAN_POINT('',(18.259029081511,0.80094331888,10.2));
#3138 = CARTESIAN_POINT('',(18.236963586327,0.725545512151,10.2));
#3139 = CARTESIAN_POINT('',(18.213030088731,0.650712017594,10.2));
#3140 = CARTESIAN_POINT('',(18.186957499695,0.576611974357,10.2));
#3141 = CARTESIAN_POINT('',(18.15834247795,0.503550538857,10.2));
#3142 = CARTESIAN_POINT('',(18.126716185968,0.43193631512,10.2));
#3143 = CARTESIAN_POINT('',(18.071719417549,0.324705751603,10.2));
#3144 = CARTESIAN_POINT('',(18.051218499997,0.287676424073,10.2));
#3145 = CARTESIAN_POINT('',(18.029401302848,0.251421655555,10.2));
#3146 = CARTESIAN_POINT('',(18.00607456563,0.216096515974,10.2));
#3147 = CARTESIAN_POINT('',(17.981029365904,0.181991465103,10.2));
#3148 = CARTESIAN_POINT('',(17.954043277897,0.149529995589,10.2));
#3149 = CARTESIAN_POINT('',(17.924865161624,0.119281191819,10.2));
#3150 = CARTESIAN_POINT('',(17.885315155933,8.527814952051E-02,10.2));
#3151 = CARTESIAN_POINT('',(17.877328258292,7.872680550423E-02,10.2));
#3152 = CARTESIAN_POINT('',(17.869188955773,7.2375122527E-02,10.2));
#3153 = CARTESIAN_POINT('',(17.860895214328,6.623734138537E-02,10.2));
#3154 = CARTESIAN_POINT('',(17.852445922884,6.032874559751E-02,10.2));
#3155 = CARTESIAN_POINT('',(17.843841070121,5.466538778258E-02,10.2));
#3156 = CARTESIAN_POINT('',(17.835081921235,4.926381604026E-02,10.2));
#3157 = CARTESIAN_POINT('',(17.808010183326,3.369954770963E-02,10.2));
#3158 = CARTESIAN_POINT('',(17.789192768153,2.440017370829E-02,10.2));
#3159 = CARTESIAN_POINT('',(17.769772452799,1.640837107182E-02,10.2));
#3160 = CARTESIAN_POINT('',(17.749820006613,9.874724267444E-03,10.2));
#3161 = CARTESIAN_POINT('',(17.729427208185,4.92034171662E-03,10.2));
#3162 = CARTESIAN_POINT('',(17.70871058883,1.622488027709E-03,10.2));
#3163 = CARTESIAN_POINT('',(17.687815176086,2.1622872656E-07,10.2));
#3164 = CARTESIAN_POINT('',(17.666918237203,4.937E-14,10.2));
#3165 = ORIENTED_EDGE('',*,*,#3166,.T.);
#3166 = EDGE_CURVE('',#3111,#3167,#3169,.T.);
#3167 = VERTEX_POINT('',#3168);
#3168 = CARTESIAN_POINT('',(17.274226998197,3.,12.2));
#3169 = B_SPLINE_CURVE_WITH_KNOTS('',5,(#3170,#3171,#3172,#3173,#3174,
    #3175,#3176,#3177,#3178,#3179),.UNSPECIFIED.,.F.,.F.,(6,4,6),(0.,
    0.500899078851,1.),.UNSPECIFIED.);
#3170 = CARTESIAN_POINT('',(18.525628690689,3.,10.199999999999));
#3171 = CARTESIAN_POINT('',(18.411575195218,3.,10.407147814961));
#3172 = CARTESIAN_POINT('',(18.29462696359,3.,10.612702125792));
#3173 = CARTESIAN_POINT('',(18.174812291193,3.,10.816607487143));
#3174 = CARTESIAN_POINT('',(18.052163745414,3.,11.018812138804));
#3175 = CARTESIAN_POINT('',(17.801713248442,3.,11.418994767645));
#3176 = CARTESIAN_POINT('',(17.67393185761,3.,11.616985431622));
#3177 = CARTESIAN_POINT('',(17.543399962738,3.,11.813183283123));
#3178 = CARTESIAN_POINT('',(17.410154231821,3.,12.007538535513));
#3179 = CARTESIAN_POINT('',(17.274226998197,3.,12.2));
#3180 = ORIENTED_EDGE('',*,*,#3181,.T.);
#3181 = EDGE_CURVE('',#3167,#2241,#3182,.T.);
#3182 = B_SPLINE_CURVE_WITH_KNOTS('',8,(#3183,#3184,#3185,#3186,#3187,
    #3188,#3189,#3190,#3191,#3192,#3193,#3194,#3195,#3196,#3197,#3198,
    #3199,#3200,#3201,#3202,#3203,#3204,#3205,#3206,#3207,#3208,#3209,
    #3210,#3211,#3212,#3213,#3214,#3215,#3216,#3217,#3218,#3219,#3220,
    #3221,#3222,#3223,#3224,#3225,#3226),.UNSPECIFIED.,.F.,.F.,(9,7,7,7,
    7,7,9),(0.,0.334621204291,0.627272051253,0.820183122449,
    0.914010852797,0.941001990326,1.),.UNSPECIFIED.);
#3183 = CARTESIAN_POINT('',(17.274226998197,3.,12.2));
#3184 = CARTESIAN_POINT('',(17.271525027196,2.860625659186,12.2));
#3185 = CARTESIAN_POINT('',(17.267089956831,2.721296167056,12.2));
#3186 = CARTESIAN_POINT('',(17.260897432758,2.582032364888,12.2));
#3187 = CARTESIAN_POINT('',(17.252897178044,2.442863530332,12.2));
#3188 = CARTESIAN_POINT('',(17.24301539078,2.303827185502,12.2));
#3189 = CARTESIAN_POINT('',(17.231149074548,2.164969767832,12.2));
#3190 = CARTESIAN_POINT('',(17.217152301762,2.0263481637,12.2));
#3191 = CARTESIAN_POINT('',(17.186525722137,1.767064541288,12.2));
#3192 = CARTESIAN_POINT('',(17.170451399037,1.646371541004,12.2));
#3193 = CARTESIAN_POINT('',(17.152445267106,1.525965945746,12.2));
#3194 = CARTESIAN_POINT('',(17.132330874148,1.405899601595,12.2));
#3195 = CARTESIAN_POINT('',(17.109867361422,1.286272920379,12.2));
#3196 = CARTESIAN_POINT('',(17.084751681926,1.167234025215,12.2));
#3197 = CARTESIAN_POINT('',(17.056570810577,1.048989429798,12.2));
#3198 = CARTESIAN_POINT('',(17.003554507184,0.854630451271,12.2));
#3199 = CARTESIAN_POINT('',(16.980885637144,0.778016739675,12.2));
#3200 = CARTESIAN_POINT('',(16.956389832608,0.701986405227,12.2));
#3201 = CARTESIAN_POINT('',(16.929793524306,0.626641256116,12.2));
#3202 = CARTESIAN_POINT('',(16.900789977582,0.552192528465,12.2));
#3203 = CARTESIAN_POINT('',(16.868932615166,0.479017585962,12.2));
#3204 = CARTESIAN_POINT('',(16.833705711337,0.4076221498,12.2));
#3205 = CARTESIAN_POINT('',(16.774756488316,0.305427126057,12.2));
#3206 = CARTESIAN_POINT('',(16.754453105478,0.272672058838,12.2));
#3207 = CARTESIAN_POINT('',(16.733003378166,0.240668540241,12.2));
#3208 = CARTESIAN_POINT('',(16.710271672579,0.20956199825,12.2));
#3209 = CARTESIAN_POINT('',(16.686119999302,0.179576480217,12.2));
#3210 = CARTESIAN_POINT('',(16.660406387831,0.151016158298,12.2));
#3211 = CARTESIAN_POINT('',(16.632980901658,0.124269166481,12.2));
#3212 = CARTESIAN_POINT('',(16.595250189659,9.277875949732E-02,12.2));
#3213 = CARTESIAN_POINT('',(16.586669442028,8.593643196599E-02,12.2));
#3214 = CARTESIAN_POINT('',(16.577934909158,7.929912811886E-02,12.2));
#3215 = CARTESIAN_POINT('',(16.569045165886,7.288023427775E-02,12.2));
#3216 = CARTESIAN_POINT('',(16.559999657663,6.669394168578E-02,12.2));
#3217 = CARTESIAN_POINT('',(16.550798854447,6.075500663673E-02,12.2));
#3218 = CARTESIAN_POINT('',(16.541444404588,5.507851060434E-02,12.2));
#3219 = CARTESIAN_POINT('',(16.511162731311,3.787856982918E-02,12.2));
#3220 = CARTESIAN_POINT('',(16.489635768652,2.738658493396E-02,12.2));
#3221 = CARTESIAN_POINT('',(16.467424143899,1.838945687445E-02,12.2));
#3222 = CARTESIAN_POINT('',(16.444612384294,1.10510799224E-02,12.2));
#3223 = CARTESIAN_POINT('',(16.421307579054,5.499226851791E-03,12.2));
#3224 = CARTESIAN_POINT('',(16.397643157273,1.811324357797E-03,12.2));
#3225 = CARTESIAN_POINT('',(16.373782665817,2.284757441E-07,12.2));
#3226 = CARTESIAN_POINT('',(16.349923547222,8.354E-14,12.2));
#3227 = ORIENTED_EDGE('',*,*,#2248,.F.);
#3228 = ORIENTED_EDGE('',*,*,#3229,.F.);
#3229 = EDGE_CURVE('',#3230,#2249,#3232,.T.);
#3230 = VERTEX_POINT('',#3231);
#3231 = CARTESIAN_POINT('',(-17.27422699819,3.,12.2));
#3232 = B_SPLINE_CURVE_WITH_KNOTS('',8,(#3233,#3234,#3235,#3236,#3237,
    #3238,#3239,#3240,#3241,#3242,#3243,#3244,#3245,#3246,#3247,#3248,
    #3249,#3250,#3251,#3252,#3253,#3254,#3255,#3256,#3257,#3258,#3259,
    #3260,#3261,#3262,#3263,#3264,#3265,#3266,#3267,#3268,#3269,#3270,
    #3271,#3272,#3273,#3274,#3275,#3276),.UNSPECIFIED.,.F.,.F.,(9,7,7,7,
    7,7,9),(0.,0.334621204303,0.627272051264,0.820183122457,
    0.914010852803,0.941001990331,1.),.UNSPECIFIED.);
#3233 = CARTESIAN_POINT('',(-17.27422699819,3.,12.2));
#3234 = CARTESIAN_POINT('',(-17.27152502719,2.860625659183,12.2));
#3235 = CARTESIAN_POINT('',(-17.26708995683,2.721296167048,12.2));
#3236 = CARTESIAN_POINT('',(-17.26089743275,2.582032364876,12.2));
#3237 = CARTESIAN_POINT('',(-17.25289717804,2.442863530316,12.2));
#3238 = CARTESIAN_POINT('',(-17.24301539077,2.303827185481,12.2));
#3239 = CARTESIAN_POINT('',(-17.23114907454,2.164969767807,12.2));
#3240 = CARTESIAN_POINT('',(-17.21715230175,2.026348163672,12.2));
#3241 = CARTESIAN_POINT('',(-17.18652572213,1.767064541256,12.2));
#3242 = CARTESIAN_POINT('',(-17.17045139903,1.646371540973,12.2));
#3243 = CARTESIAN_POINT('',(-17.1524452671,1.525965945715,12.2));
#3244 = CARTESIAN_POINT('',(-17.13233087414,1.405899601566,12.2));
#3245 = CARTESIAN_POINT('',(-17.10986736141,1.286272920351,12.2));
#3246 = CARTESIAN_POINT('',(-17.08475168192,1.167234025186,12.2));
#3247 = CARTESIAN_POINT('',(-17.05657081057,1.048989429772,12.2));
#3248 = CARTESIAN_POINT('',(-17.00355450717,0.854630451247,12.2));
#3249 = CARTESIAN_POINT('',(-16.98088563713,0.77801673965,12.2));
#3250 = CARTESIAN_POINT('',(-16.9563898326,0.701986405207,12.2));
#3251 = CARTESIAN_POINT('',(-16.92979352429,0.626641256092,12.2));
#3252 = CARTESIAN_POINT('',(-16.90078997757,0.552192528446,12.2));
#3253 = CARTESIAN_POINT('',(-16.86893261515,0.479017585942,12.2));
#3254 = CARTESIAN_POINT('',(-16.83370571132,0.407622149782,12.2));
#3255 = CARTESIAN_POINT('',(-16.7747564883,0.305427126041,12.2));
#3256 = CARTESIAN_POINT('',(-16.75445310546,0.272672058823,12.2));
#3257 = CARTESIAN_POINT('',(-16.73300337815,0.240668540226,12.2));
#3258 = CARTESIAN_POINT('',(-16.71027167256,0.209561998236,12.2));
#3259 = CARTESIAN_POINT('',(-16.68611999929,0.179576480204,12.2));
#3260 = CARTESIAN_POINT('',(-16.66040638782,0.151016158286,12.2));
#3261 = CARTESIAN_POINT('',(-16.63298090164,0.12426916647,12.2));
#3262 = CARTESIAN_POINT('',(-16.59525018964,9.277875948794E-02,12.2));
#3263 = CARTESIAN_POINT('',(-16.58666944201,8.593643195694E-02,12.2));
#3264 = CARTESIAN_POINT('',(-16.57793490914,7.929912811015E-02,12.2));
#3265 = CARTESIAN_POINT('',(-16.56904516587,7.288023426936E-02,12.2));
#3266 = CARTESIAN_POINT('',(-16.55999965765,6.669394167773E-02,12.2));
#3267 = CARTESIAN_POINT('',(-16.55079885443,6.075500662904E-02,12.2));
#3268 = CARTESIAN_POINT('',(-16.54144440457,5.507851059704E-02,12.2));
#3269 = CARTESIAN_POINT('',(-16.5111627313,3.787856982378E-02,12.2));
#3270 = CARTESIAN_POINT('',(-16.48963576864,2.738658493E-02,12.2));
#3271 = CARTESIAN_POINT('',(-16.46742414389,1.838945687176E-02,12.2));
#3272 = CARTESIAN_POINT('',(-16.44461238428,1.105107992078E-02,12.2));
#3273 = CARTESIAN_POINT('',(-16.42130757904,5.499226850988E-03,12.2));
#3274 = CARTESIAN_POINT('',(-16.39764315727,1.811324357541E-03,12.2));
#3275 = CARTESIAN_POINT('',(-16.37378266581,2.2847575844E-07,12.2));
#3276 = CARTESIAN_POINT('',(-16.34992354722,9.778E-14,12.2));
#3277 = ORIENTED_EDGE('',*,*,#3278,.T.);
#3278 = EDGE_CURVE('',#3230,#3279,#3281,.T.);
#3279 = VERTEX_POINT('',#3280);
#3280 = CARTESIAN_POINT('',(-18.52562869068,3.,10.2));
#3281 = B_SPLINE_CURVE_WITH_KNOTS('',5,(#3282,#3283,#3284,#3285,#3286,
    #3287,#3288,#3289,#3290,#3291),.UNSPECIFIED.,.F.,.F.,(6,4,6),(0.,
    0.499100921147,1.),.UNSPECIFIED.);
#3282 = CARTESIAN_POINT('',(-17.27422699819,3.,12.2));
#3283 = CARTESIAN_POINT('',(-17.41015423182,3.,12.007538535514));
#3284 = CARTESIAN_POINT('',(-17.54339996273,3.,11.813183283125));
#3285 = CARTESIAN_POINT('',(-17.6739318576,3.,11.616985431624));
#3286 = CARTESIAN_POINT('',(-17.80171324843,3.,11.418994767648));
#3287 = CARTESIAN_POINT('',(-18.05216374541,3.,11.018812138808));
#3288 = CARTESIAN_POINT('',(-18.17481229119,3.,10.816607487146));
#3289 = CARTESIAN_POINT('',(-18.29462696358,3.,10.612702125794));
#3290 = CARTESIAN_POINT('',(-18.41157519521,3.,10.407147814962));
#3291 = CARTESIAN_POINT('',(-18.52562869068,3.,10.199999999999));
#3292 = ORIENTED_EDGE('',*,*,#3293,.F.);
#3293 = EDGE_CURVE('',#3294,#3279,#3296,.T.);
#3294 = VERTEX_POINT('',#3295);
#3295 = CARTESIAN_POINT('',(-18.52410406603,3.573471381564,10.2));
#3296 = B_SPLINE_CURVE_WITH_KNOTS('',8,(#3297,#3298,#3299,#3300,#3301,
    #3302,#3303,#3304,#3305,#3306,#3307,#3308,#3309,#3310,#3311,#3312,
    #3313,#3314,#3315,#3316,#3317,#3318,#3319,#3320,#3321,#3322,#3323,
    #3324,#3325,#3326,#3327,#3328,#3329,#3330,#3331,#3332,#3333,#3334,
    #3335,#3336,#3337,#3338,#3339,#3340,#3341,#3342,#3343,#3344,#3345,
    #3346,#3347),.UNSPECIFIED.,.F.,.F.,(9,7,7,7,7,7,7,9),(0.,
    0.100829602086,0.412013751254,0.687415590819,0.847540949796,
    0.934619733552,0.956139802792,1.),.UNSPECIFIED.);
#3297 = CARTESIAN_POINT('',(-18.52215184082,3.648023982993,10.2));
#3298 = CARTESIAN_POINT('',(-18.5235910676,3.598286230325,10.2));
#3299 = CARTESIAN_POINT('',(-18.52482122375,3.548541490649,10.2));
#3300 = CARTESIAN_POINT('',(-18.52584404523,3.49879098282,10.2));
#3301 = CARTESIAN_POINT('',(-18.52666091799,3.449035902812,10.2));
#3302 = CARTESIAN_POINT('',(-18.52727287799,3.399277423713,10.2));
#3303 = CARTESIAN_POINT('',(-18.52768061117,3.349516695726,10.2));
#3304 = CARTESIAN_POINT('',(-18.52788445347,3.299754846172,10.2));
#3305 = CARTESIAN_POINT('',(-18.52788419745,3.096416015728,10.2));
#3306 = CARTESIAN_POINT('',(-18.52594168343,2.942846346794,10.2));
#3307 = CARTESIAN_POINT('',(-18.52205815771,2.789307942296,10.2));
#3308 = CARTESIAN_POINT('',(-18.51620104244,2.635832206033,10.2));
#3309 = CARTESIAN_POINT('',(-18.50830877311,2.482457770957,10.2));
#3310 = CARTESIAN_POINT('',(-18.49828574698,2.329231133276,10.2));
#3311 = CARTESIAN_POINT('',(-18.4859873199,2.176208125695,10.2));
#3312 = CARTESIAN_POINT('',(-18.45810333303,1.888268903443,10.2));
#3313 = CARTESIAN_POINT('',(-18.44306388222,1.753345837471,10.2));
#3314 = CARTESIAN_POINT('',(-18.42591794374,1.61869054985,10.2));
#3315 = CARTESIAN_POINT('',(-18.40647425099,1.484350469347,10.2));
#3316 = CARTESIAN_POINT('',(-18.38445526966,1.350431149165,10.2));
#3317 = CARTESIAN_POINT('',(-18.35950996595,1.217092889903,10.2));
#3318 = CARTESIAN_POINT('',(-18.33115028937,1.084563470451,10.2));
#3319 = CARTESIAN_POINT('',(-18.27946692078,0.876823152434,10.2));
#3320 = CARTESIAN_POINT('',(-18.25902908151,0.80094331888,10.2));
#3321 = CARTESIAN_POINT('',(-18.23696358632,0.725545512124,10.2));
#3322 = CARTESIAN_POINT('',(-18.21303008873,0.650712017612,10.2));
#3323 = CARTESIAN_POINT('',(-18.18695749968,0.57661197433,10.2));
#3324 = CARTESIAN_POINT('',(-18.15834247795,0.50355053886,10.2));
#3325 = CARTESIAN_POINT('',(-18.12671618596,0.431936315112,10.2));
#3326 = CARTESIAN_POINT('',(-18.07171941754,0.324705751597,10.2));
#3327 = CARTESIAN_POINT('',(-18.05121849999,0.287676424067,10.2));
#3328 = CARTESIAN_POINT('',(-18.02940130284,0.25142165555,10.2));
#3329 = CARTESIAN_POINT('',(-18.00607456562,0.216096515969,10.2));
#3330 = CARTESIAN_POINT('',(-17.9810293659,0.181991465098,10.2));
#3331 = CARTESIAN_POINT('',(-17.95404327789,0.149529995585,10.2));
#3332 = CARTESIAN_POINT('',(-17.92486516162,0.119281191816,10.2));
#3333 = CARTESIAN_POINT('',(-17.88531515592,8.527814951752E-02,10.2));
#3334 = CARTESIAN_POINT('',(-17.87732825828,7.872680550136E-02,10.2));
#3335 = CARTESIAN_POINT('',(-17.86918895577,7.237512252424E-02,10.2));
#3336 = CARTESIAN_POINT('',(-17.86089521432,6.623734138272E-02,10.2));
#3337 = CARTESIAN_POINT('',(-17.85244592288,6.032874559495E-02,10.2));
#3338 = CARTESIAN_POINT('',(-17.84384107011,5.466538778015E-02,10.2));
#3339 = CARTESIAN_POINT('',(-17.83508192123,4.926381603796E-02,10.2));
#3340 = CARTESIAN_POINT('',(-17.80801018332,3.369954770795E-02,10.2));
#3341 = CARTESIAN_POINT('',(-17.78919276815,2.440017370704E-02,10.2));
#3342 = CARTESIAN_POINT('',(-17.76977245279,1.640837107096E-02,10.2));
#3343 = CARTESIAN_POINT('',(-17.74982000661,9.874724266932E-03,10.2));
#3344 = CARTESIAN_POINT('',(-17.72942720818,4.920341716374E-03,10.2));
#3345 = CARTESIAN_POINT('',(-17.70871058882,1.622488027638E-03,10.2));
#3346 = CARTESIAN_POINT('',(-17.68781517608,2.1622873157E-07,10.2));
#3347 = CARTESIAN_POINT('',(-17.6669182372,5.437E-14,10.2));
#3348 = ORIENTED_EDGE('',*,*,#3349,.T.);
#3349 = EDGE_CURVE('',#3294,#3350,#3352,.T.);
#3350 = VERTEX_POINT('',#3351);
#3351 = CARTESIAN_POINT('',(-19.14802398299,3.648023982993,
    8.970133018034));
#3352 = B_SPLINE_CURVE_WITH_KNOTS('',6,(#3353,#3354,#3355,#3356,#3357,
    #3358,#3359),.UNSPECIFIED.,.F.,.F.,(7,7),(0.,1.),
  .PIECEWISE_BEZIER_KNOTS.);
#3353 = CARTESIAN_POINT('',(-18.52403793951,3.573455348759,
    10.200120773286));
#3354 = CARTESIAN_POINT('',(-18.63478862433,3.600309081296,9.99784755402
    ));
#3355 = CARTESIAN_POINT('',(-18.74291764185,3.620471534462,
    9.794248723059));
#3356 = CARTESIAN_POINT('',(-18.8483523924,3.634745949907,9.589538583191
    ));
#3357 = CARTESIAN_POINT('',(-18.95103653709,3.643752052694,
    9.383878631244));
#3358 = CARTESIAN_POINT('',(-19.05093372581,3.648023982993,
    9.177385972834));
#3359 = CARTESIAN_POINT('',(-19.14802398299,3.648023982993,
    8.970133018034));
#3360 = ORIENTED_EDGE('',*,*,#3361,.T.);
#3361 = EDGE_CURVE('',#3350,#2826,#3362,.T.);
#3362 = B_SPLINE_CURVE_WITH_KNOTS('',6,(#3363,#3364,#3365,#3366,#3367,
    #3368,#3369),.UNSPECIFIED.,.F.,.F.,(7,7),(0.,1.),
  .PIECEWISE_BEZIER_KNOTS.);
#3363 = CARTESIAN_POINT('',(-19.14802398299,3.648023982993,
    8.970133018034));
#3364 = CARTESIAN_POINT('',(-19.80297829774,3.648023982993,
    7.572039934983));
#3365 = CARTESIAN_POINT('',(-20.33549340072,3.648023982993,
    6.116434857354));
#3366 = CARTESIAN_POINT('',(-20.73911321462,3.648023982993,
    4.616995353915));
#3367 = CARTESIAN_POINT('',(-21.00970461955,3.648023982993,
    3.087940782768));
#3368 = CARTESIAN_POINT('',(-21.14497833563,3.648023982993,
    1.543900877521));
#3369 = CARTESIAN_POINT('',(-21.14497833563,3.648023982993,-5.33E-15));
#3370 = SURFACE_OF_REVOLUTION('',#3371,#3376);
#3371 = B_SPLINE_CURVE_WITH_KNOTS('',3,(#3372,#3373,#3374,#3375),
  .UNSPECIFIED.,.F.,.F.,(4,4),(0.,1.),.PIECEWISE_BEZIER_KNOTS.);
#3372 = CARTESIAN_POINT('',(-20.4,6.500011948131,-1.44E-15));
#3373 = CARTESIAN_POINT('',(-21.4,6.500011948131,-1.44E-15));
#3374 = CARTESIAN_POINT('',(-21.4,1.194813132758E-05,0.));
#3375 = CARTESIAN_POINT('',(-20.4,4.53E-15,0.));
#3376 = AXIS1_PLACEMENT('',#3377,#3378);
#3377 = CARTESIAN_POINT('',(0.,0.,0.));
#3378 = DIRECTION('',(0.,1.,-2.2E-16));
#3379 = ADVANCED_FACE('',(#3380),#3416,.F.);
#3380 = FACE_BOUND('',#3381,.T.);
#3381 = EDGE_LOOP('',(#3382,#3383,#3384,#3392,#3401,#3409));
#3382 = ORIENTED_EDGE('',*,*,#2192,.F.);
#3383 = ORIENTED_EDGE('',*,*,#2936,.F.);
#3384 = ORIENTED_EDGE('',*,*,#3385,.T.);
#3385 = EDGE_CURVE('',#2937,#3386,#3388,.T.);
#3386 = VERTEX_POINT('',#3387);
#3387 = CARTESIAN_POINT('',(19.148023982993,3.,-12.2));
#3388 = LINE('',#3389,#3390);
#3389 = CARTESIAN_POINT('',(18.748973765108,3.,-12.2));
#3390 = VECTOR('',#3391,1.);
#3391 = DIRECTION('',(1.,-3.38E-15,6.7E-16));
#3392 = ORIENTED_EDGE('',*,*,#3393,.F.);
#3393 = EDGE_CURVE('',#3394,#3386,#3396,.T.);
#3394 = VERTEX_POINT('',#3395);
#3395 = CARTESIAN_POINT('',(21.148023982993,1.,-12.2));
#3396 = CIRCLE('',#3397,2.);
#3397 = AXIS2_PLACEMENT_3D('',#3398,#3399,#3400);
#3398 = CARTESIAN_POINT('',(19.148023982993,1.,-12.2));
#3399 = DIRECTION('',(0.,3.22E-15,1.));
#3400 = DIRECTION('',(3.93E-15,1.,-3.22E-15));
#3401 = ORIENTED_EDGE('',*,*,#3402,.F.);
#3402 = EDGE_CURVE('',#3403,#3394,#3405,.T.);
#3403 = VERTEX_POINT('',#3404);
#3404 = CARTESIAN_POINT('',(21.148023982993,0.9999,-12.2));
#3405 = LINE('',#3406,#3407);
#3406 = CARTESIAN_POINT('',(21.148023982993,-5.48E-14,-12.2));
#3407 = VECTOR('',#3408,1.);
#3408 = DIRECTION('',(2.3E-15,1.,-1.83E-15));
#3409 = ORIENTED_EDGE('',*,*,#3410,.T.);
#3410 = EDGE_CURVE('',#3403,#2193,#3411,.T.);
#3411 = CIRCLE('',#3412,0.9999);
#3412 = AXIS2_PLACEMENT_3D('',#3413,#3414,#3415);
#3413 = CARTESIAN_POINT('',(20.148123982993,0.9999,-12.2));
#3414 = DIRECTION('',(0.,-1.83E-15,-1.));
#3415 = DIRECTION('',(3.93E-15,1.,-1.83E-15));
#3416 = PLANE('',#3417);
#3417 = AXIS2_PLACEMENT_3D('',#3418,#3419,#3420);
#3418 = CARTESIAN_POINT('',(16.349923547222,-4.483E-14,-12.2));
#3419 = DIRECTION('',(-6.7E-16,1.39E-15,1.));
#3420 = DIRECTION('',(-1.,2.08E-15,-6.7E-16));
#3421 = ADVANCED_FACE('',(#3422),#3441,.T.);
#3422 = FACE_BOUND('',#3423,.T.);
#3423 = EDGE_LOOP('',(#3424,#3433,#3434,#3435));
#3424 = ORIENTED_EDGE('',*,*,#3425,.T.);
#3425 = EDGE_CURVE('',#3426,#2201,#3428,.T.);
#3426 = VERTEX_POINT('',#3427);
#3427 = CARTESIAN_POINT('',(21.148023982993,0.9999,-10.2));
#3428 = CIRCLE('',#3429,0.9999);
#3429 = AXIS2_PLACEMENT_3D('',#3430,#3431,#3432);
#3430 = CARTESIAN_POINT('',(20.148123982993,0.9999,-10.2));
#3431 = DIRECTION('',(0.,-1.83E-15,-1.));
#3432 = DIRECTION('',(3.93E-15,1.,-1.83E-15));
#3433 = ORIENTED_EDGE('',*,*,#2200,.T.);
#3434 = ORIENTED_EDGE('',*,*,#3410,.F.);
#3435 = ORIENTED_EDGE('',*,*,#3436,.F.);
#3436 = EDGE_CURVE('',#3426,#3403,#3437,.T.);
#3437 = LINE('',#3438,#3439);
#3438 = CARTESIAN_POINT('',(21.148023982993,0.9999,-10.2));
#3439 = VECTOR('',#3440,1.);
#3440 = DIRECTION('',(0.,-1.39E-15,-1.));
#3441 = CYLINDRICAL_SURFACE('',#3442,0.9999);
#3442 = AXIS2_PLACEMENT_3D('',#3443,#3444,#3445);
#3443 = CARTESIAN_POINT('',(20.148123982993,0.9999,-10.2));
#3444 = DIRECTION('',(0.,-1.39E-15,-1.));
#3445 = DIRECTION('',(1.,-2.08E-15,2.8912E-30));
#3446 = ADVANCED_FACE('',(#3447,#3556),#3583,.T.);
#3447 = FACE_BOUND('',#3448,.T.);
#3448 = EDGE_LOOP('',(#3449,#3450,#3451,#3459,#3468,#3474,#3523,#3532,
    #3541,#3550));
#3449 = ORIENTED_EDGE('',*,*,#2208,.F.);
#3450 = ORIENTED_EDGE('',*,*,#3425,.F.);
#3451 = ORIENTED_EDGE('',*,*,#3452,.T.);
#3452 = EDGE_CURVE('',#3426,#3453,#3455,.T.);
#3453 = VERTEX_POINT('',#3454);
#3454 = CARTESIAN_POINT('',(21.148023982993,1.,-10.2));
#3455 = LINE('',#3456,#3457);
#3456 = CARTESIAN_POINT('',(21.148023982993,-5.246E-14,-10.2));
#3457 = VECTOR('',#3458,1.);
#3458 = DIRECTION('',(2.3E-15,1.,-1.83E-15));
#3459 = ORIENTED_EDGE('',*,*,#3460,.T.);
#3460 = EDGE_CURVE('',#3453,#3461,#3463,.T.);
#3461 = VERTEX_POINT('',#3462);
#3462 = CARTESIAN_POINT('',(19.148023982993,3.,-10.2));
#3463 = CIRCLE('',#3464,2.);
#3464 = AXIS2_PLACEMENT_3D('',#3465,#3466,#3467);
#3465 = CARTESIAN_POINT('',(19.148023982993,1.,-10.2));
#3466 = DIRECTION('',(0.,3.22E-15,1.));
#3467 = DIRECTION('',(3.93E-15,1.,-3.22E-15));
#3468 = ORIENTED_EDGE('',*,*,#3469,.F.);
#3469 = EDGE_CURVE('',#2986,#3461,#3470,.T.);
#3470 = LINE('',#3471,#3472);
#3471 = CARTESIAN_POINT('',(19.407471110098,3.,-10.2));
#3472 = VECTOR('',#3473,1.);
#3473 = DIRECTION('',(1.,-3.38E-15,6.7E-16));
#3474 = ORIENTED_EDGE('',*,*,#3475,.T.);
#3475 = EDGE_CURVE('',#2986,#3476,#3478,.T.);
#3476 = VERTEX_POINT('',#3477);
#3477 = CARTESIAN_POINT('',(18.523455174401,2.899977316531,-10.2));
#3478 = B_SPLINE_CURVE_WITH_KNOTS('',8,(#3479,#3480,#3481,#3482,#3483,
    #3484,#3485,#3486,#3487,#3488,#3489,#3490,#3491,#3492,#3493,#3494,
    #3495,#3496,#3497,#3498,#3499,#3500,#3501,#3502,#3503,#3504,#3505,
    #3506,#3507,#3508,#3509,#3510,#3511,#3512,#3513,#3514,#3515,#3516,
    #3517,#3518,#3519,#3520,#3521,#3522),.UNSPECIFIED.,.F.,.F.,(9,7,7,7,
    7,7,9),(0.,0.335101079815,0.630500032042,0.82090003664,0.92178014367
    ,0.947526394269,1.),.UNSPECIFIED.);
#3479 = CARTESIAN_POINT('',(18.525628690688,3.,-10.2));
#3480 = CARTESIAN_POINT('',(18.523130446621,2.861798952331,-10.2));
#3481 = CARTESIAN_POINT('',(18.519043235215,2.723636764214,-10.2));
#3482 = CARTESIAN_POINT('',(18.513344783322,2.585531647855,-10.2));
#3483 = CARTESIAN_POINT('',(18.505989417175,2.447508930013,-10.2));
#3484 = CARTESIAN_POINT('',(18.496910106911,2.309600909198,-10.2));
#3485 = CARTESIAN_POINT('',(18.48601328273,2.171847454766,-10.2));
#3486 = CARTESIAN_POINT('',(18.473166422684,2.034297347915,-10.2));
#3487 = CARTESIAN_POINT('',(18.444966151999,1.775988877417,-10.2));
#3488 = CARTESIAN_POINT('',(18.430094219627,1.655208028157,-10.2));
#3489 = CARTESIAN_POINT('',(18.413426882693,1.534678713763,-10.2));
#3490 = CARTESIAN_POINT('',(18.394800406449,1.414445902689,-10.2));
#3491 = CARTESIAN_POINT('',(18.373989448706,1.294597530097,-10.2));
#3492 = CARTESIAN_POINT('',(18.350709717832,1.175263590211,-10.2));
#3493 = CARTESIAN_POINT('',(18.324571876579,1.056625880892,-10.2));
#3494 = CARTESIAN_POINT('',(18.275777684638,0.863116331324,-10.2));
#3495 = CARTESIAN_POINT('',(18.255212184635,0.787782452624,-10.2));
#3496 = CARTESIAN_POINT('',(18.23301043725,0.712939287134,-10.2));
#3497 = CARTESIAN_POINT('',(18.208928216693,0.638670522529,-10.2));
#3498 = CARTESIAN_POINT('',(18.182691150238,0.565149385208,-10.2));
#3499 = CARTESIAN_POINT('',(18.153889400084,0.49269049889,-10.2));
#3500 = CARTESIAN_POINT('',(18.122049163602,0.421714530361,-10.2));
#3501 = CARTESIAN_POINT('',(18.067152953941,0.316523663523,-10.2));
#3502 = CARTESIAN_POINT('',(18.047054972661,0.280809550681,-10.2));
#3503 = CARTESIAN_POINT('',(18.025696423895,0.245850411134,-10.2));
#3504 = CARTESIAN_POINT('',(18.00289771202,0.211797055569,-10.2));
#3505 = CARTESIAN_POINT('',(17.978466124496,0.178922549175,-10.2));
#3506 = CARTESIAN_POINT('',(17.952196990352,0.147620863168,-10.2));
#3507 = CARTESIAN_POINT('',(17.923860781552,0.118417677959,-10.2));
#3508 = CARTESIAN_POINT('',(17.885315155933,8.527814952047E-02,-10.2));
#3509 = CARTESIAN_POINT('',(17.877328258292,7.872680550421E-02,-10.2));
#3510 = CARTESIAN_POINT('',(17.869188955774,7.237512252698E-02,-10.2));
#3511 = CARTESIAN_POINT('',(17.860895214328,6.623734138533E-02,-10.2));
#3512 = CARTESIAN_POINT('',(17.852445922884,6.032874559745E-02,-10.2));
#3513 = CARTESIAN_POINT('',(17.843841070121,5.466538778254E-02,-10.2));
#3514 = CARTESIAN_POINT('',(17.835081921235,4.926381604024E-02,-10.2));
#3515 = CARTESIAN_POINT('',(17.808010183326,3.36995477096E-02,-10.2));
#3516 = CARTESIAN_POINT('',(17.789192768153,2.440017370824E-02,-10.2));
#3517 = CARTESIAN_POINT('',(17.769772452799,1.640837107176E-02,-10.2));
#3518 = CARTESIAN_POINT('',(17.749820006613,9.874724267395E-03,-10.2));
#3519 = CARTESIAN_POINT('',(17.729427208185,4.920341716582E-03,-10.2));
#3520 = CARTESIAN_POINT('',(17.70871058883,1.622488027673E-03,-10.2));
#3521 = CARTESIAN_POINT('',(17.687815176086,2.1622867845E-07,-10.2));
#3522 = CARTESIAN_POINT('',(17.666918237203,1.28E-15,-10.2));
#3523 = ORIENTED_EDGE('',*,*,#3524,.F.);
#3524 = EDGE_CURVE('',#3525,#3476,#3527,.T.);
#3525 = VERTEX_POINT('',#3526);
#3526 = CARTESIAN_POINT('',(17.666918237203,2.343996194111,-10.2));
#3527 = CIRCLE('',#3528,2.);
#3528 = AXIS2_PLACEMENT_3D('',#3529,#3530,#3531);
#3529 = CARTESIAN_POINT('',(19.148023982993,1.,-10.2));
#3530 = DIRECTION('',(1.11E-15,-1.44E-15,-1.));
#3531 = DIRECTION('',(-1.,6.7E-16,-1.11E-15));
#3532 = ORIENTED_EDGE('',*,*,#3533,.F.);
#3533 = EDGE_CURVE('',#3534,#3525,#3536,.T.);
#3534 = VERTEX_POINT('',#3535);
#3535 = CARTESIAN_POINT('',(17.559647266435,2.215343328568,-10.2));
#3536 = CIRCLE('',#3537,2.);
#3537 = AXIS2_PLACEMENT_3D('',#3538,#3539,#3540);
#3538 = CARTESIAN_POINT('',(19.148023982993,1.,-10.2));
#3539 = DIRECTION('',(1.11E-15,-1.44E-15,-1.));
#3540 = DIRECTION('',(-1.,6.7E-16,-1.11E-15));
#3541 = ORIENTED_EDGE('',*,*,#3542,.F.);
#3542 = EDGE_CURVE('',#3543,#3534,#3545,.T.);
#3543 = VERTEX_POINT('',#3544);
#3544 = CARTESIAN_POINT('',(17.148023982993,0.999999953363,-10.2));
#3545 = CIRCLE('',#3546,2.);
#3546 = AXIS2_PLACEMENT_3D('',#3547,#3548,#3549);
#3547 = CARTESIAN_POINT('',(19.148023982993,1.,-10.2));
#3548 = DIRECTION('',(1.11E-15,-1.44E-15,-1.));
#3549 = DIRECTION('',(-1.,6.7E-16,-1.11E-15));
#3550 = ORIENTED_EDGE('',*,*,#3551,.T.);
#3551 = EDGE_CURVE('',#3543,#2209,#3552,.T.);
#3552 = LINE('',#3553,#3554);
#3553 = CARTESIAN_POINT('',(17.148023982993,0.999999953363,-10.2));
#3554 = VECTOR('',#3555,1.);
#3555 = DIRECTION('',(-3.3E-16,-1.,2.E-15));
#3556 = FACE_BOUND('',#3557,.T.);
#3557 = EDGE_LOOP('',(#3558,#3569,#3577));
#3558 = ORIENTED_EDGE('',*,*,#3559,.T.);
#3559 = EDGE_CURVE('',#3560,#3562,#3564,.T.);
#3560 = VERTEX_POINT('',#3561);
#3561 = CARTESIAN_POINT('',(19.501577373586,1.353553390593,-10.2));
#3562 = VERTEX_POINT('',#3563);
#3563 = CARTESIAN_POINT('',(18.7944705924,1.353553390593,-10.2));
#3564 = CIRCLE('',#3565,0.5);
#3565 = AXIS2_PLACEMENT_3D('',#3566,#3567,#3568);
#3566 = CARTESIAN_POINT('',(19.148023982993,1.,-10.2));
#3567 = DIRECTION('',(1.11E-15,-1.44E-15,-1.));
#3568 = DIRECTION('',(-1.,3.93E-15,-1.11E-15));
#3569 = ORIENTED_EDGE('',*,*,#3570,.F.);
#3570 = EDGE_CURVE('',#3571,#3562,#3573,.T.);
#3571 = VERTEX_POINT('',#3572);
#3572 = CARTESIAN_POINT('',(19.148023982993,1.707106781187,-10.2));
#3573 = LINE('',#3574,#3575);
#3574 = CARTESIAN_POINT('',(19.148023982993,1.707106781187,-10.2));
#3575 = VECTOR('',#3576,1.);
#3576 = DIRECTION('',(-0.707106781187,-0.707106781187,2.371067811865E-16
    ));
#3577 = ORIENTED_EDGE('',*,*,#3578,.F.);
#3578 = EDGE_CURVE('',#3560,#3571,#3579,.T.);
#3579 = LINE('',#3580,#3581);
#3580 = CARTESIAN_POINT('',(19.501577373586,1.353553390593,-10.2));
#3581 = VECTOR('',#3582,1.);
#3582 = DIRECTION('',(-0.707106781187,0.707106781187,-1.807106781187E-15
    ));
#3583 = PLANE('',#3584);
#3584 = AXIS2_PLACEMENT_3D('',#3585,#3586,#3587);
#3585 = CARTESIAN_POINT('',(19.050845784193,1.301017724336,-10.2));
#3586 = DIRECTION('',(1.09E-15,2.2E-16,1.));
#3587 = DIRECTION('',(1.,0.,-1.09E-15));
#3588 = ADVANCED_FACE('',(#3589),#3607,.F.);
#3589 = FACE_BOUND('',#3590,.T.);
#3590 = EDGE_LOOP('',(#3591,#3592,#3600,#3606));
#3591 = ORIENTED_EDGE('',*,*,#3551,.F.);
#3592 = ORIENTED_EDGE('',*,*,#3593,.T.);
#3593 = EDGE_CURVE('',#3543,#3594,#3596,.T.);
#3594 = VERTEX_POINT('',#3595);
#3595 = CARTESIAN_POINT('',(17.148023982993,0.999999953363,10.2));
#3596 = LINE('',#3597,#3598);
#3597 = CARTESIAN_POINT('',(17.148023982993,0.999999953363,-10.2));
#3598 = VECTOR('',#3599,1.);
#3599 = DIRECTION('',(-7.8E-16,1.22E-15,1.));
#3600 = ORIENTED_EDGE('',*,*,#3601,.T.);
#3601 = EDGE_CURVE('',#3594,#2217,#3602,.T.);
#3602 = LINE('',#3603,#3604);
#3603 = CARTESIAN_POINT('',(17.148023982993,0.499999976682,10.2));
#3604 = VECTOR('',#3605,1.);
#3605 = DIRECTION('',(-5.6E-16,-1.,1.66E-15));
#3606 = ORIENTED_EDGE('',*,*,#2216,.F.);
#3607 = PLANE('',#3608);
#3608 = AXIS2_PLACEMENT_3D('',#3609,#3610,#3611);
#3609 = CARTESIAN_POINT('',(17.148023982993,0.999999953363,-10.2));
#3610 = DIRECTION('',(-1.,7.8E-16,-7.8E-16));
#3611 = DIRECTION('',(7.8E-16,1.,-1.89E-15));
#3612 = ADVANCED_FACE('',(#3613,#3723),#3750,.T.);
#3613 = FACE_BOUND('',#3614,.T.);
#3614 = EDGE_LOOP('',(#3615,#3616,#3625,#3634,#3643,#3690,#3698,#3707,
    #3715,#3722));
#3615 = ORIENTED_EDGE('',*,*,#3601,.F.);
#3616 = ORIENTED_EDGE('',*,*,#3617,.F.);
#3617 = EDGE_CURVE('',#3618,#3594,#3620,.T.);
#3618 = VERTEX_POINT('',#3619);
#3619 = CARTESIAN_POINT('',(17.559647266435,2.215343328568,10.2));
#3620 = CIRCLE('',#3621,2.);
#3621 = AXIS2_PLACEMENT_3D('',#3622,#3623,#3624);
#3622 = CARTESIAN_POINT('',(19.148023982993,1.,10.2));
#3623 = DIRECTION('',(-1.11E-15,1.89E-15,1.));
#3624 = DIRECTION('',(-1.,5.6E-16,-1.11E-15));
#3625 = ORIENTED_EDGE('',*,*,#3626,.F.);
#3626 = EDGE_CURVE('',#3627,#3618,#3629,.T.);
#3627 = VERTEX_POINT('',#3628);
#3628 = CARTESIAN_POINT('',(17.666918237203,2.343996194111,10.2));
#3629 = CIRCLE('',#3630,2.);
#3630 = AXIS2_PLACEMENT_3D('',#3631,#3632,#3633);
#3631 = CARTESIAN_POINT('',(19.148023982993,1.,10.2));
#3632 = DIRECTION('',(-1.11E-15,1.89E-15,1.));
#3633 = DIRECTION('',(-1.,5.6E-16,-1.11E-15));
#3634 = ORIENTED_EDGE('',*,*,#3635,.F.);
#3635 = EDGE_CURVE('',#3636,#3627,#3638,.T.);
#3636 = VERTEX_POINT('',#3637);
#3637 = CARTESIAN_POINT('',(18.523455174401,2.899977316531,10.2));
#3638 = CIRCLE('',#3639,2.);
#3639 = AXIS2_PLACEMENT_3D('',#3640,#3641,#3642);
#3640 = CARTESIAN_POINT('',(19.148023982993,1.,10.2));
#3641 = DIRECTION('',(-1.11E-15,1.89E-15,1.));
#3642 = DIRECTION('',(-1.,5.6E-16,-1.11E-15));
#3643 = ORIENTED_EDGE('',*,*,#3644,.F.);
#3644 = EDGE_CURVE('',#3111,#3636,#3645,.T.);
#3645 = B_SPLINE_CURVE_WITH_KNOTS('',8,(#3646,#3647,#3648,#3649,#3650,
    #3651,#3652,#3653,#3654,#3655,#3656,#3657,#3658,#3659,#3660,#3661,
    #3662,#3663,#3664,#3665,#3666,#3667,#3668,#3669,#3670,#3671,#3672,
    #3673,#3674,#3675,#3676,#3677,#3678,#3679,#3680,#3681,#3682,#3683,
    #3684,#3685,#3686,#3687,#3688,#3689),.UNSPECIFIED.,.F.,.F.,(9,7,7,7,
    7,7,9),(0.,0.335101079821,0.630500032051,0.820900036647,
    0.921780143674,0.947526394271,1.),.UNSPECIFIED.);
#3646 = CARTESIAN_POINT('',(18.525628690688,3.,10.2));
#3647 = CARTESIAN_POINT('',(18.523130446621,2.861798952331,10.2));
#3648 = CARTESIAN_POINT('',(18.519043235215,2.723636764214,10.2));
#3649 = CARTESIAN_POINT('',(18.513344783322,2.585531647855,10.2));
#3650 = CARTESIAN_POINT('',(18.505989417175,2.447508930013,10.2));
#3651 = CARTESIAN_POINT('',(18.496910106911,2.309600909198,10.2));
#3652 = CARTESIAN_POINT('',(18.48601328273,2.171847454766,10.2));
#3653 = CARTESIAN_POINT('',(18.473166422684,2.034297347916,10.2));
#3654 = CARTESIAN_POINT('',(18.444966151999,1.775988877418,10.2));
#3655 = CARTESIAN_POINT('',(18.430094219627,1.655208028155,10.2));
#3656 = CARTESIAN_POINT('',(18.413426882693,1.534678713766,10.2));
#3657 = CARTESIAN_POINT('',(18.394800406449,1.414445902689,10.2));
#3658 = CARTESIAN_POINT('',(18.373989448705,1.294597530094,10.2));
#3659 = CARTESIAN_POINT('',(18.350709717832,1.175263590213,10.2));
#3660 = CARTESIAN_POINT('',(18.324571876579,1.056625880891,10.2));
#3661 = CARTESIAN_POINT('',(18.275777684638,0.863116331326,10.2));
#3662 = CARTESIAN_POINT('',(18.255212184632,0.787782452614,10.2));
#3663 = CARTESIAN_POINT('',(18.233010437258,0.712939287158,10.2));
#3664 = CARTESIAN_POINT('',(18.208928216681,0.638670522496,10.2));
#3665 = CARTESIAN_POINT('',(18.182691150249,0.565149385235,10.2));
#3666 = CARTESIAN_POINT('',(18.153889400079,0.492690498878,10.2));
#3667 = CARTESIAN_POINT('',(18.122049163603,0.421714530364,10.2));
#3668 = CARTESIAN_POINT('',(18.067152953941,0.316523663522,10.2));
#3669 = CARTESIAN_POINT('',(18.047054972662,0.280809550683,10.2));
#3670 = CARTESIAN_POINT('',(18.025696423894,0.245850411132,10.2));
#3671 = CARTESIAN_POINT('',(18.00289771202,0.211797055569,10.2));
#3672 = CARTESIAN_POINT('',(17.978466124497,0.178922549177,10.2));
#3673 = CARTESIAN_POINT('',(17.952196990351,0.147620863166,10.2));
#3674 = CARTESIAN_POINT('',(17.923860781552,0.11841767796,10.2));
#3675 = CARTESIAN_POINT('',(17.885315155933,8.527814952049E-02,10.2));
#3676 = CARTESIAN_POINT('',(17.877328258292,7.872680550424E-02,10.2));
#3677 = CARTESIAN_POINT('',(17.869188955773,7.237512252702E-02,10.2));
#3678 = CARTESIAN_POINT('',(17.860895214328,6.623734138537E-02,10.2));
#3679 = CARTESIAN_POINT('',(17.852445922884,6.032874559748E-02,10.2));
#3680 = CARTESIAN_POINT('',(17.843841070121,5.466538778256E-02,10.2));
#3681 = CARTESIAN_POINT('',(17.835081921235,4.926381604027E-02,10.2));
#3682 = CARTESIAN_POINT('',(17.808010183326,3.369954770964E-02,10.2));
#3683 = CARTESIAN_POINT('',(17.789192768153,2.440017370829E-02,10.2));
#3684 = CARTESIAN_POINT('',(17.769772452799,1.640837107181E-02,10.2));
#3685 = CARTESIAN_POINT('',(17.749820006613,9.874724267439E-03,10.2));
#3686 = CARTESIAN_POINT('',(17.729427208185,4.92034171662E-03,10.2));
#3687 = CARTESIAN_POINT('',(17.70871058883,1.622488027712E-03,10.2));
#3688 = CARTESIAN_POINT('',(17.687815176086,2.1622872575E-07,10.2));
#3689 = CARTESIAN_POINT('',(17.666918237203,4.858E-14,10.2));
#3690 = ORIENTED_EDGE('',*,*,#3691,.T.);
#3691 = EDGE_CURVE('',#3111,#3692,#3694,.T.);
#3692 = VERTEX_POINT('',#3693);
#3693 = CARTESIAN_POINT('',(19.148023982993,3.,10.2));
#3694 = LINE('',#3695,#3696);
#3695 = CARTESIAN_POINT('',(19.407471110098,3.,10.2));
#3696 = VECTOR('',#3697,1.);
#3697 = DIRECTION('',(1.,-3.38E-15,6.7E-16));
#3698 = ORIENTED_EDGE('',*,*,#3699,.F.);
#3699 = EDGE_CURVE('',#3700,#3692,#3702,.T.);
#3700 = VERTEX_POINT('',#3701);
#3701 = CARTESIAN_POINT('',(21.148023982993,1.,10.2));
#3702 = CIRCLE('',#3703,2.);
#3703 = AXIS2_PLACEMENT_3D('',#3704,#3705,#3706);
#3704 = CARTESIAN_POINT('',(19.148023982993,1.,10.2));
#3705 = DIRECTION('',(0.,3.22E-15,1.));
#3706 = DIRECTION('',(-3.93E-15,-1.,3.22E-15));
#3707 = ORIENTED_EDGE('',*,*,#3708,.F.);
#3708 = EDGE_CURVE('',#3709,#3700,#3711,.T.);
#3709 = VERTEX_POINT('',#3710);
#3710 = CARTESIAN_POINT('',(21.148023982993,0.9999,10.2));
#3711 = LINE('',#3712,#3713);
#3712 = CARTESIAN_POINT('',(21.148023982993,-2.862E-14,10.2));
#3713 = VECTOR('',#3714,1.);
#3714 = DIRECTION('',(2.3E-15,1.,-1.83E-15));
#3715 = ORIENTED_EDGE('',*,*,#3716,.F.);
#3716 = EDGE_CURVE('',#2225,#3709,#3717,.T.);
#3717 = CIRCLE('',#3718,0.9999);
#3718 = AXIS2_PLACEMENT_3D('',#3719,#3720,#3721);
#3719 = CARTESIAN_POINT('',(20.148123982993,0.9999,10.2));
#3720 = DIRECTION('',(0.,1.83E-15,1.));
#3721 = DIRECTION('',(-3.93E-15,-1.,1.83E-15));
#3722 = ORIENTED_EDGE('',*,*,#2224,.F.);
#3723 = FACE_BOUND('',#3724,.T.);
#3724 = EDGE_LOOP('',(#3725,#3736,#3744));
#3725 = ORIENTED_EDGE('',*,*,#3726,.F.);
#3726 = EDGE_CURVE('',#3727,#3729,#3731,.T.);
#3727 = VERTEX_POINT('',#3728);
#3728 = CARTESIAN_POINT('',(19.501577373586,1.353553390593,10.2));
#3729 = VERTEX_POINT('',#3730);
#3730 = CARTESIAN_POINT('',(18.7944705924,1.353553390593,10.2));
#3731 = CIRCLE('',#3732,0.5);
#3732 = AXIS2_PLACEMENT_3D('',#3733,#3734,#3735);
#3733 = CARTESIAN_POINT('',(19.148023982993,1.,10.2));
#3734 = DIRECTION('',(1.E-15,-1.11E-15,-1.));
#3735 = DIRECTION('',(-1.,3.82E-15,-1.E-15));
#3736 = ORIENTED_EDGE('',*,*,#3737,.T.);
#3737 = EDGE_CURVE('',#3727,#3738,#3740,.T.);
#3738 = VERTEX_POINT('',#3739);
#3739 = CARTESIAN_POINT('',(19.148023982993,1.707106781187,10.2));
#3740 = LINE('',#3741,#3742);
#3741 = CARTESIAN_POINT('',(19.381300937139,1.473829827041,10.2));
#3742 = VECTOR('',#3743,1.);
#3743 = DIRECTION('',(-0.707106781187,0.707106781187,-1.14E-15));
#3744 = ORIENTED_EDGE('',*,*,#3745,.T.);
#3745 = EDGE_CURVE('',#3738,#3729,#3746,.T.);
#3746 = LINE('',#3747,#3748);
#3747 = CARTESIAN_POINT('',(18.350970851249,0.910053649442,10.2));
#3748 = VECTOR('',#3749,1.);
#3749 = DIRECTION('',(-0.707106781187,-0.707106781187,3.6E-16));
#3750 = PLANE('',#3751);
#3751 = AXIS2_PLACEMENT_3D('',#3752,#3753,#3754);
#3752 = CARTESIAN_POINT('',(19.050845784193,1.301017724336,10.2));
#3753 = DIRECTION('',(1.31E-15,-2.72E-15,-1.));
#3754 = DIRECTION('',(0.,-1.,2.72E-15));
#3755 = ADVANCED_FACE('',(#3756),#3775,.T.);
#3756 = FACE_BOUND('',#3757,.T.);
#3757 = EDGE_LOOP('',(#3758,#3759,#3767,#3774));
#3758 = ORIENTED_EDGE('',*,*,#3716,.T.);
#3759 = ORIENTED_EDGE('',*,*,#3760,.T.);
#3760 = EDGE_CURVE('',#3709,#3761,#3763,.T.);
#3761 = VERTEX_POINT('',#3762);
#3762 = CARTESIAN_POINT('',(21.148023982993,0.9999,12.2));
#3763 = LINE('',#3764,#3765);
#3764 = CARTESIAN_POINT('',(21.148023982993,0.9999,10.2));
#3765 = VECTOR('',#3766,1.);
#3766 = DIRECTION('',(0.,1.39E-15,1.));
#3767 = ORIENTED_EDGE('',*,*,#3768,.F.);
#3768 = EDGE_CURVE('',#2233,#3761,#3769,.T.);
#3769 = CIRCLE('',#3770,0.9999);
#3770 = AXIS2_PLACEMENT_3D('',#3771,#3772,#3773);
#3771 = CARTESIAN_POINT('',(20.148123982993,0.9999,12.2));
#3772 = DIRECTION('',(0.,1.83E-15,1.));
#3773 = DIRECTION('',(-3.93E-15,-1.,1.83E-15));
#3774 = ORIENTED_EDGE('',*,*,#2232,.F.);
#3775 = CYLINDRICAL_SURFACE('',#3776,0.9999);
#3776 = AXIS2_PLACEMENT_3D('',#3777,#3778,#3779);
#3777 = CARTESIAN_POINT('',(20.148123982993,0.9999,10.2));
#3778 = DIRECTION('',(0.,1.39E-15,1.));
#3779 = DIRECTION('',(-1.28E-15,-1.,1.39E-15));
#3780 = ADVANCED_FACE('',(#3781),#3809,.F.);
#3781 = FACE_BOUND('',#3782,.T.);
#3782 = EDGE_LOOP('',(#3783,#3784,#3785,#3793,#3802,#3808));
#3783 = ORIENTED_EDGE('',*,*,#2240,.F.);
#3784 = ORIENTED_EDGE('',*,*,#3768,.T.);
#3785 = ORIENTED_EDGE('',*,*,#3786,.T.);
#3786 = EDGE_CURVE('',#3761,#3787,#3789,.T.);
#3787 = VERTEX_POINT('',#3788);
#3788 = CARTESIAN_POINT('',(21.148023982993,1.,12.2));
#3789 = LINE('',#3790,#3791);
#3790 = CARTESIAN_POINT('',(21.148023982993,-2.629E-14,12.2));
#3791 = VECTOR('',#3792,1.);
#3792 = DIRECTION('',(2.3E-15,1.,-1.83E-15));
#3793 = ORIENTED_EDGE('',*,*,#3794,.T.);
#3794 = EDGE_CURVE('',#3787,#3795,#3797,.T.);
#3795 = VERTEX_POINT('',#3796);
#3796 = CARTESIAN_POINT('',(19.148023982993,3.,12.2));
#3797 = CIRCLE('',#3798,2.);
#3798 = AXIS2_PLACEMENT_3D('',#3799,#3800,#3801);
#3799 = CARTESIAN_POINT('',(19.148023982993,1.,12.2));
#3800 = DIRECTION('',(0.,3.22E-15,1.));
#3801 = DIRECTION('',(-3.93E-15,-1.,3.22E-15));
#3802 = ORIENTED_EDGE('',*,*,#3803,.T.);
#3803 = EDGE_CURVE('',#3795,#3167,#3804,.T.);
#3804 = LINE('',#3805,#3806);
#3805 = CARTESIAN_POINT('',(21.148023982993,3.,12.2));
#3806 = VECTOR('',#3807,1.);
#3807 = DIRECTION('',(-1.,3.38E-15,-6.7E-16));
#3808 = ORIENTED_EDGE('',*,*,#3181,.T.);
#3809 = PLANE('',#3810);
#3810 = AXIS2_PLACEMENT_3D('',#3811,#3812,#3813);
#3811 = CARTESIAN_POINT('',(21.148023982993,-2.629E-14,12.2));
#3812 = DIRECTION('',(6.7E-16,-1.39E-15,-1.));
#3813 = DIRECTION('',(1.,-2.08E-15,6.7E-16));
#3814 = ADVANCED_FACE('',(#3815),#3851,.F.);
#3815 = FACE_BOUND('',#3816,.F.);
#3816 = EDGE_LOOP('',(#3817,#3827,#3836,#3842,#3843,#3844));
#3817 = ORIENTED_EDGE('',*,*,#3818,.T.);
#3818 = EDGE_CURVE('',#3819,#3821,#3823,.T.);
#3819 = VERTEX_POINT('',#3820);
#3820 = CARTESIAN_POINT('',(-21.14802398299,0.9999,12.2));
#3821 = VERTEX_POINT('',#3822);
#3822 = CARTESIAN_POINT('',(-21.14802398299,1.,12.2));
#3823 = LINE('',#3824,#3825);
#3824 = CARTESIAN_POINT('',(-21.14802398299,5.962E-14,12.2));
#3825 = VECTOR('',#3826,1.);
#3826 = DIRECTION('',(1.63E-15,1.,-1.61E-15));
#3827 = ORIENTED_EDGE('',*,*,#3828,.T.);
#3828 = EDGE_CURVE('',#3821,#3829,#3831,.T.);
#3829 = VERTEX_POINT('',#3830);
#3830 = CARTESIAN_POINT('',(-19.14802398299,3.,12.2));
#3831 = CIRCLE('',#3832,2.);
#3832 = AXIS2_PLACEMENT_3D('',#3833,#3834,#3835);
#3833 = CARTESIAN_POINT('',(-19.14802398299,1.,12.2));
#3834 = DIRECTION('',(8.9E-16,-3.E-15,-1.));
#3835 = DIRECTION('',(0.,-1.,3.E-15));
#3836 = ORIENTED_EDGE('',*,*,#3837,.T.);
#3837 = EDGE_CURVE('',#3829,#3230,#3838,.T.);
#3838 = LINE('',#3839,#3840);
#3839 = CARTESIAN_POINT('',(-21.14802398299,3.,12.2));
#3840 = VECTOR('',#3841,1.);
#3841 = DIRECTION('',(1.,-5.6E-16,2.2E-16));
#3842 = ORIENTED_EDGE('',*,*,#3229,.T.);
#3843 = ORIENTED_EDGE('',*,*,#2257,.F.);
#3844 = ORIENTED_EDGE('',*,*,#3845,.T.);
#3845 = EDGE_CURVE('',#2258,#3819,#3846,.T.);
#3846 = CIRCLE('',#3847,0.9999);
#3847 = AXIS2_PLACEMENT_3D('',#3848,#3849,#3850);
#3848 = CARTESIAN_POINT('',(-20.14812398299,0.9999,12.2));
#3849 = DIRECTION('',(8.9E-16,-1.61E-15,-1.));
#3850 = DIRECTION('',(0.,-1.,1.61E-15));
#3851 = PLANE('',#3852);
#3852 = AXIS2_PLACEMENT_3D('',#3853,#3854,#3855);
#3853 = CARTESIAN_POINT('',(-21.14802398299,5.962E-14,12.2));
#3854 = DIRECTION('',(2.2E-16,-1.61E-15,-1.));
#3855 = DIRECTION('',(1.,-1.86E-15,2.2E-16));
#3856 = ADVANCED_FACE('',(#3857),#3876,.T.);
#3857 = FACE_BOUND('',#3858,.F.);
#3858 = EDGE_LOOP('',(#3859,#3868,#3874,#3875));
#3859 = ORIENTED_EDGE('',*,*,#3860,.T.);
#3860 = EDGE_CURVE('',#2266,#3861,#3863,.T.);
#3861 = VERTEX_POINT('',#3862);
#3862 = CARTESIAN_POINT('',(-21.14802398299,0.9999,10.2));
#3863 = CIRCLE('',#3864,0.9999);
#3864 = AXIS2_PLACEMENT_3D('',#3865,#3866,#3867);
#3865 = CARTESIAN_POINT('',(-20.14812398299,0.9999,10.2));
#3866 = DIRECTION('',(8.9E-16,-1.61E-15,-1.));
#3867 = DIRECTION('',(0.,-1.,1.61E-15));
#3868 = ORIENTED_EDGE('',*,*,#3869,.T.);
#3869 = EDGE_CURVE('',#3861,#3819,#3870,.T.);
#3870 = LINE('',#3871,#3872);
#3871 = CARTESIAN_POINT('',(-21.14802398299,0.9999,10.2));
#3872 = VECTOR('',#3873,1.);
#3873 = DIRECTION('',(-8.9E-16,1.61E-15,1.));
#3874 = ORIENTED_EDGE('',*,*,#3845,.F.);
#3875 = ORIENTED_EDGE('',*,*,#2265,.F.);
#3876 = CYLINDRICAL_SURFACE('',#3877,0.9999);
#3877 = AXIS2_PLACEMENT_3D('',#3878,#3879,#3880);
#3878 = CARTESIAN_POINT('',(-20.14812398299,0.9999,10.2));
#3879 = DIRECTION('',(-8.9E-16,1.61E-15,1.));
#3880 = DIRECTION('',(-2.66E-15,-1.,1.61E-15));
#3881 = ADVANCED_FACE('',(#3882,#3991),#4018,.T.);
#3882 = FACE_BOUND('',#3883,.T.);
#3883 = EDGE_LOOP('',(#3884,#3892,#3901,#3907,#3956,#3965,#3974,#3983,
    #3989,#3990));
#3884 = ORIENTED_EDGE('',*,*,#3885,.T.);
#3885 = EDGE_CURVE('',#3861,#3886,#3888,.T.);
#3886 = VERTEX_POINT('',#3887);
#3887 = CARTESIAN_POINT('',(-21.14802398299,1.,10.2));
#3888 = LINE('',#3889,#3890);
#3889 = CARTESIAN_POINT('',(-21.14802398299,5.683E-14,10.2));
#3890 = VECTOR('',#3891,1.);
#3891 = DIRECTION('',(1.63E-15,1.,-1.61E-15));
#3892 = ORIENTED_EDGE('',*,*,#3893,.T.);
#3893 = EDGE_CURVE('',#3886,#3894,#3896,.T.);
#3894 = VERTEX_POINT('',#3895);
#3895 = CARTESIAN_POINT('',(-19.14802398299,3.,10.2));
#3896 = CIRCLE('',#3897,2.);
#3897 = AXIS2_PLACEMENT_3D('',#3898,#3899,#3900);
#3898 = CARTESIAN_POINT('',(-19.14802398299,1.,10.2));
#3899 = DIRECTION('',(8.9E-16,-3.E-15,-1.));
#3900 = DIRECTION('',(0.,-1.,3.E-15));
#3901 = ORIENTED_EDGE('',*,*,#3902,.F.);
#3902 = EDGE_CURVE('',#3279,#3894,#3903,.T.);
#3903 = LINE('',#3904,#3905);
#3904 = CARTESIAN_POINT('',(-19.40747111009,3.,10.2));
#3905 = VECTOR('',#3906,1.);
#3906 = DIRECTION('',(-1.,5.6E-16,-2.2E-16));
#3907 = ORIENTED_EDGE('',*,*,#3908,.T.);
#3908 = EDGE_CURVE('',#3279,#3909,#3911,.T.);
#3909 = VERTEX_POINT('',#3910);
#3910 = CARTESIAN_POINT('',(-18.5234551744,2.899977316531,10.2));
#3911 = B_SPLINE_CURVE_WITH_KNOTS('',8,(#3912,#3913,#3914,#3915,#3916,
    #3917,#3918,#3919,#3920,#3921,#3922,#3923,#3924,#3925,#3926,#3927,
    #3928,#3929,#3930,#3931,#3932,#3933,#3934,#3935,#3936,#3937,#3938,
    #3939,#3940,#3941,#3942,#3943,#3944,#3945,#3946,#3947,#3948,#3949,
    #3950,#3951,#3952,#3953,#3954,#3955),.UNSPECIFIED.,.F.,.F.,(9,7,7,7,
    7,7,9),(0.,0.335101079817,0.630500032042,0.820900036641,
    0.921780143671,0.94752639427,1.),.UNSPECIFIED.);
#3912 = CARTESIAN_POINT('',(-18.52562869068,3.,10.2));
#3913 = CARTESIAN_POINT('',(-18.52313044662,2.86179895233,10.2));
#3914 = CARTESIAN_POINT('',(-18.51904323521,2.723636764213,10.2));
#3915 = CARTESIAN_POINT('',(-18.51334478332,2.585531647853,10.2));
#3916 = CARTESIAN_POINT('',(-18.50598941717,2.44750893001,10.2));
#3917 = CARTESIAN_POINT('',(-18.49691010691,2.309600909194,10.2));
#3918 = CARTESIAN_POINT('',(-18.48601328273,2.171847454762,10.2));
#3919 = CARTESIAN_POINT('',(-18.47316642268,2.034297347911,10.2));
#3920 = CARTESIAN_POINT('',(-18.44496615199,1.775988877412,10.2));
#3921 = CARTESIAN_POINT('',(-18.43009421962,1.655208028151,10.2));
#3922 = CARTESIAN_POINT('',(-18.41342688269,1.534678713759,10.2));
#3923 = CARTESIAN_POINT('',(-18.39480040644,1.414445902684,10.2));
#3924 = CARTESIAN_POINT('',(-18.3739894487,1.294597530091,10.2));
#3925 = CARTESIAN_POINT('',(-18.35070971783,1.175263590207,10.2));
#3926 = CARTESIAN_POINT('',(-18.32457187657,1.056625880887,10.2));
#3927 = CARTESIAN_POINT('',(-18.27577768463,0.86311633132,10.2));
#3928 = CARTESIAN_POINT('',(-18.25521218463,0.787782452622,10.2));
#3929 = CARTESIAN_POINT('',(-18.23301043724,0.712939287125,10.2));
#3930 = CARTESIAN_POINT('',(-18.20892821669,0.638670522531,10.2));
#3931 = CARTESIAN_POINT('',(-18.18269115023,0.565149385201,10.2));
#3932 = CARTESIAN_POINT('',(-18.15388940008,0.492690498888,10.2));
#3933 = CARTESIAN_POINT('',(-18.1220491636,0.421714530358,10.2));
#3934 = CARTESIAN_POINT('',(-18.06715295394,0.31652366352,10.2));
#3935 = CARTESIAN_POINT('',(-18.04705497265,0.280809550678,10.2));
#3936 = CARTESIAN_POINT('',(-18.02569642389,0.245850411131,10.2));
#3937 = CARTESIAN_POINT('',(-18.00289771201,0.211797055567,10.2));
#3938 = CARTESIAN_POINT('',(-17.97846612449,0.178922549173,10.2));
#3939 = CARTESIAN_POINT('',(-17.95219699035,0.147620863166,10.2));
#3940 = CARTESIAN_POINT('',(-17.92386078155,0.118417677958,10.2));
#3941 = CARTESIAN_POINT('',(-17.88531515593,8.527814951902E-02,10.2));
#3942 = CARTESIAN_POINT('',(-17.87732825829,7.872680550278E-02,10.2));
#3943 = CARTESIAN_POINT('',(-17.86918895577,7.23751225256E-02,10.2));
#3944 = CARTESIAN_POINT('',(-17.86089521432,6.623734138404E-02,10.2));
#3945 = CARTESIAN_POINT('',(-17.85244592288,6.032874559623E-02,10.2));
#3946 = CARTESIAN_POINT('',(-17.84384107011,5.466538778137E-02,10.2));
#3947 = CARTESIAN_POINT('',(-17.83508192123,4.92638160391E-02,10.2));
#3948 = CARTESIAN_POINT('',(-17.80801018332,3.369954770881E-02,10.2));
#3949 = CARTESIAN_POINT('',(-17.78919276815,2.440017370766E-02,10.2));
#3950 = CARTESIAN_POINT('',(-17.76977245279,1.640837107136E-02,10.2));
#3951 = CARTESIAN_POINT('',(-17.74982000661,9.874724267168E-03,10.2));
#3952 = CARTESIAN_POINT('',(-17.72942720818,4.920341716491E-03,10.2));
#3953 = CARTESIAN_POINT('',(-17.70871058882,1.622488027674E-03,10.2));
#3954 = CARTESIAN_POINT('',(-17.68781517608,2.162287201E-07,10.2));
#3955 = CARTESIAN_POINT('',(-17.6669182372,4.291E-14,10.2));
#3956 = ORIENTED_EDGE('',*,*,#3957,.T.);
#3957 = EDGE_CURVE('',#3909,#3958,#3960,.T.);
#3958 = VERTEX_POINT('',#3959);
#3959 = CARTESIAN_POINT('',(-17.6669182372,2.343996194111,10.2));
#3960 = CIRCLE('',#3961,2.);
#3961 = AXIS2_PLACEMENT_3D('',#3962,#3963,#3964);
#3962 = CARTESIAN_POINT('',(-19.14802398299,1.,10.2));
#3963 = DIRECTION('',(-2.2E-16,-1.67E-15,-1.));
#3964 = DIRECTION('',(1.,-1.1E-16,-2.2E-16));
#3965 = ORIENTED_EDGE('',*,*,#3966,.T.);
#3966 = EDGE_CURVE('',#3958,#3967,#3969,.T.);
#3967 = VERTEX_POINT('',#3968);
#3968 = CARTESIAN_POINT('',(-17.55964726643,2.215343328568,10.2));
#3969 = CIRCLE('',#3970,2.);
#3970 = AXIS2_PLACEMENT_3D('',#3971,#3972,#3973);
#3971 = CARTESIAN_POINT('',(-19.14802398299,1.,10.2));
#3972 = DIRECTION('',(-2.2E-16,-1.67E-15,-1.));
#3973 = DIRECTION('',(1.,-1.1E-16,-2.2E-16));
#3974 = ORIENTED_EDGE('',*,*,#3975,.T.);
#3975 = EDGE_CURVE('',#3967,#3976,#3978,.T.);
#3976 = VERTEX_POINT('',#3977);
#3977 = CARTESIAN_POINT('',(-17.14802398299,0.999999953363,10.2));
#3978 = CIRCLE('',#3979,2.);
#3979 = AXIS2_PLACEMENT_3D('',#3980,#3981,#3982);
#3980 = CARTESIAN_POINT('',(-19.14802398299,1.,10.2));
#3981 = DIRECTION('',(-2.2E-16,-1.67E-15,-1.));
#3982 = DIRECTION('',(1.,-1.1E-16,-2.2E-16));
#3983 = ORIENTED_EDGE('',*,*,#3984,.T.);
#3984 = EDGE_CURVE('',#3976,#2274,#3985,.T.);
#3985 = LINE('',#3986,#3987);
#3986 = CARTESIAN_POINT('',(-17.14802398299,0.499999976682,10.2));
#3987 = VECTOR('',#3988,1.);
#3988 = DIRECTION('',(0.,-1.,1.89E-15));
#3989 = ORIENTED_EDGE('',*,*,#2273,.T.);
#3990 = ORIENTED_EDGE('',*,*,#3860,.T.);
#3991 = FACE_BOUND('',#3992,.T.);
#3992 = EDGE_LOOP('',(#3993,#4004,#4012));
#3993 = ORIENTED_EDGE('',*,*,#3994,.F.);
#3994 = EDGE_CURVE('',#3995,#3997,#3999,.T.);
#3995 = VERTEX_POINT('',#3996);
#3996 = CARTESIAN_POINT('',(-18.7944705924,1.353553390593,10.2));
#3997 = VERTEX_POINT('',#3998);
#3998 = CARTESIAN_POINT('',(-19.50157737358,1.353553390593,10.2));
#3999 = CIRCLE('',#4000,0.5);
#4000 = AXIS2_PLACEMENT_3D('',#4001,#4002,#4003);
#4001 = CARTESIAN_POINT('',(-19.14802398299,1.,10.2));
#4002 = DIRECTION('',(-2.2E-16,-1.67E-15,-1.));
#4003 = DIRECTION('',(1.,-1.1E-16,-2.2E-16));
#4004 = ORIENTED_EDGE('',*,*,#4005,.F.);
#4005 = EDGE_CURVE('',#4006,#3995,#4008,.T.);
#4006 = VERTEX_POINT('',#4007);
#4007 = CARTESIAN_POINT('',(-19.14802398299,1.707106781187,10.2));
#4008 = LINE('',#4009,#4010);
#4009 = CARTESIAN_POINT('',(-19.106257224,1.665340022199,10.2));
#4010 = VECTOR('',#4011,1.);
#4011 = DIRECTION('',(0.707106781187,-0.707106781187,1.84E-15));
#4012 = ORIENTED_EDGE('',*,*,#4013,.F.);
#4013 = EDGE_CURVE('',#3997,#4006,#4014,.T.);
#4014 = LINE('',#4015,#4016);
#4015 = CARTESIAN_POINT('',(-19.44076436793,1.414366396244,10.2));
#4016 = VECTOR('',#4017,1.);
#4017 = DIRECTION('',(0.707106781187,0.707106781187,-1.22E-15));
#4018 = PLANE('',#4019);
#4019 = AXIS2_PLACEMENT_3D('',#4020,#4021,#4022);
#4020 = CARTESIAN_POINT('',(-19.29641784431,1.391645883918,10.2));
#4021 = DIRECTION('',(-0.,-1.94E-15,-1.));
#4022 = DIRECTION('',(0.,-1.,1.94E-15));
#4023 = ADVANCED_FACE('',(#4024),#4035,.F.);
#4024 = FACE_BOUND('',#4025,.F.);
#4025 = EDGE_LOOP('',(#4026,#4027,#4033,#4034));
#4026 = ORIENTED_EDGE('',*,*,#2582,.F.);
#4027 = ORIENTED_EDGE('',*,*,#4028,.T.);
#4028 = EDGE_CURVE('',#2583,#3976,#4029,.T.);
#4029 = LINE('',#4030,#4031);
#4030 = CARTESIAN_POINT('',(-17.14802398299,0.999999953363,-10.2));
#4031 = VECTOR('',#4032,1.);
#4032 = DIRECTION('',(-1.1E-16,1.44E-15,1.));
#4033 = ORIENTED_EDGE('',*,*,#3984,.T.);
#4034 = ORIENTED_EDGE('',*,*,#2281,.F.);
#4035 = PLANE('',#4036);
#4036 = AXIS2_PLACEMENT_3D('',#4037,#4038,#4039);
#4037 = CARTESIAN_POINT('',(-17.14802398299,0.999999953363,-10.2));
#4038 = DIRECTION('',(1.,1.1E-16,1.1E-16));
#4039 = DIRECTION('',(1.1E-16,-1.,1.67E-15));
#4040 = ADVANCED_FACE('',(#4041),#4060,.T.);
#4041 = FACE_BOUND('',#4042,.F.);
#4042 = EDGE_LOOP('',(#4043,#4051,#4058,#4059));
#4043 = ORIENTED_EDGE('',*,*,#4044,.T.);
#4044 = EDGE_CURVE('',#2354,#4045,#4047,.T.);
#4045 = VERTEX_POINT('',#4046);
#4046 = CARTESIAN_POINT('',(-11.87081528017,0.6,12.020815280171));
#4047 = LINE('',#4048,#4049);
#4048 = CARTESIAN_POINT('',(-11.87081528017,0.8,12.020815280171));
#4049 = VECTOR('',#4050,1.);
#4050 = DIRECTION('',(0.,-1.,2.2E-16));
#4051 = ORIENTED_EDGE('',*,*,#4052,.T.);
#4052 = EDGE_CURVE('',#4045,#4045,#4053,.T.);
#4053 = CIRCLE('',#4054,0.15);
#4054 = AXIS2_PLACEMENT_3D('',#4055,#4056,#4057);
#4055 = CARTESIAN_POINT('',(-12.02081528017,0.6,12.020815280171));
#4056 = DIRECTION('',(0.,-1.,0.));
#4057 = DIRECTION('',(1.,0.,0.));
#4058 = ORIENTED_EDGE('',*,*,#4044,.F.);
#4059 = ORIENTED_EDGE('',*,*,#2353,.F.);
#4060 = CYLINDRICAL_SURFACE('',#4061,0.15);
#4061 = AXIS2_PLACEMENT_3D('',#4062,#4063,#4064);
#4062 = CARTESIAN_POINT('',(-12.02081528017,0.8,12.020815280171));
#4063 = DIRECTION('',(2.2E-16,1.,0.));
#4064 = DIRECTION('',(1.,-2.2E-16,2.2E-16));
#4065 = ADVANCED_FACE('',(#4066),#4085,.F.);
#4066 = FACE_BOUND('',#4067,.T.);
#4067 = EDGE_LOOP('',(#4068,#4077,#4083,#4084));
#4068 = ORIENTED_EDGE('',*,*,#4069,.T.);
#4069 = EDGE_CURVE('',#4070,#4070,#4072,.T.);
#4070 = VERTEX_POINT('',#4071);
#4071 = CARTESIAN_POINT('',(-20.3,6.400011948131,0.));
#4072 = CIRCLE('',#4073,20.3);
#4073 = AXIS2_PLACEMENT_3D('',#4074,#4075,#4076);
#4074 = CARTESIAN_POINT('',(0.,6.400011948131,-1.42E-15));
#4075 = DIRECTION('',(0.,1.,-2.2E-16));
#4076 = DIRECTION('',(-1.,0.,0.));
#4077 = ORIENTED_EDGE('',*,*,#4078,.T.);
#4078 = EDGE_CURVE('',#4070,#2545,#4079,.T.);
#4079 = LINE('',#4080,#4081);
#4080 = CARTESIAN_POINT('',(-20.3,6.400011948131,0.));
#4081 = VECTOR('',#4082,1.);
#4082 = DIRECTION('',(0.,-1.,0.));
#4083 = ORIENTED_EDGE('',*,*,#2544,.F.);
#4084 = ORIENTED_EDGE('',*,*,#4078,.F.);
#4085 = CYLINDRICAL_SURFACE('',#4086,20.3);
#4086 = AXIS2_PLACEMENT_3D('',#4087,#4088,#4089);
#4087 = CARTESIAN_POINT('',(0.,6.400011948131,-1.42E-15));
#4088 = DIRECTION('',(0.,-1.,2.2E-16));
#4089 = DIRECTION('',(-1.,0.,0.));
#4090 = ADVANCED_FACE('',(#4091),#4102,.T.);
#4091 = FACE_BOUND('',#4092,.T.);
#4092 = EDGE_LOOP('',(#4093,#4094,#4095,#4096));
#4093 = ORIENTED_EDGE('',*,*,#2741,.F.);
#4094 = ORIENTED_EDGE('',*,*,#2727,.F.);
#4095 = ORIENTED_EDGE('',*,*,#2564,.T.);
#4096 = ORIENTED_EDGE('',*,*,#4097,.T.);
#4097 = EDGE_CURVE('',#2567,#2742,#4098,.T.);
#4098 = LINE('',#4099,#4100);
#4099 = CARTESIAN_POINT('',(-21.14802398299,1.,-10.2));
#4100 = VECTOR('',#4101,1.);
#4101 = DIRECTION('',(8.9E-16,-3.E-15,-1.));
#4102 = PLANE('',#4103);
#4103 = AXIS2_PLACEMENT_3D('',#4104,#4105,#4106);
#4104 = CARTESIAN_POINT('',(-21.14802398299,2.847E-14,-10.2));
#4105 = DIRECTION('',(-1.,1.63E-15,-4.4E-16));
#4106 = DIRECTION('',(4.4E-16,-1.39E-15,-1.));
#4107 = ADVANCED_FACE('',(#4108),#4119,.T.);
#4108 = FACE_BOUND('',#4109,.T.);
#4109 = EDGE_LOOP('',(#4110,#4111,#4117,#4118));
#4110 = ORIENTED_EDGE('',*,*,#2674,.T.);
#4111 = ORIENTED_EDGE('',*,*,#4112,.T.);
#4112 = EDGE_CURVE('',#2667,#2801,#4113,.T.);
#4113 = LINE('',#4114,#4115);
#4114 = CARTESIAN_POINT('',(-19.14802398299,3.,-10.2));
#4115 = VECTOR('',#4116,1.);
#4116 = DIRECTION('',(8.9E-16,-3.E-15,-1.));
#4117 = ORIENTED_EDGE('',*,*,#2808,.F.);
#4118 = ORIENTED_EDGE('',*,*,#4097,.F.);
#4119 = CYLINDRICAL_SURFACE('',#4120,2.);
#4120 = AXIS2_PLACEMENT_3D('',#4121,#4122,#4123);
#4121 = CARTESIAN_POINT('',(-19.14802398299,1.,-10.2));
#4122 = DIRECTION('',(8.9E-16,-3.E-15,-1.));
#4123 = DIRECTION('',(-1.,1.86E-15,-8.9E-16));
#4124 = ADVANCED_FACE('',(#4125),#4131,.T.);
#4125 = FACE_BOUND('',#4126,.T.);
#4126 = EDGE_LOOP('',(#4127,#4128,#4129,#4130));
#4127 = ORIENTED_EDGE('',*,*,#2800,.T.);
#4128 = ORIENTED_EDGE('',*,*,#4112,.F.);
#4129 = ORIENTED_EDGE('',*,*,#2666,.F.);
#4130 = ORIENTED_EDGE('',*,*,#2921,.T.);
#4131 = PLANE('',#4132);
#4132 = AXIS2_PLACEMENT_3D('',#4133,#4134,#4135);
#4133 = CARTESIAN_POINT('',(-21.14802398299,3.,-10.2));
#4134 = DIRECTION('',(5.6E-16,1.,-2.78E-15));
#4135 = DIRECTION('',(1.,-5.6E-16,-2.2E-16));
#4136 = ADVANCED_FACE('',(#4137),#4194,.T.);
#4137 = FACE_BOUND('',#4138,.T.);
#4138 = EDGE_LOOP('',(#4139,#4167,#4168,#4169,#4170,#4171,#4184));
#4139 = ORIENTED_EDGE('',*,*,#4140,.F.);
#4140 = EDGE_CURVE('',#2826,#4141,#4143,.T.);
#4141 = VERTEX_POINT('',#4142);
#4142 = CARTESIAN_POINT('',(-21.14802398299,3.,-8.E-15));
#4143 = B_SPLINE_CURVE_WITH_KNOTS('',8,(#4144,#4145,#4146,#4147,#4148,
    #4149,#4150,#4151,#4152,#4153,#4154,#4155,#4156,#4157,#4158,#4159,
    #4160,#4161,#4162,#4163,#4164,#4165,#4166),.UNSPECIFIED.,.F.,.F.,(9,
    7,7,9),(0.,0.434129760496,0.633374247971,1.),.UNSPECIFIED.);
#4144 = CARTESIAN_POINT('',(-21.14497833563,3.648023982984,-1.243E-14));
#4145 = CARTESIAN_POINT('',(-21.14497833563,3.648023982984,
    -5.954721464318E-02));
#4146 = CARTESIAN_POINT('',(-21.14502195445,3.638743183747,
    -0.119140266522));
#4147 = CARTESIAN_POINT('',(-21.1451093481,3.620148390606,
    -0.177409588103));
#4148 = CARTESIAN_POINT('',(-21.14524201561,3.591920656695,
    -0.232287072141));
#4149 = CARTESIAN_POINT('',(-21.14541894202,3.554275930152,
    -0.281182885258));
#4150 = CARTESIAN_POINT('',(-21.14563654,3.507977494992,-0.321483958953)
  );
#4151 = CARTESIAN_POINT('',(-21.14588763755,3.454551336557,
    -0.350338738847));
#4152 = CARTESIAN_POINT('',(-21.14628395563,3.370226532597,
    -0.372648363296));
#4153 = CARTESIAN_POINT('',(-21.14641243278,3.342890380827,
    -0.376779803824));
#4154 = CARTESIAN_POINT('',(-21.14654269989,3.315173379726,
    -0.377825055301));
#4155 = CARTESIAN_POINT('',(-21.14667285443,3.287480331025,
    -0.375734750355));
#4156 = CARTESIAN_POINT('',(-21.14680109962,3.260193534146,
    -0.370560805766));
#4157 = CARTESIAN_POINT('',(-21.14692574559,3.233672547233,
    -0.362433467039));
#4158 = CARTESIAN_POINT('',(-21.14704521823,3.208252290342,
    -0.351564297879));
#4159 = CARTESIAN_POINT('',(-21.1473657432,3.140054023854,
    -0.313821957125));
#4160 = CARTESIAN_POINT('',(-21.14755062963,3.100715642567,
    -0.281219606888));
#4161 = CARTESIAN_POINT('',(-21.14770777656,3.067279407853,
    -0.242068574872));
#4162 = CARTESIAN_POINT('',(-21.14783449279,3.040317929659,
    -0.19799159952));
#4163 = CARTESIAN_POINT('',(-21.14792944317,3.020115286597,
    -0.150500885953));
#4164 = CARTESIAN_POINT('',(-21.1479924261,3.006714375758,
    -0.100955627117));
#4165 = CARTESIAN_POINT('',(-21.14802398299,2.999999999999,
    -5.051602124567E-02));
#4166 = CARTESIAN_POINT('',(-21.14802398299,2.999999999999,-1.243E-14));
#4167 = ORIENTED_EDGE('',*,*,#2842,.T.);
#4168 = ORIENTED_EDGE('',*,*,#2854,.T.);
#4169 = ORIENTED_EDGE('',*,*,#2867,.T.);
#4170 = ORIENTED_EDGE('',*,*,#2617,.T.);
#4171 = ORIENTED_EDGE('',*,*,#4172,.T.);
#4172 = EDGE_CURVE('',#2609,#4173,#4175,.T.);
#4173 = VERTEX_POINT('',#4174);
#4174 = CARTESIAN_POINT('',(-19.14802398299,3.,-8.97731023629));
#4175 = B_SPLINE_CURVE_WITH_KNOTS('',4,(#4176,#4177,#4178,#4179,#4180,
    #4181,#4182,#4183),.UNSPECIFIED.,.F.,.F.,(5,3,5),(0.,0.330118115431,
    1.),.UNSPECIFIED.);
#4176 = CARTESIAN_POINT('',(-18.52338746869,2.89995505868,-10.2001221793
    ));
#4177 = CARTESIAN_POINT('',(-18.57839225039,2.918038892101,
    -10.10106790361));
#4178 = CARTESIAN_POINT('',(-18.63267644626,2.933533007933,
    -10.00146605188));
#4179 = CARTESIAN_POINT('',(-18.68621255093,2.946698920309,
    -9.901408329133));
#4180 = CARTESIAN_POINT('',(-18.8460712864,2.98009916086,-9.597101378761
    ));
#4181 = CARTESIAN_POINT('',(-18.95000966921,2.993674089518,
    -9.391614341495));
#4182 = CARTESIAN_POINT('',(-19.05067403682,3.,-9.184951395486));
#4183 = CARTESIAN_POINT('',(-19.14802398299,3.,-8.97731023629));
#4184 = ORIENTED_EDGE('',*,*,#4185,.T.);
#4185 = EDGE_CURVE('',#4173,#4141,#4186,.T.);
#4186 = B_SPLINE_CURVE_WITH_KNOTS('',6,(#4187,#4188,#4189,#4190,#4191,
    #4192,#4193),.UNSPECIFIED.,.F.,.F.,(7,7),(0.,1.),
  .PIECEWISE_BEZIER_KNOTS.);
#4187 = CARTESIAN_POINT('',(-19.14802398299,3.,-8.97731023629));
#4188 = CARTESIAN_POINT('',(-19.8038366388,3.,-7.578504120514));
#4189 = CARTESIAN_POINT('',(-20.33708528848,3.,-6.122081199936));
#4190 = CARTESIAN_POINT('',(-20.74129865415,3.,-4.621740205982));
#4191 = CARTESIAN_POINT('',(-21.01233357175,3.,-3.091723388874));
#4192 = CARTESIAN_POINT('',(-21.14789439887,3.,-1.54668459111));
#4193 = CARTESIAN_POINT('',(-21.14802398299,3.,-1.773855349924E-03));
#4194 = SURFACE_OF_REVOLUTION('',#4195,#4200);
#4195 = B_SPLINE_CURVE_WITH_KNOTS('',3,(#4196,#4197,#4198,#4199),
  .UNSPECIFIED.,.F.,.F.,(4,4),(0.,1.),.PIECEWISE_BEZIER_KNOTS.);
#4196 = CARTESIAN_POINT('',(-20.4,6.500011948131,-1.44E-15));
#4197 = CARTESIAN_POINT('',(-21.4,6.500011948131,-1.44E-15));
#4198 = CARTESIAN_POINT('',(-21.4,5.19E-15,0.));
#4199 = CARTESIAN_POINT('',(-20.4,4.97E-15,0.));
#4200 = AXIS1_PLACEMENT('',#4201,#4202);
#4201 = CARTESIAN_POINT('',(0.,0.,0.));
#4202 = DIRECTION('',(0.,-1.,2.2E-16));
#4203 = ADVANCED_FACE('',(#4204),#4233,.F.);
#4204 = FACE_BOUND('',#4205,.T.);
#4205 = EDGE_LOOP('',(#4206,#4207,#4208,#4209,#4210,#4211,#4224,#4230,
    #4231,#4232));
#4206 = ORIENTED_EDGE('',*,*,#2590,.F.);
#4207 = ORIENTED_EDGE('',*,*,#4028,.T.);
#4208 = ORIENTED_EDGE('',*,*,#3975,.F.);
#4209 = ORIENTED_EDGE('',*,*,#3966,.F.);
#4210 = ORIENTED_EDGE('',*,*,#3957,.F.);
#4211 = ORIENTED_EDGE('',*,*,#4212,.F.);
#4212 = EDGE_CURVE('',#4213,#3909,#4215,.T.);
#4213 = VERTEX_POINT('',#4214);
#4214 = CARTESIAN_POINT('',(-19.14802398299,3.,8.97731023629));
#4215 = B_SPLINE_CURVE_WITH_KNOTS('',4,(#4216,#4217,#4218,#4219,#4220,
    #4221,#4222,#4223),.UNSPECIFIED.,.F.,.F.,(5,3,5),(0.,0.633962263785,
    1.),.UNSPECIFIED.);
#4216 = CARTESIAN_POINT('',(-19.14802398299,3.,8.97731023629));
#4217 = CARTESIAN_POINT('',(-19.05589396876,3.000000066446,
    9.173817788892));
#4218 = CARTESIAN_POINT('',(-18.96079568472,2.994335642825,
    9.369448408137));
#4219 = CARTESIAN_POINT('',(-18.86276308699,2.98221939958,9.564035453685
    ));
#4220 = CARTESIAN_POINT('',(-18.70366139308,2.950913829995,
    9.868730934958));
#4221 = CARTESIAN_POINT('',(-18.64448097663,2.936874421324,
    9.979784798111));
#4222 = CARTESIAN_POINT('',(-18.58437720132,2.920006558095,
    10.090290025316));
#4223 = CARTESIAN_POINT('',(-18.52338746869,2.89995505868,
    10.200122179301));
#4224 = ORIENTED_EDGE('',*,*,#4225,.F.);
#4225 = EDGE_CURVE('',#4173,#4213,#4226,.T.);
#4226 = LINE('',#4227,#4228);
#4227 = CARTESIAN_POINT('',(-19.14802398299,3.,-10.2));
#4228 = VECTOR('',#4229,1.);
#4229 = DIRECTION('',(-1.1E-16,1.44E-15,1.));
#4230 = ORIENTED_EDGE('',*,*,#4172,.F.);
#4231 = ORIENTED_EDGE('',*,*,#2608,.F.);
#4232 = ORIENTED_EDGE('',*,*,#2599,.F.);
#4233 = CYLINDRICAL_SURFACE('',#4234,2.);
#4234 = AXIS2_PLACEMENT_3D('',#4235,#4236,#4237);
#4235 = CARTESIAN_POINT('',(-19.14802398299,1.,-10.2));
#4236 = DIRECTION('',(-2.2E-16,-1.67E-15,-1.));
#4237 = DIRECTION('',(1.,-1.1E-16,-2.2E-16));
#4238 = ADVANCED_FACE('',(#4239),#4265,.F.);
#4239 = FACE_BOUND('',#4240,.F.);
#4240 = EDGE_LOOP('',(#4241,#4249,#4258,#4264));
#4241 = ORIENTED_EDGE('',*,*,#4242,.T.);
#4242 = EDGE_CURVE('',#2684,#4243,#4245,.T.);
#4243 = VERTEX_POINT('',#4244);
#4244 = CARTESIAN_POINT('',(-19.50157737358,1.353553390593,-11.7));
#4245 = LINE('',#4246,#4247);
#4246 = CARTESIAN_POINT('',(-19.50157737358,1.353553390593,-10.2));
#4247 = VECTOR('',#4248,1.);
#4248 = DIRECTION('',(1.1E-16,-1.44E-15,-1.));
#4249 = ORIENTED_EDGE('',*,*,#4250,.T.);
#4250 = EDGE_CURVE('',#4243,#4251,#4253,.T.);
#4251 = VERTEX_POINT('',#4252);
#4252 = CARTESIAN_POINT('',(-18.7944705924,1.353553390593,-11.7));
#4253 = CIRCLE('',#4254,0.5);
#4254 = AXIS2_PLACEMENT_3D('',#4255,#4256,#4257);
#4255 = CARTESIAN_POINT('',(-19.14802398299,1.,-11.7));
#4256 = DIRECTION('',(-0.,1.E-15,1.));
#4257 = DIRECTION('',(1.,0.,0.));
#4258 = ORIENTED_EDGE('',*,*,#4259,.F.);
#4259 = EDGE_CURVE('',#2686,#4251,#4260,.T.);
#4260 = LINE('',#4261,#4262);
#4261 = CARTESIAN_POINT('',(-18.7944705924,1.353553390593,-10.2));
#4262 = VECTOR('',#4263,1.);
#4263 = DIRECTION('',(1.1E-16,-1.44E-15,-1.));
#4264 = ORIENTED_EDGE('',*,*,#2683,.F.);
#4265 = CYLINDRICAL_SURFACE('',#4266,0.5);
#4266 = AXIS2_PLACEMENT_3D('',#4267,#4268,#4269);
#4267 = CARTESIAN_POINT('',(-19.14802398299,1.,-10.2));
#4268 = DIRECTION('',(2.2E-16,1.67E-15,1.));
#4269 = DIRECTION('',(1.,-1.1E-16,-2.2E-16));
#4270 = ADVANCED_FACE('',(#4271),#4289,.T.);
#4271 = FACE_BOUND('',#4272,.T.);
#4272 = EDGE_LOOP('',(#4273,#4281,#4287,#4288));
#4273 = ORIENTED_EDGE('',*,*,#4274,.T.);
#4274 = EDGE_CURVE('',#2695,#4275,#4277,.T.);
#4275 = VERTEX_POINT('',#4276);
#4276 = CARTESIAN_POINT('',(-19.14802398299,1.707106781187,-11.7));
#4277 = LINE('',#4278,#4279);
#4278 = CARTESIAN_POINT('',(-19.14802398299,1.707106781187,-10.2));
#4279 = VECTOR('',#4280,1.);
#4280 = DIRECTION('',(1.1E-16,-1.44E-15,-1.));
#4281 = ORIENTED_EDGE('',*,*,#4282,.T.);
#4282 = EDGE_CURVE('',#4275,#4251,#4283,.T.);
#4283 = LINE('',#4284,#4285);
#4284 = CARTESIAN_POINT('',(-19.14802398299,1.707106781187,-11.7));
#4285 = VECTOR('',#4286,1.);
#4286 = DIRECTION('',(0.707106781187,-0.707106781187,7.071067811865E-16)
  );
#4287 = ORIENTED_EDGE('',*,*,#4259,.F.);
#4288 = ORIENTED_EDGE('',*,*,#2702,.F.);
#4289 = PLANE('',#4290);
#4290 = AXIS2_PLACEMENT_3D('',#4291,#4292,#4293);
#4291 = CARTESIAN_POINT('',(-19.14802398299,1.707106781187,-10.2));
#4292 = DIRECTION('',(-0.707106781187,-0.707106781187,9.4E-16));
#4293 = DIRECTION('',(0.707106781187,-0.707106781187,1.02E-15));
#4294 = ADVANCED_FACE('',(#4295),#4306,.T.);
#4295 = FACE_BOUND('',#4296,.T.);
#4296 = EDGE_LOOP('',(#4297,#4298,#4304,#4305));
#4297 = ORIENTED_EDGE('',*,*,#4242,.T.);
#4298 = ORIENTED_EDGE('',*,*,#4299,.T.);
#4299 = EDGE_CURVE('',#4243,#4275,#4300,.T.);
#4300 = LINE('',#4301,#4302);
#4301 = CARTESIAN_POINT('',(-19.50157737358,1.353553390593,-11.7));
#4302 = VECTOR('',#4303,1.);
#4303 = DIRECTION('',(0.707106781187,0.707106781187,-7.071067811865E-16)
  );
#4304 = ORIENTED_EDGE('',*,*,#4274,.F.);
#4305 = ORIENTED_EDGE('',*,*,#2694,.F.);
#4306 = PLANE('',#4307);
#4307 = AXIS2_PLACEMENT_3D('',#4308,#4309,#4310);
#4308 = CARTESIAN_POINT('',(-19.50157737358,1.353553390593,-10.2));
#4309 = DIRECTION('',(0.707106781187,-0.707106781187,1.1E-15));
#4310 = DIRECTION('',(0.707106781187,0.707106781187,-1.33E-15));
#4311 = ADVANCED_FACE('',(#4312),#4355,.T.);
#4312 = FACE_BOUND('',#4313,.T.);
#4313 = EDGE_LOOP('',(#4314,#4315,#4341,#4351,#4352,#4353,#4354));
#4314 = ORIENTED_EDGE('',*,*,#3361,.T.);
#4315 = ORIENTED_EDGE('',*,*,#4316,.F.);
#4316 = EDGE_CURVE('',#4141,#2826,#4317,.T.);
#4317 = B_SPLINE_CURVE_WITH_KNOTS('',8,(#4318,#4319,#4320,#4321,#4322,
    #4323,#4324,#4325,#4326,#4327,#4328,#4329,#4330,#4331,#4332,#4333,
    #4334,#4335,#4336,#4337,#4338,#4339,#4340),.UNSPECIFIED.,.F.,.F.,(9,
    7,7,9),(0.,0.43434705316,0.63618399862,1.),.UNSPECIFIED.);
#4318 = CARTESIAN_POINT('',(-21.14802398299,2.999999999999,-5.33E-15));
#4319 = CARTESIAN_POINT('',(-21.14802398299,2.999999999999,
    5.961115589534E-02));
#4320 = CARTESIAN_POINT('',(-21.14798003848,3.009350096874,
    0.119241863537));
#4321 = CARTESIAN_POINT('',(-21.14789206025,3.028069269375,
    0.177504318845));
#4322 = CARTESIAN_POINT('',(-21.14775869931,3.056444547813,
    0.232331699982));
#4323 = CARTESIAN_POINT('',(-21.14758113433,3.094225140569,
    0.281164220582));
#4324 = CARTESIAN_POINT('',(-21.14736308527,3.140619553195,
    0.321414174757));
#4325 = CARTESIAN_POINT('',(-21.14711179248,3.194087252375,
    0.350263961572));
#4326 = CARTESIAN_POINT('',(-21.14671379776,3.27876879612,0.372700610082
    ));
#4327 = CARTESIAN_POINT('',(-21.14658361503,3.306467844195,
    0.376868595735));
#4328 = CARTESIAN_POINT('',(-21.14645161087,3.334554439667,
    0.377873245142));
#4329 = CARTESIAN_POINT('',(-21.14631976238,3.36260791102,0.375658730314
    ));
#4330 = CARTESIAN_POINT('',(-21.1461899393,3.390230436935,0.370275384461
    ));
#4331 = CARTESIAN_POINT('',(-21.14606390267,3.417047316568,
    0.361856668431));
#4332 = CARTESIAN_POINT('',(-21.14594329411,3.442709261436,
    0.350624142486));
#4333 = CARTESIAN_POINT('',(-21.14562470718,3.510495171043,
    0.312219192769));
#4334 = CARTESIAN_POINT('',(-21.1454426546,3.549230592467,0.279529348747
    ));
#4335 = CARTESIAN_POINT('',(-21.14528823202,3.582087166277,0.24043580264
    ));
#4336 = CARTESIAN_POINT('',(-21.14516391704,3.608537729522,0.19654248631
    ));
#4337 = CARTESIAN_POINT('',(-21.14507087685,3.628333938396,
    0.149336008813));
#4338 = CARTESIAN_POINT('',(-21.14500921309,3.641454169515,
    0.100145230432));
#4339 = CARTESIAN_POINT('',(-21.14497833563,3.648023982984,
    5.010096483127E-02));
#4340 = CARTESIAN_POINT('',(-21.14497833563,3.648023982984,-7.11E-15));
#4341 = ORIENTED_EDGE('',*,*,#4342,.T.);
#4342 = EDGE_CURVE('',#4141,#4213,#4343,.T.);
#4343 = B_SPLINE_CURVE_WITH_KNOTS('',6,(#4344,#4345,#4346,#4347,#4348,
    #4349,#4350),.UNSPECIFIED.,.F.,.F.,(7,7),(0.,1.),
  .PIECEWISE_BEZIER_KNOTS.);
#4344 = CARTESIAN_POINT('',(-21.14802398299,3.,1.773855424169E-03));
#4345 = CARTESIAN_POINT('',(-21.14789439886,3.,1.546684591172));
#4346 = CARTESIAN_POINT('',(-21.01233357174,3.,3.091723388923));
#4347 = CARTESIAN_POINT('',(-20.74129865414,3.,4.621740206018));
#4348 = CARTESIAN_POINT('',(-20.33708528847,3.,6.12208119996));
#4349 = CARTESIAN_POINT('',(-19.80383663879,3.,7.578504120525));
#4350 = CARTESIAN_POINT('',(-19.14802398299,3.,8.97731023629));
#4351 = ORIENTED_EDGE('',*,*,#4212,.T.);
#4352 = ORIENTED_EDGE('',*,*,#3908,.F.);
#4353 = ORIENTED_EDGE('',*,*,#3293,.F.);
#4354 = ORIENTED_EDGE('',*,*,#3349,.T.);
#4355 = SURFACE_OF_REVOLUTION('',#4356,#4361);
#4356 = B_SPLINE_CURVE_WITH_KNOTS('',3,(#4357,#4358,#4359,#4360),
  .UNSPECIFIED.,.F.,.F.,(4,4),(0.,1.),.PIECEWISE_BEZIER_KNOTS.);
#4357 = CARTESIAN_POINT('',(-20.4,6.500011948131,-1.44E-15));
#4358 = CARTESIAN_POINT('',(-21.4,6.500011948131,-1.44E-15));
#4359 = CARTESIAN_POINT('',(-21.4,5.19E-15,0.));
#4360 = CARTESIAN_POINT('',(-20.4,4.97E-15,0.));
#4361 = AXIS1_PLACEMENT('',#4362,#4363);
#4362 = CARTESIAN_POINT('',(0.,0.,0.));
#4363 = DIRECTION('',(0.,-1.,2.2E-16));
#4364 = ADVANCED_FACE('',(#4365),#4376,.T.);
#4365 = FACE_BOUND('',#4366,.T.);
#4366 = EDGE_LOOP('',(#4367,#4368,#4369,#4370));
#4367 = ORIENTED_EDGE('',*,*,#3837,.T.);
#4368 = ORIENTED_EDGE('',*,*,#3278,.T.);
#4369 = ORIENTED_EDGE('',*,*,#3902,.T.);
#4370 = ORIENTED_EDGE('',*,*,#4371,.T.);
#4371 = EDGE_CURVE('',#3894,#3829,#4372,.T.);
#4372 = LINE('',#4373,#4374);
#4373 = CARTESIAN_POINT('',(-19.14802398299,3.,10.199999999999));
#4374 = VECTOR('',#4375,1.);
#4375 = DIRECTION('',(-8.9E-16,3.E-15,1.));
#4376 = PLANE('',#4377);
#4377 = AXIS2_PLACEMENT_3D('',#4378,#4379,#4380);
#4378 = CARTESIAN_POINT('',(-21.14802398299,3.,-10.2));
#4379 = DIRECTION('',(5.6E-16,1.,-2.78E-15));
#4380 = DIRECTION('',(1.,-5.6E-16,-2.2E-16));
#4381 = ADVANCED_FACE('',(#4382),#4393,.T.);
#4382 = FACE_BOUND('',#4383,.F.);
#4383 = EDGE_LOOP('',(#4384,#4390,#4391,#4392));
#4384 = ORIENTED_EDGE('',*,*,#4385,.T.);
#4385 = EDGE_CURVE('',#3692,#3795,#4386,.T.);
#4386 = LINE('',#4387,#4388);
#4387 = CARTESIAN_POINT('',(19.148023982993,3.,10.199999999999));
#4388 = VECTOR('',#4389,1.);
#4389 = DIRECTION('',(0.,2.78E-15,1.));
#4390 = ORIENTED_EDGE('',*,*,#3803,.T.);
#4391 = ORIENTED_EDGE('',*,*,#3166,.F.);
#4392 = ORIENTED_EDGE('',*,*,#3691,.T.);
#4393 = PLANE('',#4394);
#4394 = AXIS2_PLACEMENT_3D('',#4395,#4396,#4397);
#4395 = CARTESIAN_POINT('',(21.148023982993,3.,-10.2));
#4396 = DIRECTION('',(3.38E-15,1.,-3.E-15));
#4397 = DIRECTION('',(1.,-3.38E-15,1.11E-15));
#4398 = ADVANCED_FACE('',(#4399),#4486,.T.);
#4399 = FACE_BOUND('',#4400,.T.);
#4400 = EDGE_LOOP('',(#4401,#4402,#4415,#4429,#4483,#4484,#4485));
#4401 = ORIENTED_EDGE('',*,*,#3644,.T.);
#4402 = ORIENTED_EDGE('',*,*,#4403,.T.);
#4403 = EDGE_CURVE('',#3636,#4404,#4406,.T.);
#4404 = VERTEX_POINT('',#4405);
#4405 = CARTESIAN_POINT('',(19.148023982993,3.,8.97731023629));
#4406 = B_SPLINE_CURVE_WITH_KNOTS('',4,(#4407,#4408,#4409,#4410,#4411,
    #4412,#4413,#4414),.UNSPECIFIED.,.F.,.F.,(5,3,5),(0.,0.330118115459,
    1.),.UNSPECIFIED.);
#4407 = CARTESIAN_POINT('',(18.523387468694,2.89995505868,
    10.200122179301));
#4408 = CARTESIAN_POINT('',(18.578392250401,2.918038892103,
    10.101067903606));
#4409 = CARTESIAN_POINT('',(18.632676446272,2.933533007935,
    10.001466051867));
#4410 = CARTESIAN_POINT('',(18.686212550946,2.946698920312,
    9.901408329108));
#4411 = CARTESIAN_POINT('',(18.846071286419,2.980099160861,
    9.597101378735));
#4412 = CARTESIAN_POINT('',(18.950009669226,2.993674089518,
    9.391614341477));
#4413 = CARTESIAN_POINT('',(19.050674036832,3.,9.184951395477));
#4414 = CARTESIAN_POINT('',(19.148023982993,3.,8.97731023629));
#4415 = ORIENTED_EDGE('',*,*,#4416,.T.);
#4416 = EDGE_CURVE('',#4404,#4417,#4419,.T.);
#4417 = VERTEX_POINT('',#4418);
#4418 = CARTESIAN_POINT('',(21.148023986834,3.,-1.54026714E-07));
#4419 = B_SPLINE_CURVE_WITH_KNOTS('',8,(#4420,#4421,#4422,#4423,#4424,
    #4425,#4426,#4427,#4428),.UNSPECIFIED.,.F.,.F.,(9,9),(0.,1.),
  .PIECEWISE_BEZIER_KNOTS.);
#4420 = CARTESIAN_POINT('',(19.148023982993,3.,8.97731023629));
#4421 = CARTESIAN_POINT('',(20.131588788036,3.,6.879429915785));
#4422 = CARTESIAN_POINT('',(20.853460252935,3.,4.656284993209));
#4423 = CARTESIAN_POINT('',(21.293160819894,3.,2.349168841757));
#4424 = CARTESIAN_POINT('',(21.440927250182,3.,1.102009E-11));
#4425 = CARTESIAN_POINT('',(21.293160819893,3.,-2.349168841774));
#4426 = CARTESIAN_POINT('',(20.853460252936,3.,-4.656284993202));
#4427 = CARTESIAN_POINT('',(20.131588788035,3.,-6.879429915786));
#4428 = CARTESIAN_POINT('',(19.148023982993,3.,-8.97731023629));
#4429 = ORIENTED_EDGE('',*,*,#4430,.T.);
#4430 = EDGE_CURVE('',#4417,#3069,#4431,.T.);
#4431 = B_SPLINE_CURVE_WITH_KNOTS('',8,(#4432,#4433,#4434,#4435,#4436,
    #4437,#4438,#4439,#4440,#4441,#4442,#4443,#4444,#4445,#4446,#4447,
    #4448,#4449,#4450,#4451,#4452,#4453,#4454,#4455,#4456,#4457,#4458,
    #4459,#4460,#4461,#4462,#4463,#4464,#4465,#4466,#4467,#4468,#4469,
    #4470,#4471,#4472,#4473,#4474,#4475,#4476,#4477,#4478,#4479,#4480,
    #4481,#4482),.UNSPECIFIED.,.T.,.F.,(9,7,7,7,7,7,7,9),(0.,
    0.142204043743,0.250623329486,0.330264088435,0.534322915518,
    0.687537310641,0.773402088141,1.),.UNSPECIFIED.);
#4432 = CARTESIAN_POINT('',(21.145084528479,3.625429276107,
    -0.137949548047));
#4433 = CARTESIAN_POINT('',(21.145143821985,3.612813365905,
    -0.175050008411));
#4434 = CARTESIAN_POINT('',(21.145221965827,3.596186659624,
    -0.210735489623));
#4435 = CARTESIAN_POINT('',(21.145318924057,3.57555680628,
    -0.244519559567));
#4436 = CARTESIAN_POINT('',(21.145434592803,3.550945906596,
    -0.275720193159));
#4437 = CARTESIAN_POINT('',(21.145568226666,3.52251255959,
    -0.303569405652));
#4438 = CARTESIAN_POINT('',(21.145718296479,3.490582126814,
    -0.327227201416));
#4439 = CARTESIAN_POINT('',(21.145882207614,3.45570666886,
    -0.345844144257));
#4440 = CARTESIAN_POINT('',(21.14618728318,3.390795580866,
    -0.368707994103));
#4441 = CARTESIAN_POINT('',(21.146325062356,3.361480233592,
    -0.375352786357));
#4442 = CARTESIAN_POINT('',(21.146466131882,3.331464796627,
    -0.378413996937));
#4443 = CARTESIAN_POINT('',(21.146608075171,3.301263448663,
    -0.377772476822));
#4444 = CARTESIAN_POINT('',(21.146748573858,3.271369469495,
    -0.373451936511));
#4445 = CARTESIAN_POINT('',(21.146885417854,3.242253100789,
    -0.365584984381));
#4446 = CARTESIAN_POINT('',(21.147016524291,3.214357515549,
    -0.354420430038));
#4447 = CARTESIAN_POINT('',(21.147230640623,3.168799871397,
    -0.330052531919));
#4448 = CARTESIAN_POINT('',(21.147317379415,3.150344413388,
    -0.318153029182));
#4449 = CARTESIAN_POINT('',(21.147399593708,3.132851635129,
    -0.304804299052));
#4450 = CARTESIAN_POINT('',(21.147476839502,3.116416007131,
    -0.290145260461));
#4451 = CARTESIAN_POINT('',(21.147548793573,3.101106301813,
    -0.27431739506));
#4452 = CARTESIAN_POINT('',(21.147615230238,3.086970537756,
    -0.257459345624));
#4453 = CARTESIAN_POINT('',(21.147675998119,3.074040923961,
    -0.23970151446));
#4454 = CARTESIAN_POINT('',(21.147871917869,3.032354975998,
    -0.173655074026));
#4455 = CARTESIAN_POINT('',(21.147974167477,3.010599273444,
    -0.121288017718));
#4456 = CARTESIAN_POINT('',(21.148038162171,2.996983088929,
    -6.570499498714E-02));
#4457 = CARTESIAN_POINT('',(21.148062771292,2.991746993345,
    -8.433149830607E-03));
#4458 = CARTESIAN_POINT('',(21.148048241115,2.994838586609,
    4.898642934375E-02));
#4459 = CARTESIAN_POINT('',(21.147994319984,3.006311413988,
    0.105040237686));
#4460 = CARTESIAN_POINT('',(21.147902142331,3.02592410154,0.158227092966
    ));
#4461 = CARTESIAN_POINT('',(21.147672548825,3.074774832076,
    0.243618069797));
#4462 = CARTESIAN_POINT('',(21.147552309278,3.100358263356,
    0.277681119562));
#4463 = CARTESIAN_POINT('',(21.147410858844,3.130454746169,0.30826063708
    ));
#4464 = CARTESIAN_POINT('',(21.147249636876,3.164758028883,
    0.334349517144));
#4465 = CARTESIAN_POINT('',(21.147071156141,3.202733468268,
    0.354864304706));
#4466 = CARTESIAN_POINT('',(21.146879549771,3.24350165586,0.368889474368
    ));
#4467 = CARTESIAN_POINT('',(21.146680483727,3.285857042418,0.37556827161
    ));
#4468 = CARTESIAN_POINT('',(21.146372099752,3.351472062192,
    0.374757763277));
#4469 = CARTESIAN_POINT('',(21.14626136626,3.375032885189,0.372204787493
    ));
#4470 = CARTESIAN_POINT('',(21.146152013364,3.398299958168,
    0.367387972543));
#4471 = CARTESIAN_POINT('',(21.146045198378,3.421027038794,0.36037837809
    ));
#4472 = CARTESIAN_POINT('',(21.145941911977,3.443003340314,
    0.351293951277));
#4473 = CARTESIAN_POINT('',(21.145843000642,3.464048756809,
    0.340282835201));
#4474 = CARTESIAN_POINT('',(21.145749176852,3.484011693877,
    0.327515983825));
#4475 = CARTESIAN_POINT('',(21.145428362784,3.552271470971,
    0.275379880986));
#4476 = CARTESIAN_POINT('',(21.145236799233,3.59303054801,0.226970509181
    ));
#4477 = CARTESIAN_POINT('',(21.145091041677,3.624043459601,
    0.170988409862));
#4478 = CARTESIAN_POINT('',(21.144993886266,3.644715267145,
    0.110144316328));
#4479 = CARTESIAN_POINT('',(21.144944994911,3.655117906382,
    4.688271776093E-02));
#4480 = CARTESIAN_POINT('',(21.144944390828,3.655246437419,
    -1.668170055187E-02));
#4481 = CARTESIAN_POINT('',(21.144989956163,3.645551477343,
    -7.877547264042E-02));
#4482 = CARTESIAN_POINT('',(21.145084528479,3.625429276107,
    -0.137949548047));
#4483 = ORIENTED_EDGE('',*,*,#3082,.T.);
#4484 = ORIENTED_EDGE('',*,*,#3096,.T.);
#4485 = ORIENTED_EDGE('',*,*,#3110,.T.);
#4486 = SURFACE_OF_REVOLUTION('',#4487,#4492);
#4487 = B_SPLINE_CURVE_WITH_KNOTS('',3,(#4488,#4489,#4490,#4491),
  .UNSPECIFIED.,.F.,.F.,(4,4),(0.,1.),.PIECEWISE_BEZIER_KNOTS.);
#4488 = CARTESIAN_POINT('',(-20.4,6.500011948131,-1.44E-15));
#4489 = CARTESIAN_POINT('',(-21.4,6.500011948131,-1.44E-15));
#4490 = CARTESIAN_POINT('',(-21.4,5.19E-15,0.));
#4491 = CARTESIAN_POINT('',(-20.4,4.97E-15,0.));
#4492 = AXIS1_PLACEMENT('',#4493,#4494);
#4493 = CARTESIAN_POINT('',(0.,0.,0.));
#4494 = DIRECTION('',(0.,-1.,2.2E-16));
#4495 = ADVANCED_FACE('',(#4496),#4636,.T.);
#4496 = FACE_BOUND('',#4497,.T.);
#4497 = EDGE_LOOP('',(#4498,#4510,#4511,#4512,#4513,#4514,#4570,#4624));
#4498 = ORIENTED_EDGE('',*,*,#4499,.T.);
#4499 = EDGE_CURVE('',#4500,#3476,#4502,.T.);
#4500 = VERTEX_POINT('',#4501);
#4501 = CARTESIAN_POINT('',(19.148023982993,3.,-8.97731023629));
#4502 = B_SPLINE_CURVE_WITH_KNOTS('',6,(#4503,#4504,#4505,#4506,#4507,
    #4508,#4509),.UNSPECIFIED.,.F.,.F.,(7,7),(0.,1.),
  .PIECEWISE_BEZIER_KNOTS.);
#4503 = CARTESIAN_POINT('',(19.148023982993,3.,-8.97731023629));
#4504 = CARTESIAN_POINT('',(19.051138040327,3.,-9.183961705935));
#4505 = CARTESIAN_POINT('',(18.951306506423,2.994367135458,
    -9.389722494631));
#4506 = CARTESIAN_POINT('',(18.84854373649,2.982464089999,
    -9.594488707322));
#4507 = CARTESIAN_POINT('',(18.742899074782,2.963487533861,
    -9.798047057492));
#4508 = CARTESIAN_POINT('',(18.634470202869,2.936475044538,
    -10.00008064959));
#4509 = CARTESIAN_POINT('',(18.523387468694,2.89995505868,-10.2001221793
    ));
#4510 = ORIENTED_EDGE('',*,*,#3475,.F.);
#4511 = ORIENTED_EDGE('',*,*,#3000,.F.);
#4512 = ORIENTED_EDGE('',*,*,#3056,.T.);
#4513 = ORIENTED_EDGE('',*,*,#3068,.T.);
#4514 = ORIENTED_EDGE('',*,*,#4515,.T.);
#4515 = EDGE_CURVE('',#3069,#4516,#4518,.T.);
#4516 = VERTEX_POINT('',#4517);
#4517 = CARTESIAN_POINT('',(21.145084528479,3.625429276107,
    -0.137949548047));
#4518 = B_SPLINE_CURVE_WITH_KNOTS('',8,(#4519,#4520,#4521,#4522,#4523,
    #4524,#4525,#4526,#4527,#4528,#4529,#4530,#4531,#4532,#4533,#4534,
    #4535,#4536,#4537,#4538,#4539,#4540,#4541,#4542,#4543,#4544,#4545,
    #4546,#4547,#4548,#4549,#4550,#4551,#4552,#4553,#4554,#4555,#4556,
    #4557,#4558,#4559,#4560,#4561,#4562,#4563,#4564,#4565,#4566,#4567,
    #4568,#4569),.UNSPECIFIED.,.T.,.F.,(9,7,7,7,7,7,7,9),(0.,
    0.142204043743,0.250623329486,0.330264088435,0.534322915518,
    0.687537310641,0.773402088141,1.),.UNSPECIFIED.);
#4519 = CARTESIAN_POINT('',(21.145084528479,3.625429276107,
    -0.137949548047));
#4520 = CARTESIAN_POINT('',(21.145143821985,3.612813365905,
    -0.175050008411));
#4521 = CARTESIAN_POINT('',(21.145221965827,3.596186659624,
    -0.210735489623));
#4522 = CARTESIAN_POINT('',(21.145318924057,3.57555680628,
    -0.244519559567));
#4523 = CARTESIAN_POINT('',(21.145434592803,3.550945906596,
    -0.275720193159));
#4524 = CARTESIAN_POINT('',(21.145568226666,3.52251255959,
    -0.303569405652));
#4525 = CARTESIAN_POINT('',(21.145718296479,3.490582126814,
    -0.327227201416));
#4526 = CARTESIAN_POINT('',(21.145882207614,3.45570666886,
    -0.345844144257));
#4527 = CARTESIAN_POINT('',(21.14618728318,3.390795580866,
    -0.368707994103));
#4528 = CARTESIAN_POINT('',(21.146325062356,3.361480233592,
    -0.375352786357));
#4529 = CARTESIAN_POINT('',(21.146466131882,3.331464796627,
    -0.378413996937));
#4530 = CARTESIAN_POINT('',(21.146608075171,3.301263448663,
    -0.377772476822));
#4531 = CARTESIAN_POINT('',(21.146748573858,3.271369469495,
    -0.373451936511));
#4532 = CARTESIAN_POINT('',(21.146885417854,3.242253100789,
    -0.365584984381));
#4533 = CARTESIAN_POINT('',(21.147016524291,3.214357515549,
    -0.354420430038));
#4534 = CARTESIAN_POINT('',(21.147230640623,3.168799871397,
    -0.330052531919));
#4535 = CARTESIAN_POINT('',(21.147317379415,3.150344413388,
    -0.318153029182));
#4536 = CARTESIAN_POINT('',(21.147399593708,3.132851635129,
    -0.304804299052));
#4537 = CARTESIAN_POINT('',(21.147476839502,3.116416007131,
    -0.290145260461));
#4538 = CARTESIAN_POINT('',(21.147548793573,3.101106301813,
    -0.27431739506));
#4539 = CARTESIAN_POINT('',(21.147615230238,3.086970537756,
    -0.257459345624));
#4540 = CARTESIAN_POINT('',(21.147675998119,3.074040923961,
    -0.23970151446));
#4541 = CARTESIAN_POINT('',(21.147871917869,3.032354975998,
    -0.173655074026));
#4542 = CARTESIAN_POINT('',(21.147974167477,3.010599273444,
    -0.121288017718));
#4543 = CARTESIAN_POINT('',(21.148038162171,2.996983088929,
    -6.570499498714E-02));
#4544 = CARTESIAN_POINT('',(21.148062771292,2.991746993345,
    -8.433149830607E-03));
#4545 = CARTESIAN_POINT('',(21.148048241115,2.994838586609,
    4.898642934375E-02));
#4546 = CARTESIAN_POINT('',(21.147994319984,3.006311413988,
    0.105040237686));
#4547 = CARTESIAN_POINT('',(21.147902142331,3.02592410154,0.158227092966
    ));
#4548 = CARTESIAN_POINT('',(21.147672548825,3.074774832076,
    0.243618069797));
#4549 = CARTESIAN_POINT('',(21.147552309278,3.100358263356,
    0.277681119562));
#4550 = CARTESIAN_POINT('',(21.147410858844,3.130454746169,0.30826063708
    ));
#4551 = CARTESIAN_POINT('',(21.147249636876,3.164758028883,
    0.334349517144));
#4552 = CARTESIAN_POINT('',(21.147071156141,3.202733468268,
    0.354864304706));
#4553 = CARTESIAN_POINT('',(21.146879549771,3.24350165586,0.368889474368
    ));
#4554 = CARTESIAN_POINT('',(21.146680483727,3.285857042418,0.37556827161
    ));
#4555 = CARTESIAN_POINT('',(21.146372099752,3.351472062192,
    0.374757763277));
#4556 = CARTESIAN_POINT('',(21.14626136626,3.375032885189,0.372204787493
    ));
#4557 = CARTESIAN_POINT('',(21.146152013364,3.398299958168,
    0.367387972543));
#4558 = CARTESIAN_POINT('',(21.146045198378,3.421027038794,0.36037837809
    ));
#4559 = CARTESIAN_POINT('',(21.145941911977,3.443003340314,
    0.351293951277));
#4560 = CARTESIAN_POINT('',(21.145843000642,3.464048756809,
    0.340282835201));
#4561 = CARTESIAN_POINT('',(21.145749176852,3.484011693877,
    0.327515983825));
#4562 = CARTESIAN_POINT('',(21.145428362784,3.552271470971,
    0.275379880986));
#4563 = CARTESIAN_POINT('',(21.145236799233,3.59303054801,0.226970509181
    ));
#4564 = CARTESIAN_POINT('',(21.145091041677,3.624043459601,
    0.170988409862));
#4565 = CARTESIAN_POINT('',(21.144993886266,3.644715267145,
    0.110144316328));
#4566 = CARTESIAN_POINT('',(21.144944994911,3.655117906382,
    4.688271776093E-02));
#4567 = CARTESIAN_POINT('',(21.144944390828,3.655246437419,
    -1.668170055187E-02));
#4568 = CARTESIAN_POINT('',(21.144989956163,3.645551477343,
    -7.877547264042E-02));
#4569 = CARTESIAN_POINT('',(21.145084528479,3.625429276107,
    -0.137949548047));
#4570 = ORIENTED_EDGE('',*,*,#4571,.T.);
#4571 = EDGE_CURVE('',#4516,#4417,#4572,.T.);
#4572 = B_SPLINE_CURVE_WITH_KNOTS('',8,(#4573,#4574,#4575,#4576,#4577,
    #4578,#4579,#4580,#4581,#4582,#4583,#4584,#4585,#4586,#4587,#4588,
    #4589,#4590,#4591,#4592,#4593,#4594,#4595,#4596,#4597,#4598,#4599,
    #4600,#4601,#4602,#4603,#4604,#4605,#4606,#4607,#4608,#4609,#4610,
    #4611,#4612,#4613,#4614,#4615,#4616,#4617,#4618,#4619,#4620,#4621,
    #4622,#4623),.UNSPECIFIED.,.T.,.F.,(9,7,7,7,7,7,7,9),(0.,
    0.142204043743,0.250623329486,0.330264088435,0.534322915518,
    0.687537310641,0.773402088141,1.),.UNSPECIFIED.);
#4573 = CARTESIAN_POINT('',(21.145084528479,3.625429276107,
    -0.137949548047));
#4574 = CARTESIAN_POINT('',(21.145143821985,3.612813365905,
    -0.175050008411));
#4575 = CARTESIAN_POINT('',(21.145221965827,3.596186659624,
    -0.210735489623));
#4576 = CARTESIAN_POINT('',(21.145318924057,3.57555680628,
    -0.244519559567));
#4577 = CARTESIAN_POINT('',(21.145434592803,3.550945906596,
    -0.275720193159));
#4578 = CARTESIAN_POINT('',(21.145568226666,3.52251255959,
    -0.303569405652));
#4579 = CARTESIAN_POINT('',(21.145718296479,3.490582126814,
    -0.327227201416));
#4580 = CARTESIAN_POINT('',(21.145882207614,3.45570666886,
    -0.345844144257));
#4581 = CARTESIAN_POINT('',(21.14618728318,3.390795580866,
    -0.368707994103));
#4582 = CARTESIAN_POINT('',(21.146325062356,3.361480233592,
    -0.375352786357));
#4583 = CARTESIAN_POINT('',(21.146466131882,3.331464796627,
    -0.378413996937));
#4584 = CARTESIAN_POINT('',(21.146608075171,3.301263448663,
    -0.377772476822));
#4585 = CARTESIAN_POINT('',(21.146748573858,3.271369469495,
    -0.373451936511));
#4586 = CARTESIAN_POINT('',(21.146885417854,3.242253100789,
    -0.365584984381));
#4587 = CARTESIAN_POINT('',(21.147016524291,3.214357515549,
    -0.354420430038));
#4588 = CARTESIAN_POINT('',(21.147230640623,3.168799871397,
    -0.330052531919));
#4589 = CARTESIAN_POINT('',(21.147317379415,3.150344413388,
    -0.318153029182));
#4590 = CARTESIAN_POINT('',(21.147399593708,3.132851635129,
    -0.304804299052));
#4591 = CARTESIAN_POINT('',(21.147476839502,3.116416007131,
    -0.290145260461));
#4592 = CARTESIAN_POINT('',(21.147548793573,3.101106301813,
    -0.27431739506));
#4593 = CARTESIAN_POINT('',(21.147615230238,3.086970537756,
    -0.257459345624));
#4594 = CARTESIAN_POINT('',(21.147675998119,3.074040923961,
    -0.23970151446));
#4595 = CARTESIAN_POINT('',(21.147871917869,3.032354975998,
    -0.173655074026));
#4596 = CARTESIAN_POINT('',(21.147974167477,3.010599273444,
    -0.121288017718));
#4597 = CARTESIAN_POINT('',(21.148038162171,2.996983088929,
    -6.570499498714E-02));
#4598 = CARTESIAN_POINT('',(21.148062771292,2.991746993345,
    -8.433149830607E-03));
#4599 = CARTESIAN_POINT('',(21.148048241115,2.994838586609,
    4.898642934375E-02));
#4600 = CARTESIAN_POINT('',(21.147994319984,3.006311413988,
    0.105040237686));
#4601 = CARTESIAN_POINT('',(21.147902142331,3.02592410154,0.158227092966
    ));
#4602 = CARTESIAN_POINT('',(21.147672548825,3.074774832076,
    0.243618069797));
#4603 = CARTESIAN_POINT('',(21.147552309278,3.100358263356,
    0.277681119562));
#4604 = CARTESIAN_POINT('',(21.147410858844,3.130454746169,0.30826063708
    ));
#4605 = CARTESIAN_POINT('',(21.147249636876,3.164758028883,
    0.334349517144));
#4606 = CARTESIAN_POINT('',(21.147071156141,3.202733468268,
    0.354864304706));
#4607 = CARTESIAN_POINT('',(21.146879549771,3.24350165586,0.368889474368
    ));
#4608 = CARTESIAN_POINT('',(21.146680483727,3.285857042418,0.37556827161
    ));
#4609 = CARTESIAN_POINT('',(21.146372099752,3.351472062192,
    0.374757763277));
#4610 = CARTESIAN_POINT('',(21.14626136626,3.375032885189,0.372204787493
    ));
#4611 = CARTESIAN_POINT('',(21.146152013364,3.398299958168,
    0.367387972543));
#4612 = CARTESIAN_POINT('',(21.146045198378,3.421027038794,0.36037837809
    ));
#4613 = CARTESIAN_POINT('',(21.145941911977,3.443003340314,
    0.351293951277));
#4614 = CARTESIAN_POINT('',(21.145843000642,3.464048756809,
    0.340282835201));
#4615 = CARTESIAN_POINT('',(21.145749176852,3.484011693877,
    0.327515983825));
#4616 = CARTESIAN_POINT('',(21.145428362784,3.552271470971,
    0.275379880986));
#4617 = CARTESIAN_POINT('',(21.145236799233,3.59303054801,0.226970509181
    ));
#4618 = CARTESIAN_POINT('',(21.145091041677,3.624043459601,
    0.170988409862));
#4619 = CARTESIAN_POINT('',(21.144993886266,3.644715267145,
    0.110144316328));
#4620 = CARTESIAN_POINT('',(21.144944994911,3.655117906382,
    4.688271776093E-02));
#4621 = CARTESIAN_POINT('',(21.144944390828,3.655246437419,
    -1.668170055187E-02));
#4622 = CARTESIAN_POINT('',(21.144989956163,3.645551477343,
    -7.877547264042E-02));
#4623 = CARTESIAN_POINT('',(21.145084528479,3.625429276107,
    -0.137949548047));
#4624 = ORIENTED_EDGE('',*,*,#4625,.T.);
#4625 = EDGE_CURVE('',#4417,#4500,#4626,.T.);
#4626 = B_SPLINE_CURVE_WITH_KNOTS('',8,(#4627,#4628,#4629,#4630,#4631,
    #4632,#4633,#4634,#4635),.UNSPECIFIED.,.F.,.F.,(9,9),(0.,1.),
  .PIECEWISE_BEZIER_KNOTS.);
#4627 = CARTESIAN_POINT('',(19.148023982993,3.,8.97731023629));
#4628 = CARTESIAN_POINT('',(20.131588788036,3.,6.879429915785));
#4629 = CARTESIAN_POINT('',(20.853460252935,3.,4.656284993209));
#4630 = CARTESIAN_POINT('',(21.293160819894,3.,2.349168841757));
#4631 = CARTESIAN_POINT('',(21.440927250182,3.,1.102009E-11));
#4632 = CARTESIAN_POINT('',(21.293160819893,3.,-2.349168841774));
#4633 = CARTESIAN_POINT('',(20.853460252936,3.,-4.656284993202));
#4634 = CARTESIAN_POINT('',(20.131588788035,3.,-6.879429915786));
#4635 = CARTESIAN_POINT('',(19.148023982993,3.,-8.97731023629));
#4636 = SURFACE_OF_REVOLUTION('',#4637,#4642);
#4637 = B_SPLINE_CURVE_WITH_KNOTS('',3,(#4638,#4639,#4640,#4641),
  .UNSPECIFIED.,.F.,.F.,(4,4),(0.,1.),.PIECEWISE_BEZIER_KNOTS.);
#4638 = CARTESIAN_POINT('',(-20.4,6.500011948131,-1.44E-15));
#4639 = CARTESIAN_POINT('',(-21.4,6.500011948131,-1.44E-15));
#4640 = CARTESIAN_POINT('',(-21.4,5.19E-15,0.));
#4641 = CARTESIAN_POINT('',(-20.4,4.97E-15,0.));
#4642 = AXIS1_PLACEMENT('',#4643,#4644);
#4643 = CARTESIAN_POINT('',(0.,0.,0.));
#4644 = DIRECTION('',(0.,-1.,2.2E-16));
#4645 = ADVANCED_FACE('',(#4646),#4657,.T.);
#4646 = FACE_BOUND('',#4647,.F.);
#4647 = EDGE_LOOP('',(#4648,#4654,#4655,#4656));
#4648 = ORIENTED_EDGE('',*,*,#4649,.F.);
#4649 = EDGE_CURVE('',#3461,#3386,#4650,.T.);
#4650 = LINE('',#4651,#4652);
#4651 = CARTESIAN_POINT('',(19.148023982993,3.,-10.2));
#4652 = VECTOR('',#4653,1.);
#4653 = DIRECTION('',(-0.,-2.78E-15,-1.));
#4654 = ORIENTED_EDGE('',*,*,#3469,.F.);
#4655 = ORIENTED_EDGE('',*,*,#2985,.F.);
#4656 = ORIENTED_EDGE('',*,*,#3385,.T.);
#4657 = PLANE('',#4658);
#4658 = AXIS2_PLACEMENT_3D('',#4659,#4660,#4661);
#4659 = CARTESIAN_POINT('',(21.148023982993,3.,-10.2));
#4660 = DIRECTION('',(3.38E-15,1.,-3.E-15));
#4661 = DIRECTION('',(1.,-3.38E-15,1.11E-15));
#4662 = ADVANCED_FACE('',(#4663),#4675,.T.);
#4663 = FACE_BOUND('',#4664,.F.);
#4664 = EDGE_LOOP('',(#4665,#4672,#4673,#4674));
#4665 = ORIENTED_EDGE('',*,*,#4666,.F.);
#4666 = EDGE_CURVE('',#4070,#2824,#4667,.T.);
#4667 = CIRCLE('',#4668,0.1);
#4668 = AXIS2_PLACEMENT_3D('',#4669,#4670,#4671);
#4669 = CARTESIAN_POINT('',(-20.4,6.400011948131,0.));
#4670 = DIRECTION('',(0.,0.,1.));
#4671 = DIRECTION('',(1.,0.,0.));
#4672 = ORIENTED_EDGE('',*,*,#4069,.F.);
#4673 = ORIENTED_EDGE('',*,*,#4666,.T.);
#4674 = ORIENTED_EDGE('',*,*,#2834,.T.);
#4675 = TOROIDAL_SURFACE('',#4676,20.4,0.1);
#4676 = AXIS2_PLACEMENT_3D('',#4677,#4678,#4679);
#4677 = CARTESIAN_POINT('',(0.,6.400011948131,-1.42E-15));
#4678 = DIRECTION('',(0.,-1.,2.2E-16));
#4679 = DIRECTION('',(-1.,0.,0.));
#4680 = ADVANCED_FACE('',(#4681),#4692,.T.);
#4681 = FACE_BOUND('',#4682,.F.);
#4682 = EDGE_LOOP('',(#4683,#4684,#4685,#4691));
#4683 = ORIENTED_EDGE('',*,*,#3436,.F.);
#4684 = ORIENTED_EDGE('',*,*,#3452,.T.);
#4685 = ORIENTED_EDGE('',*,*,#4686,.T.);
#4686 = EDGE_CURVE('',#3453,#3394,#4687,.T.);
#4687 = LINE('',#4688,#4689);
#4688 = CARTESIAN_POINT('',(21.148023982993,1.,-10.2));
#4689 = VECTOR('',#4690,1.);
#4690 = DIRECTION('',(-0.,-2.78E-15,-1.));
#4691 = ORIENTED_EDGE('',*,*,#3402,.F.);
#4692 = PLANE('',#4693);
#4693 = AXIS2_PLACEMENT_3D('',#4694,#4695,#4696);
#4694 = CARTESIAN_POINT('',(21.148023982993,-5.246E-14,-10.2));
#4695 = DIRECTION('',(1.,-2.3E-15,4.4E-16));
#4696 = DIRECTION('',(-4.4E-16,1.17E-15,1.));
#4697 = ADVANCED_FACE('',(#4698),#4704,.T.);
#4698 = FACE_BOUND('',#4699,.F.);
#4699 = EDGE_LOOP('',(#4700,#4701,#4702,#4703));
#4700 = ORIENTED_EDGE('',*,*,#3460,.T.);
#4701 = ORIENTED_EDGE('',*,*,#4649,.T.);
#4702 = ORIENTED_EDGE('',*,*,#3393,.F.);
#4703 = ORIENTED_EDGE('',*,*,#4686,.F.);
#4704 = CYLINDRICAL_SURFACE('',#4705,2.);
#4705 = AXIS2_PLACEMENT_3D('',#4706,#4707,#4708);
#4706 = CARTESIAN_POINT('',(19.148023982993,1.,-10.2));
#4707 = DIRECTION('',(-0.,-2.78E-15,-1.));
#4708 = DIRECTION('',(1.,-2.08E-15,5.7824E-30));
#4709 = ADVANCED_FACE('',(#4710),#4727,.F.);
#4710 = FACE_BOUND('',#4711,.F.);
#4711 = EDGE_LOOP('',(#4712,#4713,#4714,#4715,#4716,#4717,#4718,#4724,
    #4725,#4726));
#4712 = ORIENTED_EDGE('',*,*,#3542,.F.);
#4713 = ORIENTED_EDGE('',*,*,#3593,.T.);
#4714 = ORIENTED_EDGE('',*,*,#3617,.F.);
#4715 = ORIENTED_EDGE('',*,*,#3626,.F.);
#4716 = ORIENTED_EDGE('',*,*,#3635,.F.);
#4717 = ORIENTED_EDGE('',*,*,#4403,.T.);
#4718 = ORIENTED_EDGE('',*,*,#4719,.F.);
#4719 = EDGE_CURVE('',#4500,#4404,#4720,.T.);
#4720 = LINE('',#4721,#4722);
#4721 = CARTESIAN_POINT('',(19.148023982993,3.,-10.2));
#4722 = VECTOR('',#4723,1.);
#4723 = DIRECTION('',(-6.7E-16,8.9E-16,1.));
#4724 = ORIENTED_EDGE('',*,*,#4499,.T.);
#4725 = ORIENTED_EDGE('',*,*,#3524,.F.);
#4726 = ORIENTED_EDGE('',*,*,#3533,.F.);
#4727 = CYLINDRICAL_SURFACE('',#4728,2.);
#4728 = AXIS2_PLACEMENT_3D('',#4729,#4730,#4731);
#4729 = CARTESIAN_POINT('',(19.148023982993,1.,-10.2));
#4730 = DIRECTION('',(1.11E-15,-1.44E-15,-1.));
#4731 = DIRECTION('',(-1.,5.6E-16,-1.11E-15));
#4732 = ADVANCED_FACE('',(#4733),#4759,.F.);
#4733 = FACE_BOUND('',#4734,.T.);
#4734 = EDGE_LOOP('',(#4735,#4743,#4752,#4758));
#4735 = ORIENTED_EDGE('',*,*,#4736,.T.);
#4736 = EDGE_CURVE('',#3560,#4737,#4739,.T.);
#4737 = VERTEX_POINT('',#4738);
#4738 = CARTESIAN_POINT('',(19.501577373586,1.353553390593,-11.7));
#4739 = LINE('',#4740,#4741);
#4740 = CARTESIAN_POINT('',(19.501577373586,1.353553390593,-10.2));
#4741 = VECTOR('',#4742,1.);
#4742 = DIRECTION('',(7.8E-16,-1.22E-15,-1.));
#4743 = ORIENTED_EDGE('',*,*,#4744,.T.);
#4744 = EDGE_CURVE('',#4737,#4745,#4747,.T.);
#4745 = VERTEX_POINT('',#4746);
#4746 = CARTESIAN_POINT('',(18.7944705924,1.353553390593,-11.7));
#4747 = CIRCLE('',#4748,0.5);
#4748 = AXIS2_PLACEMENT_3D('',#4749,#4750,#4751);
#4749 = CARTESIAN_POINT('',(19.148023982993,1.,-11.7));
#4750 = DIRECTION('',(1.11E-15,-1.44E-15,-1.));
#4751 = DIRECTION('',(-1.,3.93E-15,-1.11E-15));
#4752 = ORIENTED_EDGE('',*,*,#4753,.F.);
#4753 = EDGE_CURVE('',#3562,#4745,#4754,.T.);
#4754 = LINE('',#4755,#4756);
#4755 = CARTESIAN_POINT('',(18.7944705924,1.353553390593,-10.2));
#4756 = VECTOR('',#4757,1.);
#4757 = DIRECTION('',(7.8E-16,-1.22E-15,-1.));
#4758 = ORIENTED_EDGE('',*,*,#3559,.F.);
#4759 = CYLINDRICAL_SURFACE('',#4760,0.5);
#4760 = AXIS2_PLACEMENT_3D('',#4761,#4762,#4763);
#4761 = CARTESIAN_POINT('',(19.148023982993,1.,-10.2));
#4762 = DIRECTION('',(-1.11E-15,1.44E-15,1.));
#4763 = DIRECTION('',(-1.,3.82E-15,-1.11E-15));
#4764 = ADVANCED_FACE('',(#4765),#4783,.T.);
#4765 = FACE_BOUND('',#4766,.F.);
#4766 = EDGE_LOOP('',(#4767,#4775,#4781,#4782));
#4767 = ORIENTED_EDGE('',*,*,#4768,.T.);
#4768 = EDGE_CURVE('',#3571,#4769,#4771,.T.);
#4769 = VERTEX_POINT('',#4770);
#4770 = CARTESIAN_POINT('',(19.148023982993,1.707106781187,-11.7));
#4771 = LINE('',#4772,#4773);
#4772 = CARTESIAN_POINT('',(19.148023982993,1.707106781187,-10.2));
#4773 = VECTOR('',#4774,1.);
#4774 = DIRECTION('',(7.8E-16,-1.22E-15,-1.));
#4775 = ORIENTED_EDGE('',*,*,#4776,.T.);
#4776 = EDGE_CURVE('',#4769,#4745,#4777,.T.);
#4777 = LINE('',#4778,#4779);
#4778 = CARTESIAN_POINT('',(19.148023982993,1.707106781187,-11.7));
#4779 = VECTOR('',#4780,1.);
#4780 = DIRECTION('',(-0.707106781187,-0.707106781187,2.371067811865E-16
    ));
#4781 = ORIENTED_EDGE('',*,*,#4753,.F.);
#4782 = ORIENTED_EDGE('',*,*,#3570,.F.);
#4783 = PLANE('',#4784);
#4784 = AXIS2_PLACEMENT_3D('',#4785,#4786,#4787);
#4785 = CARTESIAN_POINT('',(19.148023982993,1.707106781187,-10.2));
#4786 = DIRECTION('',(0.707106781187,-0.707106781187,1.73E-15));
#4787 = DIRECTION('',(0.707106781187,0.707106781187,-5.5E-16));
#4788 = ADVANCED_FACE('',(#4789),#4800,.T.);
#4789 = FACE_BOUND('',#4790,.F.);
#4790 = EDGE_LOOP('',(#4791,#4792,#4798,#4799));
#4791 = ORIENTED_EDGE('',*,*,#4736,.T.);
#4792 = ORIENTED_EDGE('',*,*,#4793,.T.);
#4793 = EDGE_CURVE('',#4737,#4769,#4794,.T.);
#4794 = LINE('',#4795,#4796);
#4795 = CARTESIAN_POINT('',(19.501577373586,1.353553390593,-11.7));
#4796 = VECTOR('',#4797,1.);
#4797 = DIRECTION('',(-0.707106781187,0.707106781187,-1.807106781187E-15
    ));
#4798 = ORIENTED_EDGE('',*,*,#4768,.F.);
#4799 = ORIENTED_EDGE('',*,*,#3578,.F.);
#4800 = PLANE('',#4801);
#4801 = AXIS2_PLACEMENT_3D('',#4802,#4803,#4804);
#4802 = CARTESIAN_POINT('',(19.501577373586,1.353553390593,-10.2));
#4803 = DIRECTION('',(-0.707106781187,-0.707106781187,6.3E-16));
#4804 = DIRECTION('',(0.707106781187,-0.707106781187,2.12E-15));
#4805 = ADVANCED_FACE('',(#4806),#4817,.T.);
#4806 = FACE_BOUND('',#4807,.T.);
#4807 = EDGE_LOOP('',(#4808,#4809,#4810,#4811));
#4808 = ORIENTED_EDGE('',*,*,#3699,.T.);
#4809 = ORIENTED_EDGE('',*,*,#4385,.T.);
#4810 = ORIENTED_EDGE('',*,*,#3794,.F.);
#4811 = ORIENTED_EDGE('',*,*,#4812,.F.);
#4812 = EDGE_CURVE('',#3700,#3787,#4813,.T.);
#4813 = LINE('',#4814,#4815);
#4814 = CARTESIAN_POINT('',(21.148023982993,1.,10.199999999999));
#4815 = VECTOR('',#4816,1.);
#4816 = DIRECTION('',(0.,2.78E-15,1.));
#4817 = CYLINDRICAL_SURFACE('',#4818,2.);
#4818 = AXIS2_PLACEMENT_3D('',#4819,#4820,#4821);
#4819 = CARTESIAN_POINT('',(19.148023982993,1.,10.199999999999));
#4820 = DIRECTION('',(0.,2.78E-15,1.));
#4821 = DIRECTION('',(1.,-2.08E-15,5.7824E-30));
#4822 = ADVANCED_FACE('',(#4823),#4829,.F.);
#4823 = FACE_BOUND('',#4824,.T.);
#4824 = EDGE_LOOP('',(#4825,#4826,#4827,#4828));
#4825 = ORIENTED_EDGE('',*,*,#3760,.F.);
#4826 = ORIENTED_EDGE('',*,*,#3708,.T.);
#4827 = ORIENTED_EDGE('',*,*,#4812,.T.);
#4828 = ORIENTED_EDGE('',*,*,#3786,.F.);
#4829 = PLANE('',#4830);
#4830 = AXIS2_PLACEMENT_3D('',#4831,#4832,#4833);
#4831 = CARTESIAN_POINT('',(21.148023982993,-2.862E-14,10.2));
#4832 = DIRECTION('',(-1.,2.3E-15,-4.4E-16));
#4833 = DIRECTION('',(4.4E-16,-1.17E-15,-1.));
#4834 = ADVANCED_FACE('',(#4835),#4861,.F.);
#4835 = FACE_BOUND('',#4836,.F.);
#4836 = EDGE_LOOP('',(#4837,#4838,#4846,#4855));
#4837 = ORIENTED_EDGE('',*,*,#3726,.F.);
#4838 = ORIENTED_EDGE('',*,*,#4839,.T.);
#4839 = EDGE_CURVE('',#3727,#4840,#4842,.T.);
#4840 = VERTEX_POINT('',#4841);
#4841 = CARTESIAN_POINT('',(19.501577373586,1.353553390593,11.7));
#4842 = LINE('',#4843,#4844);
#4843 = CARTESIAN_POINT('',(19.501577373586,1.353553390593,-10.2));
#4844 = VECTOR('',#4845,1.);
#4845 = DIRECTION('',(-7.8E-16,1.22E-15,1.));
#4846 = ORIENTED_EDGE('',*,*,#4847,.F.);
#4847 = EDGE_CURVE('',#4848,#4840,#4850,.T.);
#4848 = VERTEX_POINT('',#4849);
#4849 = CARTESIAN_POINT('',(18.7944705924,1.353553390593,11.7));
#4850 = CIRCLE('',#4851,0.5);
#4851 = AXIS2_PLACEMENT_3D('',#4852,#4853,#4854);
#4852 = CARTESIAN_POINT('',(19.148023982993,1.,11.7));
#4853 = DIRECTION('',(-1.11E-15,1.89E-15,1.));
#4854 = DIRECTION('',(-1.,3.82E-15,-1.11E-15));
#4855 = ORIENTED_EDGE('',*,*,#4856,.F.);
#4856 = EDGE_CURVE('',#3729,#4848,#4857,.T.);
#4857 = LINE('',#4858,#4859);
#4858 = CARTESIAN_POINT('',(18.7944705924,1.353553390593,-10.2));
#4859 = VECTOR('',#4860,1.);
#4860 = DIRECTION('',(-7.8E-16,1.22E-15,1.));
#4861 = CYLINDRICAL_SURFACE('',#4862,0.5);
#4862 = AXIS2_PLACEMENT_3D('',#4863,#4864,#4865);
#4863 = CARTESIAN_POINT('',(19.148023982993,1.,-10.2));
#4864 = DIRECTION('',(1.11E-15,-1.44E-15,-1.));
#4865 = DIRECTION('',(-1.,3.82E-15,-1.11E-15));
#4866 = ADVANCED_FACE('',(#4867),#4885,.F.);
#4867 = FACE_BOUND('',#4868,.T.);
#4868 = EDGE_LOOP('',(#4869,#4870,#4871,#4879));
#4869 = ORIENTED_EDGE('',*,*,#3737,.F.);
#4870 = ORIENTED_EDGE('',*,*,#4839,.T.);
#4871 = ORIENTED_EDGE('',*,*,#4872,.F.);
#4872 = EDGE_CURVE('',#4873,#4840,#4875,.T.);
#4873 = VERTEX_POINT('',#4874);
#4874 = CARTESIAN_POINT('',(19.148023982993,1.707106781187,11.7));
#4875 = LINE('',#4876,#4877);
#4876 = CARTESIAN_POINT('',(19.440764367936,1.414366396244,11.7));
#4877 = VECTOR('',#4878,1.);
#4878 = DIRECTION('',(0.707106781187,-0.707106781187,2.E-15));
#4879 = ORIENTED_EDGE('',*,*,#4880,.F.);
#4880 = EDGE_CURVE('',#3738,#4873,#4881,.T.);
#4881 = LINE('',#4882,#4883);
#4882 = CARTESIAN_POINT('',(19.148023982993,1.707106781187,-10.2));
#4883 = VECTOR('',#4884,1.);
#4884 = DIRECTION('',(-7.8E-16,1.22E-15,1.));
#4885 = PLANE('',#4886);
#4886 = AXIS2_PLACEMENT_3D('',#4887,#4888,#4889);
#4887 = CARTESIAN_POINT('',(19.501577373586,1.353553390593,-10.2));
#4888 = DIRECTION('',(0.707106781187,0.707106781187,-6.3E-16));
#4889 = DIRECTION('',(0.707106781187,-0.707106781187,2.12E-15));
#4890 = ADVANCED_FACE('',(#4891),#4902,.F.);
#4891 = FACE_BOUND('',#4892,.T.);
#4892 = EDGE_LOOP('',(#4893,#4894,#4895,#4901));
#4893 = ORIENTED_EDGE('',*,*,#3745,.F.);
#4894 = ORIENTED_EDGE('',*,*,#4880,.T.);
#4895 = ORIENTED_EDGE('',*,*,#4896,.F.);
#4896 = EDGE_CURVE('',#4848,#4873,#4897,.T.);
#4897 = LINE('',#4898,#4899);
#4898 = CARTESIAN_POINT('',(19.106257224005,1.665340022199,11.7));
#4899 = VECTOR('',#4900,1.);
#4900 = DIRECTION('',(0.707106781187,0.707106781187,-1.37E-15));
#4901 = ORIENTED_EDGE('',*,*,#4856,.F.);
#4902 = PLANE('',#4903);
#4903 = AXIS2_PLACEMENT_3D('',#4904,#4905,#4906);
#4904 = CARTESIAN_POINT('',(19.148023982993,1.707106781187,-10.2));
#4905 = DIRECTION('',(-0.707106781187,0.707106781187,-1.73E-15));
#4906 = DIRECTION('',(0.707106781187,0.707106781187,-5.5E-16));
#4907 = ADVANCED_FACE('',(#4908),#4919,.F.);
#4908 = FACE_BOUND('',#4909,.F.);
#4909 = EDGE_LOOP('',(#4910,#4911,#4912,#4913));
#4910 = ORIENTED_EDGE('',*,*,#3818,.F.);
#4911 = ORIENTED_EDGE('',*,*,#3869,.F.);
#4912 = ORIENTED_EDGE('',*,*,#3885,.T.);
#4913 = ORIENTED_EDGE('',*,*,#4914,.T.);
#4914 = EDGE_CURVE('',#3886,#3821,#4915,.T.);
#4915 = LINE('',#4916,#4917);
#4916 = CARTESIAN_POINT('',(-21.14802398299,1.,10.199999999999));
#4917 = VECTOR('',#4918,1.);
#4918 = DIRECTION('',(-8.9E-16,3.E-15,1.));
#4919 = PLANE('',#4920);
#4920 = AXIS2_PLACEMENT_3D('',#4921,#4922,#4923);
#4921 = CARTESIAN_POINT('',(-21.14802398299,5.683E-14,10.2));
#4922 = DIRECTION('',(1.,-1.63E-15,4.4E-16));
#4923 = DIRECTION('',(-4.4E-16,1.39E-15,1.));
#4924 = ADVANCED_FACE('',(#4925),#4931,.T.);
#4925 = FACE_BOUND('',#4926,.F.);
#4926 = EDGE_LOOP('',(#4927,#4928,#4929,#4930));
#4927 = ORIENTED_EDGE('',*,*,#3893,.T.);
#4928 = ORIENTED_EDGE('',*,*,#4371,.T.);
#4929 = ORIENTED_EDGE('',*,*,#3828,.F.);
#4930 = ORIENTED_EDGE('',*,*,#4914,.F.);
#4931 = CYLINDRICAL_SURFACE('',#4932,2.);
#4932 = AXIS2_PLACEMENT_3D('',#4933,#4934,#4935);
#4933 = CARTESIAN_POINT('',(-19.14802398299,1.,10.199999999999));
#4934 = DIRECTION('',(-8.9E-16,3.E-15,1.));
#4935 = DIRECTION('',(-1.,1.86E-15,-8.9E-16));
#4936 = ADVANCED_FACE('',(#4937),#4963,.F.);
#4937 = FACE_BOUND('',#4938,.T.);
#4938 = EDGE_LOOP('',(#4939,#4940,#4948,#4957));
#4939 = ORIENTED_EDGE('',*,*,#3994,.T.);
#4940 = ORIENTED_EDGE('',*,*,#4941,.T.);
#4941 = EDGE_CURVE('',#3997,#4942,#4944,.T.);
#4942 = VERTEX_POINT('',#4943);
#4943 = CARTESIAN_POINT('',(-19.50157737358,1.353553390593,11.7));
#4944 = LINE('',#4945,#4946);
#4945 = CARTESIAN_POINT('',(-19.50157737358,1.353553390593,-10.2));
#4946 = VECTOR('',#4947,1.);
#4947 = DIRECTION('',(-1.1E-16,1.44E-15,1.));
#4948 = ORIENTED_EDGE('',*,*,#4949,.F.);
#4949 = EDGE_CURVE('',#4950,#4942,#4952,.T.);
#4950 = VERTEX_POINT('',#4951);
#4951 = CARTESIAN_POINT('',(-18.7944705924,1.353553390593,11.7));
#4952 = CIRCLE('',#4953,0.5);
#4953 = AXIS2_PLACEMENT_3D('',#4954,#4955,#4956);
#4954 = CARTESIAN_POINT('',(-19.14802398299,1.,11.7));
#4955 = DIRECTION('',(-2.2E-16,-1.67E-15,-1.));
#4956 = DIRECTION('',(1.,-1.1E-16,-2.2E-16));
#4957 = ORIENTED_EDGE('',*,*,#4958,.F.);
#4958 = EDGE_CURVE('',#3995,#4950,#4959,.T.);
#4959 = LINE('',#4960,#4961);
#4960 = CARTESIAN_POINT('',(-18.7944705924,1.353553390593,-10.2));
#4961 = VECTOR('',#4962,1.);
#4962 = DIRECTION('',(-1.1E-16,1.44E-15,1.));
#4963 = CYLINDRICAL_SURFACE('',#4964,0.5);
#4964 = AXIS2_PLACEMENT_3D('',#4965,#4966,#4967);
#4965 = CARTESIAN_POINT('',(-19.14802398299,1.,-10.2));
#4966 = DIRECTION('',(-2.2E-16,-1.67E-15,-1.));
#4967 = DIRECTION('',(1.,-1.1E-16,-2.2E-16));
#4968 = ADVANCED_FACE('',(#4969),#4987,.F.);
#4969 = FACE_BOUND('',#4970,.F.);
#4970 = EDGE_LOOP('',(#4971,#4972,#4973,#4981));
#4971 = ORIENTED_EDGE('',*,*,#4013,.F.);
#4972 = ORIENTED_EDGE('',*,*,#4941,.T.);
#4973 = ORIENTED_EDGE('',*,*,#4974,.F.);
#4974 = EDGE_CURVE('',#4975,#4942,#4977,.T.);
#4975 = VERTEX_POINT('',#4976);
#4976 = CARTESIAN_POINT('',(-19.14802398299,1.707106781187,11.7));
#4977 = LINE('',#4978,#4979);
#4978 = CARTESIAN_POINT('',(-19.44076436793,1.414366396244,11.7));
#4979 = VECTOR('',#4980,1.);
#4980 = DIRECTION('',(-0.707106781187,-0.707106781187,1.22E-15));
#4981 = ORIENTED_EDGE('',*,*,#4982,.F.);
#4982 = EDGE_CURVE('',#4006,#4975,#4983,.T.);
#4983 = LINE('',#4984,#4985);
#4984 = CARTESIAN_POINT('',(-19.14802398299,1.707106781187,-10.2));
#4985 = VECTOR('',#4986,1.);
#4986 = DIRECTION('',(-1.1E-16,1.44E-15,1.));
#4987 = PLANE('',#4988);
#4988 = AXIS2_PLACEMENT_3D('',#4989,#4990,#4991);
#4989 = CARTESIAN_POINT('',(-19.50157737358,1.353553390593,-10.2));
#4990 = DIRECTION('',(-0.707106781187,0.707106781187,-1.1E-15));
#4991 = DIRECTION('',(0.707106781187,0.707106781187,-1.33E-15));
#4992 = ADVANCED_FACE('',(#4993),#5004,.F.);
#4993 = FACE_BOUND('',#4994,.F.);
#4994 = EDGE_LOOP('',(#4995,#4996,#4997,#5003));
#4995 = ORIENTED_EDGE('',*,*,#4005,.F.);
#4996 = ORIENTED_EDGE('',*,*,#4982,.T.);
#4997 = ORIENTED_EDGE('',*,*,#4998,.F.);
#4998 = EDGE_CURVE('',#4950,#4975,#4999,.T.);
#4999 = LINE('',#5000,#5001);
#5000 = CARTESIAN_POINT('',(-19.106257224,1.665340022199,11.7));
#5001 = VECTOR('',#5002,1.);
#5002 = DIRECTION('',(-0.707106781187,0.707106781187,-1.84E-15));
#5003 = ORIENTED_EDGE('',*,*,#4958,.F.);
#5004 = PLANE('',#5005);
#5005 = AXIS2_PLACEMENT_3D('',#5006,#5007,#5008);
#5006 = CARTESIAN_POINT('',(-19.14802398299,1.707106781187,-10.2));
#5007 = DIRECTION('',(0.707106781187,0.707106781187,-9.4E-16));
#5008 = DIRECTION('',(0.707106781187,-0.707106781187,1.02E-15));
#5009 = ADVANCED_FACE('',(#5010,#5112),#5115,.T.);
#5010 = FACE_BOUND('',#5011,.T.);
#5011 = EDGE_LOOP('',(#5012,#5023,#5031,#5039,#5048,#5056,#5064,#5073,
    #5081,#5089,#5098,#5106));
#5012 = ORIENTED_EDGE('',*,*,#5013,.F.);
#5013 = EDGE_CURVE('',#5014,#5016,#5018,.T.);
#5014 = VERTEX_POINT('',#5015);
#5015 = CARTESIAN_POINT('',(-11.95775798563,0.6,14.957757985641));
#5016 = VERTEX_POINT('',#5017);
#5017 = CARTESIAN_POINT('',(-14.95775798563,0.6,11.957757985639));
#5018 = CIRCLE('',#5019,19.15);
#5019 = AXIS2_PLACEMENT_3D('',#5020,#5021,#5022);
#5020 = CARTESIAN_POINT('',(0.,0.6,0.));
#5021 = DIRECTION('',(0.,-1.,0.));
#5022 = DIRECTION('',(1.,0.,0.));
#5023 = ORIENTED_EDGE('',*,*,#5024,.T.);
#5024 = EDGE_CURVE('',#5014,#5025,#5027,.T.);
#5025 = VERTEX_POINT('',#5026);
#5026 = CARTESIAN_POINT('',(0.,0.6,3.));
#5027 = LINE('',#5028,#5029);
#5028 = CARTESIAN_POINT('',(-11.95775798563,0.6,14.957757985642));
#5029 = VECTOR('',#5030,1.);
#5030 = DIRECTION('',(0.707106781186,0.,-0.707106781187));
#5031 = ORIENTED_EDGE('',*,*,#5032,.F.);
#5032 = EDGE_CURVE('',#5033,#5025,#5035,.T.);
#5033 = VERTEX_POINT('',#5034);
#5034 = CARTESIAN_POINT('',(11.957757985639,0.6,14.957757985638));
#5035 = LINE('',#5036,#5037);
#5036 = CARTESIAN_POINT('',(11.957757985639,0.6,14.95775798564));
#5037 = VECTOR('',#5038,1.);
#5038 = DIRECTION('',(-0.707106781187,0.,-0.707106781187));
#5039 = ORIENTED_EDGE('',*,*,#5040,.F.);
#5040 = EDGE_CURVE('',#5041,#5033,#5043,.T.);
#5041 = VERTEX_POINT('',#5042);
#5042 = CARTESIAN_POINT('',(14.957757985641,0.6,11.957757985635));
#5043 = CIRCLE('',#5044,19.15);
#5044 = AXIS2_PLACEMENT_3D('',#5045,#5046,#5047);
#5045 = CARTESIAN_POINT('',(0.,0.6,0.));
#5046 = DIRECTION('',(0.,-1.,0.));
#5047 = DIRECTION('',(0.,0.,-1.));
#5048 = ORIENTED_EDGE('',*,*,#5049,.T.);
#5049 = EDGE_CURVE('',#5041,#5050,#5052,.T.);
#5050 = VERTEX_POINT('',#5051);
#5051 = CARTESIAN_POINT('',(3.,0.6,0.));
#5052 = LINE('',#5053,#5054);
#5053 = CARTESIAN_POINT('',(14.957757985642,0.6,11.957757985635));
#5054 = VECTOR('',#5055,1.);
#5055 = DIRECTION('',(-0.707106781187,0.,-0.707106781186));
#5056 = ORIENTED_EDGE('',*,*,#5057,.F.);
#5057 = EDGE_CURVE('',#5058,#5050,#5060,.T.);
#5058 = VERTEX_POINT('',#5059);
#5059 = CARTESIAN_POINT('',(14.957757985638,0.6,-11.95775798563));
#5060 = LINE('',#5061,#5062);
#5061 = CARTESIAN_POINT('',(14.95775798564,0.6,-11.95775798563));
#5062 = VECTOR('',#5063,1.);
#5063 = DIRECTION('',(-0.707106781187,0.,0.707106781187));
#5064 = ORIENTED_EDGE('',*,*,#5065,.F.);
#5065 = EDGE_CURVE('',#5066,#5058,#5068,.T.);
#5066 = VERTEX_POINT('',#5067);
#5067 = CARTESIAN_POINT('',(11.957757985635,0.6,-14.95775798564));
#5068 = CIRCLE('',#5069,19.15);
#5069 = AXIS2_PLACEMENT_3D('',#5070,#5071,#5072);
#5070 = CARTESIAN_POINT('',(0.,0.6,0.));
#5071 = DIRECTION('',(-0.,-1.,-0.));
#5072 = DIRECTION('',(-1.,0.,0.));
#5073 = ORIENTED_EDGE('',*,*,#5074,.T.);
#5074 = EDGE_CURVE('',#5066,#5075,#5077,.T.);
#5075 = VERTEX_POINT('',#5076);
#5076 = CARTESIAN_POINT('',(0.,0.6,-3.));
#5077 = LINE('',#5078,#5079);
#5078 = CARTESIAN_POINT('',(11.957757985635,0.6,-14.95775798564));
#5079 = VECTOR('',#5080,1.);
#5080 = DIRECTION('',(-0.707106781186,0.,0.707106781187));
#5081 = ORIENTED_EDGE('',*,*,#5082,.F.);
#5082 = EDGE_CURVE('',#5083,#5075,#5085,.T.);
#5083 = VERTEX_POINT('',#5084);
#5084 = CARTESIAN_POINT('',(-11.95775798563,0.6,-14.95775798563));
#5085 = LINE('',#5086,#5087);
#5086 = CARTESIAN_POINT('',(-11.95775798563,0.6,-14.95775798564));
#5087 = VECTOR('',#5088,1.);
#5088 = DIRECTION('',(0.707106781187,0.,0.707106781187));
#5089 = ORIENTED_EDGE('',*,*,#5090,.F.);
#5090 = EDGE_CURVE('',#5091,#5083,#5093,.T.);
#5091 = VERTEX_POINT('',#5092);
#5092 = CARTESIAN_POINT('',(-14.95775798564,0.6,-11.95775798563));
#5093 = CIRCLE('',#5094,19.15);
#5094 = AXIS2_PLACEMENT_3D('',#5095,#5096,#5097);
#5095 = CARTESIAN_POINT('',(0.,0.6,0.));
#5096 = DIRECTION('',(0.,-1.,0.));
#5097 = DIRECTION('',(0.,0.,1.));
#5098 = ORIENTED_EDGE('',*,*,#5099,.T.);
#5099 = EDGE_CURVE('',#5091,#5100,#5102,.T.);
#5100 = VERTEX_POINT('',#5101);
#5101 = CARTESIAN_POINT('',(-3.,0.6,-1.E-15));
#5102 = LINE('',#5103,#5104);
#5103 = CARTESIAN_POINT('',(-14.95775798564,0.6,-11.95775798563));
#5104 = VECTOR('',#5105,1.);
#5105 = DIRECTION('',(0.707106781187,0.,0.707106781186));
#5106 = ORIENTED_EDGE('',*,*,#5107,.F.);
#5107 = EDGE_CURVE('',#5016,#5100,#5108,.T.);
#5108 = LINE('',#5109,#5110);
#5109 = CARTESIAN_POINT('',(-14.95775798564,0.6,11.957757985639));
#5110 = VECTOR('',#5111,1.);
#5111 = DIRECTION('',(0.707106781187,0.,-0.707106781187));
#5112 = FACE_BOUND('',#5113,.T.);
#5113 = EDGE_LOOP('',(#5114));
#5114 = ORIENTED_EDGE('',*,*,#4052,.T.);
#5115 = PLANE('',#5116);
#5116 = AXIS2_PLACEMENT_3D('',#5117,#5118,#5119);
#5117 = CARTESIAN_POINT('',(5.8E-16,0.6,-1.74E-15));
#5118 = DIRECTION('',(0.,1.,-3.E-16));
#5119 = DIRECTION('',(0.,3.E-16,1.));
#5120 = ADVANCED_FACE('',(#5121),#5131,.F.);
#5121 = FACE_BOUND('',#5122,.F.);
#5122 = EDGE_LOOP('',(#5123,#5124));
#5123 = ORIENTED_EDGE('',*,*,#4140,.F.);
#5124 = ORIENTED_EDGE('',*,*,#5125,.T.);
#5125 = EDGE_CURVE('',#2826,#4141,#5126,.T.);
#5126 = B_SPLINE_CURVE_WITH_KNOTS('',3,(#5127,#5128,#5129,#5130),
  .UNSPECIFIED.,.F.,.F.,(4,4),(0.,1.),.PIECEWISE_BEZIER_KNOTS.);
#5127 = CARTESIAN_POINT('',(-20.4,6.500011948131,0.));
#5128 = CARTESIAN_POINT('',(-21.4,6.500011948131,0.));
#5129 = CARTESIAN_POINT('',(-21.4,1.194813132283E-05,0.));
#5130 = CARTESIAN_POINT('',(-20.4,0.,0.));
#5131 = SURFACE_OF_REVOLUTION('',#5132,#5137);
#5132 = B_SPLINE_CURVE_WITH_KNOTS('',3,(#5133,#5134,#5135,#5136),
  .UNSPECIFIED.,.F.,.F.,(4,4),(0.,1.),.PIECEWISE_BEZIER_KNOTS.);
#5133 = CARTESIAN_POINT('',(-20.4,6.500011948131,-1.44E-15));
#5134 = CARTESIAN_POINT('',(-21.4,6.500011948131,-1.44E-15));
#5135 = CARTESIAN_POINT('',(-21.4,1.194813132758E-05,0.));
#5136 = CARTESIAN_POINT('',(-20.4,4.53E-15,0.));
#5137 = AXIS1_PLACEMENT('',#5138,#5139);
#5138 = CARTESIAN_POINT('',(0.,0.,0.));
#5139 = DIRECTION('',(0.,1.,-2.2E-16));
#5140 = ADVANCED_FACE('',(#5141),#5146,.F.);
#5141 = FACE_BOUND('',#5142,.F.);
#5142 = EDGE_LOOP('',(#5143,#5144,#5145));
#5143 = ORIENTED_EDGE('',*,*,#4185,.T.);
#5144 = ORIENTED_EDGE('',*,*,#4342,.T.);
#5145 = ORIENTED_EDGE('',*,*,#4225,.F.);
#5146 = PLANE('',#5147);
#5147 = AXIS2_PLACEMENT_3D('',#5148,#5149,#5150);
#5148 = CARTESIAN_POINT('',(-21.14802398299,3.,-10.2));
#5149 = DIRECTION('',(1.1E-16,1.,-1.44E-15));
#5150 = DIRECTION('',(1.,-1.1E-16,-2.2E-16));
#5151 = ADVANCED_FACE('',(#5152),#5157,.T.);
#5152 = FACE_BOUND('',#5153,.T.);
#5153 = EDGE_LOOP('',(#5154,#5155,#5156));
#5154 = ORIENTED_EDGE('',*,*,#4250,.T.);
#5155 = ORIENTED_EDGE('',*,*,#4282,.F.);
#5156 = ORIENTED_EDGE('',*,*,#4299,.F.);
#5157 = PLANE('',#5158);
#5158 = AXIS2_PLACEMENT_3D('',#5159,#5160,#5161);
#5159 = CARTESIAN_POINT('',(-19.14802398299,1.089811379492,-11.7));
#5160 = DIRECTION('',(0.,2.02E-15,1.));
#5161 = DIRECTION('',(0.,1.,-2.02E-15));
#5162 = ADVANCED_FACE('',(#5163),#5167,.F.);
#5163 = FACE_BOUND('',#5164,.F.);
#5164 = EDGE_LOOP('',(#5165,#5166));
#5165 = ORIENTED_EDGE('',*,*,#5125,.F.);
#5166 = ORIENTED_EDGE('',*,*,#4316,.F.);
#5167 = SURFACE_OF_REVOLUTION('',#5168,#5173);
#5168 = B_SPLINE_CURVE_WITH_KNOTS('',3,(#5169,#5170,#5171,#5172),
  .UNSPECIFIED.,.F.,.F.,(4,4),(0.,1.),.PIECEWISE_BEZIER_KNOTS.);
#5169 = CARTESIAN_POINT('',(-20.4,6.500011948131,-1.44E-15));
#5170 = CARTESIAN_POINT('',(-21.4,6.500011948131,-1.44E-15));
#5171 = CARTESIAN_POINT('',(-21.4,1.194813132758E-05,0.));
#5172 = CARTESIAN_POINT('',(-20.4,4.53E-15,0.));
#5173 = AXIS1_PLACEMENT('',#5174,#5175);
#5174 = CARTESIAN_POINT('',(0.,0.,0.));
#5175 = DIRECTION('',(0.,1.,-2.2E-16));
#5176 = ADVANCED_FACE('',(#5177),#5182,.F.);
#5177 = FACE_BOUND('',#5178,.F.);
#5178 = EDGE_LOOP('',(#5179,#5180,#5181));
#5179 = ORIENTED_EDGE('',*,*,#4571,.T.);
#5180 = ORIENTED_EDGE('',*,*,#4430,.T.);
#5181 = ORIENTED_EDGE('',*,*,#4515,.T.);
#5182 = SURFACE_OF_REVOLUTION('',#5183,#5188);
#5183 = B_SPLINE_CURVE_WITH_KNOTS('',3,(#5184,#5185,#5186,#5187),
  .UNSPECIFIED.,.F.,.F.,(4,4),(0.,1.),.PIECEWISE_BEZIER_KNOTS.);
#5184 = CARTESIAN_POINT('',(-20.4,6.500011948131,-1.44E-15));
#5185 = CARTESIAN_POINT('',(-21.4,6.500011948131,-1.44E-15));
#5186 = CARTESIAN_POINT('',(-21.4,1.194813132758E-05,0.));
#5187 = CARTESIAN_POINT('',(-20.4,4.53E-15,0.));
#5188 = AXIS1_PLACEMENT('',#5189,#5190);
#5189 = CARTESIAN_POINT('',(0.,0.,0.));
#5190 = DIRECTION('',(0.,1.,-2.2E-16));
#5191 = ADVANCED_FACE('',(#5192),#5197,.T.);
#5192 = FACE_BOUND('',#5193,.T.);
#5193 = EDGE_LOOP('',(#5194,#5195,#5196));
#5194 = ORIENTED_EDGE('',*,*,#4719,.F.);
#5195 = ORIENTED_EDGE('',*,*,#4625,.F.);
#5196 = ORIENTED_EDGE('',*,*,#4416,.F.);
#5197 = PLANE('',#5198);
#5198 = AXIS2_PLACEMENT_3D('',#5199,#5200,#5201);
#5199 = CARTESIAN_POINT('',(20.148023982993,3.,3.7716E-13));
#5200 = DIRECTION('',(-6.1E-16,-1.,9.6E-16));
#5201 = DIRECTION('',(0.,-9.6E-16,-1.));
#5202 = ADVANCED_FACE('',(#5203),#5208,.T.);
#5203 = FACE_BOUND('',#5204,.F.);
#5204 = EDGE_LOOP('',(#5205,#5206,#5207));
#5205 = ORIENTED_EDGE('',*,*,#4744,.T.);
#5206 = ORIENTED_EDGE('',*,*,#4776,.F.);
#5207 = ORIENTED_EDGE('',*,*,#4793,.F.);
#5208 = PLANE('',#5209);
#5209 = AXIS2_PLACEMENT_3D('',#5210,#5211,#5212);
#5210 = CARTESIAN_POINT('',(19.148023982993,1.089811379491,-11.7));
#5211 = DIRECTION('',(-6.7E-16,1.57E-15,1.));
#5212 = DIRECTION('',(-3.71E-15,-1.,1.57E-15));
#5213 = ADVANCED_FACE('',(#5214),#5219,.T.);
#5214 = FACE_BOUND('',#5215,.F.);
#5215 = EDGE_LOOP('',(#5216,#5217,#5218));
#5216 = ORIENTED_EDGE('',*,*,#4896,.F.);
#5217 = ORIENTED_EDGE('',*,*,#4847,.T.);
#5218 = ORIENTED_EDGE('',*,*,#4872,.F.);
#5219 = PLANE('',#5220);
#5220 = AXIS2_PLACEMENT_3D('',#5221,#5222,#5223);
#5221 = CARTESIAN_POINT('',(19.29641784431,1.391645883918,11.7));
#5222 = DIRECTION('',(4.4E-16,-1.94E-15,-1.));
#5223 = DIRECTION('',(3.71E-15,1.,-1.94E-15));
#5224 = ADVANCED_FACE('',(#5225),#5230,.T.);
#5225 = FACE_BOUND('',#5226,.T.);
#5226 = EDGE_LOOP('',(#5227,#5228,#5229));
#5227 = ORIENTED_EDGE('',*,*,#4998,.F.);
#5228 = ORIENTED_EDGE('',*,*,#4949,.T.);
#5229 = ORIENTED_EDGE('',*,*,#4974,.F.);
#5230 = PLANE('',#5231);
#5231 = AXIS2_PLACEMENT_3D('',#5232,#5233,#5234);
#5232 = CARTESIAN_POINT('',(-19.29641784431,1.391645883918,11.7));
#5233 = DIRECTION('',(4.4E-16,-2.16E-15,-1.));
#5234 = DIRECTION('',(-2.2E-16,-1.,2.16E-15));
#5235 = ADVANCED_FACE('',(#5236),#5262,.T.);
#5236 = FACE_BOUND('',#5237,.F.);
#5237 = EDGE_LOOP('',(#5238,#5239,#5247,#5256));
#5238 = ORIENTED_EDGE('',*,*,#5013,.F.);
#5239 = ORIENTED_EDGE('',*,*,#5240,.T.);
#5240 = EDGE_CURVE('',#5014,#5241,#5243,.T.);
#5241 = VERTEX_POINT('',#5242);
#5242 = CARTESIAN_POINT('',(-11.95775798563,2.2E-14,14.957757985641));
#5243 = LINE('',#5244,#5245);
#5244 = CARTESIAN_POINT('',(-11.95775798563,0.6,14.957757985641));
#5245 = VECTOR('',#5246,1.);
#5246 = DIRECTION('',(0.,-1.,2.2E-16));
#5247 = ORIENTED_EDGE('',*,*,#5248,.F.);
#5248 = EDGE_CURVE('',#5249,#5241,#5251,.T.);
#5249 = VERTEX_POINT('',#5250);
#5250 = CARTESIAN_POINT('',(-14.95775798563,2.1E-14,11.957757985639));
#5251 = CIRCLE('',#5252,19.15);
#5252 = AXIS2_PLACEMENT_3D('',#5253,#5254,#5255);
#5253 = CARTESIAN_POINT('',(-7.E-17,4.33E-15,-3.3E-16));
#5254 = DIRECTION('',(2.2E-16,1.,0.));
#5255 = DIRECTION('',(1.,-2.2E-16,2.2E-16));
#5256 = ORIENTED_EDGE('',*,*,#5257,.F.);
#5257 = EDGE_CURVE('',#5016,#5249,#5258,.T.);
#5258 = LINE('',#5259,#5260);
#5259 = CARTESIAN_POINT('',(-14.95775798563,0.6,11.957757985639));
#5260 = VECTOR('',#5261,1.);
#5261 = DIRECTION('',(0.,-1.,2.2E-16));
#5262 = CYLINDRICAL_SURFACE('',#5263,19.15);
#5263 = AXIS2_PLACEMENT_3D('',#5264,#5265,#5266);
#5264 = CARTESIAN_POINT('',(7.E-17,0.6,-3.3E-16));
#5265 = DIRECTION('',(2.2E-16,1.,0.));
#5266 = DIRECTION('',(1.,-2.2E-16,2.2E-16));
#5267 = ADVANCED_FACE('',(#5268),#5286,.T.);
#5268 = FACE_BOUND('',#5269,.T.);
#5269 = EDGE_LOOP('',(#5270,#5271,#5272,#5280));
#5270 = ORIENTED_EDGE('',*,*,#5024,.F.);
#5271 = ORIENTED_EDGE('',*,*,#5240,.T.);
#5272 = ORIENTED_EDGE('',*,*,#5273,.T.);
#5273 = EDGE_CURVE('',#5241,#5274,#5276,.T.);
#5274 = VERTEX_POINT('',#5275);
#5275 = CARTESIAN_POINT('',(-1.E-15,8.E-15,3.));
#5276 = LINE('',#5277,#5278);
#5277 = CARTESIAN_POINT('',(-5.228878992817,1.455E-14,8.22887899282));
#5278 = VECTOR('',#5279,1.);
#5279 = DIRECTION('',(0.707106781186,-9.4E-16,-0.707106781187));
#5280 = ORIENTED_EDGE('',*,*,#5281,.F.);
#5281 = EDGE_CURVE('',#5025,#5274,#5282,.T.);
#5282 = LINE('',#5283,#5284);
#5283 = CARTESIAN_POINT('',(-1.27E-15,0.6,3.));
#5284 = VECTOR('',#5285,1.);
#5285 = DIRECTION('',(0.,-1.,2.2E-16));
#5286 = PLANE('',#5287);
#5287 = AXIS2_PLACEMENT_3D('',#5288,#5289,#5290);
#5288 = CARTESIAN_POINT('',(-11.95775798563,0.6,14.957757985642));
#5289 = DIRECTION('',(0.707106781187,1.6E-16,0.707106781186));
#5290 = DIRECTION('',(0.707106781186,-1.6E-16,-0.707106781187));
#5291 = ADVANCED_FACE('',(#5292),#5310,.F.);
#5292 = FACE_BOUND('',#5293,.F.);
#5293 = EDGE_LOOP('',(#5294,#5295,#5303,#5309));
#5294 = ORIENTED_EDGE('',*,*,#5032,.F.);
#5295 = ORIENTED_EDGE('',*,*,#5296,.T.);
#5296 = EDGE_CURVE('',#5033,#5297,#5299,.T.);
#5297 = VERTEX_POINT('',#5298);
#5298 = CARTESIAN_POINT('',(11.957757985639,2.1E-14,14.957757985638));
#5299 = LINE('',#5300,#5301);
#5300 = CARTESIAN_POINT('',(11.957757985639,0.6,14.957757985638));
#5301 = VECTOR('',#5302,1.);
#5302 = DIRECTION('',(2.2E-16,-1.,0.));
#5303 = ORIENTED_EDGE('',*,*,#5304,.T.);
#5304 = EDGE_CURVE('',#5297,#5274,#5305,.T.);
#5305 = LINE('',#5306,#5307);
#5306 = CARTESIAN_POINT('',(5.22887899282,1.195E-14,8.22887899282));
#5307 = VECTOR('',#5308,1.);
#5308 = DIRECTION('',(-0.707106781187,-9.4E-16,-0.707106781187));
#5309 = ORIENTED_EDGE('',*,*,#5281,.F.);
#5310 = PLANE('',#5311);
#5311 = AXIS2_PLACEMENT_3D('',#5312,#5313,#5314);
#5312 = CARTESIAN_POINT('',(11.957757985639,0.6,14.95775798564));
#5313 = DIRECTION('',(0.707106781187,1.6E-16,-0.707106781187));
#5314 = DIRECTION('',(-0.707106781187,-1.6E-16,-0.707106781187));
#5315 = ADVANCED_FACE('',(#5316),#5335,.T.);
#5316 = FACE_BOUND('',#5317,.F.);
#5317 = EDGE_LOOP('',(#5318,#5319,#5327,#5334));
#5318 = ORIENTED_EDGE('',*,*,#5040,.F.);
#5319 = ORIENTED_EDGE('',*,*,#5320,.T.);
#5320 = EDGE_CURVE('',#5041,#5321,#5323,.T.);
#5321 = VERTEX_POINT('',#5322);
#5322 = CARTESIAN_POINT('',(14.957757985641,2.2E-14,11.957757985635));
#5323 = LINE('',#5324,#5325);
#5324 = CARTESIAN_POINT('',(14.957757985641,0.6,11.957757985635));
#5325 = VECTOR('',#5326,1.);
#5326 = DIRECTION('',(2.2E-16,-1.,0.));
#5327 = ORIENTED_EDGE('',*,*,#5328,.F.);
#5328 = EDGE_CURVE('',#5297,#5321,#5329,.T.);
#5329 = CIRCLE('',#5330,19.15);
#5330 = AXIS2_PLACEMENT_3D('',#5331,#5332,#5333);
#5331 = CARTESIAN_POINT('',(-3.3E-16,4.33E-15,7.E-17));
#5332 = DIRECTION('',(0.,1.,-2.2E-16));
#5333 = DIRECTION('',(2.2E-16,-2.2E-16,-1.));
#5334 = ORIENTED_EDGE('',*,*,#5296,.F.);
#5335 = CYLINDRICAL_SURFACE('',#5336,19.15);
#5336 = AXIS2_PLACEMENT_3D('',#5337,#5338,#5339);
#5337 = CARTESIAN_POINT('',(-3.3E-16,0.6,-7.E-17));
#5338 = DIRECTION('',(0.,1.,-2.2E-16));
#5339 = DIRECTION('',(2.2E-16,-2.2E-16,-1.));
#5340 = ADVANCED_FACE('',(#5341),#5359,.T.);
#5341 = FACE_BOUND('',#5342,.T.);
#5342 = EDGE_LOOP('',(#5343,#5344,#5345,#5353));
#5343 = ORIENTED_EDGE('',*,*,#5049,.F.);
#5344 = ORIENTED_EDGE('',*,*,#5320,.T.);
#5345 = ORIENTED_EDGE('',*,*,#5346,.T.);
#5346 = EDGE_CURVE('',#5321,#5347,#5349,.T.);
#5347 = VERTEX_POINT('',#5348);
#5348 = CARTESIAN_POINT('',(3.,6.E-15,0.));
#5349 = LINE('',#5350,#5351);
#5350 = CARTESIAN_POINT('',(8.22887899282,1.455E-14,5.228878992817));
#5351 = VECTOR('',#5352,1.);
#5352 = DIRECTION('',(-0.707106781187,-9.4E-16,-0.707106781186));
#5353 = ORIENTED_EDGE('',*,*,#5354,.F.);
#5354 = EDGE_CURVE('',#5050,#5347,#5355,.T.);
#5355 = LINE('',#5356,#5357);
#5356 = CARTESIAN_POINT('',(3.,0.6,1.E-15));
#5357 = VECTOR('',#5358,1.);
#5358 = DIRECTION('',(0.,-1.,-2.2E-16));
#5359 = PLANE('',#5360);
#5360 = AXIS2_PLACEMENT_3D('',#5361,#5362,#5363);
#5361 = CARTESIAN_POINT('',(14.957757985642,0.6,11.957757985635));
#5362 = DIRECTION('',(0.707106781186,1.6E-16,-0.707106781187));
#5363 = DIRECTION('',(-0.707106781187,-1.6E-16,-0.707106781186));
#5364 = ADVANCED_FACE('',(#5365),#5383,.F.);
#5365 = FACE_BOUND('',#5366,.F.);
#5366 = EDGE_LOOP('',(#5367,#5368,#5376,#5382));
#5367 = ORIENTED_EDGE('',*,*,#5057,.F.);
#5368 = ORIENTED_EDGE('',*,*,#5369,.T.);
#5369 = EDGE_CURVE('',#5058,#5370,#5372,.T.);
#5370 = VERTEX_POINT('',#5371);
#5371 = CARTESIAN_POINT('',(14.957757985638,2.1E-14,-11.95775798563));
#5372 = LINE('',#5373,#5374);
#5373 = CARTESIAN_POINT('',(14.957757985638,0.6,-11.95775798563));
#5374 = VECTOR('',#5375,1.);
#5375 = DIRECTION('',(0.,-1.,-2.2E-16));
#5376 = ORIENTED_EDGE('',*,*,#5377,.T.);
#5377 = EDGE_CURVE('',#5370,#5347,#5378,.T.);
#5378 = LINE('',#5379,#5380);
#5379 = CARTESIAN_POINT('',(8.22887899282,1.195E-14,-5.22887899282));
#5380 = VECTOR('',#5381,1.);
#5381 = DIRECTION('',(-0.707106781187,-9.4E-16,0.707106781187));
#5382 = ORIENTED_EDGE('',*,*,#5354,.F.);
#5383 = PLANE('',#5384);
#5384 = AXIS2_PLACEMENT_3D('',#5385,#5386,#5387);
#5385 = CARTESIAN_POINT('',(14.95775798564,0.6,-11.95775798563));
#5386 = DIRECTION('',(-0.707106781187,1.6E-16,-0.707106781187));
#5387 = DIRECTION('',(-0.707106781187,-1.6E-16,0.707106781187));
#5388 = ADVANCED_FACE('',(#5389),#5408,.T.);
#5389 = FACE_BOUND('',#5390,.F.);
#5390 = EDGE_LOOP('',(#5391,#5392,#5400,#5407));
#5391 = ORIENTED_EDGE('',*,*,#5065,.F.);
#5392 = ORIENTED_EDGE('',*,*,#5393,.T.);
#5393 = EDGE_CURVE('',#5066,#5394,#5396,.T.);
#5394 = VERTEX_POINT('',#5395);
#5395 = CARTESIAN_POINT('',(11.957757985635,2.2E-14,-14.95775798564));
#5396 = LINE('',#5397,#5398);
#5397 = CARTESIAN_POINT('',(11.957757985635,0.6,-14.95775798564));
#5398 = VECTOR('',#5399,1.);
#5399 = DIRECTION('',(0.,-1.,-2.2E-16));
#5400 = ORIENTED_EDGE('',*,*,#5401,.F.);
#5401 = EDGE_CURVE('',#5370,#5394,#5402,.T.);
#5402 = CIRCLE('',#5403,19.15);
#5403 = AXIS2_PLACEMENT_3D('',#5404,#5405,#5406);
#5404 = CARTESIAN_POINT('',(7.E-17,4.33E-15,3.3E-16));
#5405 = DIRECTION('',(-2.2E-16,1.,0.));
#5406 = DIRECTION('',(-1.,-2.2E-16,-2.2E-16));
#5407 = ORIENTED_EDGE('',*,*,#5369,.F.);
#5408 = CYLINDRICAL_SURFACE('',#5409,19.15);
#5409 = AXIS2_PLACEMENT_3D('',#5410,#5411,#5412);
#5410 = CARTESIAN_POINT('',(-7.E-17,0.6,3.3E-16));
#5411 = DIRECTION('',(-2.2E-16,1.,0.));
#5412 = DIRECTION('',(-1.,-2.2E-16,-2.2E-16));
#5413 = ADVANCED_FACE('',(#5414),#5432,.T.);
#5414 = FACE_BOUND('',#5415,.T.);
#5415 = EDGE_LOOP('',(#5416,#5417,#5418,#5426));
#5416 = ORIENTED_EDGE('',*,*,#5074,.F.);
#5417 = ORIENTED_EDGE('',*,*,#5393,.T.);
#5418 = ORIENTED_EDGE('',*,*,#5419,.T.);
#5419 = EDGE_CURVE('',#5394,#5420,#5422,.T.);
#5420 = VERTEX_POINT('',#5421);
#5421 = CARTESIAN_POINT('',(1.E-15,5.E-15,-3.));
#5422 = LINE('',#5423,#5424);
#5423 = CARTESIAN_POINT('',(5.228878992817,1.455E-14,-8.22887899282));
#5424 = VECTOR('',#5425,1.);
#5425 = DIRECTION('',(-0.707106781186,-9.4E-16,0.707106781187));
#5426 = ORIENTED_EDGE('',*,*,#5427,.F.);
#5427 = EDGE_CURVE('',#5075,#5420,#5428,.T.);
#5428 = LINE('',#5429,#5430);
#5429 = CARTESIAN_POINT('',(1.E-15,0.6,-3.));
#5430 = VECTOR('',#5431,1.);
#5431 = DIRECTION('',(-2.2E-16,-1.,0.));
#5432 = PLANE('',#5433);
#5433 = AXIS2_PLACEMENT_3D('',#5434,#5435,#5436);
#5434 = CARTESIAN_POINT('',(11.957757985635,0.6,-14.95775798564));
#5435 = DIRECTION('',(-0.707106781187,1.6E-16,-0.707106781186));
#5436 = DIRECTION('',(-0.707106781186,-1.6E-16,0.707106781187));
#5437 = ADVANCED_FACE('',(#5438),#5456,.F.);
#5438 = FACE_BOUND('',#5439,.F.);
#5439 = EDGE_LOOP('',(#5440,#5441,#5449,#5455));
#5440 = ORIENTED_EDGE('',*,*,#5082,.F.);
#5441 = ORIENTED_EDGE('',*,*,#5442,.T.);
#5442 = EDGE_CURVE('',#5083,#5443,#5445,.T.);
#5443 = VERTEX_POINT('',#5444);
#5444 = CARTESIAN_POINT('',(-11.95775798563,2.1E-14,-14.95775798563));
#5445 = LINE('',#5446,#5447);
#5446 = CARTESIAN_POINT('',(-11.95775798563,0.6,-14.95775798563));
#5447 = VECTOR('',#5448,1.);
#5448 = DIRECTION('',(-2.2E-16,-1.,0.));
#5449 = ORIENTED_EDGE('',*,*,#5450,.T.);
#5450 = EDGE_CURVE('',#5443,#5420,#5451,.T.);
#5451 = LINE('',#5452,#5453);
#5452 = CARTESIAN_POINT('',(-5.22887899282,1.195E-14,-8.22887899282));
#5453 = VECTOR('',#5454,1.);
#5454 = DIRECTION('',(0.707106781187,-9.4E-16,0.707106781187));
#5455 = ORIENTED_EDGE('',*,*,#5427,.F.);
#5456 = PLANE('',#5457);
#5457 = AXIS2_PLACEMENT_3D('',#5458,#5459,#5460);
#5458 = CARTESIAN_POINT('',(-11.95775798563,0.6,-14.95775798564));
#5459 = DIRECTION('',(-0.707106781187,1.6E-16,0.707106781187));
#5460 = DIRECTION('',(0.707106781187,-1.6E-16,0.707106781187));
#5461 = ADVANCED_FACE('',(#5462),#5481,.T.);
#5462 = FACE_BOUND('',#5463,.F.);
#5463 = EDGE_LOOP('',(#5464,#5465,#5473,#5480));
#5464 = ORIENTED_EDGE('',*,*,#5090,.F.);
#5465 = ORIENTED_EDGE('',*,*,#5466,.T.);
#5466 = EDGE_CURVE('',#5091,#5467,#5469,.T.);
#5467 = VERTEX_POINT('',#5468);
#5468 = CARTESIAN_POINT('',(-14.95775798564,2.2E-14,-11.95775798563));
#5469 = LINE('',#5470,#5471);
#5470 = CARTESIAN_POINT('',(-14.95775798564,0.6,-11.95775798563));
#5471 = VECTOR('',#5472,1.);
#5472 = DIRECTION('',(-2.2E-16,-1.,0.));
#5473 = ORIENTED_EDGE('',*,*,#5474,.F.);
#5474 = EDGE_CURVE('',#5443,#5467,#5475,.T.);
#5475 = CIRCLE('',#5476,19.15);
#5476 = AXIS2_PLACEMENT_3D('',#5477,#5478,#5479);
#5477 = CARTESIAN_POINT('',(3.3E-16,4.33E-15,-7.E-17));
#5478 = DIRECTION('',(0.,1.,2.2E-16));
#5479 = DIRECTION('',(-2.2E-16,-2.2E-16,1.));
#5480 = ORIENTED_EDGE('',*,*,#5442,.F.);
#5481 = CYLINDRICAL_SURFACE('',#5482,19.15);
#5482 = AXIS2_PLACEMENT_3D('',#5483,#5484,#5485);
#5483 = CARTESIAN_POINT('',(3.3E-16,0.6,7.E-17));
#5484 = DIRECTION('',(0.,1.,2.2E-16));
#5485 = DIRECTION('',(-2.2E-16,-2.2E-16,1.));
#5486 = ADVANCED_FACE('',(#5487),#5505,.T.);
#5487 = FACE_BOUND('',#5488,.T.);
#5488 = EDGE_LOOP('',(#5489,#5490,#5491,#5499));
#5489 = ORIENTED_EDGE('',*,*,#5099,.F.);
#5490 = ORIENTED_EDGE('',*,*,#5466,.T.);
#5491 = ORIENTED_EDGE('',*,*,#5492,.T.);
#5492 = EDGE_CURVE('',#5467,#5493,#5495,.T.);
#5493 = VERTEX_POINT('',#5494);
#5494 = CARTESIAN_POINT('',(-3.,6.E-15,-1.E-15));
#5495 = LINE('',#5496,#5497);
#5496 = CARTESIAN_POINT('',(-8.22887899282,1.455E-14,-5.228878992817));
#5497 = VECTOR('',#5498,1.);
#5498 = DIRECTION('',(0.707106781187,-9.4E-16,0.707106781186));
#5499 = ORIENTED_EDGE('',*,*,#5500,.F.);
#5500 = EDGE_CURVE('',#5100,#5493,#5501,.T.);
#5501 = LINE('',#5502,#5503);
#5502 = CARTESIAN_POINT('',(-3.,0.6,-1.E-15));
#5503 = VECTOR('',#5504,1.);
#5504 = DIRECTION('',(0.,-1.,2.2E-16));
#5505 = PLANE('',#5506);
#5506 = AXIS2_PLACEMENT_3D('',#5507,#5508,#5509);
#5507 = CARTESIAN_POINT('',(-14.95775798564,0.6,-11.95775798563));
#5508 = DIRECTION('',(-0.707106781186,1.6E-16,0.707106781187));
#5509 = DIRECTION('',(0.707106781187,-1.6E-16,0.707106781186));
#5510 = ADVANCED_FACE('',(#5511),#5522,.F.);
#5511 = FACE_BOUND('',#5512,.F.);
#5512 = EDGE_LOOP('',(#5513,#5514,#5515,#5521));
#5513 = ORIENTED_EDGE('',*,*,#5107,.F.);
#5514 = ORIENTED_EDGE('',*,*,#5257,.T.);
#5515 = ORIENTED_EDGE('',*,*,#5516,.T.);
#5516 = EDGE_CURVE('',#5249,#5493,#5517,.T.);
#5517 = LINE('',#5518,#5519);
#5518 = CARTESIAN_POINT('',(-8.22887899282,1.195E-14,5.22887899282));
#5519 = VECTOR('',#5520,1.);
#5520 = DIRECTION('',(0.707106781187,-9.4E-16,-0.707106781187));
#5521 = ORIENTED_EDGE('',*,*,#5500,.F.);
#5522 = PLANE('',#5523);
#5523 = AXIS2_PLACEMENT_3D('',#5524,#5525,#5526);
#5524 = CARTESIAN_POINT('',(-14.95775798564,0.6,11.957757985639));
#5525 = DIRECTION('',(0.707106781187,1.6E-16,0.707106781187));
#5526 = DIRECTION('',(0.707106781187,-1.6E-16,-0.707106781187));
#5527 = ADVANCED_FACE('',(#5528),#5542,.T.);
#5528 = FACE_BOUND('',#5529,.T.);
#5529 = EDGE_LOOP('',(#5530,#5531,#5532,#5533,#5534,#5535,#5536,#5537,
    #5538,#5539,#5540,#5541));
#5530 = ORIENTED_EDGE('',*,*,#5248,.F.);
#5531 = ORIENTED_EDGE('',*,*,#5516,.T.);
#5532 = ORIENTED_EDGE('',*,*,#5492,.F.);
#5533 = ORIENTED_EDGE('',*,*,#5474,.F.);
#5534 = ORIENTED_EDGE('',*,*,#5450,.T.);
#5535 = ORIENTED_EDGE('',*,*,#5419,.F.);
#5536 = ORIENTED_EDGE('',*,*,#5401,.F.);
#5537 = ORIENTED_EDGE('',*,*,#5377,.T.);
#5538 = ORIENTED_EDGE('',*,*,#5346,.F.);
#5539 = ORIENTED_EDGE('',*,*,#5328,.F.);
#5540 = ORIENTED_EDGE('',*,*,#5304,.T.);
#5541 = ORIENTED_EDGE('',*,*,#5273,.F.);
#5542 = PLANE('',#5543);
#5543 = AXIS2_PLACEMENT_3D('',#5544,#5545,#5546);
#5544 = CARTESIAN_POINT('',(1.07E-15,9.63E-15,-2.5E-15));
#5545 = DIRECTION('',(0.,-1.,3.1E-16));
#5546 = DIRECTION('',(0.,-3.1E-16,-1.));
#5547 = ( GEOMETRIC_REPRESENTATION_CONTEXT(3) 
GLOBAL_UNCERTAINTY_ASSIGNED_CONTEXT((#5551)) 
GLOBAL_UNIT_ASSIGNED_CONTEXT((#5548,#5549,#5550)) REPRESENTATION_CONTEXT
('Context #1','3D Context with UNIT and UNCERTAINTY') );
#5548 = ( LENGTH_UNIT() NAMED_UNIT(*) SI_UNIT(.MILLI.,.METRE.) );
#5549 = ( NAMED_UNIT(*) PLANE_ANGLE_UNIT() SI_UNIT($,.RADIAN.) );
#5550 = ( NAMED_UNIT(*) SI_UNIT($,.STERADIAN.) SOLID_ANGLE_UNIT() );
#5551 = UNCERTAINTY_MEASURE_WITH_UNIT(LENGTH_MEASURE(2.E-05),#5548,
  'distance_accuracy_value','confusion accuracy');
#5552 = PRODUCT_RELATED_PRODUCT_CATEGORY('part',$,(#7));
#5553 = MECHANICAL_DESIGN_GEOMETRIC_PRESENTATION_REPRESENTATION('',(
    #5554),#5547);
#5554 = STYLED_ITEM('color',(#5555),#15);
#5555 = PRESENTATION_STYLE_ASSIGNMENT((#5556,#5564));
#5556 = SURFACE_STYLE_USAGE(.BOTH.,#5557);
#5557 = SURFACE_SIDE_STYLE('',(#5558,#5562));
#5558 = SURFACE_STYLE_FILL_AREA(#5559);
#5559 = FILL_AREA_STYLE('',(#5560));
#5560 = FILL_AREA_STYLE_COLOUR('',#5561);
#5561 = COLOUR_RGB('',0.301960791261,0.301960791261,0.301960791261);
#5562 = SURFACE_STYLE_RENDERING_WITH_PROPERTIES(.NORMAL_SHADING.,#5561,(
    #5563));
#5563 = SURFACE_STYLE_TRANSPARENT(0.699999988079);
#5564 = CURVE_STYLE('',#5565,POSITIVE_LENGTH_MEASURE(0.1),#5566);
#5565 = DRAUGHTING_PRE_DEFINED_CURVE_FONT('continuous');
#5566 = COLOUR_RGB('',9.803921802644E-02,9.803921802644E-02,
  9.803921802644E-02);
ENDSEC;
END-ISO-10303-21;
